partition,model,markout_type,side,horizon,slice_dimension,slice_value,support,l3_required,l3_valid_only,mean,median,q10,q25,q75,q90,interpretation
DEVELOPMENT,M3T,QUOTE_MARKOUT_100MS,bid,100ms,spread_bucket,Q1,120,False,False,0.004916666666665985,0.0049999999999954525,0.0049999999999954525,0.0049999999999954525,0.005000000000009663,0.005000000000009663,DEVELOPMENT_DIAGNOSTIC
DEVELOPMENT,M3T,QUOTE_MARKOUT_100MS,bid,100ms,spread_bucket,Q2,245,False,False,0.11965306122448972,0.125,0.005000000000001137,0.125,0.125,0.375,DEVELOPMENT_DIAGNOSTIC
DEVELOPMENT,M3T,QUOTE_MARKOUT_100MS,bid,100ms,spread_bucket,Q3,19,False,False,0.19078947368421054,0.125,0.125,0.125,0.25,0.375,DEVELOPMENT_DIAGNOSTIC
DEVELOPMENT,M3T,QUOTE_MARKOUT_100MS,bid,100ms,realized_vol_50_bucket,Q1,96,False,False,0.13541666666666666,0.125,0.125,0.125,0.125,0.375,DEVELOPMENT_DIAGNOSTIC
DEVELOPMENT,M3T,QUOTE_MARKOUT_100MS,bid,100ms,realized_vol_50_bucket,Q2,96,False,False,0.12890625,0.125,0.125,0.125,0.125,0.25,DEVELOPMENT_DIAGNOSTIC
DEVELOPMENT,M3T,QUOTE_MARKOUT_100MS,bid,100ms,realized_vol_50_bucket,Q3,96,False,False,0.0797395833333326,0.015000000000007674,0.0049999999999954525,0.0049999999999954525,0.125,0.125,DEVELOPMENT_DIAGNOSTIC
DEVELOPMENT,M3T,QUOTE_MARKOUT_100MS,bid,100ms,realized_vol_50_bucket,Q4,96,False,False,0.005208333333333037,0.0049999999999954525,0.0049999999999954525,0.0049999999999954525,0.005000000000009663,0.00999999999999801,DEVELOPMENT_DIAGNOSTIC
DEVELOPMENT,M3T,QUOTE_MARKOUT_100MS,bid,100ms,queue_ahead_bucket,Q1,62,True,True,0.13911290322580644,0.125,-0.125,0.125,0.125,0.375,DEVELOPMENT_DIAGNOSTIC
DEVELOPMENT,M3T,QUOTE_MARKOUT_100MS,bid,100ms,queue_ahead_bucket,Q2,62,True,True,0.14112903225806453,0.125,0.125,0.125,0.125,0.375,DEVELOPMENT_DIAGNOSTIC
DEVELOPMENT,M3T,QUOTE_MARKOUT_100MS,bid,100ms,queue_ahead_bucket,Q3,60,True,True,0.12083333333333333,0.125,0.125,0.125,0.125,0.125,DEVELOPMENT_DIAGNOSTIC
DEVELOPMENT,M3T,QUOTE_MARKOUT_100MS,bid,100ms,queue_ahead_bucket,Q4,59,True,True,0.13771186440677965,0.125,0.125,0.125,0.125,0.125,DEVELOPMENT_DIAGNOSTIC
DEVELOPMENT,M3T,QUOTE_MARKOUT_100MS,bid,100ms,m3t_confidence_bucket,Q1,96,False,False,0.14713541666666666,0.125,0.0625,0.125,0.125,0.375,DEVELOPMENT_DIAGNOSTIC
DEVELOPMENT,M3T,QUOTE_MARKOUT_100MS,bid,100ms,m3t_confidence_bucket,Q2,96,False,False,0.125,0.125,-0.125,0.125,0.125,0.375,DEVELOPMENT_DIAGNOSTIC
DEVELOPMENT,M3T,QUOTE_MARKOUT_100MS,bid,100ms,m3t_confidence_bucket,Q3,96,False,False,0.07197916666666604,0.125,0.0049999999999954525,0.0049999999999954525,0.125,0.125,DEVELOPMENT_DIAGNOSTIC
DEVELOPMENT,M3T,QUOTE_MARKOUT_100MS,bid,100ms,m3t_confidence_bucket,Q4,96,False,False,0.005156249999999603,0.0049999999999954525,0.0049999999999954525,0.0049999999999954525,0.005000000000009663,0.009999999999990905,DEVELOPMENT_DIAGNOSTIC
DEVELOPMENT,M3T,QUOTE_MARKOUT_100MS,bid,100ms,predicted_adverse_bucket,Q1,61,True,True,0.125,0.125,0.125,0.125,0.125,0.125,DEVELOPMENT_DIAGNOSTIC
DEVELOPMENT,M3T,QUOTE_MARKOUT_100MS,bid,100ms,predicted_adverse_bucket,Q2,61,True,True,0.17008196721311475,0.125,0.125,0.125,0.125,0.375,DEVELOPMENT_DIAGNOSTIC
DEVELOPMENT,M3T,QUOTE_MARKOUT_100MS,bid,100ms,predicted_adverse_bucket,Q3,60,True,True,0.125,0.125,0.10000000000000009,0.125,0.125,0.15000000000000036,DEVELOPMENT_DIAGNOSTIC
DEVELOPMENT,M3T,QUOTE_MARKOUT_100MS,bid,100ms,predicted_adverse_bucket,Q4,61,True,True,0.11885245901639344,0.125,-0.125,0.125,0.125,0.375,DEVELOPMENT_DIAGNOSTIC
DEVELOPMENT,M3T,QUOTE_MARKOUT_100MS,bid,100ms,predicted_fill_bucket,Q1,61,True,True,0.2028688524590164,0.125,0.125,0.125,0.375,0.375,DEVELOPMENT_DIAGNOSTIC
DEVELOPMENT,M3T,QUOTE_MARKOUT_100MS,bid,100ms,predicted_fill_bucket,Q2,61,True,True,0.14549180327868852,0.125,0.125,0.125,0.125,0.125,DEVELOPMENT_DIAGNOSTIC
DEVELOPMENT,M3T,QUOTE_MARKOUT_100MS,bid,100ms,predicted_fill_bucket,Q3,60,True,True,0.125,0.125,0.125,0.125,0.125,0.125,DEVELOPMENT_DIAGNOSTIC
DEVELOPMENT,M3T,QUOTE_MARKOUT_100MS,bid,100ms,predicted_fill_bucket,Q4,61,True,True,0.06557377049180328,0.125,-0.125,-0.125,0.125,0.125,DEVELOPMENT_DIAGNOSTIC
DEVELOPMENT,M3T,QUOTE_MARKOUT_100MS,bid,100ms,time_to_fill_bucket,Q1,15,True,True,0.008333333333333333,0.125,-0.125,-0.125,0.125,0.125,DEVELOPMENT_DIAGNOSTIC
DEVELOPMENT,M3T,QUOTE_MARKOUT_100MS,bid,100ms,time_to_fill_bucket,Q2,14,True,True,0.0625,0.125,-0.125,0.03125,0.125,0.125,DEVELOPMENT_DIAGNOSTIC
DEVELOPMENT,M3T,QUOTE_MARKOUT_100MS,bid,100ms,time_to_fill_bucket,Q3,14,True,True,0.08928571428571429,0.125,-0.04999999999999999,0.125,0.125,0.125,DEVELOPMENT_DIAGNOSTIC
DEVELOPMENT,M3T,QUOTE_MARKOUT_100MS,bid,100ms,time_to_fill_bucket,Q4,15,True,True,0.075,0.125,-0.125,0.0,0.125,0.125,DEVELOPMENT_DIAGNOSTIC
DEVELOPMENT,M3T,QUOTE_MARKOUT_100MS,bid,100ms,time_to_fill_bucket,<NA>,185,True,True,0.15878378378378377,0.125,0.125,0.125,0.125,0.375,DEVELOPMENT_DIAGNOSTIC
DEVELOPMENT,M3T,QUOTE_MARKOUT_1000MS,bid,1000ms,spread_bucket,Q1,120,False,False,0.005416666666666122,0.0049999999999954525,0.004499999999995909,0.0049999999999954525,0.005000000000009663,0.010000000000005116,DEVELOPMENT_DIAGNOSTIC
DEVELOPMENT,M3T,QUOTE_MARKOUT_1000MS,bid,1000ms,spread_bucket,Q2,245,False,False,0.11502040816326521,0.125,-0.125,0.125,0.125,0.375,DEVELOPMENT_DIAGNOSTIC
DEVELOPMENT,M3T,QUOTE_MARKOUT_1000MS,bid,1000ms,spread_bucket,Q3,19,False,False,0.2565789473684211,0.375,0.125,0.125,0.375,0.375,DEVELOPMENT_DIAGNOSTIC
DEVELOPMENT,M3T,QUOTE_MARKOUT_1000MS,bid,1000ms,realized_vol_50_bucket,Q1,96,False,False,0.13020833333333334,0.125,-0.125,0.125,0.125,0.375,DEVELOPMENT_DIAGNOSTIC
DEVELOPMENT,M3T,QUOTE_MARKOUT_1000MS,bid,1000ms,realized_vol_50_bucket,Q2,96,False,False,0.140625,0.125,-0.125,0.125,0.125,0.375,DEVELOPMENT_DIAGNOSTIC
DEVELOPMENT,M3T,QUOTE_MARKOUT_1000MS,bid,1000ms,realized_vol_50_bucket,Q3,96,False,False,0.07489583333333301,0.014999999999993463,0.0,0.0049999999999954525,0.125,0.125,DEVELOPMENT_DIAGNOSTIC
DEVELOPMENT,M3T,QUOTE_MARKOUT_1000MS,bid,1000ms,realized_vol_50_bucket,Q4,96,False,False,0.005364583333332747,0.0049999999999954525,0.0,0.0049999999999954525,0.005000000000009663,0.010000000000005116,DEVELOPMENT_DIAGNOSTIC
DEVELOPMENT,M3T,QUOTE_MARKOUT_1000MS,bid,1000ms,queue_ahead_bucket,Q1,62,True,True,0.11693548387096774,0.125,-0.125,0.125,0.125,0.375,DEVELOPMENT_DIAGNOSTIC
DEVELOPMENT,M3T,QUOTE_MARKOUT_1000MS,bid,1000ms,queue_ahead_bucket,Q2,62,True,True,0.1532258064516129,0.125,-0.125,0.125,0.125,0.375,DEVELOPMENT_DIAGNOSTIC
DEVELOPMENT,M3T,QUOTE_MARKOUT_1000MS,bid,1000ms,queue_ahead_bucket,Q3,60,True,True,0.125,0.125,-0.125,0.125,0.125,0.375,DEVELOPMENT_DIAGNOSTIC
DEVELOPMENT,M3T,QUOTE_MARKOUT_1000MS,bid,1000ms,queue_ahead_bucket,Q4,59,True,True,0.1461864406779661,0.125,-0.125,0.125,0.125,0.375,DEVELOPMENT_DIAGNOSTIC
DEVELOPMENT,M3T,QUOTE_MARKOUT_1000MS,bid,1000ms,m3t_confidence_bucket,Q1,96,False,False,0.16145833333333334,0.125,-0.125,0.125,0.1875,0.375,DEVELOPMENT_DIAGNOSTIC
DEVELOPMENT,M3T,QUOTE_MARKOUT_1000MS,bid,1000ms,m3t_confidence_bucket,Q2,96,False,False,0.11197916666666667,0.125,-0.125,0.125,0.125,0.375,DEVELOPMENT_DIAGNOSTIC
DEVELOPMENT,M3T,QUOTE_MARKOUT_1000MS,bid,1000ms,m3t_confidence_bucket,Q3,96,False,False,0.07177083333333305,0.015000000000000568,-0.0024999999999977263,0.0049999999999954525,0.125,0.125,DEVELOPMENT_DIAGNOSTIC
DEVELOPMENT,M3T,QUOTE_MARKOUT_1000MS,bid,1000ms,m3t_confidence_bucket,Q4,96,False,False,0.005885416666666051,0.0049999999999954525,0.0049999999999954525,0.0049999999999954525,0.005000000000009663,0.010000000000005116,DEVELOPMENT_DIAGNOSTIC
DEVELOPMENT,M3T,QUOTE_MARKOUT_1000MS,bid,1000ms,predicted_adverse_bucket,Q1,61,True,True,0.125,0.125,-0.125,0.125,0.125,0.375,DEVELOPMENT_DIAGNOSTIC
DEVELOPMENT,M3T,QUOTE_MARKOUT_1000MS,bid,1000ms,predicted_adverse_bucket,Q2,61,True,True,0.14549180327868852,0.125,-0.125,0.125,0.125,0.375,DEVELOPMENT_DIAGNOSTIC
DEVELOPMENT,M3T,QUOTE_MARKOUT_1000MS,bid,1000ms,predicted_adverse_bucket,Q3,60,True,True,0.1125,0.125,-0.125,0.125,0.125,0.375,DEVELOPMENT_DIAGNOSTIC
DEVELOPMENT,M3T,QUOTE_MARKOUT_1000MS,bid,1000ms,predicted_adverse_bucket,Q4,61,True,True,0.15778688524590165,0.125,-0.125,0.125,0.375,0.375,DEVELOPMENT_DIAGNOSTIC
DEVELOPMENT,M3T,QUOTE_MARKOUT_1000MS,bid,1000ms,predicted_fill_bucket,Q1,61,True,True,0.2151639344262295,0.125,0.125,0.125,0.375,0.375,DEVELOPMENT_DIAGNOSTIC
DEVELOPMENT,M3T,QUOTE_MARKOUT_1000MS,bid,1000ms,predicted_fill_bucket,Q2,61,True,True,0.15368852459016394,0.125,0.125,0.125,0.125,0.375,DEVELOPMENT_DIAGNOSTIC
DEVELOPMENT,M3T,QUOTE_MARKOUT_1000MS,bid,1000ms,predicted_fill_bucket,Q3,60,True,True,0.1125,0.125,-0.125,0.125,0.125,0.375,DEVELOPMENT_DIAGNOSTIC
DEVELOPMENT,M3T,QUOTE_MARKOUT_1000MS,bid,1000ms,predicted_fill_bucket,Q4,61,True,True,0.05942622950819672,0.125,-0.125,-0.125,0.125,0.125,DEVELOPMENT_DIAGNOSTIC
DEVELOPMENT,M3T,QUOTE_MARKOUT_1000MS,bid,1000ms,time_to_fill_bucket,Q1,15,True,True,-0.058333333333333334,-0.125,-0.125,-0.125,0.125,0.125,DEVELOPMENT_DIAGNOSTIC
DEVELOPMENT,M3T,QUOTE_MARKOUT_1000MS,bid,1000ms,time_to_fill_bucket,Q2,14,True,True,0.05357142857142857,0.125,-0.125,-0.0625,0.125,0.125,DEVELOPMENT_DIAGNOSTIC
DEVELOPMENT,M3T,QUOTE_MARKOUT_1000MS,bid,1000ms,time_to_fill_bucket,Q3,14,True,True,-0.03571428571428571,-0.125,-0.125,-0.125,0.125,0.125,DEVELOPMENT_DIAGNOSTIC
DEVELOPMENT,M3T,QUOTE_MARKOUT_1000MS,bid,1000ms,time_to_fill_bucket,Q4,15,True,True,0.058333333333333334,0.125,-0.125,0.0,0.125,0.125,DEVELOPMENT_DIAGNOSTIC
DEVELOPMENT,M3T,QUOTE_MARKOUT_1000MS,bid,1000ms,time_to_fill_bucket,<NA>,185,True,True,0.17635135135135135,0.125,0.125,0.125,0.375,0.375,DEVELOPMENT_DIAGNOSTIC
DEVELOPMENT,M3T,SIMULATED_L3_POST_FILL_MARKOUT_100MS,bid,100ms,spread_bucket,Q2,57,True,True,0.015350877192982455,0.125,-0.125,-0.125,0.125,0.125,DEVELOPMENT_DIAGNOSTIC
DEVELOPMENT,M3T,SIMULATED_L3_POST_FILL_MARKOUT_100MS,bid,100ms,spread_bucket,Q3,1,True,True,0.125,0.125,0.125,0.125,0.125,0.125,DEVELOPMENT_DIAGNOSTIC
DEVELOPMENT,M3T,SIMULATED_L3_POST_FILL_MARKOUT_100MS,bid,100ms,realized_vol_50_bucket,Q1,22,True,True,-0.011363636363636364,-0.125,-0.125,-0.125,0.125,0.125,DEVELOPMENT_DIAGNOSTIC
DEVELOPMENT,M3T,SIMULATED_L3_POST_FILL_MARKOUT_100MS,bid,100ms,realized_vol_50_bucket,Q2,22,True,True,0.045454545454545456,0.125,-0.125,-0.125,0.125,0.125,DEVELOPMENT_DIAGNOSTIC
DEVELOPMENT,M3T,SIMULATED_L3_POST_FILL_MARKOUT_100MS,bid,100ms,realized_vol_50_bucket,Q3,14,True,True,0.017857142857142856,0.125,-0.125,-0.125,0.125,0.125,DEVELOPMENT_DIAGNOSTIC
DEVELOPMENT,M3T,SIMULATED_L3_POST_FILL_MARKOUT_100MS,bid,100ms,queue_ahead_bucket,Q1,18,True,True,0.013888888888888888,0.125,-0.125,-0.125,0.125,0.125,DEVELOPMENT_DIAGNOSTIC
DEVELOPMENT,M3T,SIMULATED_L3_POST_FILL_MARKOUT_100MS,bid,100ms,queue_ahead_bucket,Q2,17,True,True,0.03676470588235294,0.125,-0.125,-0.125,0.125,0.125,DEVELOPMENT_DIAGNOSTIC
DEVELOPMENT,M3T,SIMULATED_L3_POST_FILL_MARKOUT_100MS,bid,100ms,queue_ahead_bucket,Q3,12,True,True,0.0,0.0,-0.125,-0.125,0.125,0.125,DEVELOPMENT_DIAGNOSTIC
DEVELOPMENT,M3T,SIMULATED_L3_POST_FILL_MARKOUT_100MS,bid,100ms,queue_ahead_bucket,Q4,11,True,True,0.011363636363636364,0.125,-0.125,-0.125,0.125,0.125,DEVELOPMENT_DIAGNOSTIC
DEVELOPMENT,M3T,SIMULATED_L3_POST_FILL_MARKOUT_100MS,bid,100ms,m3t_confidence_bucket,Q1,19,True,True,0.006578947368421052,0.125,-0.125,-0.125,0.125,0.125,DEVELOPMENT_DIAGNOSTIC
DEVELOPMENT,M3T,SIMULATED_L3_POST_FILL_MARKOUT_100MS,bid,100ms,m3t_confidence_bucket,Q2,28,True,True,0.017857142857142856,0.125,-0.125,-0.125,0.125,0.125,DEVELOPMENT_DIAGNOSTIC
DEVELOPMENT,M3T,SIMULATED_L3_POST_FILL_MARKOUT_100MS,bid,100ms,m3t_confidence_bucket,Q3,11,True,True,0.03409090909090909,0.125,-0.125,-0.125,0.125,0.125,DEVELOPMENT_DIAGNOSTIC
DEVELOPMENT,M3T,SIMULATED_L3_POST_FILL_MARKOUT_100MS,bid,100ms,predicted_adverse_bucket,Q1,12,True,True,-0.020833333333333332,-0.125,-0.125,-0.125,0.125,0.125,DEVELOPMENT_DIAGNOSTIC
DEVELOPMENT,M3T,SIMULATED_L3_POST_FILL_MARKOUT_100MS,bid,100ms,predicted_adverse_bucket,Q2,13,True,True,0.04807692307692308,0.125,-0.125,-0.125,0.125,0.125,DEVELOPMENT_DIAGNOSTIC
DEVELOPMENT,M3T,SIMULATED_L3_POST_FILL_MARKOUT_100MS,bid,100ms,predicted_adverse_bucket,Q3,16,True,True,0.015625,0.125,-0.125,-0.125,0.125,0.125,DEVELOPMENT_DIAGNOSTIC
DEVELOPMENT,M3T,SIMULATED_L3_POST_FILL_MARKOUT_100MS,bid,100ms,predicted_adverse_bucket,Q4,17,True,True,0.022058823529411766,0.125,-0.125,-0.125,0.125,0.125,DEVELOPMENT_DIAGNOSTIC
DEVELOPMENT,M3T,SIMULATED_L3_POST_FILL_MARKOUT_100MS,bid,100ms,predicted_fill_bucket,Q1,5,True,True,0.125,0.125,0.125,0.125,0.125,0.125,DEVELOPMENT_DIAGNOSTIC
DEVELOPMENT,M3T,SIMULATED_L3_POST_FILL_MARKOUT_100MS,bid,100ms,predicted_fill_bucket,Q2,4,True,True,0.0,0.0,-0.125,-0.125,0.125,0.125,DEVELOPMENT_DIAGNOSTIC
DEVELOPMENT,M3T,SIMULATED_L3_POST_FILL_MARKOUT_100MS,bid,100ms,predicted_fill_bucket,Q3,15,True,True,0.025,0.125,-0.125,-0.125,0.125,0.125,DEVELOPMENT_DIAGNOSTIC
DEVELOPMENT,M3T,SIMULATED_L3_POST_FILL_MARKOUT_100MS,bid,100ms,predicted_fill_bucket,Q4,34,True,True,0.0,0.0,-0.125,-0.125,0.125,0.125,DEVELOPMENT_DIAGNOSTIC
DEVELOPMENT,M3T,SIMULATED_L3_POST_FILL_MARKOUT_100MS,bid,100ms,time_to_fill_bucket,Q1,15,True,True,-0.008333333333333333,-0.125,-0.125,-0.125,0.125,0.125,DEVELOPMENT_DIAGNOSTIC
DEVELOPMENT,M3T,SIMULATED_L3_POST_FILL_MARKOUT_100MS,bid,100ms,time_to_fill_bucket,Q2,14,True,True,0.03571428571428571,0.125,-0.125,-0.125,0.125,0.125,DEVELOPMENT_DIAGNOSTIC
DEVELOPMENT,M3T,SIMULATED_L3_POST_FILL_MARKOUT_100MS,bid,100ms,time_to_fill_bucket,Q3,14,True,True,-0.017857142857142856,-0.125,-0.125,-0.125,0.125,0.125,DEVELOPMENT_DIAGNOSTIC
DEVELOPMENT,M3T,SIMULATED_L3_POST_FILL_MARKOUT_100MS,bid,100ms,time_to_fill_bucket,Q4,15,True,True,0.058333333333333334,0.125,-0.125,0.0,0.125,0.125,DEVELOPMENT_DIAGNOSTIC
DEVELOPMENT,M3T,QUOTE_MARKOUT_100MS,ask,100ms,spread_bucket,Q1,120,False,False,0.005083333333333565,0.0049999999999954525,0.0049999999999954525,0.0049999999999954525,0.005000000000009663,0.005000000000009663,DEVELOPMENT_DIAGNOSTIC
DEVELOPMENT,M3T,QUOTE_MARKOUT_100MS,ask,100ms,spread_bucket,Q2,245,False,False,0.11067346938775514,0.125,-0.125,0.125,0.125,0.125,DEVELOPMENT_DIAGNOSTIC
DEVELOPMENT,M3T,QUOTE_MARKOUT_100MS,ask,100ms,spread_bucket,Q3,19,False,False,0.3092105263157895,0.375,0.125,0.25,0.375,0.375,DEVELOPMENT_DIAGNOSTIC
DEVELOPMENT,M3T,QUOTE_MARKOUT_100MS,ask,100ms,realized_vol_50_bucket,Q1,96,False,False,0.1328125,0.125,-0.125,0.125,0.125,0.375,DEVELOPMENT_DIAGNOSTIC
DEVELOPMENT,M3T,QUOTE_MARKOUT_100MS,ask,100ms,realized_vol_50_bucket,Q2,96,False,False,0.13671875,0.125,0.125,0.125,0.125,0.375,DEVELOPMENT_DIAGNOSTIC
DEVELOPMENT,M3T,QUOTE_MARKOUT_100MS,ask,100ms,realized_vol_50_bucket,Q3,96,False,False,0.07453125000000045,0.012499999999995737,0.0,0.0049999999999954525,0.125,0.125,DEVELOPMENT_DIAGNOSTIC
DEVELOPMENT,M3T,QUOTE_MARKOUT_100MS,ask,100ms,realized_vol_50_bucket,Q4,96,False,False,0.005937499999999929,0.0049999999999954525,0.0049999999999954525,0.0049999999999954525,0.005000000000009663,0.010000000000005116,DEVELOPMENT_DIAGNOSTIC
DEVELOPMENT,M3T,QUOTE_MARKOUT_100MS,ask,100ms,queue_ahead_bucket,Q1,62,True,True,0.11088709677419355,0.125,-0.125,0.125,0.125,0.375,DEVELOPMENT_DIAGNOSTIC
DEVELOPMENT,M3T,QUOTE_MARKOUT_100MS,ask,100ms,queue_ahead_bucket,Q2,62,True,True,0.10887096774193548,0.125,-0.125,0.125,0.125,0.125,DEVELOPMENT_DIAGNOSTIC
DEVELOPMENT,M3T,QUOTE_MARKOUT_100MS,ask,100ms,queue_ahead_bucket,Q3,60,True,True,0.12916666666666668,0.125,0.125,0.125,0.125,0.125,DEVELOPMENT_DIAGNOSTIC
DEVELOPMENT,M3T,QUOTE_MARKOUT_100MS,ask,100ms,queue_ahead_bucket,Q4,59,True,True,0.19279661016949154,0.125,0.125,0.125,0.375,0.375,DEVELOPMENT_DIAGNOSTIC
DEVELOPMENT,M3T,QUOTE_MARKOUT_100MS,ask,100ms,m3t_confidence_bucket,Q1,96,False,False,0.14973958333333334,0.125,-0.125,0.125,0.125,0.375,DEVELOPMENT_DIAGNOSTIC
DEVELOPMENT,M3T,QUOTE_MARKOUT_100MS,ask,100ms,m3t_confidence_bucket,Q2,96,False,False,0.12760416666666666,0.125,-0.125,0.125,0.125,0.375,DEVELOPMENT_DIAGNOSTIC
DEVELOPMENT,M3T,QUOTE_MARKOUT_100MS,ask,100ms,m3t_confidence_bucket,Q3,96,False,False,0.06666666666666687,0.125,0.0049999999999954525,0.0049999999999954525,0.125,0.125,DEVELOPMENT_DIAGNOSTIC
DEVELOPMENT,M3T,QUOTE_MARKOUT_100MS,ask,100ms,m3t_confidence_bucket,Q4,96,False,False,0.005989583333333511,0.0049999999999954525,0.0049999999999954525,0.0049999999999954525,0.005000000000009663,0.010000000000005116,DEVELOPMENT_DIAGNOSTIC
DEVELOPMENT,M3T,QUOTE_MARKOUT_100MS,ask,100ms,predicted_adverse_bucket,Q1,61,True,True,0.05942622950819672,0.125,-0.125,-0.125,0.125,0.125,DEVELOPMENT_DIAGNOSTIC
DEVELOPMENT,M3T,QUOTE_MARKOUT_100MS,ask,100ms,predicted_adverse_bucket,Q2,61,True,True,0.1168032786885246,0.125,-0.125,0.125,0.125,0.125,DEVELOPMENT_DIAGNOSTIC
DEVELOPMENT,M3T,QUOTE_MARKOUT_100MS,ask,100ms,predicted_adverse_bucket,Q3,60,True,True,0.16666666666666666,0.125,0.125,0.125,0.125,0.375,DEVELOPMENT_DIAGNOSTIC
DEVELOPMENT,M3T,QUOTE_MARKOUT_100MS,ask,100ms,predicted_adverse_bucket,Q4,61,True,True,0.19672131147540983,0.125,0.125,0.125,0.375,0.375,DEVELOPMENT_DIAGNOSTIC
DEVELOPMENT,M3T,QUOTE_MARKOUT_100MS,ask,100ms,predicted_fill_bucket,Q1,61,True,True,0.20901639344262296,0.125,0.125,0.125,0.375,0.375,DEVELOPMENT_DIAGNOSTIC
DEVELOPMENT,M3T,QUOTE_MARKOUT_100MS,ask,100ms,predicted_fill_bucket,Q2,61,True,True,0.1413934426229508,0.125,0.125,0.125,0.125,0.125,DEVELOPMENT_DIAGNOSTIC
DEVELOPMENT,M3T,QUOTE_MARKOUT_100MS,ask,100ms,predicted_fill_bucket,Q3,60,True,True,0.125,0.125,-0.125,0.125,0.125,0.375,DEVELOPMENT_DIAGNOSTIC
DEVELOPMENT,M3T,QUOTE_MARKOUT_100MS,ask,100ms,predicted_fill_bucket,Q4,61,True,True,0.06352459016393443,0.125,-0.125,0.125,0.125,0.125,DEVELOPMENT_DIAGNOSTIC
DEVELOPMENT,M3T,QUOTE_MARKOUT_100MS,ask,100ms,time_to_fill_bucket,Q1,19,True,True,-0.006578947368421052,-0.125,-0.125,-0.125,0.125,0.125,DEVELOPMENT_DIAGNOSTIC
DEVELOPMENT,M3T,QUOTE_MARKOUT_100MS,ask,100ms,time_to_fill_bucket,Q2,19,True,True,0.05921052631578947,0.125,-0.125,0.0,0.125,0.125,DEVELOPMENT_DIAGNOSTIC
DEVELOPMENT,M3T,QUOTE_MARKOUT_100MS,ask,100ms,time_to_fill_bucket,Q3,19,True,True,0.08552631578947369,0.125,-0.125,0.125,0.125,0.125,DEVELOPMENT_DIAGNOSTIC
DEVELOPMENT,M3T,QUOTE_MARKOUT_100MS,ask,100ms,time_to_fill_bucket,Q4,19,True,True,0.09868421052631579,0.125,0.07500000000000001,0.125,0.125,0.125,DEVELOPMENT_DIAGNOSTIC
DEVELOPMENT,M3T,QUOTE_MARKOUT_100MS,ask,100ms,time_to_fill_bucket,<NA>,167,True,True,0.1691616766467066,0.125,0.125,0.125,0.125,0.375,DEVELOPMENT_DIAGNOSTIC
DEVELOPMENT,M3T,QUOTE_MARKOUT_1000MS,ask,1000ms,spread_bucket,Q1,120,False,False,0.004583333333333428,0.0049999999999954525,0.0,0.0049999999999954525,0.005000000000009663,0.00550000000000783,DEVELOPMENT_DIAGNOSTIC
DEVELOPMENT,M3T,QUOTE_MARKOUT_1000MS,ask,1000ms,spread_bucket,Q2,245,False,False,0.11530612244897966,0.125,-0.125,0.125,0.125,0.375,DEVELOPMENT_DIAGNOSTIC
DEVELOPMENT,M3T,QUOTE_MARKOUT_1000MS,ask,1000ms,spread_bucket,Q3,19,False,False,0.24342105263157895,0.125,0.125,0.125,0.375,0.375,DEVELOPMENT_DIAGNOSTIC
DEVELOPMENT,M3T,QUOTE_MARKOUT_1000MS,ask,1000ms,realized_vol_50_bucket,Q1,96,False,False,0.13802083333333334,0.125,-0.125,0.125,0.125,0.375,DEVELOPMENT_DIAGNOSTIC
DEVELOPMENT,M3T,QUOTE_MARKOUT_1000MS,ask,1000ms,realized_vol_50_bucket,Q2,96,False,False,0.125,0.125,-0.125,0.125,0.125,0.375,DEVELOPMENT_DIAGNOSTIC
DEVELOPMENT,M3T,QUOTE_MARKOUT_1000MS,ask,1000ms,realized_vol_50_bucket,Q3,96,False,False,0.07937500000000004,0.014999999999993463,-0.0024999999999977263,0.0049999999999954525,0.125,0.375,DEVELOPMENT_DIAGNOSTIC
DEVELOPMENT,M3T,QUOTE_MARKOUT_1000MS,ask,1000ms,realized_vol_50_bucket,Q4,96,False,False,0.005781250000000219,0.0049999999999954525,0.0,0.0049999999999954525,0.005000000000009663,0.012500000000002842,DEVELOPMENT_DIAGNOSTIC
DEVELOPMENT,M3T,QUOTE_MARKOUT_1000MS,ask,1000ms,queue_ahead_bucket,Q1,62,True,True,0.13306451612903225,0.125,-0.125,0.125,0.125,0.375,DEVELOPMENT_DIAGNOSTIC
DEVELOPMENT,M3T,QUOTE_MARKOUT_1000MS,ask,1000ms,queue_ahead_bucket,Q2,62,True,True,0.0967741935483871,0.125,-0.125,0.125,0.125,0.375,DEVELOPMENT_DIAGNOSTIC
DEVELOPMENT,M3T,QUOTE_MARKOUT_1000MS,ask,1000ms,queue_ahead_bucket,Q3,60,True,True,0.125,0.125,-0.125,0.125,0.125,0.375,DEVELOPMENT_DIAGNOSTIC
DEVELOPMENT,M3T,QUOTE_MARKOUT_1000MS,ask,1000ms,queue_ahead_bucket,Q4,59,True,True,0.1843220338983051,0.125,0.125,0.125,0.375,0.375,DEVELOPMENT_DIAGNOSTIC
DEVELOPMENT,M3T,QUOTE_MARKOUT_1000MS,ask,1000ms,m3t_confidence_bucket,Q1,96,False,False,0.13541666666666666,0.125,-0.125,0.125,0.125,0.375,DEVELOPMENT_DIAGNOSTIC
DEVELOPMENT,M3T,QUOTE_MARKOUT_1000MS,ask,1000ms,m3t_confidence_bucket,Q2,96,False,False,0.140625,0.125,-0.125,0.125,0.125,0.375,DEVELOPMENT_DIAGNOSTIC
DEVELOPMENT,M3T,QUOTE_MARKOUT_1000MS,ask,1000ms,m3t_confidence_bucket,Q3,96,False,False,0.06687499999999987,0.015000000000000568,-0.0049999999999954525,0.0049999999999954525,0.125,0.125,DEVELOPMENT_DIAGNOSTIC
DEVELOPMENT,M3T,QUOTE_MARKOUT_1000MS,ask,1000ms,m3t_confidence_bucket,Q4,96,False,False,0.005260416666667063,0.0049999999999954525,0.0,0.0049999999999954525,0.005000000000009663,0.010000000000005116,DEVELOPMENT_DIAGNOSTIC
DEVELOPMENT,M3T,QUOTE_MARKOUT_1000MS,ask,1000ms,predicted_adverse_bucket,Q1,61,True,True,0.05122950819672131,0.125,-0.125,-0.125,0.125,0.125,DEVELOPMENT_DIAGNOSTIC
DEVELOPMENT,M3T,QUOTE_MARKOUT_1000MS,ask,1000ms,predicted_adverse_bucket,Q2,61,True,True,0.10040983606557377,0.125,-0.125,0.125,0.125,0.125,DEVELOPMENT_DIAGNOSTIC
DEVELOPMENT,M3T,QUOTE_MARKOUT_1000MS,ask,1000ms,predicted_adverse_bucket,Q3,60,True,True,0.17083333333333334,0.125,0.125,0.125,0.375,0.375,DEVELOPMENT_DIAGNOSTIC
DEVELOPMENT,M3T,QUOTE_MARKOUT_1000MS,ask,1000ms,predicted_adverse_bucket,Q4,61,True,True,0.2151639344262295,0.125,0.125,0.125,0.375,0.375,DEVELOPMENT_DIAGNOSTIC
DEVELOPMENT,M3T,QUOTE_MARKOUT_1000MS,ask,1000ms,predicted_fill_bucket,Q1,61,True,True,0.2192622950819672,0.125,0.125,0.125,0.375,0.375,DEVELOPMENT_DIAGNOSTIC
DEVELOPMENT,M3T,QUOTE_MARKOUT_1000MS,ask,1000ms,predicted_fill_bucket,Q2,61,True,True,0.15778688524590165,0.125,-0.125,0.125,0.125,0.375,DEVELOPMENT_DIAGNOSTIC
DEVELOPMENT,M3T,QUOTE_MARKOUT_1000MS,ask,1000ms,predicted_fill_bucket,Q3,60,True,True,0.12083333333333333,0.125,-0.125,0.125,0.125,0.375,DEVELOPMENT_DIAGNOSTIC
DEVELOPMENT,M3T,QUOTE_MARKOUT_1000MS,ask,1000ms,predicted_fill_bucket,Q4,61,True,True,0.0389344262295082,0.125,-0.125,-0.125,0.125,0.125,DEVELOPMENT_DIAGNOSTIC
DEVELOPMENT,M3T,QUOTE_MARKOUT_1000MS,ask,1000ms,time_to_fill_bucket,Q1,19,True,True,0.03289473684210526,0.125,-0.125,-0.125,0.125,0.125,DEVELOPMENT_DIAGNOSTIC
DEVELOPMENT,M3T,QUOTE_MARKOUT_1000MS,ask,1000ms,time_to_fill_bucket,Q2,19,True,True,0.03289473684210526,0.125,-0.125,-0.125,0.125,0.17499999999999982,DEVELOPMENT_DIAGNOSTIC
DEVELOPMENT,M3T,QUOTE_MARKOUT_1000MS,ask,1000ms,time_to_fill_bucket,Q3,19,True,True,0.09868421052631579,0.125,0.07500000000000001,0.125,0.125,0.125,DEVELOPMENT_DIAGNOSTIC
DEVELOPMENT,M3T,QUOTE_MARKOUT_1000MS,ask,1000ms,time_to_fill_bucket,Q4,19,True,True,-0.03289473684210526,-0.125,-0.125,-0.125,0.125,0.125,DEVELOPMENT_DIAGNOSTIC
DEVELOPMENT,M3T,QUOTE_MARKOUT_1000MS,ask,1000ms,time_to_fill_bucket,<NA>,167,True,True,0.18038922155688622,0.125,0.125,0.125,0.375,0.375,DEVELOPMENT_DIAGNOSTIC
DEVELOPMENT,M3T,SIMULATED_L3_POST_FILL_MARKOUT_100MS,ask,100ms,spread_bucket,Q2,76,True,True,-0.003289473684210526,-0.125,-0.125,-0.125,0.125,0.125,DEVELOPMENT_DIAGNOSTIC
DEVELOPMENT,M3T,SIMULATED_L3_POST_FILL_MARKOUT_100MS,ask,100ms,realized_vol_50_bucket,Q1,27,True,True,-0.004629629629629629,-0.125,-0.125,-0.125,0.125,0.125,DEVELOPMENT_DIAGNOSTIC
DEVELOPMENT,M3T,SIMULATED_L3_POST_FILL_MARKOUT_100MS,ask,100ms,realized_vol_50_bucket,Q2,32,True,True,0.0,0.0,-0.125,-0.125,0.125,0.125,DEVELOPMENT_DIAGNOSTIC
DEVELOPMENT,M3T,SIMULATED_L3_POST_FILL_MARKOUT_100MS,ask,100ms,realized_vol_50_bucket,Q3,17,True,True,-0.007352941176470588,-0.125,-0.125,-0.125,0.125,0.125,DEVELOPMENT_DIAGNOSTIC
DEVELOPMENT,M3T,SIMULATED_L3_POST_FILL_MARKOUT_100MS,ask,100ms,queue_ahead_bucket,Q1,24,True,True,0.03125,0.125,-0.125,-0.125,0.125,0.125,DEVELOPMENT_DIAGNOSTIC
DEVELOPMENT,M3T,SIMULATED_L3_POST_FILL_MARKOUT_100MS,ask,100ms,queue_ahead_bucket,Q2,25,True,True,-0.035,-0.125,-0.125,-0.125,0.125,0.125,DEVELOPMENT_DIAGNOSTIC
DEVELOPMENT,M3T,SIMULATED_L3_POST_FILL_MARKOUT_100MS,ask,100ms,queue_ahead_bucket,Q3,19,True,True,-0.006578947368421052,-0.125,-0.125,-0.125,0.125,0.125,DEVELOPMENT_DIAGNOSTIC
DEVELOPMENT,M3T,SIMULATED_L3_POST_FILL_MARKOUT_100MS,ask,100ms,queue_ahead_bucket,Q4,8,True,True,0.0,0.0,-0.125,-0.125,0.125,0.125,DEVELOPMENT_DIAGNOSTIC
DEVELOPMENT,M3T,SIMULATED_L3_POST_FILL_MARKOUT_100MS,ask,100ms,m3t_confidence_bucket,Q1,30,True,True,-0.008333333333333333,-0.125,-0.125,-0.125,0.125,0.125,DEVELOPMENT_DIAGNOSTIC
DEVELOPMENT,M3T,SIMULATED_L3_POST_FILL_MARKOUT_100MS,ask,100ms,m3t_confidence_bucket,Q2,28,True,True,-0.008928571428571428,-0.125,-0.125,-0.125,0.125,0.125,DEVELOPMENT_DIAGNOSTIC
DEVELOPMENT,M3T,SIMULATED_L3_POST_FILL_MARKOUT_100MS,ask,100ms,m3t_confidence_bucket,Q3,18,True,True,0.013888888888888888,0.125,-0.125,-0.125,0.125,0.125,DEVELOPMENT_DIAGNOSTIC
DEVELOPMENT,M3T,SIMULATED_L3_POST_FILL_MARKOUT_100MS,ask,100ms,predicted_adverse_bucket,Q1,39,True,True,0.003205128205128205,0.125,-0.125,-0.125,0.125,0.125,DEVELOPMENT_DIAGNOSTIC
DEVELOPMENT,M3T,SIMULATED_L3_POST_FILL_MARKOUT_100MS,ask,100ms,predicted_adverse_bucket,Q2,23,True,True,-0.02717391304347826,-0.125,-0.125,-0.125,0.125,0.125,DEVELOPMENT_DIAGNOSTIC
DEVELOPMENT,M3T,SIMULATED_L3_POST_FILL_MARKOUT_100MS,ask,100ms,predicted_adverse_bucket,Q3,10,True,True,0.0,0.0,-0.125,-0.125,0.125,0.125,DEVELOPMENT_DIAGNOSTIC
DEVELOPMENT,M3T,SIMULATED_L3_POST_FILL_MARKOUT_100MS,ask,100ms,predicted_adverse_bucket,Q4,4,True,True,0.0625,0.125,-0.04999999999999999,0.0625,0.125,0.125,DEVELOPMENT_DIAGNOSTIC
DEVELOPMENT,M3T,SIMULATED_L3_POST_FILL_MARKOUT_100MS,ask,100ms,predicted_fill_bucket,Q1,4,True,True,0.0625,0.125,-0.04999999999999999,0.0625,0.125,0.125,DEVELOPMENT_DIAGNOSTIC
DEVELOPMENT,M3T,SIMULATED_L3_POST_FILL_MARKOUT_100MS,ask,100ms,predicted_fill_bucket,Q2,11,True,True,-0.056818181818181816,-0.125,-0.125,-0.125,0.0,0.125,DEVELOPMENT_DIAGNOSTIC
DEVELOPMENT,M3T,SIMULATED_L3_POST_FILL_MARKOUT_100MS,ask,100ms,predicted_fill_bucket,Q3,20,True,True,0.0125,0.125,-0.125,-0.125,0.125,0.125,DEVELOPMENT_DIAGNOSTIC
DEVELOPMENT,M3T,SIMULATED_L3_POST_FILL_MARKOUT_100MS,ask,100ms,predicted_fill_bucket,Q4,41,True,True,-0.003048780487804878,-0.125,-0.125,-0.125,0.125,0.125,DEVELOPMENT_DIAGNOSTIC
DEVELOPMENT,M3T,SIMULATED_L3_POST_FILL_MARKOUT_100MS,ask,100ms,time_to_fill_bucket,Q1,19,True,True,-0.006578947368421052,-0.125,-0.125,-0.125,0.125,0.125,DEVELOPMENT_DIAGNOSTIC
DEVELOPMENT,M3T,SIMULATED_L3_POST_FILL_MARKOUT_100MS,ask,100ms,time_to_fill_bucket,Q2,19,True,True,0.006578947368421052,0.125,-0.125,-0.125,0.125,0.125,DEVELOPMENT_DIAGNOSTIC
DEVELOPMENT,M3T,SIMULATED_L3_POST_FILL_MARKOUT_100MS,ask,100ms,time_to_fill_bucket,Q3,19,True,True,0.019736842105263157,0.125,-0.125,-0.125,0.125,0.125,DEVELOPMENT_DIAGNOSTIC
DEVELOPMENT,M3T,SIMULATED_L3_POST_FILL_MARKOUT_100MS,ask,100ms,time_to_fill_bucket,Q4,19,True,True,-0.03289473684210526,-0.125,-0.125,-0.125,0.125,0.125,DEVELOPMENT_DIAGNOSTIC
DEVELOPMENT,XGBOOST,QUOTE_MARKOUT_100MS,bid,100ms,spread_bucket,Q1,120,False,False,0.004916666666665985,0.0049999999999954525,0.0049999999999954525,0.0049999999999954525,0.005000000000009663,0.005000000000009663,DEVELOPMENT_DIAGNOSTIC
DEVELOPMENT,XGBOOST,QUOTE_MARKOUT_100MS,bid,100ms,spread_bucket,Q2,245,False,False,0.11965306122448972,0.125,0.005000000000001137,0.125,0.125,0.375,DEVELOPMENT_DIAGNOSTIC
DEVELOPMENT,XGBOOST,QUOTE_MARKOUT_100MS,bid,100ms,spread_bucket,Q3,19,False,False,0.19078947368421054,0.125,0.125,0.125,0.25,0.375,DEVELOPMENT_DIAGNOSTIC
DEVELOPMENT,XGBOOST,QUOTE_MARKOUT_100MS,bid,100ms,realized_vol_50_bucket,Q1,96,False,False,0.13541666666666666,0.125,0.125,0.125,0.125,0.375,DEVELOPMENT_DIAGNOSTIC
DEVELOPMENT,XGBOOST,QUOTE_MARKOUT_100MS,bid,100ms,realized_vol_50_bucket,Q2,96,False,False,0.12890625,0.125,0.125,0.125,0.125,0.25,DEVELOPMENT_DIAGNOSTIC
DEVELOPMENT,XGBOOST,QUOTE_MARKOUT_100MS,bid,100ms,realized_vol_50_bucket,Q3,96,False,False,0.0797395833333326,0.015000000000007674,0.0049999999999954525,0.0049999999999954525,0.125,0.125,DEVELOPMENT_DIAGNOSTIC
DEVELOPMENT,XGBOOST,QUOTE_MARKOUT_100MS,bid,100ms,realized_vol_50_bucket,Q4,96,False,False,0.005208333333333037,0.0049999999999954525,0.0049999999999954525,0.0049999999999954525,0.005000000000009663,0.00999999999999801,DEVELOPMENT_DIAGNOSTIC
DEVELOPMENT,XGBOOST,QUOTE_MARKOUT_100MS,bid,100ms,queue_ahead_bucket,Q1,62,True,True,0.13911290322580644,0.125,-0.125,0.125,0.125,0.375,DEVELOPMENT_DIAGNOSTIC
DEVELOPMENT,XGBOOST,QUOTE_MARKOUT_100MS,bid,100ms,queue_ahead_bucket,Q2,62,True,True,0.14112903225806453,0.125,0.125,0.125,0.125,0.375,DEVELOPMENT_DIAGNOSTIC
DEVELOPMENT,XGBOOST,QUOTE_MARKOUT_100MS,bid,100ms,queue_ahead_bucket,Q3,60,True,True,0.12083333333333333,0.125,0.125,0.125,0.125,0.125,DEVELOPMENT_DIAGNOSTIC
DEVELOPMENT,XGBOOST,QUOTE_MARKOUT_100MS,bid,100ms,queue_ahead_bucket,Q4,59,True,True,0.13771186440677965,0.125,0.125,0.125,0.125,0.125,DEVELOPMENT_DIAGNOSTIC
DEVELOPMENT,XGBOOST,QUOTE_MARKOUT_100MS,bid,100ms,xgboost_confidence_bucket,Q1,96,False,False,0.0928645833333328,0.125,0.002499999999990621,0.005000000000009663,0.125,0.125,DEVELOPMENT_DIAGNOSTIC
DEVELOPMENT,XGBOOST,QUOTE_MARKOUT_100MS,bid,100ms,xgboost_confidence_bucket,Q2,96,False,False,0.08776041666666619,0.125,-0.06500000000000483,0.0049999999999954525,0.125,0.125,DEVELOPMENT_DIAGNOSTIC
DEVELOPMENT,XGBOOST,QUOTE_MARKOUT_100MS,bid,100ms,xgboost_confidence_bucket,Q3,96,False,False,0.11093749999999931,0.125,0.0049999999999954525,0.005000000000006111,0.125,0.25,DEVELOPMENT_DIAGNOSTIC
DEVELOPMENT,XGBOOST,QUOTE_MARKOUT_100MS,bid,100ms,xgboost_confidence_bucket,Q4,96,False,False,0.05770833333333399,0.005000000000009663,0.0049999999999954525,0.0049999999999954525,0.125,0.125,DEVELOPMENT_DIAGNOSTIC
DEVELOPMENT,XGBOOST,QUOTE_MARKOUT_100MS,bid,100ms,predicted_adverse_bucket,Q1,61,True,True,0.17827868852459017,0.125,0.125,0.125,0.125,0.375,DEVELOPMENT_DIAGNOSTIC
DEVELOPMENT,XGBOOST,QUOTE_MARKOUT_100MS,bid,100ms,predicted_adverse_bucket,Q2,61,True,True,0.16598360655737704,0.125,0.125,0.125,0.125,0.375,DEVELOPMENT_DIAGNOSTIC
DEVELOPMENT,XGBOOST,QUOTE_MARKOUT_100MS,bid,100ms,predicted_adverse_bucket,Q3,60,True,True,0.12083333333333333,0.125,0.125,0.125,0.125,0.125,DEVELOPMENT_DIAGNOSTIC
DEVELOPMENT,XGBOOST,QUOTE_MARKOUT_100MS,bid,100ms,predicted_adverse_bucket,Q4,61,True,True,0.07377049180327869,0.125,-0.125,0.125,0.125,0.125,DEVELOPMENT_DIAGNOSTIC
DEVELOPMENT,XGBOOST,QUOTE_MARKOUT_100MS,bid,100ms,predicted_fill_bucket,Q1,61,True,True,0.17008196721311475,0.125,0.125,0.125,0.125,0.375,DEVELOPMENT_DIAGNOSTIC
DEVELOPMENT,XGBOOST,QUOTE_MARKOUT_100MS,bid,100ms,predicted_fill_bucket,Q2,61,True,True,0.17827868852459017,0.125,0.125,0.125,0.125,0.375,DEVELOPMENT_DIAGNOSTIC
DEVELOPMENT,XGBOOST,QUOTE_MARKOUT_100MS,bid,100ms,predicted_fill_bucket,Q3,60,True,True,0.14166666666666666,0.125,0.125,0.125,0.125,0.125,DEVELOPMENT_DIAGNOSTIC
DEVELOPMENT,XGBOOST,QUOTE_MARKOUT_100MS,bid,100ms,predicted_fill_bucket,Q4,61,True,True,0.04918032786885246,0.125,-0.125,-0.125,0.125,0.125,DEVELOPMENT_DIAGNOSTIC
DEVELOPMENT,XGBOOST,QUOTE_MARKOUT_100MS,bid,100ms,time_to_fill_bucket,Q1,15,True,True,0.008333333333333333,0.125,-0.125,-0.125,0.125,0.125,DEVELOPMENT_DIAGNOSTIC
DEVELOPMENT,XGBOOST,QUOTE_MARKOUT_100MS,bid,100ms,time_to_fill_bucket,Q2,14,True,True,0.0625,0.125,-0.125,0.03125,0.125,0.125,DEVELOPMENT_DIAGNOSTIC
DEVELOPMENT,XGBOOST,QUOTE_MARKOUT_100MS,bid,100ms,time_to_fill_bucket,Q3,14,True,True,0.08928571428571429,0.125,-0.04999999999999999,0.125,0.125,0.125,DEVELOPMENT_DIAGNOSTIC
DEVELOPMENT,XGBOOST,QUOTE_MARKOUT_100MS,bid,100ms,time_to_fill_bucket,Q4,15,True,True,0.075,0.125,-0.125,0.0,0.125,0.125,DEVELOPMENT_DIAGNOSTIC
DEVELOPMENT,XGBOOST,QUOTE_MARKOUT_100MS,bid,100ms,time_to_fill_bucket,<NA>,185,True,True,0.15878378378378377,0.125,0.125,0.125,0.125,0.375,DEVELOPMENT_DIAGNOSTIC
DEVELOPMENT,XGBOOST,QUOTE_MARKOUT_1000MS,bid,1000ms,spread_bucket,Q1,120,False,False,0.005416666666666122,0.0049999999999954525,0.004499999999995909,0.0049999999999954525,0.005000000000009663,0.010000000000005116,DEVELOPMENT_DIAGNOSTIC
DEVELOPMENT,XGBOOST,QUOTE_MARKOUT_1000MS,bid,1000ms,spread_bucket,Q2,245,False,False,0.11502040816326521,0.125,-0.125,0.125,0.125,0.375,DEVELOPMENT_DIAGNOSTIC
DEVELOPMENT,XGBOOST,QUOTE_MARKOUT_1000MS,bid,1000ms,spread_bucket,Q3,19,False,False,0.2565789473684211,0.375,0.125,0.125,0.375,0.375,DEVELOPMENT_DIAGNOSTIC
DEVELOPMENT,XGBOOST,QUOTE_MARKOUT_1000MS,bid,1000ms,realized_vol_50_bucket,Q1,96,False,False,0.13020833333333334,0.125,-0.125,0.125,0.125,0.375,DEVELOPMENT_DIAGNOSTIC
DEVELOPMENT,XGBOOST,QUOTE_MARKOUT_1000MS,bid,1000ms,realized_vol_50_bucket,Q2,96,False,False,0.140625,0.125,-0.125,0.125,0.125,0.375,DEVELOPMENT_DIAGNOSTIC
DEVELOPMENT,XGBOOST,QUOTE_MARKOUT_1000MS,bid,1000ms,realized_vol_50_bucket,Q3,96,False,False,0.07489583333333301,0.014999999999993463,0.0,0.0049999999999954525,0.125,0.125,DEVELOPMENT_DIAGNOSTIC
DEVELOPMENT,XGBOOST,QUOTE_MARKOUT_1000MS,bid,1000ms,realized_vol_50_bucket,Q4,96,False,False,0.005364583333332747,0.0049999999999954525,0.0,0.0049999999999954525,0.005000000000009663,0.010000000000005116,DEVELOPMENT_DIAGNOSTIC
DEVELOPMENT,XGBOOST,QUOTE_MARKOUT_1000MS,bid,1000ms,queue_ahead_bucket,Q1,62,True,True,0.11693548387096774,0.125,-0.125,0.125,0.125,0.375,DEVELOPMENT_DIAGNOSTIC
DEVELOPMENT,XGBOOST,QUOTE_MARKOUT_1000MS,bid,1000ms,queue_ahead_bucket,Q2,62,True,True,0.1532258064516129,0.125,-0.125,0.125,0.125,0.375,DEVELOPMENT_DIAGNOSTIC
DEVELOPMENT,XGBOOST,QUOTE_MARKOUT_1000MS,bid,1000ms,queue_ahead_bucket,Q3,60,True,True,0.125,0.125,-0.125,0.125,0.125,0.375,DEVELOPMENT_DIAGNOSTIC
DEVELOPMENT,XGBOOST,QUOTE_MARKOUT_1000MS,bid,1000ms,queue_ahead_bucket,Q4,59,True,True,0.1461864406779661,0.125,-0.125,0.125,0.125,0.375,DEVELOPMENT_DIAGNOSTIC
DEVELOPMENT,XGBOOST,QUOTE_MARKOUT_1000MS,bid,1000ms,xgboost_confidence_bucket,Q1,96,False,False,0.10317708333333275,0.125,-0.125,0.0049999999999954525,0.125,0.375,DEVELOPMENT_DIAGNOSTIC
DEVELOPMENT,XGBOOST,QUOTE_MARKOUT_1000MS,bid,1000ms,xgboost_confidence_bucket,Q2,96,False,False,0.08651041666666615,0.125,-0.125,0.0049999999999954525,0.125,0.375,DEVELOPMENT_DIAGNOSTIC
DEVELOPMENT,XGBOOST,QUOTE_MARKOUT_1000MS,bid,1000ms,xgboost_confidence_bucket,Q3,96,False,False,0.09796874999999972,0.125,0.0049999999999954525,0.0049999999999954525,0.125,0.125,DEVELOPMENT_DIAGNOSTIC
DEVELOPMENT,XGBOOST,QUOTE_MARKOUT_1000MS,bid,1000ms,xgboost_confidence_bucket,Q4,96,False,False,0.06343750000000048,0.005000000000009663,0.0049999999999954525,0.0049999999999954525,0.125,0.125,DEVELOPMENT_DIAGNOSTIC
DEVELOPMENT,XGBOOST,QUOTE_MARKOUT_1000MS,bid,1000ms,predicted_adverse_bucket,Q1,61,True,True,0.1987704918032787,0.125,0.125,0.125,0.375,0.375,DEVELOPMENT_DIAGNOSTIC
DEVELOPMENT,XGBOOST,QUOTE_MARKOUT_1000MS,bid,1000ms,predicted_adverse_bucket,Q2,61,True,True,0.17008196721311475,0.125,0.125,0.125,0.125,0.375,DEVELOPMENT_DIAGNOSTIC
DEVELOPMENT,XGBOOST,QUOTE_MARKOUT_1000MS,bid,1000ms,predicted_adverse_bucket,Q3,60,True,True,0.11666666666666667,0.125,-0.125,0.125,0.125,0.375,DEVELOPMENT_DIAGNOSTIC
DEVELOPMENT,XGBOOST,QUOTE_MARKOUT_1000MS,bid,1000ms,predicted_adverse_bucket,Q4,61,True,True,0.055327868852459015,0.125,-0.125,-0.125,0.125,0.125,DEVELOPMENT_DIAGNOSTIC
DEVELOPMENT,XGBOOST,QUOTE_MARKOUT_1000MS,bid,1000ms,predicted_fill_bucket,Q1,61,True,True,0.1864754098360656,0.125,0.125,0.125,0.375,0.375,DEVELOPMENT_DIAGNOSTIC
DEVELOPMENT,XGBOOST,QUOTE_MARKOUT_1000MS,bid,1000ms,predicted_fill_bucket,Q2,61,True,True,0.19057377049180327,0.125,0.125,0.125,0.375,0.375,DEVELOPMENT_DIAGNOSTIC
DEVELOPMENT,XGBOOST,QUOTE_MARKOUT_1000MS,bid,1000ms,predicted_fill_bucket,Q3,60,True,True,0.125,0.125,-0.125,0.125,0.125,0.375,DEVELOPMENT_DIAGNOSTIC
DEVELOPMENT,XGBOOST,QUOTE_MARKOUT_1000MS,bid,1000ms,predicted_fill_bucket,Q4,61,True,True,0.0389344262295082,0.125,-0.125,-0.125,0.125,0.125,DEVELOPMENT_DIAGNOSTIC
DEVELOPMENT,XGBOOST,QUOTE_MARKOUT_1000MS,bid,1000ms,time_to_fill_bucket,Q1,15,True,True,-0.058333333333333334,-0.125,-0.125,-0.125,0.125,0.125,DEVELOPMENT_DIAGNOSTIC
DEVELOPMENT,XGBOOST,QUOTE_MARKOUT_1000MS,bid,1000ms,time_to_fill_bucket,Q2,14,True,True,0.05357142857142857,0.125,-0.125,-0.0625,0.125,0.125,DEVELOPMENT_DIAGNOSTIC
DEVELOPMENT,XGBOOST,QUOTE_MARKOUT_1000MS,bid,1000ms,time_to_fill_bucket,Q3,14,True,True,-0.03571428571428571,-0.125,-0.125,-0.125,0.125,0.125,DEVELOPMENT_DIAGNOSTIC
DEVELOPMENT,XGBOOST,QUOTE_MARKOUT_1000MS,bid,1000ms,time_to_fill_bucket,Q4,15,True,True,0.058333333333333334,0.125,-0.125,0.0,0.125,0.125,DEVELOPMENT_DIAGNOSTIC
DEVELOPMENT,XGBOOST,QUOTE_MARKOUT_1000MS,bid,1000ms,time_to_fill_bucket,<NA>,185,True,True,0.17635135135135135,0.125,0.125,0.125,0.375,0.375,DEVELOPMENT_DIAGNOSTIC
DEVELOPMENT,XGBOOST,SIMULATED_L3_POST_FILL_MARKOUT_100MS,bid,100ms,spread_bucket,Q2,57,True,True,0.015350877192982455,0.125,-0.125,-0.125,0.125,0.125,DEVELOPMENT_DIAGNOSTIC
DEVELOPMENT,XGBOOST,SIMULATED_L3_POST_FILL_MARKOUT_100MS,bid,100ms,spread_bucket,Q3,1,True,True,0.125,0.125,0.125,0.125,0.125,0.125,DEVELOPMENT_DIAGNOSTIC
DEVELOPMENT,XGBOOST,SIMULATED_L3_POST_FILL_MARKOUT_100MS,bid,100ms,realized_vol_50_bucket,Q1,22,True,True,-0.011363636363636364,-0.125,-0.125,-0.125,0.125,0.125,DEVELOPMENT_DIAGNOSTIC
DEVELOPMENT,XGBOOST,SIMULATED_L3_POST_FILL_MARKOUT_100MS,bid,100ms,realized_vol_50_bucket,Q2,22,True,True,0.045454545454545456,0.125,-0.125,-0.125,0.125,0.125,DEVELOPMENT_DIAGNOSTIC
DEVELOPMENT,XGBOOST,SIMULATED_L3_POST_FILL_MARKOUT_100MS,bid,100ms,realized_vol_50_bucket,Q3,14,True,True,0.017857142857142856,0.125,-0.125,-0.125,0.125,0.125,DEVELOPMENT_DIAGNOSTIC
DEVELOPMENT,XGBOOST,SIMULATED_L3_POST_FILL_MARKOUT_100MS,bid,100ms,queue_ahead_bucket,Q1,18,True,True,0.013888888888888888,0.125,-0.125,-0.125,0.125,0.125,DEVELOPMENT_DIAGNOSTIC
DEVELOPMENT,XGBOOST,SIMULATED_L3_POST_FILL_MARKOUT_100MS,bid,100ms,queue_ahead_bucket,Q2,17,True,True,0.03676470588235294,0.125,-0.125,-0.125,0.125,0.125,DEVELOPMENT_DIAGNOSTIC
DEVELOPMENT,XGBOOST,SIMULATED_L3_POST_FILL_MARKOUT_100MS,bid,100ms,queue_ahead_bucket,Q3,12,True,True,0.0,0.0,-0.125,-0.125,0.125,0.125,DEVELOPMENT_DIAGNOSTIC
DEVELOPMENT,XGBOOST,SIMULATED_L3_POST_FILL_MARKOUT_100MS,bid,100ms,queue_ahead_bucket,Q4,11,True,True,0.011363636363636364,0.125,-0.125,-0.125,0.125,0.125,DEVELOPMENT_DIAGNOSTIC
DEVELOPMENT,XGBOOST,SIMULATED_L3_POST_FILL_MARKOUT_100MS,bid,100ms,xgboost_confidence_bucket,Q1,22,True,True,0.045454545454545456,0.125,-0.125,-0.125,0.125,0.125,DEVELOPMENT_DIAGNOSTIC
DEVELOPMENT,XGBOOST,SIMULATED_L3_POST_FILL_MARKOUT_100MS,bid,100ms,xgboost_confidence_bucket,Q2,22,True,True,0.0,0.0,-0.125,-0.125,0.125,0.125,DEVELOPMENT_DIAGNOSTIC
DEVELOPMENT,XGBOOST,SIMULATED_L3_POST_FILL_MARKOUT_100MS,bid,100ms,xgboost_confidence_bucket,Q3,10,True,True,0.0,0.0,-0.125,-0.125,0.125,0.125,DEVELOPMENT_DIAGNOSTIC
DEVELOPMENT,XGBOOST,SIMULATED_L3_POST_FILL_MARKOUT_100MS,bid,100ms,xgboost_confidence_bucket,Q4,4,True,True,0.0,0.0,-0.125,-0.125,0.125,0.125,DEVELOPMENT_DIAGNOSTIC
DEVELOPMENT,XGBOOST,SIMULATED_L3_POST_FILL_MARKOUT_100MS,bid,100ms,predicted_adverse_bucket,Q1,11,True,True,0.07954545454545454,0.125,-0.125,0.125,0.125,0.125,DEVELOPMENT_DIAGNOSTIC
DEVELOPMENT,XGBOOST,SIMULATED_L3_POST_FILL_MARKOUT_100MS,bid,100ms,predicted_adverse_bucket,Q2,9,True,True,0.041666666666666664,0.125,-0.125,-0.125,0.125,0.125,DEVELOPMENT_DIAGNOSTIC
DEVELOPMENT,XGBOOST,SIMULATED_L3_POST_FILL_MARKOUT_100MS,bid,100ms,predicted_adverse_bucket,Q3,10,True,True,-0.025,-0.125,-0.125,-0.125,0.125,0.125,DEVELOPMENT_DIAGNOSTIC
DEVELOPMENT,XGBOOST,SIMULATED_L3_POST_FILL_MARKOUT_100MS,bid,100ms,predicted_adverse_bucket,Q4,28,True,True,0.0,0.0,-0.125,-0.125,0.125,0.125,DEVELOPMENT_DIAGNOSTIC
DEVELOPMENT,XGBOOST,SIMULATED_L3_POST_FILL_MARKOUT_100MS,bid,100ms,predicted_fill_bucket,Q1,4,True,True,0.0625,0.125,-0.04999999999999999,0.0625,0.125,0.125,DEVELOPMENT_DIAGNOSTIC
DEVELOPMENT,XGBOOST,SIMULATED_L3_POST_FILL_MARKOUT_100MS,bid,100ms,predicted_fill_bucket,Q2,5,True,True,0.125,0.125,0.125,0.125,0.125,0.125,DEVELOPMENT_DIAGNOSTIC
DEVELOPMENT,XGBOOST,SIMULATED_L3_POST_FILL_MARKOUT_100MS,bid,100ms,predicted_fill_bucket,Q3,12,True,True,-0.020833333333333332,-0.125,-0.125,-0.125,0.125,0.125,DEVELOPMENT_DIAGNOSTIC
DEVELOPMENT,XGBOOST,SIMULATED_L3_POST_FILL_MARKOUT_100MS,bid,100ms,predicted_fill_bucket,Q4,37,True,True,0.010135135135135136,0.125,-0.125,-0.125,0.125,0.125,DEVELOPMENT_DIAGNOSTIC
DEVELOPMENT,XGBOOST,SIMULATED_L3_POST_FILL_MARKOUT_100MS,bid,100ms,time_to_fill_bucket,Q1,15,True,True,-0.008333333333333333,-0.125,-0.125,-0.125,0.125,0.125,DEVELOPMENT_DIAGNOSTIC
DEVELOPMENT,XGBOOST,SIMULATED_L3_POST_FILL_MARKOUT_100MS,bid,100ms,time_to_fill_bucket,Q2,14,True,True,0.03571428571428571,0.125,-0.125,-0.125,0.125,0.125,DEVELOPMENT_DIAGNOSTIC
DEVELOPMENT,XGBOOST,SIMULATED_L3_POST_FILL_MARKOUT_100MS,bid,100ms,time_to_fill_bucket,Q3,14,True,True,-0.017857142857142856,-0.125,-0.125,-0.125,0.125,0.125,DEVELOPMENT_DIAGNOSTIC
DEVELOPMENT,XGBOOST,SIMULATED_L3_POST_FILL_MARKOUT_100MS,bid,100ms,time_to_fill_bucket,Q4,15,True,True,0.058333333333333334,0.125,-0.125,0.0,0.125,0.125,DEVELOPMENT_DIAGNOSTIC
DEVELOPMENT,XGBOOST,QUOTE_MARKOUT_100MS,ask,100ms,spread_bucket,Q1,120,False,False,0.005083333333333565,0.0049999999999954525,0.0049999999999954525,0.0049999999999954525,0.005000000000009663,0.005000000000009663,DEVELOPMENT_DIAGNOSTIC
DEVELOPMENT,XGBOOST,QUOTE_MARKOUT_100MS,ask,100ms,spread_bucket,Q2,245,False,False,0.11067346938775514,0.125,-0.125,0.125,0.125,0.125,DEVELOPMENT_DIAGNOSTIC
DEVELOPMENT,XGBOOST,QUOTE_MARKOUT_100MS,ask,100ms,spread_bucket,Q3,19,False,False,0.3092105263157895,0.375,0.125,0.25,0.375,0.375,DEVELOPMENT_DIAGNOSTIC
DEVELOPMENT,XGBOOST,QUOTE_MARKOUT_100MS,ask,100ms,realized_vol_50_bucket,Q1,96,False,False,0.1328125,0.125,-0.125,0.125,0.125,0.375,DEVELOPMENT_DIAGNOSTIC
DEVELOPMENT,XGBOOST,QUOTE_MARKOUT_100MS,ask,100ms,realized_vol_50_bucket,Q2,96,False,False,0.13671875,0.125,0.125,0.125,0.125,0.375,DEVELOPMENT_DIAGNOSTIC
DEVELOPMENT,XGBOOST,QUOTE_MARKOUT_100MS,ask,100ms,realized_vol_50_bucket,Q3,96,False,False,0.07453125000000045,0.012499999999995737,0.0,0.0049999999999954525,0.125,0.125,DEVELOPMENT_DIAGNOSTIC
DEVELOPMENT,XGBOOST,QUOTE_MARKOUT_100MS,ask,100ms,realized_vol_50_bucket,Q4,96,False,False,0.005937499999999929,0.0049999999999954525,0.0049999999999954525,0.0049999999999954525,0.005000000000009663,0.010000000000005116,DEVELOPMENT_DIAGNOSTIC
DEVELOPMENT,XGBOOST,QUOTE_MARKOUT_100MS,ask,100ms,queue_ahead_bucket,Q1,62,True,True,0.11088709677419355,0.125,-0.125,0.125,0.125,0.375,DEVELOPMENT_DIAGNOSTIC
DEVELOPMENT,XGBOOST,QUOTE_MARKOUT_100MS,ask,100ms,queue_ahead_bucket,Q2,62,True,True,0.10887096774193548,0.125,-0.125,0.125,0.125,0.125,DEVELOPMENT_DIAGNOSTIC
DEVELOPMENT,XGBOOST,QUOTE_MARKOUT_100MS,ask,100ms,queue_ahead_bucket,Q3,60,True,True,0.12916666666666668,0.125,0.125,0.125,0.125,0.125,DEVELOPMENT_DIAGNOSTIC
DEVELOPMENT,XGBOOST,QUOTE_MARKOUT_100MS,ask,100ms,queue_ahead_bucket,Q4,59,True,True,0.19279661016949154,0.125,0.125,0.125,0.375,0.375,DEVELOPMENT_DIAGNOSTIC
DEVELOPMENT,XGBOOST,QUOTE_MARKOUT_100MS,ask,100ms,xgboost_confidence_bucket,Q1,96,False,False,0.10359375000000037,0.125,0.0049999999999954525,0.010000000000005116,0.125,0.25,DEVELOPMENT_DIAGNOSTIC
DEVELOPMENT,XGBOOST,QUOTE_MARKOUT_100MS,ask,100ms,xgboost_confidence_bucket,Q2,96,False,False,0.11348958333333359,0.125,-0.0049999999999954525,0.010000000000001563,0.125,0.375,DEVELOPMENT_DIAGNOSTIC
DEVELOPMENT,XGBOOST,QUOTE_MARKOUT_100MS,ask,100ms,xgboost_confidence_bucket,Q3,96,False,False,0.07229166666666709,0.125,0.0,0.005000000000009663,0.125,0.125,DEVELOPMENT_DIAGNOSTIC
DEVELOPMENT,XGBOOST,QUOTE_MARKOUT_100MS,ask,100ms,xgboost_confidence_bucket,Q4,96,False,False,0.06062499999999934,0.005000000000009663,0.0049999999999954525,0.0049999999999954525,0.125,0.125,DEVELOPMENT_DIAGNOSTIC
DEVELOPMENT,XGBOOST,QUOTE_MARKOUT_100MS,ask,100ms,predicted_adverse_bucket,Q1,61,True,True,0.21311475409836064,0.125,0.125,0.125,0.375,0.375,DEVELOPMENT_DIAGNOSTIC
DEVELOPMENT,XGBOOST,QUOTE_MARKOUT_100MS,ask,100ms,predicted_adverse_bucket,Q2,61,True,True,0.14549180327868852,0.125,0.125,0.125,0.125,0.125,DEVELOPMENT_DIAGNOSTIC
DEVELOPMENT,XGBOOST,QUOTE_MARKOUT_100MS,ask,100ms,predicted_adverse_bucket,Q3,60,True,True,0.11666666666666667,0.125,-0.125,0.125,0.125,0.125,DEVELOPMENT_DIAGNOSTIC
DEVELOPMENT,XGBOOST,QUOTE_MARKOUT_100MS,ask,100ms,predicted_adverse_bucket,Q4,61,True,True,0.06352459016393443,0.125,-0.125,-0.125,0.125,0.125,DEVELOPMENT_DIAGNOSTIC
DEVELOPMENT,XGBOOST,QUOTE_MARKOUT_100MS,ask,100ms,predicted_fill_bucket,Q1,61,True,True,0.21311475409836064,0.125,0.125,0.125,0.375,0.375,DEVELOPMENT_DIAGNOSTIC
DEVELOPMENT,XGBOOST,QUOTE_MARKOUT_100MS,ask,100ms,predicted_fill_bucket,Q2,61,True,True,0.14549180327868852,0.125,0.125,0.125,0.125,0.375,DEVELOPMENT_DIAGNOSTIC
DEVELOPMENT,XGBOOST,QUOTE_MARKOUT_100MS,ask,100ms,predicted_fill_bucket,Q3,60,True,True,0.1,0.125,-0.125,0.125,0.125,0.125,DEVELOPMENT_DIAGNOSTIC
DEVELOPMENT,XGBOOST,QUOTE_MARKOUT_100MS,ask,100ms,predicted_fill_bucket,Q4,61,True,True,0.07991803278688525,0.125,-0.125,0.125,0.125,0.125,DEVELOPMENT_DIAGNOSTIC
DEVELOPMENT,XGBOOST,QUOTE_MARKOUT_100MS,ask,100ms,time_to_fill_bucket,Q1,19,True,True,-0.006578947368421052,-0.125,-0.125,-0.125,0.125,0.125,DEVELOPMENT_DIAGNOSTIC
DEVELOPMENT,XGBOOST,QUOTE_MARKOUT_100MS,ask,100ms,time_to_fill_bucket,Q2,19,True,True,0.05921052631578947,0.125,-0.125,0.0,0.125,0.125,DEVELOPMENT_DIAGNOSTIC
DEVELOPMENT,XGBOOST,QUOTE_MARKOUT_100MS,ask,100ms,time_to_fill_bucket,Q3,19,True,True,0.08552631578947369,0.125,-0.125,0.125,0.125,0.125,DEVELOPMENT_DIAGNOSTIC
DEVELOPMENT,XGBOOST,QUOTE_MARKOUT_100MS,ask,100ms,time_to_fill_bucket,Q4,19,True,True,0.09868421052631579,0.125,0.07500000000000001,0.125,0.125,0.125,DEVELOPMENT_DIAGNOSTIC
DEVELOPMENT,XGBOOST,QUOTE_MARKOUT_100MS,ask,100ms,time_to_fill_bucket,<NA>,167,True,True,0.1691616766467066,0.125,0.125,0.125,0.125,0.375,DEVELOPMENT_DIAGNOSTIC
DEVELOPMENT,XGBOOST,QUOTE_MARKOUT_1000MS,ask,1000ms,spread_bucket,Q1,120,False,False,0.004583333333333428,0.0049999999999954525,0.0,0.0049999999999954525,0.005000000000009663,0.00550000000000783,DEVELOPMENT_DIAGNOSTIC
DEVELOPMENT,XGBOOST,QUOTE_MARKOUT_1000MS,ask,1000ms,spread_bucket,Q2,245,False,False,0.11530612244897966,0.125,-0.125,0.125,0.125,0.375,DEVELOPMENT_DIAGNOSTIC
DEVELOPMENT,XGBOOST,QUOTE_MARKOUT_1000MS,ask,1000ms,spread_bucket,Q3,19,False,False,0.24342105263157895,0.125,0.125,0.125,0.375,0.375,DEVELOPMENT_DIAGNOSTIC
DEVELOPMENT,XGBOOST,QUOTE_MARKOUT_1000MS,ask,1000ms,realized_vol_50_bucket,Q1,96,False,False,0.13802083333333334,0.125,-0.125,0.125,0.125,0.375,DEVELOPMENT_DIAGNOSTIC
DEVELOPMENT,XGBOOST,QUOTE_MARKOUT_1000MS,ask,1000ms,realized_vol_50_bucket,Q2,96,False,False,0.125,0.125,-0.125,0.125,0.125,0.375,DEVELOPMENT_DIAGNOSTIC
DEVELOPMENT,XGBOOST,QUOTE_MARKOUT_1000MS,ask,1000ms,realized_vol_50_bucket,Q3,96,False,False,0.07937500000000004,0.014999999999993463,-0.0024999999999977263,0.0049999999999954525,0.125,0.375,DEVELOPMENT_DIAGNOSTIC
DEVELOPMENT,XGBOOST,QUOTE_MARKOUT_1000MS,ask,1000ms,realized_vol_50_bucket,Q4,96,False,False,0.005781250000000219,0.0049999999999954525,0.0,0.0049999999999954525,0.005000000000009663,0.012500000000002842,DEVELOPMENT_DIAGNOSTIC
DEVELOPMENT,XGBOOST,QUOTE_MARKOUT_1000MS,ask,1000ms,queue_ahead_bucket,Q1,62,True,True,0.13306451612903225,0.125,-0.125,0.125,0.125,0.375,DEVELOPMENT_DIAGNOSTIC
DEVELOPMENT,XGBOOST,QUOTE_MARKOUT_1000MS,ask,1000ms,queue_ahead_bucket,Q2,62,True,True,0.0967741935483871,0.125,-0.125,0.125,0.125,0.375,DEVELOPMENT_DIAGNOSTIC
DEVELOPMENT,XGBOOST,QUOTE_MARKOUT_1000MS,ask,1000ms,queue_ahead_bucket,Q3,60,True,True,0.125,0.125,-0.125,0.125,0.125,0.375,DEVELOPMENT_DIAGNOSTIC
DEVELOPMENT,XGBOOST,QUOTE_MARKOUT_1000MS,ask,1000ms,queue_ahead_bucket,Q4,59,True,True,0.1843220338983051,0.125,0.125,0.125,0.375,0.375,DEVELOPMENT_DIAGNOSTIC
DEVELOPMENT,XGBOOST,QUOTE_MARKOUT_1000MS,ask,1000ms,xgboost_confidence_bucket,Q1,96,False,False,0.09328125000000043,0.125,-0.125,0.005000000000009663,0.125,0.375,DEVELOPMENT_DIAGNOSTIC
DEVELOPMENT,XGBOOST,QUOTE_MARKOUT_1000MS,ask,1000ms,xgboost_confidence_bucket,Q2,96,False,False,0.11473958333333363,0.125,-0.125,0.005000000000006111,0.125,0.375,DEVELOPMENT_DIAGNOSTIC
DEVELOPMENT,XGBOOST,QUOTE_MARKOUT_1000MS,ask,1000ms,xgboost_confidence_bucket,Q3,96,False,False,0.08526041666666669,0.125,0.0024999999999977263,0.0049999999999954525,0.125,0.125,DEVELOPMENT_DIAGNOSTIC
DEVELOPMENT,XGBOOST,QUOTE_MARKOUT_1000MS,ask,1000ms,xgboost_confidence_bucket,Q4,96,False,False,0.054895833333332845,0.0049999999999954525,0.0,0.0049999999999954525,0.125,0.125,DEVELOPMENT_DIAGNOSTIC
DEVELOPMENT,XGBOOST,QUOTE_MARKOUT_1000MS,ask,1000ms,predicted_adverse_bucket,Q1,61,True,True,0.19467213114754098,0.125,0.125,0.125,0.375,0.375,DEVELOPMENT_DIAGNOSTIC
DEVELOPMENT,XGBOOST,QUOTE_MARKOUT_1000MS,ask,1000ms,predicted_adverse_bucket,Q2,61,True,True,0.17008196721311475,0.125,0.125,0.125,0.375,0.375,DEVELOPMENT_DIAGNOSTIC
DEVELOPMENT,XGBOOST,QUOTE_MARKOUT_1000MS,ask,1000ms,predicted_adverse_bucket,Q3,60,True,True,0.1,0.125,-0.125,0.125,0.125,0.125,DEVELOPMENT_DIAGNOSTIC
DEVELOPMENT,XGBOOST,QUOTE_MARKOUT_1000MS,ask,1000ms,predicted_adverse_bucket,Q4,61,True,True,0.07172131147540983,0.125,-0.125,-0.125,0.125,0.125,DEVELOPMENT_DIAGNOSTIC
DEVELOPMENT,XGBOOST,QUOTE_MARKOUT_1000MS,ask,1000ms,predicted_fill_bucket,Q1,61,True,True,0.2151639344262295,0.125,0.125,0.125,0.375,0.375,DEVELOPMENT_DIAGNOSTIC
DEVELOPMENT,XGBOOST,QUOTE_MARKOUT_1000MS,ask,1000ms,predicted_fill_bucket,Q2,61,True,True,0.14959016393442623,0.125,0.125,0.125,0.125,0.375,DEVELOPMENT_DIAGNOSTIC
DEVELOPMENT,XGBOOST,QUOTE_MARKOUT_1000MS,ask,1000ms,predicted_fill_bucket,Q3,60,True,True,0.09166666666666666,0.125,-0.125,0.125,0.125,0.375,DEVELOPMENT_DIAGNOSTIC
DEVELOPMENT,XGBOOST,QUOTE_MARKOUT_1000MS,ask,1000ms,predicted_fill_bucket,Q4,61,True,True,0.07991803278688525,0.125,-0.125,0.125,0.125,0.125,DEVELOPMENT_DIAGNOSTIC
DEVELOPMENT,XGBOOST,QUOTE_MARKOUT_1000MS,ask,1000ms,time_to_fill_bucket,Q1,19,True,True,0.03289473684210526,0.125,-0.125,-0.125,0.125,0.125,DEVELOPMENT_DIAGNOSTIC
DEVELOPMENT,XGBOOST,QUOTE_MARKOUT_1000MS,ask,1000ms,time_to_fill_bucket,Q2,19,True,True,0.03289473684210526,0.125,-0.125,-0.125,0.125,0.17499999999999982,DEVELOPMENT_DIAGNOSTIC
DEVELOPMENT,XGBOOST,QUOTE_MARKOUT_1000MS,ask,1000ms,time_to_fill_bucket,Q3,19,True,True,0.09868421052631579,0.125,0.07500000000000001,0.125,0.125,0.125,DEVELOPMENT_DIAGNOSTIC
DEVELOPMENT,XGBOOST,QUOTE_MARKOUT_1000MS,ask,1000ms,time_to_fill_bucket,Q4,19,True,True,-0.03289473684210526,-0.125,-0.125,-0.125,0.125,0.125,DEVELOPMENT_DIAGNOSTIC
DEVELOPMENT,XGBOOST,QUOTE_MARKOUT_1000MS,ask,1000ms,time_to_fill_bucket,<NA>,167,True,True,0.18038922155688622,0.125,0.125,0.125,0.375,0.375,DEVELOPMENT_DIAGNOSTIC
DEVELOPMENT,XGBOOST,SIMULATED_L3_POST_FILL_MARKOUT_100MS,ask,100ms,spread_bucket,Q2,76,True,True,-0.003289473684210526,-0.125,-0.125,-0.125,0.125,0.125,DEVELOPMENT_DIAGNOSTIC
DEVELOPMENT,XGBOOST,SIMULATED_L3_POST_FILL_MARKOUT_100MS,ask,100ms,realized_vol_50_bucket,Q1,27,True,True,-0.004629629629629629,-0.125,-0.125,-0.125,0.125,0.125,DEVELOPMENT_DIAGNOSTIC
DEVELOPMENT,XGBOOST,SIMULATED_L3_POST_FILL_MARKOUT_100MS,ask,100ms,realized_vol_50_bucket,Q2,32,True,True,0.0,0.0,-0.125,-0.125,0.125,0.125,DEVELOPMENT_DIAGNOSTIC
DEVELOPMENT,XGBOOST,SIMULATED_L3_POST_FILL_MARKOUT_100MS,ask,100ms,realized_vol_50_bucket,Q3,17,True,True,-0.007352941176470588,-0.125,-0.125,-0.125,0.125,0.125,DEVELOPMENT_DIAGNOSTIC
DEVELOPMENT,XGBOOST,SIMULATED_L3_POST_FILL_MARKOUT_100MS,ask,100ms,queue_ahead_bucket,Q1,24,True,True,0.03125,0.125,-0.125,-0.125,0.125,0.125,DEVELOPMENT_DIAGNOSTIC
DEVELOPMENT,XGBOOST,SIMULATED_L3_POST_FILL_MARKOUT_100MS,ask,100ms,queue_ahead_bucket,Q2,25,True,True,-0.035,-0.125,-0.125,-0.125,0.125,0.125,DEVELOPMENT_DIAGNOSTIC
DEVELOPMENT,XGBOOST,SIMULATED_L3_POST_FILL_MARKOUT_100MS,ask,100ms,queue_ahead_bucket,Q3,19,True,True,-0.006578947368421052,-0.125,-0.125,-0.125,0.125,0.125,DEVELOPMENT_DIAGNOSTIC
DEVELOPMENT,XGBOOST,SIMULATED_L3_POST_FILL_MARKOUT_100MS,ask,100ms,queue_ahead_bucket,Q4,8,True,True,0.0,0.0,-0.125,-0.125,0.125,0.125,DEVELOPMENT_DIAGNOSTIC
DEVELOPMENT,XGBOOST,SIMULATED_L3_POST_FILL_MARKOUT_100MS,ask,100ms,xgboost_confidence_bucket,Q1,18,True,True,-0.013888888888888888,-0.125,-0.125,-0.125,0.125,0.125,DEVELOPMENT_DIAGNOSTIC
DEVELOPMENT,XGBOOST,SIMULATED_L3_POST_FILL_MARKOUT_100MS,ask,100ms,xgboost_confidence_bucket,Q2,16,True,True,-0.03125,-0.125,-0.125,-0.125,0.125,0.125,DEVELOPMENT_DIAGNOSTIC
DEVELOPMENT,XGBOOST,SIMULATED_L3_POST_FILL_MARKOUT_100MS,ask,100ms,xgboost_confidence_bucket,Q3,28,True,True,0.008928571428571428,0.125,-0.125,-0.125,0.125,0.125,DEVELOPMENT_DIAGNOSTIC
DEVELOPMENT,XGBOOST,SIMULATED_L3_POST_FILL_MARKOUT_100MS,ask,100ms,xgboost_confidence_bucket,Q4,14,True,True,0.017857142857142856,0.125,-0.125,-0.125,0.125,0.125,DEVELOPMENT_DIAGNOSTIC
DEVELOPMENT,XGBOOST,SIMULATED_L3_POST_FILL_MARKOUT_100MS,ask,100ms,predicted_adverse_bucket,Q1,5,True,True,0.025,0.125,-0.125,-0.125,0.125,0.125,DEVELOPMENT_DIAGNOSTIC
DEVELOPMENT,XGBOOST,SIMULATED_L3_POST_FILL_MARKOUT_100MS,ask,100ms,predicted_adverse_bucket,Q2,12,True,True,-0.020833333333333332,-0.125,-0.125,-0.125,0.125,0.125,DEVELOPMENT_DIAGNOSTIC
DEVELOPMENT,XGBOOST,SIMULATED_L3_POST_FILL_MARKOUT_100MS,ask,100ms,predicted_adverse_bucket,Q3,19,True,True,-0.019736842105263157,-0.125,-0.125,-0.125,0.125,0.125,DEVELOPMENT_DIAGNOSTIC
DEVELOPMENT,XGBOOST,SIMULATED_L3_POST_FILL_MARKOUT_100MS,ask,100ms,predicted_adverse_bucket,Q4,40,True,True,0.00625,0.125,-0.125,-0.125,0.125,0.125,DEVELOPMENT_DIAGNOSTIC
DEVELOPMENT,XGBOOST,SIMULATED_L3_POST_FILL_MARKOUT_100MS,ask,100ms,predicted_fill_bucket,Q1,6,True,True,0.041666666666666664,0.125,-0.125,-0.0625,0.125,0.125,DEVELOPMENT_DIAGNOSTIC
DEVELOPMENT,XGBOOST,SIMULATED_L3_POST_FILL_MARKOUT_100MS,ask,100ms,predicted_fill_bucket,Q2,10,True,True,-0.025,-0.125,-0.125,-0.125,0.125,0.125,DEVELOPMENT_DIAGNOSTIC
DEVELOPMENT,XGBOOST,SIMULATED_L3_POST_FILL_MARKOUT_100MS,ask,100ms,predicted_fill_bucket,Q3,26,True,True,-0.028846153846153848,-0.125,-0.125,-0.125,0.125,0.125,DEVELOPMENT_DIAGNOSTIC
DEVELOPMENT,XGBOOST,SIMULATED_L3_POST_FILL_MARKOUT_100MS,ask,100ms,predicted_fill_bucket,Q4,34,True,True,0.014705882352941176,0.125,-0.125,-0.125,0.125,0.125,DEVELOPMENT_DIAGNOSTIC
DEVELOPMENT,XGBOOST,SIMULATED_L3_POST_FILL_MARKOUT_100MS,ask,100ms,time_to_fill_bucket,Q1,19,True,True,-0.006578947368421052,-0.125,-0.125,-0.125,0.125,0.125,DEVELOPMENT_DIAGNOSTIC
DEVELOPMENT,XGBOOST,SIMULATED_L3_POST_FILL_MARKOUT_100MS,ask,100ms,time_to_fill_bucket,Q2,19,True,True,0.006578947368421052,0.125,-0.125,-0.125,0.125,0.125,DEVELOPMENT_DIAGNOSTIC
DEVELOPMENT,XGBOOST,SIMULATED_L3_POST_FILL_MARKOUT_100MS,ask,100ms,time_to_fill_bucket,Q3,19,True,True,0.019736842105263157,0.125,-0.125,-0.125,0.125,0.125,DEVELOPMENT_DIAGNOSTIC
DEVELOPMENT,XGBOOST,SIMULATED_L3_POST_FILL_MARKOUT_100MS,ask,100ms,time_to_fill_bucket,Q4,19,True,True,-0.03289473684210526,-0.125,-0.125,-0.125,0.125,0.125,DEVELOPMENT_DIAGNOSTIC
FINAL_POSTHOC_ONLY,M3T,QUOTE_MARKOUT_100MS,bid,100ms,spread_bucket,Q1,1627,False,False,0.004609711124765217,0.0049999999999954525,-0.0049999999999954525,0.0049999999999954525,0.0049999999999954525,0.014999999999986358,EXPLORATORY_POSTHOC
FINAL_POSTHOC_ONLY,M3T,QUOTE_MARKOUT_100MS,bid,100ms,spread_bucket,Q2,1580,False,False,0.008905063291143482,0.005000000000023874,-0.0049999999999954525,0.0049999999999954525,0.014999999999986358,0.020000000000010232,EXPLORATORY_POSTHOC
FINAL_POSTHOC_ONLY,M3T,QUOTE_MARKOUT_100MS,bid,100ms,realized_vol_50_bucket,Q1,57,False,False,0.012894736842099519,0.009999999999990905,0.0049999999999954525,0.009999999999990905,0.014999999999986358,0.020999999999992247,EXPLORATORY_POSTHOC
FINAL_POSTHOC_ONLY,M3T,QUOTE_MARKOUT_100MS,bid,100ms,realized_vol_50_bucket,Q3,2964,False,False,0.005915991902834007,0.0049999999999954525,-0.0049999999999954525,0.0049999999999954525,0.009999999999990905,0.01500000000001478,EXPLORATORY_POSTHOC
FINAL_POSTHOC_ONLY,M3T,QUOTE_MARKOUT_100MS,bid,100ms,realized_vol_50_bucket,Q4,186,False,False,0.017741935483871183,0.01500000000001478,-0.0049999999999954525,0.0049999999999954525,0.025000000000027,0.037500000000008527,EXPLORATORY_POSTHOC
FINAL_POSTHOC_ONLY,M3T,QUOTE_MARKOUT_100MS,bid,100ms,queue_ahead_bucket,Q1,63,True,True,0.00944444444444172,0.010000000000019327,-0.004000000000002045,0.0049999999999954525,0.014999999999986358,0.025000000000005684,EXPLORATORY_POSTHOC
FINAL_POSTHOC_ONLY,M3T,QUOTE_MARKOUT_100MS,bid,100ms,queue_ahead_bucket,Q2,10,True,True,0.001999999999998181,0.007499999999993179,-0.015999999999991132,0.0012499999999775468,0.015000000000007674,0.02100000000000932,EXPLORATORY_POSTHOC
FINAL_POSTHOC_ONLY,M3T,QUOTE_MARKOUT_100MS,bid,100ms,queue_ahead_bucket,Q3,26,True,True,0.017884615384614423,0.014999999999986358,-1.4210854715202004e-14,0.005000000000002558,0.020000000000010232,0.03499999999999659,EXPLORATORY_POSTHOC
FINAL_POSTHOC_ONLY,M3T,QUOTE_MARKOUT_100MS,bid,100ms,queue_ahead_bucket,Q4,3108,True,True,0.006592664092664068,0.0049999999999954525,-0.0049999999999954525,0.0049999999999954525,0.009999999999990905,0.01500000000001478,EXPLORATORY_POSTHOC
FINAL_POSTHOC_ONLY,M3T,QUOTE_MARKOUT_100MS,bid,100ms,m3t_confidence_bucket,Q1,225,False,False,0.007599999999999783,0.005000000000023874,-0.009999999999990905,2.842170943040401e-14,0.014999999999986358,0.024999999999977263,EXPLORATORY_POSTHOC
FINAL_POSTHOC_ONLY,M3T,QUOTE_MARKOUT_100MS,bid,100ms,m3t_confidence_bucket,Q2,331,False,False,0.006767371601209002,0.0049999999999954525,-0.0049999999999954525,0.0049999999999954525,0.014999999999986358,0.01500000000001478,EXPLORATORY_POSTHOC
FINAL_POSTHOC_ONLY,M3T,QUOTE_MARKOUT_100MS,bid,100ms,m3t_confidence_bucket,Q3,1042,False,False,0.006458733205373616,0.0049999999999954525,-0.0049999999999954525,0.0049999999999954525,0.009999999999990905,0.01500000000001478,EXPLORATORY_POSTHOC
FINAL_POSTHOC_ONLY,M3T,QUOTE_MARKOUT_100MS,bid,100ms,m3t_confidence_bucket,Q4,1609,False,False,0.006768178993163624,0.0049999999999954525,-0.0049999999999954525,0.0049999999999954525,0.009999999999990905,0.01500000000001478,EXPLORATORY_POSTHOC
FINAL_POSTHOC_ONLY,M3T,QUOTE_MARKOUT_100MS,bid,100ms,predicted_adverse_bucket,Q1,2739,True,True,0.0061865644395765786,0.0049999999999954525,-0.0049999999999954525,0.0049999999999954525,0.005000000000023874,0.01500000000001478,EXPLORATORY_POSTHOC
FINAL_POSTHOC_ONLY,M3T,QUOTE_MARKOUT_100MS,bid,100ms,predicted_adverse_bucket,Q2,68,True,True,0.009558823529413937,0.0049999999999954525,-0.0049999999999954525,0.0049999999999954525,0.01500000000001478,0.026500000000004343,EXPLORATORY_POSTHOC
FINAL_POSTHOC_ONLY,M3T,QUOTE_MARKOUT_100MS,bid,100ms,predicted_adverse_bucket,Q3,70,True,True,0.006928571428572029,0.0049999999999954525,-0.0049999999999954525,0.0,0.0137499999999946,0.020000000000010232,EXPLORATORY_POSTHOC
FINAL_POSTHOC_ONLY,M3T,QUOTE_MARKOUT_100MS,bid,100ms,predicted_adverse_bucket,Q4,330,True,True,0.010575757575755363,0.009999999999990905,-0.0049999999999954525,0.0049999999999954525,0.01500000000001478,0.025000000000005684,EXPLORATORY_POSTHOC
FINAL_POSTHOC_ONLY,M3T,QUOTE_MARKOUT_100MS,bid,100ms,predicted_fill_bucket,Q1,825,True,True,0.0067030303030306835,0.0049999999999954525,-0.0049999999999954525,0.0049999999999954525,0.010000000000019327,0.01500000000001478,EXPLORATORY_POSTHOC
FINAL_POSTHOC_ONLY,M3T,QUOTE_MARKOUT_100MS,bid,100ms,predicted_fill_bucket,Q2,395,True,True,0.007012658227847191,0.0049999999999954525,-0.0049999999999954525,0.0049999999999954525,0.009999999999990905,0.01500000000001478,EXPLORATORY_POSTHOC
FINAL_POSTHOC_ONLY,M3T,QUOTE_MARKOUT_100MS,bid,100ms,predicted_fill_bucket,Q3,584,True,True,0.0062328767123294255,0.0049999999999954525,-0.0049999999999954525,0.0049999999999954525,0.009999999999990905,0.01500000000001478,EXPLORATORY_POSTHOC
FINAL_POSTHOC_ONLY,M3T,QUOTE_MARKOUT_100MS,bid,100ms,predicted_fill_bucket,Q4,1403,True,True,0.0068638631503915686,0.0049999999999954525,-0.0049999999999954525,0.0049999999999954525,0.009999999999990905,0.01500000000001478,EXPLORATORY_POSTHOC
FINAL_POSTHOC_ONLY,M3T,QUOTE_MARKOUT_100MS,bid,100ms,time_to_fill_bucket,Q1,174,True,True,-0.0032471264367812695,-0.0049999999999954525,-0.01500000000001478,-0.0049999999999954525,0.0049999999999954525,0.014999999999986358,EXPLORATORY_POSTHOC
FINAL_POSTHOC_ONLY,M3T,QUOTE_MARKOUT_100MS,bid,100ms,time_to_fill_bucket,Q2,296,True,True,0.0031925675675672565,0.0049999999999954525,-0.0049999999999954525,-0.0049999999999954525,0.0049999999999954525,0.010000000000019327,EXPLORATORY_POSTHOC
FINAL_POSTHOC_ONLY,M3T,QUOTE_MARKOUT_100MS,bid,100ms,time_to_fill_bucket,Q3,210,True,True,0.006595238095238187,0.0049999999999954525,0.0,0.0049999999999954525,0.005000000000023874,0.01500000000001478,EXPLORATORY_POSTHOC
FINAL_POSTHOC_ONLY,M3T,QUOTE_MARKOUT_100MS,bid,100ms,time_to_fill_bucket,Q4,327,True,True,0.006926605504587636,0.0049999999999954525,1.7053025658242445e-14,0.0049999999999954525,0.005000000000023874,0.01500000000001478,EXPLORATORY_POSTHOC
FINAL_POSTHOC_ONLY,M3T,QUOTE_MARKOUT_100MS,bid,100ms,time_to_fill_bucket,<NA>,2200,True,True,0.007972727272727076,0.0049999999999954525,-0.0049999999999954525,0.0049999999999954525,0.014999999999986358,0.01500000000001478,EXPLORATORY_POSTHOC
FINAL_POSTHOC_ONLY,M3T,QUOTE_MARKOUT_1000MS,bid,1000ms,spread_bucket,Q1,1627,False,False,0.00476029502150776,0.0049999999999954525,-0.014999999999986358,-0.0049999999999954525,0.014999999999986358,0.024999999999977263,EXPLORATORY_POSTHOC
FINAL_POSTHOC_ONLY,M3T,QUOTE_MARKOUT_1000MS,bid,1000ms,spread_bucket,Q2,1580,False,False,0.009674050632916481,0.005000000000023874,-0.014999999999986358,-2.842170943040401e-14,0.01999999999998181,0.03999999999999204,EXPLORATORY_POSTHOC
FINAL_POSTHOC_ONLY,M3T,QUOTE_MARKOUT_1000MS,bid,1000ms,realized_vol_50_bucket,Q1,57,False,False,0.039035087719313605,0.045000000000015916,0.025000000000005698,0.03500000000002501,0.045000000000015916,0.045000000000015916,EXPLORATORY_POSTHOC
FINAL_POSTHOC_ONLY,M3T,QUOTE_MARKOUT_1000MS,bid,1000ms,realized_vol_50_bucket,Q3,2964,False,False,0.006000337381916424,0.0049999999999954525,-0.014999999999986358,-0.0049999999999954525,0.014999999999986358,0.025000000000005684,EXPLORATORY_POSTHOC
FINAL_POSTHOC_ONLY,M3T,QUOTE_MARKOUT_1000MS,bid,1000ms,realized_vol_50_bucket,Q4,186,False,False,0.016236559139785,0.014999999999986358,-0.04750000000001364,-0.0049999999999954525,0.040000000000020464,0.07500000000000284,EXPLORATORY_POSTHOC
FINAL_POSTHOC_ONLY,M3T,QUOTE_MARKOUT_1000MS,bid,1000ms,queue_ahead_bucket,Q1,63,True,True,-0.011904761904762355,0.0,-0.06399999999999864,-0.03999999999999204,0.010000000000019327,0.028000000000002998,EXPLORATORY_POSTHOC
FINAL_POSTHOC_ONLY,M3T,QUOTE_MARKOUT_1000MS,bid,1000ms,queue_ahead_bucket,Q2,10,True,True,2.842170943040401e-15,1.4210854715202004e-14,-0.02350000000000989,-0.008749999999992042,0.0137499999999946,0.02250000000000795,EXPLORATORY_POSTHOC
FINAL_POSTHOC_ONLY,M3T,QUOTE_MARKOUT_1000MS,bid,1000ms,queue_ahead_bucket,Q3,26,True,True,0.011923076923073732,0.012500000000002842,-0.030000000000015348,0.0,0.025000000000005684,0.04249999999998977,EXPLORATORY_POSTHOC
FINAL_POSTHOC_ONLY,M3T,QUOTE_MARKOUT_1000MS,bid,1000ms,queue_ahead_bucket,Q4,3108,True,True,0.007551480051480454,0.0049999999999954525,-0.014999999999986358,-0.0049999999999954525,0.01500000000001478,0.025000000000005684,EXPLORATORY_POSTHOC
FINAL_POSTHOC_ONLY,M3T,QUOTE_MARKOUT_1000MS,bid,1000ms,m3t_confidence_bucket,Q1,225,False,False,0.006688888888890258,0.005000000000023874,-0.025000000000005684,-0.0049999999999954525,0.020000000000010232,0.03999999999999204,EXPLORATORY_POSTHOC
FINAL_POSTHOC_ONLY,M3T,QUOTE_MARKOUT_1000MS,bid,1000ms,m3t_confidence_bucket,Q2,331,False,False,0.009108761329304752,0.005000000000023874,-0.01500000000001478,-0.0049999999999954525,0.01500000000001478,0.03499999999999659,EXPLORATORY_POSTHOC
FINAL_POSTHOC_ONLY,M3T,QUOTE_MARKOUT_1000MS,bid,1000ms,m3t_confidence_bucket,Q3,1042,False,False,0.007528790786947794,0.0049999999999954525,-0.014999999999986358,-0.0049999999999954525,0.01500000000001478,0.025000000000005684,EXPLORATORY_POSTHOC
FINAL_POSTHOC_ONLY,M3T,QUOTE_MARKOUT_1000MS,bid,1000ms,m3t_confidence_bucket,Q4,1609,False,False,0.006628340584214658,0.0049999999999954525,-0.014999999999986358,-0.0049999999999954525,0.014999999999986358,0.025000000000005684,EXPLORATORY_POSTHOC
FINAL_POSTHOC_ONLY,M3T,QUOTE_MARKOUT_1000MS,bid,1000ms,predicted_adverse_bucket,Q1,2739,True,True,0.0061482292807593505,0.0049999999999954525,-0.014999999999986358,-0.0049999999999954525,0.014999999999986358,0.025000000000005684,EXPLORATORY_POSTHOC
FINAL_POSTHOC_ONLY,M3T,QUOTE_MARKOUT_1000MS,bid,1000ms,predicted_adverse_bucket,Q2,68,True,True,0.00676470588235473,0.0049999999999954525,-0.019500000000010682,-0.009999999999990905,0.01500000000001478,0.03499999999999659,EXPLORATORY_POSTHOC
FINAL_POSTHOC_ONLY,M3T,QUOTE_MARKOUT_1000MS,bid,1000ms,predicted_adverse_bucket,Q3,70,True,True,0.009571428571428798,0.009999999999990905,-0.01550000000001148,-0.0049999999999954525,0.025000000000005684,0.04499999999999034,EXPLORATORY_POSTHOC
FINAL_POSTHOC_ONLY,M3T,QUOTE_MARKOUT_1000MS,bid,1000ms,predicted_adverse_bucket,Q4,330,True,True,0.015333333333336871,0.014999999999986358,-0.025500000000002396,-0.0049999999999954525,0.044999999999987494,0.045000000000015916,EXPLORATORY_POSTHOC
FINAL_POSTHOC_ONLY,M3T,QUOTE_MARKOUT_1000MS,bid,1000ms,predicted_fill_bucket,Q1,825,True,True,0.0057454545454547635,0.0049999999999954525,-0.014999999999986358,-0.0049999999999954525,0.014999999999986358,0.024999999999977263,EXPLORATORY_POSTHOC
FINAL_POSTHOC_ONLY,M3T,QUOTE_MARKOUT_1000MS,bid,1000ms,predicted_fill_bucket,Q2,395,True,True,0.007987341772151399,0.0049999999999954525,-0.008000000000004065,0.0,0.01500000000001478,0.025000000000005684,EXPLORATORY_POSTHOC
FINAL_POSTHOC_ONLY,M3T,QUOTE_MARKOUT_1000MS,bid,1000ms,predicted_fill_bucket,Q3,584,True,True,0.0077482876712333245,0.0049999999999954525,-0.014999999999986358,-0.0049999999999954525,0.01500000000001478,0.028499999999982834,EXPLORATORY_POSTHOC
FINAL_POSTHOC_ONLY,M3T,QUOTE_MARKOUT_1000MS,bid,1000ms,predicted_fill_bucket,Q4,1403,True,True,0.007562366357805362,0.0049999999999954525,-0.01500000000001478,-0.0049999999999954525,0.01500000000001478,0.03500000000002501,EXPLORATORY_POSTHOC
FINAL_POSTHOC_ONLY,M3T,QUOTE_MARKOUT_1000MS,bid,1000ms,time_to_fill_bucket,Q1,174,True,True,-0.00022988505747138197,0.0,-0.03499999999999659,-0.0137499999999946,0.014999999999986358,0.025000000000005684,EXPLORATORY_POSTHOC
FINAL_POSTHOC_ONLY,M3T,QUOTE_MARKOUT_1000MS,bid,1000ms,time_to_fill_bucket,Q2,296,True,True,-0.0004898648648650914,0.0,-0.025000000000005684,-0.009999999999990905,0.005000000000023874,0.025000000000005684,EXPLORATORY_POSTHOC
FINAL_POSTHOC_ONLY,M3T,QUOTE_MARKOUT_1000MS,bid,1000ms,time_to_fill_bucket,Q3,210,True,True,-0.0005714285714271043,-0.0049999999999954525,-0.015500000000011472,-0.005000000000023874,0.005000000000023874,0.01999999999998181,EXPLORATORY_POSTHOC
FINAL_POSTHOC_ONLY,M3T,QUOTE_MARKOUT_1000MS,bid,1000ms,time_to_fill_bucket,Q4,327,True,True,-0.0030886850152910135,-0.0049999999999954525,-0.01500000000001478,-0.005000000000023874,0.0049999999999954525,0.005000000000023874,EXPLORATORY_POSTHOC
FINAL_POSTHOC_ONLY,M3T,QUOTE_MARKOUT_1000MS,bid,1000ms,time_to_fill_bucket,<NA>,2200,True,True,0.011065909090909595,0.005000000000023874,-0.005000000000023874,0.0049999999999954525,0.01500000000001478,0.03499999999999659,EXPLORATORY_POSTHOC
FINAL_POSTHOC_ONLY,M3T,SIMULATED_L3_POST_FILL_MARKOUT_100MS,bid,100ms,spread_bucket,Q1,529,True,True,-0.0024669187145593243,-0.0049999999999954525,-0.014999999999986358,-0.0049999999999954525,0.0049999999999954525,0.0049999999999954525,EXPLORATORY_POSTHOC
FINAL_POSTHOC_ONLY,M3T,SIMULATED_L3_POST_FILL_MARKOUT_100MS,bid,100ms,spread_bucket,Q2,478,True,True,-0.001956066945602775,-0.0049999999999954525,-0.014999999999986358,-0.0049999999999954525,0.0049999999999954525,0.009999999999990905,EXPLORATORY_POSTHOC
FINAL_POSTHOC_ONLY,M3T,SIMULATED_L3_POST_FILL_MARKOUT_100MS,bid,100ms,realized_vol_50_bucket,Q1,6,True,True,0.0049999999999954525,0.0049999999999954525,0.0049999999999954525,0.0049999999999954525,0.0049999999999954525,0.0049999999999954525,EXPLORATORY_POSTHOC
FINAL_POSTHOC_ONLY,M3T,SIMULATED_L3_POST_FILL_MARKOUT_100MS,bid,100ms,realized_vol_50_bucket,Q3,955,True,True,-0.0024869109947643084,-0.0049999999999954525,-0.014999999999986358,-0.0049999999999954525,0.0049999999999954525,0.005000000000023874,EXPLORATORY_POSTHOC
FINAL_POSTHOC_ONLY,M3T,SIMULATED_L3_POST_FILL_MARKOUT_100MS,bid,100ms,realized_vol_50_bucket,Q4,46,True,True,0.0022826086956507156,0.0,-0.025000000000005684,-0.0049999999999954525,0.013749999999987494,0.029999999999972715,EXPLORATORY_POSTHOC
FINAL_POSTHOC_ONLY,M3T,SIMULATED_L3_POST_FILL_MARKOUT_100MS,bid,100ms,queue_ahead_bucket,Q1,20,True,True,0.00350000000000108,0.002500000000011937,-0.012000000000014662,-0.005000000000023874,0.011250000000011084,0.029999999999975557,EXPLORATORY_POSTHOC
FINAL_POSTHOC_ONLY,M3T,SIMULATED_L3_POST_FILL_MARKOUT_100MS,bid,100ms,queue_ahead_bucket,Q2,6,True,True,-4.736951571734001e-15,-0.002500000000011937,-0.00750000000000739,-0.0049999999999954525,0.003749999999989484,0.010000000000005116,EXPLORATORY_POSTHOC
FINAL_POSTHOC_ONLY,M3T,SIMULATED_L3_POST_FILL_MARKOUT_100MS,bid,100ms,queue_ahead_bucket,Q3,10,True,True,-0.0030000000000001137,-0.0024999999999977263,-0.01050000000001603,-0.009999999999990905,0.0,0.005999999999994539,EXPLORATORY_POSTHOC
FINAL_POSTHOC_ONLY,M3T,SIMULATED_L3_POST_FILL_MARKOUT_100MS,bid,100ms,queue_ahead_bucket,Q4,971,True,True,-0.0023480947476828026,-0.0049999999999954525,-0.014999999999986358,-0.0049999999999954525,0.0049999999999954525,0.005000000000023874,EXPLORATORY_POSTHOC
FINAL_POSTHOC_ONLY,M3T,SIMULATED_L3_POST_FILL_MARKOUT_100MS,bid,100ms,m3t_confidence_bucket,Q1,87,True,True,-0.00425287356321779,-0.004999999999967031,-0.020000000000010232,-0.009999999999990905,0.0049999999999954525,0.012000000000006167,EXPLORATORY_POSTHOC
FINAL_POSTHOC_ONLY,M3T,SIMULATED_L3_POST_FILL_MARKOUT_100MS,bid,100ms,m3t_confidence_bucket,Q2,117,True,True,-0.0002564102564109949,0.0,-0.010000000000019327,-0.0049999999999954525,0.0049999999999954525,0.014999999999986358,EXPLORATORY_POSTHOC
FINAL_POSTHOC_ONLY,M3T,SIMULATED_L3_POST_FILL_MARKOUT_100MS,bid,100ms,m3t_confidence_bucket,Q3,348,True,True,-0.0020402298850580656,-0.0049999999999954525,-0.014999999999986358,-0.0049999999999954525,0.0049999999999954525,0.005000000000023874,EXPLORATORY_POSTHOC
FINAL_POSTHOC_ONLY,M3T,SIMULATED_L3_POST_FILL_MARKOUT_100MS,bid,100ms,m3t_confidence_bucket,Q4,455,True,True,-0.0024835164835159736,-0.0049999999999954525,-0.014999999999986358,-0.0049999999999954525,0.0049999999999954525,0.005000000000023874,EXPLORATORY_POSTHOC
FINAL_POSTHOC_ONLY,M3T,SIMULATED_L3_POST_FILL_MARKOUT_100MS,bid,100ms,predicted_adverse_bucket,Q1,849,True,True,-0.0023498233215548093,-0.0049999999999954525,-0.014999999999986358,-0.0049999999999954525,0.0049999999999954525,0.005000000000023874,EXPLORATORY_POSTHOC
FINAL_POSTHOC_ONLY,M3T,SIMULATED_L3_POST_FILL_MARKOUT_100MS,bid,100ms,predicted_adverse_bucket,Q2,29,True,True,-0.0018965517241371862,-0.0049999999999954525,-0.011000000000018415,-0.0049999999999954525,0.0049999999999954525,0.010999999999995676,EXPLORATORY_POSTHOC
FINAL_POSTHOC_ONLY,M3T,SIMULATED_L3_POST_FILL_MARKOUT_100MS,bid,100ms,predicted_adverse_bucket,Q3,29,True,True,-0.0006896551724082656,0.0,-0.015999999999985446,-0.0049999999999954525,0.005000000000023874,0.014999999999992042,EXPLORATORY_POSTHOC
FINAL_POSTHOC_ONLY,M3T,SIMULATED_L3_POST_FILL_MARKOUT_100MS,bid,100ms,predicted_adverse_bucket,Q4,100,True,True,-0.0017000000000015802,0.0,-0.015500000000014324,-0.009999999999990905,0.0049999999999954525,0.014999999999986358,EXPLORATORY_POSTHOC
FINAL_POSTHOC_ONLY,M3T,SIMULATED_L3_POST_FILL_MARKOUT_100MS,bid,100ms,predicted_fill_bucket,Q1,258,True,True,-0.0026550387596894908,-0.0049999999999954525,-0.014999999999986358,-0.0049999999999954525,0.0049999999999954525,0.005000000000023874,EXPLORATORY_POSTHOC
FINAL_POSTHOC_ONLY,M3T,SIMULATED_L3_POST_FILL_MARKOUT_100MS,bid,100ms,predicted_fill_bucket,Q2,112,True,True,-0.0009821428571427252,-0.0049999999999954525,-0.014999999999986358,-0.0049999999999954525,0.0049999999999954525,0.00949999999999423,EXPLORATORY_POSTHOC
FINAL_POSTHOC_ONLY,M3T,SIMULATED_L3_POST_FILL_MARKOUT_100MS,bid,100ms,predicted_fill_bucket,Q3,189,True,True,-0.0017989417989415163,-0.0049999999999954525,-0.014999999999986358,-0.0049999999999954525,0.0049999999999954525,0.006000000000017366,EXPLORATORY_POSTHOC
FINAL_POSTHOC_ONLY,M3T,SIMULATED_L3_POST_FILL_MARKOUT_100MS,bid,100ms,predicted_fill_bucket,Q4,448,True,True,-0.0024665178571432783,-0.0049999999999954525,-0.014999999999986358,-0.0049999999999954525,0.0049999999999954525,0.005000000000023874,EXPLORATORY_POSTHOC
FINAL_POSTHOC_ONLY,M3T,SIMULATED_L3_POST_FILL_MARKOUT_100MS,bid,100ms,time_to_fill_bucket,Q1,174,True,True,-0.0025862068965514956,-0.0024999999999977263,-0.01500000000001478,-0.0049999999999954525,0.0049999999999954525,0.014999999999986358,EXPLORATORY_POSTHOC
FINAL_POSTHOC_ONLY,M3T,SIMULATED_L3_POST_FILL_MARKOUT_100MS,bid,100ms,time_to_fill_bucket,Q2,296,True,True,-0.0015709459459460535,-0.0049999999999954525,-0.014999999999986358,-0.0049999999999954525,0.0049999999999954525,0.005000000000023874,EXPLORATORY_POSTHOC
FINAL_POSTHOC_ONLY,M3T,SIMULATED_L3_POST_FILL_MARKOUT_100MS,bid,100ms,time_to_fill_bucket,Q3,210,True,True,-0.0013095238095232951,-0.0049999999999954525,-0.009999999999990905,-0.0049999999999954525,0.0049999999999954525,0.005000000000023874,EXPLORATORY_POSTHOC
FINAL_POSTHOC_ONLY,M3T,SIMULATED_L3_POST_FILL_MARKOUT_100MS,bid,100ms,time_to_fill_bucket,Q4,327,True,True,-0.003211009174312309,-0.0049999999999954525,-0.014999999999986358,-0.005000000000009663,0.0049999999999954525,0.005000000000023874,EXPLORATORY_POSTHOC
FINAL_POSTHOC_ONLY,M3T,QUOTE_MARKOUT_100MS,ask,100ms,spread_bucket,Q1,1627,False,False,0.005390288875225688,0.0049999999999954525,-0.0049999999999954525,0.0049999999999954525,0.0049999999999954525,0.014999999999986358,EXPLORATORY_POSTHOC
FINAL_POSTHOC_ONLY,M3T,QUOTE_MARKOUT_100MS,ask,100ms,spread_bucket,Q2,1580,False,False,0.008639240506334855,0.005000000000023874,-0.0049999999999954525,0.0049999999999954525,0.014999999999986358,0.020000000000010232,EXPLORATORY_POSTHOC
FINAL_POSTHOC_ONLY,M3T,QUOTE_MARKOUT_100MS,ask,100ms,realized_vol_50_bucket,Q1,57,False,False,0.009385964912298093,0.005000000000023874,0.005000000000012506,0.005000000000023874,0.010000000000019327,0.010000000000019327,EXPLORATORY_POSTHOC
FINAL_POSTHOC_ONLY,M3T,QUOTE_MARKOUT_100MS,ask,100ms,realized_vol_50_bucket,Q3,2964,False,False,0.006357962213225534,0.0049999999999954525,-0.0049999999999954525,0.0049999999999954525,0.009999999999990905,0.01500000000001478,EXPLORATORY_POSTHOC
FINAL_POSTHOC_ONLY,M3T,QUOTE_MARKOUT_100MS,ask,100ms,realized_vol_50_bucket,Q4,186,False,False,0.016344086021504264,0.014999999999986358,-0.0049999999999954525,0.005000000000023874,0.025000000000005684,0.03999999999999204,EXPLORATORY_POSTHOC
FINAL_POSTHOC_ONLY,M3T,QUOTE_MARKOUT_100MS,ask,100ms,queue_ahead_bucket,Q1,63,True,True,0.01166666666666598,0.014999999999986358,-0.009999999999990905,0.0049999999999954525,0.01500000000001478,0.025,EXPLORATORY_POSTHOC
FINAL_POSTHOC_ONLY,M3T,QUOTE_MARKOUT_100MS,ask,100ms,queue_ahead_bucket,Q2,10,True,True,0.01799999999999784,0.00750000000000739,-0.005500000000020577,-0.0024999999999977263,0.01749999999999119,0.038999999999975866,EXPLORATORY_POSTHOC
FINAL_POSTHOC_ONLY,M3T,QUOTE_MARKOUT_100MS,ask,100ms,queue_ahead_bucket,Q3,26,True,True,0.0032692307692299824,0.0049999999999954525,-0.012499999999988631,-0.0037499999999965894,0.0137499999999946,0.024999999999991473,EXPLORATORY_POSTHOC
FINAL_POSTHOC_ONLY,M3T,QUOTE_MARKOUT_100MS,ask,100ms,queue_ahead_bucket,Q4,3108,True,True,0.006891891891892327,0.0049999999999954525,-0.0049999999999954525,0.0049999999999954525,0.009999999999990905,0.01500000000001478,EXPLORATORY_POSTHOC
FINAL_POSTHOC_ONLY,M3T,QUOTE_MARKOUT_100MS,ask,100ms,m3t_confidence_bucket,Q1,225,False,False,0.00782222222222294,0.005000000000023874,-0.005000000000023874,2.842170943040401e-14,0.014999999999986358,0.025000000000005684,EXPLORATORY_POSTHOC
FINAL_POSTHOC_ONLY,M3T,QUOTE_MARKOUT_100MS,ask,100ms,m3t_confidence_bucket,Q2,331,False,False,0.007583081570997209,0.0049999999999954525,-0.0049999999999954525,0.0049999999999954525,0.010000000000019327,0.01999999999998181,EXPLORATORY_POSTHOC
FINAL_POSTHOC_ONLY,M3T,QUOTE_MARKOUT_100MS,ask,100ms,m3t_confidence_bucket,Q3,1042,False,False,0.006660268714012223,0.0049999999999954525,-0.0049999999999954525,0.0049999999999954525,0.009999999999990905,0.01500000000001478,EXPLORATORY_POSTHOC
FINAL_POSTHOC_ONLY,M3T,QUOTE_MARKOUT_100MS,ask,100ms,m3t_confidence_bucket,Q4,1609,False,False,0.00696706028589204,0.0049999999999954525,-0.0049999999999954525,0.0049999999999954525,0.009999999999990905,0.01500000000001478,EXPLORATORY_POSTHOC
FINAL_POSTHOC_ONLY,M3T,QUOTE_MARKOUT_100MS,ask,100ms,predicted_adverse_bucket,Q1,2055,True,True,0.0069586374695867256,0.0049999999999954525,-0.0049999999999954525,0.0049999999999954525,0.009999999999990905,0.01500000000001478,EXPLORATORY_POSTHOC
FINAL_POSTHOC_ONLY,M3T,QUOTE_MARKOUT_100MS,ask,100ms,predicted_adverse_bucket,Q2,77,True,True,0.008961038961038562,0.0049999999999954525,0.0029999999999972744,0.0049999999999954525,0.010000000000019327,0.01500000000001478,EXPLORATORY_POSTHOC
FINAL_POSTHOC_ONLY,M3T,QUOTE_MARKOUT_100MS,ask,100ms,predicted_adverse_bucket,Q3,132,True,True,0.006287878787879098,0.0049999999999954525,-0.0049999999999954525,0.0049999999999954525,0.009999999999990905,0.014999999999986358,EXPLORATORY_POSTHOC
FINAL_POSTHOC_ONLY,M3T,QUOTE_MARKOUT_100MS,ask,100ms,predicted_adverse_bucket,Q4,943,True,True,0.0069989395546135045,0.0049999999999954525,-0.0049999999999954525,0.0049999999999954525,0.010000000000019327,0.01500000000001478,EXPLORATORY_POSTHOC
FINAL_POSTHOC_ONLY,M3T,QUOTE_MARKOUT_100MS,ask,100ms,predicted_fill_bucket,Q1,751,True,True,0.009460719041278926,0.0049999999999954525,-0.0049999999999954525,0.0049999999999954525,0.014999999999986358,0.020000000000010232,EXPLORATORY_POSTHOC
FINAL_POSTHOC_ONLY,M3T,QUOTE_MARKOUT_100MS,ask,100ms,predicted_fill_bucket,Q2,514,True,True,0.006867704280156142,0.0049999999999954525,-0.0049999999999954525,0.0049999999999954525,0.010000000000019327,0.01500000000001478,EXPLORATORY_POSTHOC
FINAL_POSTHOC_ONLY,M3T,QUOTE_MARKOUT_100MS,ask,100ms,predicted_fill_bucket,Q3,457,True,True,0.00629102844638931,0.0049999999999954525,-0.0049999999999954525,0.0049999999999954525,0.009999999999990905,0.014999999999997727,EXPLORATORY_POSTHOC
FINAL_POSTHOC_ONLY,M3T,QUOTE_MARKOUT_100MS,ask,100ms,predicted_fill_bucket,Q4,1485,True,True,0.006000000000000419,0.0049999999999954525,-0.0049999999999954525,0.0049999999999954525,0.005000000000023874,0.01500000000001478,EXPLORATORY_POSTHOC
FINAL_POSTHOC_ONLY,M3T,QUOTE_MARKOUT_100MS,ask,100ms,time_to_fill_bucket,Q1,129,True,True,0.000310077519378902,-0.0049999999999954525,-0.01500000000001478,-0.0049999999999954525,0.005000000000023874,0.01999999999998181,EXPLORATORY_POSTHOC
FINAL_POSTHOC_ONLY,M3T,QUOTE_MARKOUT_100MS,ask,100ms,time_to_fill_bucket,Q2,301,True,True,0.004285714285713976,0.0049999999999954525,-0.0049999999999954525,-0.0049999999999954525,0.005000000000023874,0.014999999999986358,EXPLORATORY_POSTHOC
FINAL_POSTHOC_ONLY,M3T,QUOTE_MARKOUT_100MS,ask,100ms,time_to_fill_bucket,Q3,336,True,True,0.0065476190476184215,0.0049999999999954525,0.0,0.0049999999999954525,0.006250000000015632,0.014999999999986358,EXPLORATORY_POSTHOC
FINAL_POSTHOC_ONLY,M3T,QUOTE_MARKOUT_100MS,ask,100ms,time_to_fill_bucket,Q4,218,True,True,0.006605504587155822,0.0049999999999954525,0.0,0.0049999999999954525,0.008749999999999147,0.01500000000001478,EXPLORATORY_POSTHOC
FINAL_POSTHOC_ONLY,M3T,QUOTE_MARKOUT_100MS,ask,100ms,time_to_fill_bucket,<NA>,2223,True,True,0.007849752586595466,0.0049999999999954525,-2.273736754432272e-14,0.0049999999999954525,0.010000000000019327,0.01500000000001478,EXPLORATORY_POSTHOC
FINAL_POSTHOC_ONLY,M3T,QUOTE_MARKOUT_1000MS,ask,1000ms,spread_bucket,Q1,1627,False,False,0.005239704978483145,0.0049999999999954525,-0.014999999999986358,-0.0049999999999954525,0.014999999999986358,0.024999999999977263,EXPLORATORY_POSTHOC
FINAL_POSTHOC_ONLY,M3T,QUOTE_MARKOUT_1000MS,ask,1000ms,spread_bucket,Q2,1580,False,False,0.007870253164561856,0.005000000000023874,-0.020000000000010232,-0.0049999999999954525,0.01500000000001478,0.03499999999999659,EXPLORATORY_POSTHOC
FINAL_POSTHOC_ONLY,M3T,QUOTE_MARKOUT_1000MS,ask,1000ms,realized_vol_50_bucket,Q1,57,False,False,-0.01675438596491599,-0.025000000000005684,-0.025000000000005684,-0.025000000000005684,-0.025000000000005684,0.006999999999993626,EXPLORATORY_POSTHOC
FINAL_POSTHOC_ONLY,M3T,QUOTE_MARKOUT_1000MS,ask,1000ms,realized_vol_50_bucket,Q3,2964,False,False,0.006273616734143117,0.0049999999999954525,-0.014999999999986358,-0.0049999999999954525,0.014999999999986358,0.025000000000005684,EXPLORATORY_POSTHOC
FINAL_POSTHOC_ONLY,M3T,QUOTE_MARKOUT_1000MS,ask,1000ms,realized_vol_50_bucket,Q4,186,False,False,0.017849462365590443,0.014999999999986358,-0.0350000000000108,-0.010000000000012221,0.04374999999999574,0.08749999999999147,EXPLORATORY_POSTHOC
FINAL_POSTHOC_ONLY,M3T,QUOTE_MARKOUT_1000MS,ask,1000ms,queue_ahead_bucket,Q1,63,True,True,0.033015873015870056,0.020000000000010232,-0.009999999999990905,0.0049999999999954525,0.06999999999999318,0.08999999999997499,EXPLORATORY_POSTHOC
FINAL_POSTHOC_ONLY,M3T,QUOTE_MARKOUT_1000MS,ask,1000ms,queue_ahead_bucket,Q2,10,True,True,0.01999999999999318,0.014999999999986358,-0.0005000000000251247,0.0012499999999775468,0.018749999999990052,0.037500000000002816,EXPLORATORY_POSTHOC
FINAL_POSTHOC_ONLY,M3T,QUOTE_MARKOUT_1000MS,ask,1000ms,queue_ahead_bucket,Q3,26,True,True,0.009230769230770673,0.007499999999993179,-0.017499999999984084,-0.0037500000000179057,0.027499999999996305,0.045000000000015916,EXPLORATORY_POSTHOC
FINAL_POSTHOC_ONLY,M3T,QUOTE_MARKOUT_1000MS,ask,1000ms,queue_ahead_bucket,Q4,3108,True,True,0.0059330759330759415,0.0049999999999954525,-0.01500000000001478,-0.0049999999999954525,0.014999999999986358,0.025000000000005684,EXPLORATORY_POSTHOC
FINAL_POSTHOC_ONLY,M3T,QUOTE_MARKOUT_1000MS,ask,1000ms,m3t_confidence_bucket,Q1,225,False,False,0.008733333333332463,0.005000000000023874,-0.025000000000005684,-0.005000000000023874,0.020000000000010232,0.03999999999999204,EXPLORATORY_POSTHOC
FINAL_POSTHOC_ONLY,M3T,QUOTE_MARKOUT_1000MS,ask,1000ms,m3t_confidence_bucket,Q2,331,False,False,0.005241691842901459,0.0049999999999954525,-0.020000000000010232,-0.0049999999999954525,0.015000000000000568,0.025000000000005684,EXPLORATORY_POSTHOC
FINAL_POSTHOC_ONLY,M3T,QUOTE_MARKOUT_1000MS,ask,1000ms,m3t_confidence_bucket,Q3,1042,False,False,0.005590211132438045,0.0049999999999954525,-0.01500000000001478,-0.0049999999999954525,0.014999999999986358,0.025000000000005684,EXPLORATORY_POSTHOC
FINAL_POSTHOC_ONLY,M3T,QUOTE_MARKOUT_1000MS,ask,1000ms,m3t_confidence_bucket,Q4,1609,False,False,0.007106898694841005,0.0049999999999954525,-0.014999999999986358,-0.0049999999999954525,0.014999999999986358,0.025000000000005684,EXPLORATORY_POSTHOC
FINAL_POSTHOC_ONLY,M3T,QUOTE_MARKOUT_1000MS,ask,1000ms,predicted_adverse_bucket,Q1,2055,True,True,0.0066058394160580704,0.0049999999999954525,-0.01500000000000341,-0.0049999999999954525,0.014999999999986358,0.025000000000005684,EXPLORATORY_POSTHOC
FINAL_POSTHOC_ONLY,M3T,QUOTE_MARKOUT_1000MS,ask,1000ms,predicted_adverse_bucket,Q2,77,True,True,0.00805194805194811,0.0049999999999954525,-0.016999999999984534,0.0,0.01500000000001478,0.03499999999999659,EXPLORATORY_POSTHOC
FINAL_POSTHOC_ONLY,M3T,QUOTE_MARKOUT_1000MS,ask,1000ms,predicted_adverse_bucket,Q3,132,True,True,0.0028409090909088754,0.0049999999999954525,-0.02450000000000613,-0.0049999999999954525,0.014999999999986358,0.024999999999977263,EXPLORATORY_POSTHOC
FINAL_POSTHOC_ONLY,M3T,QUOTE_MARKOUT_1000MS,ask,1000ms,predicted_adverse_bucket,Q4,943,True,True,0.006776246023330327,0.0049999999999954525,-0.01500000000001478,-0.0049999999999954525,0.01500000000001478,0.03000000000002956,EXPLORATORY_POSTHOC
FINAL_POSTHOC_ONLY,M3T,QUOTE_MARKOUT_1000MS,ask,1000ms,predicted_fill_bucket,Q1,751,True,True,0.008848202396804047,0.0049999999999954525,-0.024999999999977263,-0.0049999999999954525,0.01500000000001478,0.03499999999999659,EXPLORATORY_POSTHOC
FINAL_POSTHOC_ONLY,M3T,QUOTE_MARKOUT_1000MS,ask,1000ms,predicted_fill_bucket,Q2,514,True,True,0.006342412451362237,0.0049999999999954525,-0.014999999999986358,-0.0049999999999954525,0.014999999999986358,0.025000000000005684,EXPLORATORY_POSTHOC
FINAL_POSTHOC_ONLY,M3T,QUOTE_MARKOUT_1000MS,ask,1000ms,predicted_fill_bucket,Q3,457,True,True,0.005700218818380535,0.0049999999999954525,-0.014999999999986358,-0.0049999999999954525,0.014999999999986358,0.025000000000005684,EXPLORATORY_POSTHOC
FINAL_POSTHOC_ONLY,M3T,QUOTE_MARKOUT_1000MS,ask,1000ms,predicted_fill_bucket,Q4,1485,True,True,0.005690235690235606,0.0049999999999954525,-0.014999999999986358,-0.0049999999999954525,0.014999999999986358,0.025000000000005684,EXPLORATORY_POSTHOC
FINAL_POSTHOC_ONLY,M3T,QUOTE_MARKOUT_1000MS,ask,1000ms,time_to_fill_bucket,Q1,129,True,True,0.005155038759688759,0.0049999999999954525,-0.01600000000000818,-0.0049999999999954525,0.01500000000001478,0.03499999999999659,EXPLORATORY_POSTHOC
FINAL_POSTHOC_ONLY,M3T,QUOTE_MARKOUT_1000MS,ask,1000ms,time_to_fill_bucket,Q2,301,True,True,-0.001046511627907158,0.0,-0.025000000000005684,-0.014999999999986358,0.005000000000023874,0.020000000000010232,EXPLORATORY_POSTHOC
FINAL_POSTHOC_ONLY,M3T,QUOTE_MARKOUT_1000MS,ask,1000ms,time_to_fill_bucket,Q3,336,True,True,-0.0009821428571437402,-0.0049999999999954525,-0.01500000000001478,-0.005000000000023874,0.0049999999999954525,0.01500000000001478,EXPLORATORY_POSTHOC
FINAL_POSTHOC_ONLY,M3T,QUOTE_MARKOUT_1000MS,ask,1000ms,time_to_fill_bucket,Q4,218,True,True,-0.001972477064221258,-0.0049999999999954525,-0.014999999999994884,-0.005000000000023874,0.0049999999999954525,0.009999999999990905,EXPLORATORY_POSTHOC
FINAL_POSTHOC_ONLY,M3T,QUOTE_MARKOUT_1000MS,ask,1000ms,time_to_fill_bucket,<NA>,2223,True,True,0.009613135402609331,0.0049999999999954525,-0.014999999999986358,0.0049999999999954525,0.01500000000001478,0.030000000000001137,EXPLORATORY_POSTHOC
FINAL_POSTHOC_ONLY,M3T,SIMULATED_L3_POST_FILL_MARKOUT_100MS,ask,100ms,spread_bucket,Q1,512,True,True,-0.0020507812500044076,-0.0049999999999954525,-0.014999999999986358,-0.005000000000023874,0.0049999999999954525,0.0049999999999954525,EXPLORATORY_POSTHOC
FINAL_POSTHOC_ONLY,M3T,SIMULATED_L3_POST_FILL_MARKOUT_100MS,ask,100ms,spread_bucket,Q2,472,True,True,-0.000593220338979922,-0.0049999999999954525,-0.014999999999986358,-0.0049999999999954525,0.0049999999999954525,0.01500000000001478,EXPLORATORY_POSTHOC
FINAL_POSTHOC_ONLY,M3T,SIMULATED_L3_POST_FILL_MARKOUT_100MS,ask,100ms,realized_vol_50_bucket,Q3,918,True,True,-0.0018355119825713968,-0.0049999999999954525,-0.014999999999986358,-0.0049999999999954525,0.0049999999999954525,0.005000000000023874,EXPLORATORY_POSTHOC
FINAL_POSTHOC_ONLY,M3T,SIMULATED_L3_POST_FILL_MARKOUT_100MS,ask,100ms,realized_vol_50_bucket,Q4,66,True,True,0.005378787878784278,0.0049999999999954525,-0.01500000000001478,-0.004999999999988347,0.01999999999998181,0.024999999999991473,EXPLORATORY_POSTHOC
FINAL_POSTHOC_ONLY,M3T,SIMULATED_L3_POST_FILL_MARKOUT_100MS,ask,100ms,queue_ahead_bucket,Q1,29,True,True,0.009655172413785303,0.01999999999998181,-0.016000000000013868,-0.0049999999999954525,0.01999999999998181,0.02100000000000932,EXPLORATORY_POSTHOC
FINAL_POSTHOC_ONLY,M3T,SIMULATED_L3_POST_FILL_MARKOUT_100MS,ask,100ms,queue_ahead_bucket,Q2,4,True,True,0.003750000000003695,1.4210854715202004e-14,-0.005000000000015348,-0.005000000000002558,0.008750000000020464,0.015500000000014327,EXPLORATORY_POSTHOC
FINAL_POSTHOC_ONLY,M3T,SIMULATED_L3_POST_FILL_MARKOUT_100MS,ask,100ms,queue_ahead_bucket,Q3,7,True,True,-0.006428571428569642,-0.0049999999999954525,-0.014999999999997727,-0.014999999999986358,0.0,0.001999999999998183,EXPLORATORY_POSTHOC
FINAL_POSTHOC_ONLY,M3T,SIMULATED_L3_POST_FILL_MARKOUT_100MS,ask,100ms,queue_ahead_bucket,Q4,944,True,True,-0.0016737288135599375,-0.0049999999999954525,-0.014999999999986358,-0.0049999999999954525,0.0049999999999954525,0.009999999999990905,EXPLORATORY_POSTHOC
FINAL_POSTHOC_ONLY,M3T,SIMULATED_L3_POST_FILL_MARKOUT_100MS,ask,100ms,m3t_confidence_bucket,Q1,90,True,True,0.0019444444444439392,0.0,-0.010000000000019327,-0.0049999999999954525,0.005000000000023874,0.015500000000014367,EXPLORATORY_POSTHOC
FINAL_POSTHOC_ONLY,M3T,SIMULATED_L3_POST_FILL_MARKOUT_100MS,ask,100ms,m3t_confidence_bucket,Q2,130,True,True,-0.002923076923076451,-0.0049999999999954525,-0.01500000000001478,-0.005000000000023874,0.0049999999999954525,0.009999999999990905,EXPLORATORY_POSTHOC
FINAL_POSTHOC_ONLY,M3T,SIMULATED_L3_POST_FILL_MARKOUT_100MS,ask,100ms,m3t_confidence_bucket,Q3,333,True,True,-0.0012762762762761398,-0.0049999999999954525,-0.014999999999986358,-0.0049999999999954525,0.0049999999999954525,0.010000000000019327,EXPLORATORY_POSTHOC
FINAL_POSTHOC_ONLY,M3T,SIMULATED_L3_POST_FILL_MARKOUT_100MS,ask,100ms,m3t_confidence_bucket,Q4,431,True,True,-0.0016241299303963834,-0.0049999999999954525,-0.014999999999986358,-0.0049999999999954525,0.0049999999999954525,0.005000000000023874,EXPLORATORY_POSTHOC
FINAL_POSTHOC_ONLY,M3T,SIMULATED_L3_POST_FILL_MARKOUT_100MS,ask,100ms,predicted_adverse_bucket,Q1,609,True,True,-0.0013957307060765978,-0.0049999999999954525,-0.014999999999986358,-0.0049999999999954525,0.0049999999999954525,0.010000000000019327,EXPLORATORY_POSTHOC
FINAL_POSTHOC_ONLY,M3T,SIMULATED_L3_POST_FILL_MARKOUT_100MS,ask,100ms,predicted_adverse_bucket,Q2,25,True,True,-0.0005999999999971806,-0.0049999999999954525,-0.012999999999988174,-0.0049999999999954525,0.0049999999999954525,0.013000000000005237,EXPLORATORY_POSTHOC
FINAL_POSTHOC_ONLY,M3T,SIMULATED_L3_POST_FILL_MARKOUT_100MS,ask,100ms,predicted_adverse_bucket,Q3,40,True,True,-0.00175000000000054,-0.0049999999999954525,-0.005000000000023874,-0.0049999999999954525,0.0049999999999954525,0.005000000000023874,EXPLORATORY_POSTHOC
FINAL_POSTHOC_ONLY,M3T,SIMULATED_L3_POST_FILL_MARKOUT_100MS,ask,100ms,predicted_adverse_bucket,Q4,310,True,True,-0.00127419354838768,-0.0049999999999954525,-0.014999999999986358,-0.0049999999999954525,0.0049999999999954525,0.009999999999993747,EXPLORATORY_POSTHOC
FINAL_POSTHOC_ONLY,M3T,SIMULATED_L3_POST_FILL_MARKOUT_100MS,ask,100ms,predicted_fill_bucket,Q1,234,True,True,-0.00023504273504434319,-0.0049999999999954525,-0.014999999999986358,-0.0049999999999954525,0.0049999999999954525,0.01999999999998181,EXPLORATORY_POSTHOC
FINAL_POSTHOC_ONLY,M3T,SIMULATED_L3_POST_FILL_MARKOUT_100MS,ask,100ms,predicted_fill_bucket,Q2,157,True,True,-0.001624203821656022,-0.0049999999999954525,-0.014999999999986358,-0.0049999999999954525,0.0049999999999954525,0.009999999999990905,EXPLORATORY_POSTHOC
FINAL_POSTHOC_ONLY,M3T,SIMULATED_L3_POST_FILL_MARKOUT_100MS,ask,100ms,predicted_fill_bucket,Q3,140,True,True,-0.0023214285714295052,-0.0049999999999954525,-0.014999999999986358,-0.0049999999999954525,0.0049999999999954525,0.005000000000023874,EXPLORATORY_POSTHOC
FINAL_POSTHOC_ONLY,M3T,SIMULATED_L3_POST_FILL_MARKOUT_100MS,ask,100ms,predicted_fill_bucket,Q4,453,True,True,-0.001534216335541451,-0.0049999999999954525,-0.014999999999986358,-0.0049999999999954525,0.0049999999999954525,0.009999999999990905,EXPLORATORY_POSTHOC
FINAL_POSTHOC_ONLY,M3T,SIMULATED_L3_POST_FILL_MARKOUT_100MS,ask,100ms,time_to_fill_bucket,Q1,129,True,True,0.0003488372093009067,-0.0049999999999954525,-0.01500000000001478,-0.0049999999999954525,0.0049999999999954525,0.01500000000001478,EXPLORATORY_POSTHOC
FINAL_POSTHOC_ONLY,M3T,SIMULATED_L3_POST_FILL_MARKOUT_100MS,ask,100ms,time_to_fill_bucket,Q2,301,True,True,-0.0008471760797339209,-0.0049999999999954525,-0.014999999999986358,-0.0049999999999954525,0.0049999999999954525,0.009999999999990905,EXPLORATORY_POSTHOC
FINAL_POSTHOC_ONLY,M3T,SIMULATED_L3_POST_FILL_MARKOUT_100MS,ask,100ms,time_to_fill_bucket,Q3,336,True,True,-0.0020386904761916674,-0.0049999999999954525,-0.014999999999986358,-0.0049999999999954525,0.0049999999999954525,0.009999999999990905,EXPLORATORY_POSTHOC
FINAL_POSTHOC_ONLY,M3T,SIMULATED_L3_POST_FILL_MARKOUT_100MS,ask,100ms,time_to_fill_bucket,Q4,218,True,True,-0.0019954128440380116,-0.0049999999999954525,-0.014999999999986358,-0.0049999999999954525,0.0049999999999954525,0.005000000000023874,EXPLORATORY_POSTHOC
FINAL_POSTHOC_ONLY,XGBOOST,QUOTE_MARKOUT_100MS,bid,100ms,spread_bucket,Q1,1627,False,False,0.004609711124765217,0.0049999999999954525,-0.0049999999999954525,0.0049999999999954525,0.0049999999999954525,0.014999999999986358,EXPLORATORY_POSTHOC
FINAL_POSTHOC_ONLY,XGBOOST,QUOTE_MARKOUT_100MS,bid,100ms,spread_bucket,Q2,1580,False,False,0.008905063291143482,0.005000000000023874,-0.0049999999999954525,0.0049999999999954525,0.014999999999986358,0.020000000000010232,EXPLORATORY_POSTHOC
FINAL_POSTHOC_ONLY,XGBOOST,QUOTE_MARKOUT_100MS,bid,100ms,realized_vol_50_bucket,Q1,57,False,False,0.012894736842099519,0.009999999999990905,0.0049999999999954525,0.009999999999990905,0.014999999999986358,0.020999999999992247,EXPLORATORY_POSTHOC
FINAL_POSTHOC_ONLY,XGBOOST,QUOTE_MARKOUT_100MS,bid,100ms,realized_vol_50_bucket,Q3,2964,False,False,0.005915991902834007,0.0049999999999954525,-0.0049999999999954525,0.0049999999999954525,0.009999999999990905,0.01500000000001478,EXPLORATORY_POSTHOC
FINAL_POSTHOC_ONLY,XGBOOST,QUOTE_MARKOUT_100MS,bid,100ms,realized_vol_50_bucket,Q4,186,False,False,0.017741935483871183,0.01500000000001478,-0.0049999999999954525,0.0049999999999954525,0.025000000000027,0.037500000000008527,EXPLORATORY_POSTHOC
FINAL_POSTHOC_ONLY,XGBOOST,QUOTE_MARKOUT_100MS,bid,100ms,queue_ahead_bucket,Q1,63,True,True,0.00944444444444172,0.010000000000019327,-0.004000000000002045,0.0049999999999954525,0.014999999999986358,0.025000000000005684,EXPLORATORY_POSTHOC
FINAL_POSTHOC_ONLY,XGBOOST,QUOTE_MARKOUT_100MS,bid,100ms,queue_ahead_bucket,Q2,10,True,True,0.001999999999998181,0.007499999999993179,-0.015999999999991132,0.0012499999999775468,0.015000000000007674,0.02100000000000932,EXPLORATORY_POSTHOC
FINAL_POSTHOC_ONLY,XGBOOST,QUOTE_MARKOUT_100MS,bid,100ms,queue_ahead_bucket,Q3,26,True,True,0.017884615384614423,0.014999999999986358,-1.4210854715202004e-14,0.005000000000002558,0.020000000000010232,0.03499999999999659,EXPLORATORY_POSTHOC
FINAL_POSTHOC_ONLY,XGBOOST,QUOTE_MARKOUT_100MS,bid,100ms,queue_ahead_bucket,Q4,3108,True,True,0.006592664092664068,0.0049999999999954525,-0.0049999999999954525,0.0049999999999954525,0.009999999999990905,0.01500000000001478,EXPLORATORY_POSTHOC
FINAL_POSTHOC_ONLY,XGBOOST,QUOTE_MARKOUT_100MS,bid,100ms,xgboost_confidence_bucket,Q1,688,False,False,0.008095930232558047,0.0049999999999954525,-0.0049999999999954525,0.0049999999999954525,0.01500000000001478,0.02499999999998579,EXPLORATORY_POSTHOC
FINAL_POSTHOC_ONLY,XGBOOST,QUOTE_MARKOUT_100MS,bid,100ms,xgboost_confidence_bucket,Q2,926,False,False,0.006619870410366705,0.0049999999999954525,-0.0049999999999954525,0.0049999999999954525,0.009999999999990905,0.01500000000001478,EXPLORATORY_POSTHOC
FINAL_POSTHOC_ONLY,XGBOOST,QUOTE_MARKOUT_100MS,bid,100ms,xgboost_confidence_bucket,Q3,1053,False,False,0.006220322886989538,0.0049999999999954525,-0.0049999999999954525,0.0049999999999954525,0.005000000000023874,0.01500000000001478,EXPLORATORY_POSTHOC
FINAL_POSTHOC_ONLY,XGBOOST,QUOTE_MARKOUT_100MS,bid,100ms,xgboost_confidence_bucket,Q4,540,False,False,0.006148148148148557,0.0049999999999954525,0.0,0.0049999999999954525,0.005000000000023874,0.01500000000001478,EXPLORATORY_POSTHOC
FINAL_POSTHOC_ONLY,XGBOOST,QUOTE_MARKOUT_100MS,bid,100ms,predicted_adverse_bucket,Q1,1696,True,True,0.007399764150943403,0.0049999999999954525,-0.0049999999999954525,0.0049999999999954525,0.014999999999986358,0.01500000000001478,EXPLORATORY_POSTHOC
FINAL_POSTHOC_ONLY,XGBOOST,QUOTE_MARKOUT_100MS,bid,100ms,predicted_adverse_bucket,Q2,812,True,True,0.006360837438423145,0.0049999999999954525,-0.0049999999999954525,0.0049999999999954525,0.009999999999990905,0.01500000000001478,EXPLORATORY_POSTHOC
FINAL_POSTHOC_ONLY,XGBOOST,QUOTE_MARKOUT_100MS,bid,100ms,predicted_adverse_bucket,Q3,422,True,True,0.005414691943128897,0.0049999999999954525,-0.0049999999999954525,0.0049999999999954525,0.009999999999990905,0.01500000000001478,EXPLORATORY_POSTHOC
FINAL_POSTHOC_ONLY,XGBOOST,QUOTE_MARKOUT_100MS,bid,100ms,predicted_adverse_bucket,Q4,277,True,True,0.005667870036100032,0.0049999999999954525,-0.0049999999999954525,0.0049999999999954525,0.009999999999990905,0.014999999999986358,EXPLORATORY_POSTHOC
FINAL_POSTHOC_ONLY,XGBOOST,QUOTE_MARKOUT_100MS,bid,100ms,predicted_fill_bucket,Q1,1333,True,True,0.005948987246811197,0.0049999999999954525,-0.0049999999999954525,0.0049999999999954525,0.005000000000023874,0.01500000000001478,EXPLORATORY_POSTHOC
FINAL_POSTHOC_ONLY,XGBOOST,QUOTE_MARKOUT_100MS,bid,100ms,predicted_fill_bucket,Q2,1281,True,True,0.0070491803278690535,0.0049999999999954525,-0.0049999999999954525,0.0049999999999954525,0.014999999999986358,0.01500000000001478,EXPLORATORY_POSTHOC
FINAL_POSTHOC_ONLY,XGBOOST,QUOTE_MARKOUT_100MS,bid,100ms,predicted_fill_bucket,Q3,538,True,True,0.007546468401487469,0.0049999999999954525,-0.005000000000023874,0.001250000000013074,0.014999999999986358,0.025000000000005684,EXPLORATORY_POSTHOC
FINAL_POSTHOC_ONLY,XGBOOST,QUOTE_MARKOUT_100MS,bid,100ms,predicted_fill_bucket,Q4,55,True,True,0.009999999999997624,0.014999999999986358,-0.0049999999999954525,0.0,0.01500000000001478,0.025000000000022737,EXPLORATORY_POSTHOC
FINAL_POSTHOC_ONLY,XGBOOST,QUOTE_MARKOUT_100MS,bid,100ms,time_to_fill_bucket,Q1,174,True,True,-0.0032471264367812695,-0.0049999999999954525,-0.01500000000001478,-0.0049999999999954525,0.0049999999999954525,0.014999999999986358,EXPLORATORY_POSTHOC
FINAL_POSTHOC_ONLY,XGBOOST,QUOTE_MARKOUT_100MS,bid,100ms,time_to_fill_bucket,Q2,296,True,True,0.0031925675675672565,0.0049999999999954525,-0.0049999999999954525,-0.0049999999999954525,0.0049999999999954525,0.010000000000019327,EXPLORATORY_POSTHOC
FINAL_POSTHOC_ONLY,XGBOOST,QUOTE_MARKOUT_100MS,bid,100ms,time_to_fill_bucket,Q3,210,True,True,0.006595238095238187,0.0049999999999954525,0.0,0.0049999999999954525,0.005000000000023874,0.01500000000001478,EXPLORATORY_POSTHOC
FINAL_POSTHOC_ONLY,XGBOOST,QUOTE_MARKOUT_100MS,bid,100ms,time_to_fill_bucket,Q4,327,True,True,0.006926605504587636,0.0049999999999954525,1.7053025658242445e-14,0.0049999999999954525,0.005000000000023874,0.01500000000001478,EXPLORATORY_POSTHOC
FINAL_POSTHOC_ONLY,XGBOOST,QUOTE_MARKOUT_100MS,bid,100ms,time_to_fill_bucket,<NA>,2200,True,True,0.007972727272727076,0.0049999999999954525,-0.0049999999999954525,0.0049999999999954525,0.014999999999986358,0.01500000000001478,EXPLORATORY_POSTHOC
FINAL_POSTHOC_ONLY,XGBOOST,QUOTE_MARKOUT_1000MS,bid,1000ms,spread_bucket,Q1,1627,False,False,0.00476029502150776,0.0049999999999954525,-0.014999999999986358,-0.0049999999999954525,0.014999999999986358,0.024999999999977263,EXPLORATORY_POSTHOC
FINAL_POSTHOC_ONLY,XGBOOST,QUOTE_MARKOUT_1000MS,bid,1000ms,spread_bucket,Q2,1580,False,False,0.009674050632916481,0.005000000000023874,-0.014999999999986358,-2.842170943040401e-14,0.01999999999998181,0.03999999999999204,EXPLORATORY_POSTHOC
FINAL_POSTHOC_ONLY,XGBOOST,QUOTE_MARKOUT_1000MS,bid,1000ms,realized_vol_50_bucket,Q1,57,False,False,0.039035087719313605,0.045000000000015916,0.025000000000005698,0.03500000000002501,0.045000000000015916,0.045000000000015916,EXPLORATORY_POSTHOC
FINAL_POSTHOC_ONLY,XGBOOST,QUOTE_MARKOUT_1000MS,bid,1000ms,realized_vol_50_bucket,Q3,2964,False,False,0.006000337381916424,0.0049999999999954525,-0.014999999999986358,-0.0049999999999954525,0.014999999999986358,0.025000000000005684,EXPLORATORY_POSTHOC
FINAL_POSTHOC_ONLY,XGBOOST,QUOTE_MARKOUT_1000MS,bid,1000ms,realized_vol_50_bucket,Q4,186,False,False,0.016236559139785,0.014999999999986358,-0.04750000000001364,-0.0049999999999954525,0.040000000000020464,0.07500000000000284,EXPLORATORY_POSTHOC
FINAL_POSTHOC_ONLY,XGBOOST,QUOTE_MARKOUT_1000MS,bid,1000ms,queue_ahead_bucket,Q1,63,True,True,-0.011904761904762355,0.0,-0.06399999999999864,-0.03999999999999204,0.010000000000019327,0.028000000000002998,EXPLORATORY_POSTHOC
FINAL_POSTHOC_ONLY,XGBOOST,QUOTE_MARKOUT_1000MS,bid,1000ms,queue_ahead_bucket,Q2,10,True,True,2.842170943040401e-15,1.4210854715202004e-14,-0.02350000000000989,-0.008749999999992042,0.0137499999999946,0.02250000000000795,EXPLORATORY_POSTHOC
FINAL_POSTHOC_ONLY,XGBOOST,QUOTE_MARKOUT_1000MS,bid,1000ms,queue_ahead_bucket,Q3,26,True,True,0.011923076923073732,0.012500000000002842,-0.030000000000015348,0.0,0.025000000000005684,0.04249999999998977,EXPLORATORY_POSTHOC
FINAL_POSTHOC_ONLY,XGBOOST,QUOTE_MARKOUT_1000MS,bid,1000ms,queue_ahead_bucket,Q4,3108,True,True,0.007551480051480454,0.0049999999999954525,-0.014999999999986358,-0.0049999999999954525,0.01500000000001478,0.025000000000005684,EXPLORATORY_POSTHOC
FINAL_POSTHOC_ONLY,XGBOOST,QUOTE_MARKOUT_1000MS,bid,1000ms,xgboost_confidence_bucket,Q1,688,False,False,0.007594476744185832,0.0049999999999954525,-0.020000000000010232,-0.0049999999999954525,0.016250000000006537,0.03499999999999659,EXPLORATORY_POSTHOC
FINAL_POSTHOC_ONLY,XGBOOST,QUOTE_MARKOUT_1000MS,bid,1000ms,xgboost_confidence_bucket,Q2,926,False,False,0.008164146868251279,0.0049999999999954525,-0.01500000000001478,-0.0049999999999954525,0.01500000000001478,0.04000000000000625,EXPLORATORY_POSTHOC
FINAL_POSTHOC_ONLY,XGBOOST,QUOTE_MARKOUT_1000MS,bid,1000ms,xgboost_confidence_bucket,Q3,1053,False,False,0.006633428300095249,0.0049999999999954525,-0.014999999999986358,-0.0049999999999954525,0.01500000000001478,0.025000000000005684,EXPLORATORY_POSTHOC
FINAL_POSTHOC_ONLY,XGBOOST,QUOTE_MARKOUT_1000MS,bid,1000ms,xgboost_confidence_bucket,Q4,540,False,False,0.006037037037037652,0.0049999999999954525,-0.005000000000023874,0.0049999999999954525,0.014999999999986358,0.020500000000007047,EXPLORATORY_POSTHOC
FINAL_POSTHOC_ONLY,XGBOOST,QUOTE_MARKOUT_1000MS,bid,1000ms,predicted_adverse_bucket,Q1,1696,True,True,0.007287735849056545,0.0049999999999954525,-0.014999999999986358,-0.0049999999999954525,0.01500000000001478,0.025000000000005684,EXPLORATORY_POSTHOC
FINAL_POSTHOC_ONLY,XGBOOST,QUOTE_MARKOUT_1000MS,bid,1000ms,predicted_adverse_bucket,Q2,812,True,True,0.0059482758620687005,0.0049999999999954525,-0.015000000000011938,-0.0049999999999954525,0.014999999999986358,0.025000000000005684,EXPLORATORY_POSTHOC
FINAL_POSTHOC_ONLY,XGBOOST,QUOTE_MARKOUT_1000MS,bid,1000ms,predicted_adverse_bucket,Q3,422,True,True,0.006777251184835166,0.0049999999999954525,-0.014999999999986358,-0.0049999999999954525,0.01500000000001478,0.030000000000001137,EXPLORATORY_POSTHOC
FINAL_POSTHOC_ONLY,XGBOOST,QUOTE_MARKOUT_1000MS,bid,1000ms,predicted_adverse_bucket,Q4,277,True,True,0.01075812274368607,0.005000000000023874,-0.014999999999986358,0.0049999999999954525,0.025000000000005684,0.045000000000015916,EXPLORATORY_POSTHOC
FINAL_POSTHOC_ONLY,XGBOOST,QUOTE_MARKOUT_1000MS,bid,1000ms,predicted_fill_bucket,Q1,1333,True,True,0.005866466616653497,0.0049999999999954525,-0.005000000000023874,-0.0049999999999954525,0.014999999999986358,0.024999999999977263,EXPLORATORY_POSTHOC
FINAL_POSTHOC_ONLY,XGBOOST,QUOTE_MARKOUT_1000MS,bid,1000ms,predicted_fill_bucket,Q2,1281,True,True,0.008953942232632198,0.0049999999999954525,-0.014999999999986358,-0.0049999999999954525,0.01500000000001478,0.03499999999999659,EXPLORATORY_POSTHOC
FINAL_POSTHOC_ONLY,XGBOOST,QUOTE_MARKOUT_1000MS,bid,1000ms,predicted_fill_bucket,Q3,538,True,True,0.007007434944238413,0.0049999999999954525,-0.02649999999999578,-0.0049999999999954525,0.020000000000010232,0.044999999999987494,EXPLORATORY_POSTHOC
FINAL_POSTHOC_ONLY,XGBOOST,QUOTE_MARKOUT_1000MS,bid,1000ms,predicted_fill_bucket,Q4,55,True,True,-0.0005454545454555996,-0.0049999999999954525,-0.060000000000002274,-0.032500000000013074,0.025000000000005684,0.05799999999998708,EXPLORATORY_POSTHOC
FINAL_POSTHOC_ONLY,XGBOOST,QUOTE_MARKOUT_1000MS,bid,1000ms,time_to_fill_bucket,Q1,174,True,True,-0.00022988505747138197,0.0,-0.03499999999999659,-0.0137499999999946,0.014999999999986358,0.025000000000005684,EXPLORATORY_POSTHOC
FINAL_POSTHOC_ONLY,XGBOOST,QUOTE_MARKOUT_1000MS,bid,1000ms,time_to_fill_bucket,Q2,296,True,True,-0.0004898648648650914,0.0,-0.025000000000005684,-0.009999999999990905,0.005000000000023874,0.025000000000005684,EXPLORATORY_POSTHOC
FINAL_POSTHOC_ONLY,XGBOOST,QUOTE_MARKOUT_1000MS,bid,1000ms,time_to_fill_bucket,Q3,210,True,True,-0.0005714285714271043,-0.0049999999999954525,-0.015500000000011472,-0.005000000000023874,0.005000000000023874,0.01999999999998181,EXPLORATORY_POSTHOC
FINAL_POSTHOC_ONLY,XGBOOST,QUOTE_MARKOUT_1000MS,bid,1000ms,time_to_fill_bucket,Q4,327,True,True,-0.0030886850152910135,-0.0049999999999954525,-0.01500000000001478,-0.005000000000023874,0.0049999999999954525,0.005000000000023874,EXPLORATORY_POSTHOC
FINAL_POSTHOC_ONLY,XGBOOST,QUOTE_MARKOUT_1000MS,bid,1000ms,time_to_fill_bucket,<NA>,2200,True,True,0.011065909090909595,0.005000000000023874,-0.005000000000023874,0.0049999999999954525,0.01500000000001478,0.03499999999999659,EXPLORATORY_POSTHOC
FINAL_POSTHOC_ONLY,XGBOOST,SIMULATED_L3_POST_FILL_MARKOUT_100MS,bid,100ms,spread_bucket,Q1,529,True,True,-0.0024669187145593243,-0.0049999999999954525,-0.014999999999986358,-0.0049999999999954525,0.0049999999999954525,0.0049999999999954525,EXPLORATORY_POSTHOC
FINAL_POSTHOC_ONLY,XGBOOST,SIMULATED_L3_POST_FILL_MARKOUT_100MS,bid,100ms,spread_bucket,Q2,478,True,True,-0.001956066945602775,-0.0049999999999954525,-0.014999999999986358,-0.0049999999999954525,0.0049999999999954525,0.009999999999990905,EXPLORATORY_POSTHOC
FINAL_POSTHOC_ONLY,XGBOOST,SIMULATED_L3_POST_FILL_MARKOUT_100MS,bid,100ms,realized_vol_50_bucket,Q1,6,True,True,0.0049999999999954525,0.0049999999999954525,0.0049999999999954525,0.0049999999999954525,0.0049999999999954525,0.0049999999999954525,EXPLORATORY_POSTHOC
FINAL_POSTHOC_ONLY,XGBOOST,SIMULATED_L3_POST_FILL_MARKOUT_100MS,bid,100ms,realized_vol_50_bucket,Q3,955,True,True,-0.0024869109947643084,-0.0049999999999954525,-0.014999999999986358,-0.0049999999999954525,0.0049999999999954525,0.005000000000023874,EXPLORATORY_POSTHOC
FINAL_POSTHOC_ONLY,XGBOOST,SIMULATED_L3_POST_FILL_MARKOUT_100MS,bid,100ms,realized_vol_50_bucket,Q4,46,True,True,0.0022826086956507156,0.0,-0.025000000000005684,-0.0049999999999954525,0.013749999999987494,0.029999999999972715,EXPLORATORY_POSTHOC
FINAL_POSTHOC_ONLY,XGBOOST,SIMULATED_L3_POST_FILL_MARKOUT_100MS,bid,100ms,queue_ahead_bucket,Q1,20,True,True,0.00350000000000108,0.002500000000011937,-0.012000000000014662,-0.005000000000023874,0.011250000000011084,0.029999999999975557,EXPLORATORY_POSTHOC
FINAL_POSTHOC_ONLY,XGBOOST,SIMULATED_L3_POST_FILL_MARKOUT_100MS,bid,100ms,queue_ahead_bucket,Q2,6,True,True,-4.736951571734001e-15,-0.002500000000011937,-0.00750000000000739,-0.0049999999999954525,0.003749999999989484,0.010000000000005116,EXPLORATORY_POSTHOC
FINAL_POSTHOC_ONLY,XGBOOST,SIMULATED_L3_POST_FILL_MARKOUT_100MS,bid,100ms,queue_ahead_bucket,Q3,10,True,True,-0.0030000000000001137,-0.0024999999999977263,-0.01050000000001603,-0.009999999999990905,0.0,0.005999999999994539,EXPLORATORY_POSTHOC
FINAL_POSTHOC_ONLY,XGBOOST,SIMULATED_L3_POST_FILL_MARKOUT_100MS,bid,100ms,queue_ahead_bucket,Q4,971,True,True,-0.0023480947476828026,-0.0049999999999954525,-0.014999999999986358,-0.0049999999999954525,0.0049999999999954525,0.005000000000023874,EXPLORATORY_POSTHOC
FINAL_POSTHOC_ONLY,XGBOOST,SIMULATED_L3_POST_FILL_MARKOUT_100MS,bid,100ms,xgboost_confidence_bucket,Q1,253,True,True,-0.002569169960473432,-0.0049999999999954525,-0.01500000000001478,-0.0049999999999954525,0.0049999999999954525,0.014999999999986358,EXPLORATORY_POSTHOC
FINAL_POSTHOC_ONLY,XGBOOST,SIMULATED_L3_POST_FILL_MARKOUT_100MS,bid,100ms,xgboost_confidence_bucket,Q2,311,True,True,-0.0022508038585207723,-0.0049999999999954525,-0.014999999999986358,-0.0049999999999954525,0.0049999999999954525,0.005000000000023874,EXPLORATORY_POSTHOC
FINAL_POSTHOC_ONLY,XGBOOST,SIMULATED_L3_POST_FILL_MARKOUT_100MS,bid,100ms,xgboost_confidence_bucket,Q3,296,True,True,-0.0018074324324336693,-0.0049999999999954525,-0.014999999999986358,-0.0049999999999954525,0.0049999999999954525,0.005000000000023874,EXPLORATORY_POSTHOC
FINAL_POSTHOC_ONLY,XGBOOST,SIMULATED_L3_POST_FILL_MARKOUT_100MS,bid,100ms,xgboost_confidence_bucket,Q4,147,True,True,-0.002414965986393908,-0.0049999999999954525,-0.005000000000023874,-0.0049999999999954525,0.0049999999999954525,0.005000000000023874,EXPLORATORY_POSTHOC
FINAL_POSTHOC_ONLY,XGBOOST,SIMULATED_L3_POST_FILL_MARKOUT_100MS,bid,100ms,predicted_adverse_bucket,Q1,497,True,True,-0.002092555331992279,-0.0049999999999954525,-0.014999999999986358,-0.0049999999999954525,0.0049999999999954525,0.005000000000023874,EXPLORATORY_POSTHOC
FINAL_POSTHOC_ONLY,XGBOOST,SIMULATED_L3_POST_FILL_MARKOUT_100MS,bid,100ms,predicted_adverse_bucket,Q2,268,True,True,-0.002164179104478295,-0.0049999999999954525,-0.01500000000001478,-0.0049999999999954525,0.0049999999999954525,0.005000000000023874,EXPLORATORY_POSTHOC
FINAL_POSTHOC_ONLY,XGBOOST,SIMULATED_L3_POST_FILL_MARKOUT_100MS,bid,100ms,predicted_adverse_bucket,Q3,164,True,True,-0.002408536585364356,-0.0049999999999954525,-0.014999999999986358,-0.0049999999999954525,0.0049999999999954525,0.010000000000019327,EXPLORATORY_POSTHOC
FINAL_POSTHOC_ONLY,XGBOOST,SIMULATED_L3_POST_FILL_MARKOUT_100MS,bid,100ms,predicted_adverse_bucket,Q4,78,True,True,-0.0028846153846142186,0.0,-0.014999999999986358,-0.0049999999999954525,0.0049999999999954525,0.005000000000023874,EXPLORATORY_POSTHOC
FINAL_POSTHOC_ONLY,XGBOOST,SIMULATED_L3_POST_FILL_MARKOUT_100MS,bid,100ms,predicted_fill_bucket,Q1,369,True,True,-0.002222222222223359,-0.0049999999999954525,-0.006000000000022944,-0.0049999999999954525,0.0049999999999954525,0.005000000000023874,EXPLORATORY_POSTHOC
FINAL_POSTHOC_ONLY,XGBOOST,SIMULATED_L3_POST_FILL_MARKOUT_100MS,bid,100ms,predicted_fill_bucket,Q2,400,True,True,-0.0029624999999997926,-0.0049999999999954525,-0.01500000000001478,-0.0049999999999954525,0.0049999999999954525,0.005000000000023874,EXPLORATORY_POSTHOC
FINAL_POSTHOC_ONLY,XGBOOST,SIMULATED_L3_POST_FILL_MARKOUT_100MS,bid,100ms,predicted_fill_bucket,Q3,220,True,True,-0.0008636363636349323,0.0,-0.014999999999986358,-0.0049999999999954525,0.0049999999999954525,0.014999999999986358,EXPLORATORY_POSTHOC
FINAL_POSTHOC_ONLY,XGBOOST,SIMULATED_L3_POST_FILL_MARKOUT_100MS,bid,100ms,predicted_fill_bucket,Q4,18,True,True,-0.0024999999999993053,-0.0049999999999954525,-0.010000000000019327,-0.008749999999992042,0.005000000000016769,0.01150000000000944,EXPLORATORY_POSTHOC
FINAL_POSTHOC_ONLY,XGBOOST,SIMULATED_L3_POST_FILL_MARKOUT_100MS,bid,100ms,time_to_fill_bucket,Q1,174,True,True,-0.0025862068965514956,-0.0024999999999977263,-0.01500000000001478,-0.0049999999999954525,0.0049999999999954525,0.014999999999986358,EXPLORATORY_POSTHOC
FINAL_POSTHOC_ONLY,XGBOOST,SIMULATED_L3_POST_FILL_MARKOUT_100MS,bid,100ms,time_to_fill_bucket,Q2,296,True,True,-0.0015709459459460535,-0.0049999999999954525,-0.014999999999986358,-0.0049999999999954525,0.0049999999999954525,0.005000000000023874,EXPLORATORY_POSTHOC
FINAL_POSTHOC_ONLY,XGBOOST,SIMULATED_L3_POST_FILL_MARKOUT_100MS,bid,100ms,time_to_fill_bucket,Q3,210,True,True,-0.0013095238095232951,-0.0049999999999954525,-0.009999999999990905,-0.0049999999999954525,0.0049999999999954525,0.005000000000023874,EXPLORATORY_POSTHOC
FINAL_POSTHOC_ONLY,XGBOOST,SIMULATED_L3_POST_FILL_MARKOUT_100MS,bid,100ms,time_to_fill_bucket,Q4,327,True,True,-0.003211009174312309,-0.0049999999999954525,-0.014999999999986358,-0.005000000000009663,0.0049999999999954525,0.005000000000023874,EXPLORATORY_POSTHOC
FINAL_POSTHOC_ONLY,XGBOOST,QUOTE_MARKOUT_100MS,ask,100ms,spread_bucket,Q1,1627,False,False,0.005390288875225688,0.0049999999999954525,-0.0049999999999954525,0.0049999999999954525,0.0049999999999954525,0.014999999999986358,EXPLORATORY_POSTHOC
FINAL_POSTHOC_ONLY,XGBOOST,QUOTE_MARKOUT_100MS,ask,100ms,spread_bucket,Q2,1580,False,False,0.008639240506334855,0.005000000000023874,-0.0049999999999954525,0.0049999999999954525,0.014999999999986358,0.020000000000010232,EXPLORATORY_POSTHOC
FINAL_POSTHOC_ONLY,XGBOOST,QUOTE_MARKOUT_100MS,ask,100ms,realized_vol_50_bucket,Q1,57,False,False,0.009385964912298093,0.005000000000023874,0.005000000000012506,0.005000000000023874,0.010000000000019327,0.010000000000019327,EXPLORATORY_POSTHOC
FINAL_POSTHOC_ONLY,XGBOOST,QUOTE_MARKOUT_100MS,ask,100ms,realized_vol_50_bucket,Q3,2964,False,False,0.006357962213225534,0.0049999999999954525,-0.0049999999999954525,0.0049999999999954525,0.009999999999990905,0.01500000000001478,EXPLORATORY_POSTHOC
FINAL_POSTHOC_ONLY,XGBOOST,QUOTE_MARKOUT_100MS,ask,100ms,realized_vol_50_bucket,Q4,186,False,False,0.016344086021504264,0.014999999999986358,-0.0049999999999954525,0.005000000000023874,0.025000000000005684,0.03999999999999204,EXPLORATORY_POSTHOC
FINAL_POSTHOC_ONLY,XGBOOST,QUOTE_MARKOUT_100MS,ask,100ms,queue_ahead_bucket,Q1,63,True,True,0.01166666666666598,0.014999999999986358,-0.009999999999990905,0.0049999999999954525,0.01500000000001478,0.025,EXPLORATORY_POSTHOC
FINAL_POSTHOC_ONLY,XGBOOST,QUOTE_MARKOUT_100MS,ask,100ms,queue_ahead_bucket,Q2,10,True,True,0.01799999999999784,0.00750000000000739,-0.005500000000020577,-0.0024999999999977263,0.01749999999999119,0.038999999999975866,EXPLORATORY_POSTHOC
FINAL_POSTHOC_ONLY,XGBOOST,QUOTE_MARKOUT_100MS,ask,100ms,queue_ahead_bucket,Q3,26,True,True,0.0032692307692299824,0.0049999999999954525,-0.012499999999988631,-0.0037499999999965894,0.0137499999999946,0.024999999999991473,EXPLORATORY_POSTHOC
FINAL_POSTHOC_ONLY,XGBOOST,QUOTE_MARKOUT_100MS,ask,100ms,queue_ahead_bucket,Q4,3108,True,True,0.006891891891892327,0.0049999999999954525,-0.0049999999999954525,0.0049999999999954525,0.009999999999990905,0.01500000000001478,EXPLORATORY_POSTHOC
FINAL_POSTHOC_ONLY,XGBOOST,QUOTE_MARKOUT_100MS,ask,100ms,xgboost_confidence_bucket,Q1,688,False,False,0.010232558139534212,0.0049999999999954525,-0.0049999999999954525,0.0049999999999954525,0.01500000000001478,0.025000000000005684,EXPLORATORY_POSTHOC
FINAL_POSTHOC_ONLY,XGBOOST,QUOTE_MARKOUT_100MS,ask,100ms,xgboost_confidence_bucket,Q2,926,False,False,0.007602591792657991,0.0049999999999954525,-0.0049999999999954525,0.0049999999999954525,0.014999999999986358,0.01500000000001478,EXPLORATORY_POSTHOC
FINAL_POSTHOC_ONLY,XGBOOST,QUOTE_MARKOUT_100MS,ask,100ms,xgboost_confidence_bucket,Q3,1053,False,False,0.0056030389363724105,0.0049999999999954525,-0.0049999999999954525,0.0049999999999954525,0.005000000000023874,0.01500000000001478,EXPLORATORY_POSTHOC
FINAL_POSTHOC_ONLY,XGBOOST,QUOTE_MARKOUT_100MS,ask,100ms,xgboost_confidence_bucket,Q4,540,False,False,0.00451851851851904,0.0049999999999954525,-0.0049999999999954525,0.0049999999999954525,0.005000000000023874,0.014999999999986358,EXPLORATORY_POSTHOC
FINAL_POSTHOC_ONLY,XGBOOST,QUOTE_MARKOUT_100MS,ask,100ms,predicted_adverse_bucket,Q1,96,True,True,0.013697916666675228,0.010000000000019327,0.0049999999999954525,0.005000000000023874,0.01999999999998181,0.030000000000001137,EXPLORATORY_POSTHOC
FINAL_POSTHOC_ONLY,XGBOOST,QUOTE_MARKOUT_100MS,ask,100ms,predicted_adverse_bucket,Q2,164,True,True,0.009390243902439149,0.005000000000023874,0.0049999999999954525,0.0049999999999954525,0.014999999999986358,0.024999999999977263,EXPLORATORY_POSTHOC
FINAL_POSTHOC_ONLY,XGBOOST,QUOTE_MARKOUT_100MS,ask,100ms,predicted_adverse_bucket,Q3,632,True,True,0.00840189873417695,0.0049999999999954525,-0.0049999999999954525,0.0049999999999954525,0.014999999999986358,0.020000000000010232,EXPLORATORY_POSTHOC
FINAL_POSTHOC_ONLY,XGBOOST,QUOTE_MARKOUT_100MS,ask,100ms,predicted_adverse_bucket,Q4,2315,True,True,0.006157667386609327,0.0049999999999954525,-0.0049999999999954525,0.0049999999999954525,0.005000000000023874,0.01500000000001478,EXPLORATORY_POSTHOC
FINAL_POSTHOC_ONLY,XGBOOST,QUOTE_MARKOUT_100MS,ask,100ms,predicted_fill_bucket,Q1,133,True,True,0.007969924812036717,0.005000000000023874,0.0049999999999954525,0.0049999999999954525,0.010000000000019327,0.014999999999986358,EXPLORATORY_POSTHOC
FINAL_POSTHOC_ONLY,XGBOOST,QUOTE_MARKOUT_100MS,ask,100ms,predicted_fill_bucket,Q2,1161,True,True,0.007157622739018163,0.0049999999999954525,0.0,0.0049999999999954525,0.010000000000019327,0.01500000000001478,EXPLORATORY_POSTHOC
FINAL_POSTHOC_ONLY,XGBOOST,QUOTE_MARKOUT_100MS,ask,100ms,predicted_fill_bucket,Q3,1549,True,True,0.006681730148483091,0.0049999999999954525,-0.0049999999999954525,0.0049999999999954525,0.009999999999990905,0.01500000000001478,EXPLORATORY_POSTHOC
FINAL_POSTHOC_ONLY,XGBOOST,QUOTE_MARKOUT_100MS,ask,100ms,predicted_fill_bucket,Q4,364,True,True,0.007417582417582386,0.0049999999999954525,-0.0049999999999954525,0.0049999999999954525,0.010000000000019327,0.01999999999998181,EXPLORATORY_POSTHOC
FINAL_POSTHOC_ONLY,XGBOOST,QUOTE_MARKOUT_100MS,ask,100ms,time_to_fill_bucket,Q1,129,True,True,0.000310077519378902,-0.0049999999999954525,-0.01500000000001478,-0.0049999999999954525,0.005000000000023874,0.01999999999998181,EXPLORATORY_POSTHOC
FINAL_POSTHOC_ONLY,XGBOOST,QUOTE_MARKOUT_100MS,ask,100ms,time_to_fill_bucket,Q2,301,True,True,0.004285714285713976,0.0049999999999954525,-0.0049999999999954525,-0.0049999999999954525,0.005000000000023874,0.014999999999986358,EXPLORATORY_POSTHOC
FINAL_POSTHOC_ONLY,XGBOOST,QUOTE_MARKOUT_100MS,ask,100ms,time_to_fill_bucket,Q3,336,True,True,0.0065476190476184215,0.0049999999999954525,0.0,0.0049999999999954525,0.006250000000015632,0.014999999999986358,EXPLORATORY_POSTHOC
FINAL_POSTHOC_ONLY,XGBOOST,QUOTE_MARKOUT_100MS,ask,100ms,time_to_fill_bucket,Q4,218,True,True,0.006605504587155822,0.0049999999999954525,0.0,0.0049999999999954525,0.008749999999999147,0.01500000000001478,EXPLORATORY_POSTHOC
FINAL_POSTHOC_ONLY,XGBOOST,QUOTE_MARKOUT_100MS,ask,100ms,time_to_fill_bucket,<NA>,2223,True,True,0.007849752586595466,0.0049999999999954525,-2.273736754432272e-14,0.0049999999999954525,0.010000000000019327,0.01500000000001478,EXPLORATORY_POSTHOC
FINAL_POSTHOC_ONLY,XGBOOST,QUOTE_MARKOUT_1000MS,ask,1000ms,spread_bucket,Q1,1627,False,False,0.005239704978483145,0.0049999999999954525,-0.014999999999986358,-0.0049999999999954525,0.014999999999986358,0.024999999999977263,EXPLORATORY_POSTHOC
FINAL_POSTHOC_ONLY,XGBOOST,QUOTE_MARKOUT_1000MS,ask,1000ms,spread_bucket,Q2,1580,False,False,0.007870253164561856,0.005000000000023874,-0.020000000000010232,-0.0049999999999954525,0.01500000000001478,0.03499999999999659,EXPLORATORY_POSTHOC
FINAL_POSTHOC_ONLY,XGBOOST,QUOTE_MARKOUT_1000MS,ask,1000ms,realized_vol_50_bucket,Q1,57,False,False,-0.01675438596491599,-0.025000000000005684,-0.025000000000005684,-0.025000000000005684,-0.025000000000005684,0.006999999999993626,EXPLORATORY_POSTHOC
FINAL_POSTHOC_ONLY,XGBOOST,QUOTE_MARKOUT_1000MS,ask,1000ms,realized_vol_50_bucket,Q3,2964,False,False,0.006273616734143117,0.0049999999999954525,-0.014999999999986358,-0.0049999999999954525,0.014999999999986358,0.025000000000005684,EXPLORATORY_POSTHOC
FINAL_POSTHOC_ONLY,XGBOOST,QUOTE_MARKOUT_1000MS,ask,1000ms,realized_vol_50_bucket,Q4,186,False,False,0.017849462365590443,0.014999999999986358,-0.0350000000000108,-0.010000000000012221,0.04374999999999574,0.08749999999999147,EXPLORATORY_POSTHOC
FINAL_POSTHOC_ONLY,XGBOOST,QUOTE_MARKOUT_1000MS,ask,1000ms,queue_ahead_bucket,Q1,63,True,True,0.033015873015870056,0.020000000000010232,-0.009999999999990905,0.0049999999999954525,0.06999999999999318,0.08999999999997499,EXPLORATORY_POSTHOC
FINAL_POSTHOC_ONLY,XGBOOST,QUOTE_MARKOUT_1000MS,ask,1000ms,queue_ahead_bucket,Q2,10,True,True,0.01999999999999318,0.014999999999986358,-0.0005000000000251247,0.0012499999999775468,0.018749999999990052,0.037500000000002816,EXPLORATORY_POSTHOC
FINAL_POSTHOC_ONLY,XGBOOST,QUOTE_MARKOUT_1000MS,ask,1000ms,queue_ahead_bucket,Q3,26,True,True,0.009230769230770673,0.007499999999993179,-0.017499999999984084,-0.0037500000000179057,0.027499999999996305,0.045000000000015916,EXPLORATORY_POSTHOC
FINAL_POSTHOC_ONLY,XGBOOST,QUOTE_MARKOUT_1000MS,ask,1000ms,queue_ahead_bucket,Q4,3108,True,True,0.0059330759330759415,0.0049999999999954525,-0.01500000000001478,-0.0049999999999954525,0.014999999999986358,0.025000000000005684,EXPLORATORY_POSTHOC
FINAL_POSTHOC_ONLY,XGBOOST,QUOTE_MARKOUT_1000MS,ask,1000ms,xgboost_confidence_bucket,Q1,688,False,False,0.010734011627906426,0.0049999999999954525,-0.01500000000001478,-0.0049999999999954525,0.020000000000010232,0.044999999999987494,EXPLORATORY_POSTHOC
FINAL_POSTHOC_ONLY,XGBOOST,QUOTE_MARKOUT_1000MS,ask,1000ms,xgboost_confidence_bucket,Q2,926,False,False,0.006058315334773417,0.0049999999999954525,-0.025000000000005684,-0.0049999999999954525,0.01500000000001478,0.030000000000001137,EXPLORATORY_POSTHOC
FINAL_POSTHOC_ONLY,XGBOOST,QUOTE_MARKOUT_1000MS,ask,1000ms,xgboost_confidence_bucket,Q3,1053,False,False,0.005189933523266698,0.0049999999999954525,-0.014999999999986358,-0.0049999999999954525,0.014999999999986358,0.025000000000005684,EXPLORATORY_POSTHOC
FINAL_POSTHOC_ONLY,XGBOOST,QUOTE_MARKOUT_1000MS,ask,1000ms,xgboost_confidence_bucket,Q4,540,False,False,0.004629629629629945,0.0049999999999954525,-0.010000000000019327,-0.0049999999999954525,0.010000000000019327,0.01500000000001478,EXPLORATORY_POSTHOC
FINAL_POSTHOC_ONLY,XGBOOST,QUOTE_MARKOUT_1000MS,ask,1000ms,predicted_adverse_bucket,Q1,96,True,True,0.004114583333332256,-0.0049999999999954525,-0.025000000000005684,-0.025000000000005684,0.025000000000005684,0.05499999999999261,EXPLORATORY_POSTHOC
FINAL_POSTHOC_ONLY,XGBOOST,QUOTE_MARKOUT_1000MS,ask,1000ms,predicted_adverse_bucket,Q2,164,True,True,0.009420731707315957,0.0049999999999954525,-0.025000000000005684,-0.005000000000002558,0.020000000000010232,0.05000000000000284,EXPLORATORY_POSTHOC
FINAL_POSTHOC_ONLY,XGBOOST,QUOTE_MARKOUT_1000MS,ask,1000ms,predicted_adverse_bucket,Q3,632,True,True,0.00847310126582241,0.0049999999999954525,-0.01500000000001478,-0.0049999999999954525,0.01500000000001478,0.03499999999999659,EXPLORATORY_POSTHOC
FINAL_POSTHOC_ONLY,XGBOOST,QUOTE_MARKOUT_1000MS,ask,1000ms,predicted_adverse_bucket,Q4,2315,True,True,0.005902807775378114,0.0049999999999954525,-0.014999999999986358,-0.0049999999999954525,0.014999999999986358,0.025000000000005684,EXPLORATORY_POSTHOC
FINAL_POSTHOC_ONLY,XGBOOST,QUOTE_MARKOUT_1000MS,ask,1000ms,predicted_fill_bucket,Q1,133,True,True,-0.004172932330828615,-0.0049999999999954525,-0.025000000000005684,-0.025000000000005684,0.009999999999990905,0.023999999999983843,EXPLORATORY_POSTHOC
FINAL_POSTHOC_ONLY,XGBOOST,QUOTE_MARKOUT_1000MS,ask,1000ms,predicted_fill_bucket,Q2,1161,True,True,0.007269595176572065,0.0049999999999954525,-0.014999999999986358,-0.0049999999999954525,0.014999999999986358,0.025000000000005684,EXPLORATORY_POSTHOC
FINAL_POSTHOC_ONLY,XGBOOST,QUOTE_MARKOUT_1000MS,ask,1000ms,predicted_fill_bucket,Q3,1549,True,True,0.006688185926404159,0.0049999999999954525,-0.014999999999986358,-0.0049999999999954525,0.01500000000001478,0.025000000000005684,EXPLORATORY_POSTHOC
FINAL_POSTHOC_ONLY,XGBOOST,QUOTE_MARKOUT_1000MS,ask,1000ms,predicted_fill_bucket,Q4,364,True,True,0.007458791208790672,0.0049999999999954525,-0.014999999999986358,-0.0049999999999954525,0.01500000000001478,0.03499999999999659,EXPLORATORY_POSTHOC
FINAL_POSTHOC_ONLY,XGBOOST,QUOTE_MARKOUT_1000MS,ask,1000ms,time_to_fill_bucket,Q1,129,True,True,0.005155038759688759,0.0049999999999954525,-0.01600000000000818,-0.0049999999999954525,0.01500000000001478,0.03499999999999659,EXPLORATORY_POSTHOC
FINAL_POSTHOC_ONLY,XGBOOST,QUOTE_MARKOUT_1000MS,ask,1000ms,time_to_fill_bucket,Q2,301,True,True,-0.001046511627907158,0.0,-0.025000000000005684,-0.014999999999986358,0.005000000000023874,0.020000000000010232,EXPLORATORY_POSTHOC
FINAL_POSTHOC_ONLY,XGBOOST,QUOTE_MARKOUT_1000MS,ask,1000ms,time_to_fill_bucket,Q3,336,True,True,-0.0009821428571437402,-0.0049999999999954525,-0.01500000000001478,-0.005000000000023874,0.0049999999999954525,0.01500000000001478,EXPLORATORY_POSTHOC
FINAL_POSTHOC_ONLY,XGBOOST,QUOTE_MARKOUT_1000MS,ask,1000ms,time_to_fill_bucket,Q4,218,True,True,-0.001972477064221258,-0.0049999999999954525,-0.014999999999994884,-0.005000000000023874,0.0049999999999954525,0.009999999999990905,EXPLORATORY_POSTHOC
FINAL_POSTHOC_ONLY,XGBOOST,QUOTE_MARKOUT_1000MS,ask,1000ms,time_to_fill_bucket,<NA>,2223,True,True,0.009613135402609331,0.0049999999999954525,-0.014999999999986358,0.0049999999999954525,0.01500000000001478,0.030000000000001137,EXPLORATORY_POSTHOC
FINAL_POSTHOC_ONLY,XGBOOST,SIMULATED_L3_POST_FILL_MARKOUT_100MS,ask,100ms,spread_bucket,Q1,512,True,True,-0.0020507812500044076,-0.0049999999999954525,-0.014999999999986358,-0.005000000000023874,0.0049999999999954525,0.0049999999999954525,EXPLORATORY_POSTHOC
FINAL_POSTHOC_ONLY,XGBOOST,SIMULATED_L3_POST_FILL_MARKOUT_100MS,ask,100ms,spread_bucket,Q2,472,True,True,-0.000593220338979922,-0.0049999999999954525,-0.014999999999986358,-0.0049999999999954525,0.0049999999999954525,0.01500000000001478,EXPLORATORY_POSTHOC
FINAL_POSTHOC_ONLY,XGBOOST,SIMULATED_L3_POST_FILL_MARKOUT_100MS,ask,100ms,realized_vol_50_bucket,Q3,918,True,True,-0.0018355119825713968,-0.0049999999999954525,-0.014999999999986358,-0.0049999999999954525,0.0049999999999954525,0.005000000000023874,EXPLORATORY_POSTHOC
FINAL_POSTHOC_ONLY,XGBOOST,SIMULATED_L3_POST_FILL_MARKOUT_100MS,ask,100ms,realized_vol_50_bucket,Q4,66,True,True,0.005378787878784278,0.0049999999999954525,-0.01500000000001478,-0.004999999999988347,0.01999999999998181,0.024999999999991473,EXPLORATORY_POSTHOC
FINAL_POSTHOC_ONLY,XGBOOST,SIMULATED_L3_POST_FILL_MARKOUT_100MS,ask,100ms,queue_ahead_bucket,Q1,29,True,True,0.009655172413785303,0.01999999999998181,-0.016000000000013868,-0.0049999999999954525,0.01999999999998181,0.02100000000000932,EXPLORATORY_POSTHOC
FINAL_POSTHOC_ONLY,XGBOOST,SIMULATED_L3_POST_FILL_MARKOUT_100MS,ask,100ms,queue_ahead_bucket,Q2,4,True,True,0.003750000000003695,1.4210854715202004e-14,-0.005000000000015348,-0.005000000000002558,0.008750000000020464,0.015500000000014327,EXPLORATORY_POSTHOC
FINAL_POSTHOC_ONLY,XGBOOST,SIMULATED_L3_POST_FILL_MARKOUT_100MS,ask,100ms,queue_ahead_bucket,Q3,7,True,True,-0.006428571428569642,-0.0049999999999954525,-0.014999999999997727,-0.014999999999986358,0.0,0.001999999999998183,EXPLORATORY_POSTHOC
FINAL_POSTHOC_ONLY,XGBOOST,SIMULATED_L3_POST_FILL_MARKOUT_100MS,ask,100ms,queue_ahead_bucket,Q4,944,True,True,-0.0016737288135599375,-0.0049999999999954525,-0.014999999999986358,-0.0049999999999954525,0.0049999999999954525,0.009999999999990905,EXPLORATORY_POSTHOC
FINAL_POSTHOC_ONLY,XGBOOST,SIMULATED_L3_POST_FILL_MARKOUT_100MS,ask,100ms,xgboost_confidence_bucket,Q1,244,True,True,-0.001004098360657154,-0.0049999999999954525,-0.01500000000001478,-0.005000000000023874,0.0049999999999954525,0.01500000000001478,EXPLORATORY_POSTHOC
FINAL_POSTHOC_ONLY,XGBOOST,SIMULATED_L3_POST_FILL_MARKOUT_100MS,ask,100ms,xgboost_confidence_bucket,Q2,320,True,True,0.00017187499999984368,-0.0049999999999954525,-0.009999999999990905,-0.0049999999999954525,0.0049999999999954525,0.014999999999986358,EXPLORATORY_POSTHOC
FINAL_POSTHOC_ONLY,XGBOOST,SIMULATED_L3_POST_FILL_MARKOUT_100MS,ask,100ms,xgboost_confidence_bucket,Q3,288,True,True,-0.0031250000000006117,-0.0049999999999954525,-0.014999999999986358,-0.0049999999999954525,0.0049999999999954525,0.005000000000023874,EXPLORATORY_POSTHOC
FINAL_POSTHOC_ONLY,XGBOOST,SIMULATED_L3_POST_FILL_MARKOUT_100MS,ask,100ms,xgboost_confidence_bucket,Q4,132,True,True,-0.0018181818181833944,-0.0049999999999954525,-0.014999999999986358,-0.0049999999999954525,0.0049999999999954525,0.0049999999999954525,EXPLORATORY_POSTHOC
FINAL_POSTHOC_ONLY,XGBOOST,SIMULATED_L3_POST_FILL_MARKOUT_100MS,ask,100ms,predicted_adverse_bucket,Q1,18,True,True,0.004722222222224243,0.002500000000011937,-0.011000000000018413,-0.003750000000003695,0.015000000000007674,0.030000000000001137,EXPLORATORY_POSTHOC
FINAL_POSTHOC_ONLY,XGBOOST,SIMULATED_L3_POST_FILL_MARKOUT_100MS,ask,100ms,predicted_adverse_bucket,Q2,45,True,True,-0.00011111111111353644,-0.0049999999999954525,-0.01500000000000341,-0.0049999999999954525,0.0049999999999954525,0.012999999999999552,EXPLORATORY_POSTHOC
FINAL_POSTHOC_ONLY,XGBOOST,SIMULATED_L3_POST_FILL_MARKOUT_100MS,ask,100ms,predicted_adverse_bucket,Q3,203,True,True,-9.852216748843518e-05,-0.0049999999999954525,-0.010000000000013642,-0.0049999999999954525,0.0049999999999954525,0.01500000000001478,EXPLORATORY_POSTHOC
FINAL_POSTHOC_ONLY,XGBOOST,SIMULATED_L3_POST_FILL_MARKOUT_100MS,ask,100ms,predicted_adverse_bucket,Q4,718,True,True,-0.0019359331476330847,-0.0049999999999954525,-0.014999999999986358,-0.0049999999999954525,0.0049999999999954525,0.009999999999990905,EXPLORATORY_POSTHOC
FINAL_POSTHOC_ONLY,XGBOOST,SIMULATED_L3_POST_FILL_MARKOUT_100MS,ask,100ms,predicted_fill_bucket,Q1,28,True,True,0.001071428571428612,0.0049999999999954525,-0.01149999999998954,-0.0049999999999954525,0.0049999999999954525,0.012999999999988184,EXPLORATORY_POSTHOC
FINAL_POSTHOC_ONLY,XGBOOST,SIMULATED_L3_POST_FILL_MARKOUT_100MS,ask,100ms,predicted_fill_bucket,Q2,340,True,True,-0.0026029411764709794,-0.0049999999999954525,-0.014999999999986358,-0.0049999999999954525,0.0049999999999954525,0.005000000000023874,EXPLORATORY_POSTHOC
FINAL_POSTHOC_ONLY,XGBOOST,SIMULATED_L3_POST_FILL_MARKOUT_100MS,ask,100ms,predicted_fill_bucket,Q3,482,True,True,-0.0006224066390051754,-0.0049999999999954525,-0.014999999999986358,-0.0049999999999954525,0.0049999999999954525,0.009999999999990905,EXPLORATORY_POSTHOC
FINAL_POSTHOC_ONLY,XGBOOST,SIMULATED_L3_POST_FILL_MARKOUT_100MS,ask,100ms,predicted_fill_bucket,Q4,134,True,True,-0.0013059701492548767,-0.0049999999999954525,-0.014999999999986358,-0.0049999999999954525,0.0049999999999954525,0.014999999999986358,EXPLORATORY_POSTHOC
FINAL_POSTHOC_ONLY,XGBOOST,SIMULATED_L3_POST_FILL_MARKOUT_100MS,ask,100ms,time_to_fill_bucket,Q1,129,True,True,0.0003488372093009067,-0.0049999999999954525,-0.01500000000001478,-0.0049999999999954525,0.0049999999999954525,0.01500000000001478,EXPLORATORY_POSTHOC
FINAL_POSTHOC_ONLY,XGBOOST,SIMULATED_L3_POST_FILL_MARKOUT_100MS,ask,100ms,time_to_fill_bucket,Q2,301,True,True,-0.0008471760797339209,-0.0049999999999954525,-0.014999999999986358,-0.0049999999999954525,0.0049999999999954525,0.009999999999990905,EXPLORATORY_POSTHOC
FINAL_POSTHOC_ONLY,XGBOOST,SIMULATED_L3_POST_FILL_MARKOUT_100MS,ask,100ms,time_to_fill_bucket,Q3,336,True,True,-0.0020386904761916674,-0.0049999999999954525,-0.014999999999986358,-0.0049999999999954525,0.0049999999999954525,0.009999999999990905,EXPLORATORY_POSTHOC
FINAL_POSTHOC_ONLY,XGBOOST,SIMULATED_L3_POST_FILL_MARKOUT_100MS,ask,100ms,time_to_fill_bucket,Q4,218,True,True,-0.0019954128440380116,-0.0049999999999954525,-0.014999999999986358,-0.0049999999999954525,0.0049999999999954525,0.005000000000023874,EXPLORATORY_POSTHOC
