label,model,registered_non_liquidation_cost_ticks,additional_cost_ticks,liquidation_cost_ticks,confidence_threshold,edge_threshold_ticks,maximum_queue_ahead,latency_ns,latency_variation,inventory_penalty,mean_expected_edge_ticks,positive_edge_fraction,winner_selected
V3_CANDIDATE_DEVELOPMENT_ONLY_SURFACE,M3T,0.2,0.0,0.0,0.0,0.0,59.5,1000000,UNSUPPORTED_WITHOUT_REPLAY,0.0,0.03068763432013954,0.35185185185185186,False
V3_CANDIDATE_DEVELOPMENT_ONLY_SURFACE,M3T,0.2,0.0,0.0,0.0,0.0,59.5,1000000,UNSUPPORTED_WITHOUT_REPLAY,0.05,0.013095041727546948,0.2839506172839506,False
V3_CANDIDATE_DEVELOPMENT_ONLY_SURFACE,M3T,0.2,0.0,0.0,0.0,0.0,59.5,1000000,UNSUPPORTED_WITHOUT_REPLAY,0.1,-0.004497550865045644,0.14609053497942387,False
V3_CANDIDATE_DEVELOPMENT_ONLY_SURFACE,M3T,0.2,0.0,0.0,0.0,0.0,59.5,1000000,UNSUPPORTED_WITHOUT_REPLAY,0.25,-0.05727532864282342,0.0,False
V3_CANDIDATE_DEVELOPMENT_ONLY_SURFACE,M3T,0.2,0.0,0.0,0.0,0.0,66.5,1000000,UNSUPPORTED_WITHOUT_REPLAY,0.0,0.036565783256662265,0.41358024691358025,False
V3_CANDIDATE_DEVELOPMENT_ONLY_SURFACE,M3T,0.2,0.0,0.0,0.0,0.0,66.5,1000000,UNSUPPORTED_WITHOUT_REPLAY,0.05,0.015886770910983245,0.3436213991769547,False
V3_CANDIDATE_DEVELOPMENT_ONLY_SURFACE,M3T,0.2,0.0,0.0,0.0,0.0,66.5,1000000,UNSUPPORTED_WITHOUT_REPLAY,0.1,-0.004792241434695769,0.17901234567901234,False
V3_CANDIDATE_DEVELOPMENT_ONLY_SURFACE,M3T,0.2,0.0,0.0,0.0,0.0,66.5,1000000,UNSUPPORTED_WITHOUT_REPLAY,0.25,-0.06682927847173281,0.0,False
V3_CANDIDATE_DEVELOPMENT_ONLY_SURFACE,M3T,0.2,0.0,0.0,0.0,0.0,77.5,1000000,UNSUPPORTED_WITHOUT_REPLAY,0.0,0.04441634479767582,0.5082304526748971,False
V3_CANDIDATE_DEVELOPMENT_ONLY_SURFACE,M3T,0.2,0.0,0.0,0.0,0.0,77.5,1000000,UNSUPPORTED_WITHOUT_REPLAY,0.05,0.01900482216393096,0.43209876543209874,False
V3_CANDIDATE_DEVELOPMENT_ONLY_SURFACE,M3T,0.2,0.0,0.0,0.0,0.0,77.5,1000000,UNSUPPORTED_WITHOUT_REPLAY,0.1,-0.0064067004698139035,0.2037037037037037,False
V3_CANDIDATE_DEVELOPMENT_ONLY_SURFACE,M3T,0.2,0.0,0.0,0.0,0.0,77.5,1000000,UNSUPPORTED_WITHOUT_REPLAY,0.25,-0.08264126837104846,0.0,False
V3_CANDIDATE_DEVELOPMENT_ONLY_SURFACE,M3T,0.2,0.0,0.0,0.0,0.05,59.5,1000000,UNSUPPORTED_WITHOUT_REPLAY,0.0,0.02840879331744338,0.2839506172839506,False
V3_CANDIDATE_DEVELOPMENT_ONLY_SURFACE,M3T,0.2,0.0,0.0,0.0,0.05,59.5,1000000,UNSUPPORTED_WITHOUT_REPLAY,0.05,0.014211262453245846,0.2839506172839506,False
V3_CANDIDATE_DEVELOPMENT_ONLY_SURFACE,M3T,0.2,0.0,0.0,0.0,0.05,59.5,1000000,UNSUPPORTED_WITHOUT_REPLAY,0.1,1.3731589048314606e-05,0.14609053497942387,False
V3_CANDIDATE_DEVELOPMENT_ONLY_SURFACE,M3T,0.2,0.0,0.0,0.0,0.05,59.5,1000000,UNSUPPORTED_WITHOUT_REPLAY,0.25,-0.04257886100354428,0.0,False
V3_CANDIDATE_DEVELOPMENT_ONLY_SURFACE,M3T,0.2,0.0,0.0,0.0,0.05,66.5,1000000,UNSUPPORTED_WITHOUT_REPLAY,0.0,0.034194537382948115,0.3436213991769547,False
V3_CANDIDATE_DEVELOPMENT_ONLY_SURFACE,M3T,0.2,0.0,0.0,0.0,0.05,66.5,1000000,UNSUPPORTED_WITHOUT_REPLAY,0.05,0.01701346742410038,0.3436213991769547,False
V3_CANDIDATE_DEVELOPMENT_ONLY_SURFACE,M3T,0.2,0.0,0.0,0.0,0.05,66.5,1000000,UNSUPPORTED_WITHOUT_REPLAY,0.1,-0.0001676025347473567,0.17901234567901234,False
V3_CANDIDATE_DEVELOPMENT_ONLY_SURFACE,M3T,0.2,0.0,0.0,0.0,0.05,66.5,1000000,UNSUPPORTED_WITHOUT_REPLAY,0.25,-0.05171081241129056,0.0,False
V3_CANDIDATE_DEVELOPMENT_ONLY_SURFACE,M3T,0.2,0.0,0.0,0.0,0.05,77.5,1000000,UNSUPPORTED_WITHOUT_REPLAY,0.0,0.041744142628547656,0.43209876543209874,False
V3_CANDIDATE_DEVELOPMENT_ONLY_SURFACE,M3T,0.2,0.0,0.0,0.0,0.05,77.5,1000000,UNSUPPORTED_WITHOUT_REPLAY,0.05,0.020139204356942723,0.43209876543209874,False
V3_CANDIDATE_DEVELOPMENT_ONLY_SURFACE,M3T,0.2,0.0,0.0,0.0,0.05,77.5,1000000,UNSUPPORTED_WITHOUT_REPLAY,0.1,-0.0014657339146622221,0.2037037037037037,False
V3_CANDIDATE_DEVELOPMENT_ONLY_SURFACE,M3T,0.2,0.0,0.0,0.0,0.05,77.5,1000000,UNSUPPORTED_WITHOUT_REPLAY,0.25,-0.06628054872947704,0.0,False
V3_CANDIDATE_DEVELOPMENT_ONLY_SURFACE,M3T,0.2,0.0,0.0,0.0,0.1,59.5,1000000,UNSUPPORTED_WITHOUT_REPLAY,0.0,0.01804394424106614,0.14609053497942387,False
V3_CANDIDATE_DEVELOPMENT_ONLY_SURFACE,M3T,0.2,0.0,0.0,0.0,0.1,59.5,1000000,UNSUPPORTED_WITHOUT_REPLAY,0.05,0.010739417492094946,0.14609053497942387,False
V3_CANDIDATE_DEVELOPMENT_ONLY_SURFACE,M3T,0.2,0.0,0.0,0.0,0.1,59.5,1000000,UNSUPPORTED_WITHOUT_REPLAY,0.1,0.003434890743123753,0.14609053497942387,False
V3_CANDIDATE_DEVELOPMENT_ONLY_SURFACE,M3T,0.2,0.0,0.0,0.0,0.1,59.5,1000000,UNSUPPORTED_WITHOUT_REPLAY,0.25,-0.01847868950378983,0.0,False
V3_CANDIDATE_DEVELOPMENT_ONLY_SURFACE,M3T,0.2,0.0,0.0,0.0,0.1,66.5,1000000,UNSUPPORTED_WITHOUT_REPLAY,0.0,0.021930972734712024,0.17901234567901234,False
V3_CANDIDATE_DEVELOPMENT_ONLY_SURFACE,M3T,0.2,0.0,0.0,0.0,0.1,66.5,1000000,UNSUPPORTED_WITHOUT_REPLAY,0.05,0.012980355450761408,0.17901234567901234,False
V3_CANDIDATE_DEVELOPMENT_ONLY_SURFACE,M3T,0.2,0.0,0.0,0.0,0.1,66.5,1000000,UNSUPPORTED_WITHOUT_REPLAY,0.1,0.004029738166810788,0.17901234567901234,False
V3_CANDIDATE_DEVELOPMENT_ONLY_SURFACE,M3T,0.2,0.0,0.0,0.0,0.1,66.5,1000000,UNSUPPORTED_WITHOUT_REPLAY,0.25,-0.022822113685041064,0.0,False
V3_CANDIDATE_DEVELOPMENT_ONLY_SURFACE,M3T,0.2,0.0,0.0,0.0,0.1,77.5,1000000,UNSUPPORTED_WITHOUT_REPLAY,0.0,0.024853870270456064,0.2037037037037037,False
V3_CANDIDATE_DEVELOPMENT_ONLY_SURFACE,M3T,0.2,0.0,0.0,0.0,0.1,77.5,1000000,UNSUPPORTED_WITHOUT_REPLAY,0.05,0.01466868508527088,0.2037037037037037,False
V3_CANDIDATE_DEVELOPMENT_ONLY_SURFACE,M3T,0.2,0.0,0.0,0.0,0.1,77.5,1000000,UNSUPPORTED_WITHOUT_REPLAY,0.1,0.004483499900085691,0.2037037037037037,False
V3_CANDIDATE_DEVELOPMENT_ONLY_SURFACE,M3T,0.2,0.0,0.0,0.0,0.1,77.5,1000000,UNSUPPORTED_WITHOUT_REPLAY,0.25,-0.026072055655469863,0.0,False
V3_CANDIDATE_DEVELOPMENT_ONLY_SURFACE,M3T,0.2,0.0,0.0,0.4,0.0,59.5,1000000,UNSUPPORTED_WITHOUT_REPLAY,0.0,0.03068763432013954,0.35185185185185186,False
V3_CANDIDATE_DEVELOPMENT_ONLY_SURFACE,M3T,0.2,0.0,0.0,0.4,0.0,59.5,1000000,UNSUPPORTED_WITHOUT_REPLAY,0.05,0.013095041727546948,0.2839506172839506,False
V3_CANDIDATE_DEVELOPMENT_ONLY_SURFACE,M3T,0.2,0.0,0.0,0.4,0.0,59.5,1000000,UNSUPPORTED_WITHOUT_REPLAY,0.1,-0.004497550865045644,0.14609053497942387,False
V3_CANDIDATE_DEVELOPMENT_ONLY_SURFACE,M3T,0.2,0.0,0.0,0.4,0.0,59.5,1000000,UNSUPPORTED_WITHOUT_REPLAY,0.25,-0.05727532864282342,0.0,False
V3_CANDIDATE_DEVELOPMENT_ONLY_SURFACE,M3T,0.2,0.0,0.0,0.4,0.0,66.5,1000000,UNSUPPORTED_WITHOUT_REPLAY,0.0,0.036456302196101006,0.411522633744856,False
V3_CANDIDATE_DEVELOPMENT_ONLY_SURFACE,M3T,0.2,0.0,0.0,0.4,0.0,66.5,1000000,UNSUPPORTED_WITHOUT_REPLAY,0.05,0.015880170508858208,0.34156378600823045,False
V3_CANDIDATE_DEVELOPMENT_ONLY_SURFACE,M3T,0.2,0.0,0.0,0.4,0.0,66.5,1000000,UNSUPPORTED_WITHOUT_REPLAY,0.1,-0.004695961178384592,0.17901234567901234,False
V3_CANDIDATE_DEVELOPMENT_ONLY_SURFACE,M3T,0.2,0.0,0.0,0.4,0.0,66.5,1000000,UNSUPPORTED_WITHOUT_REPLAY,0.25,-0.066424356240113,0.0,False
V3_CANDIDATE_DEVELOPMENT_ONLY_SURFACE,M3T,0.2,0.0,0.0,0.4,0.0,77.5,1000000,UNSUPPORTED_WITHOUT_REPLAY,0.0,0.044306863737114566,0.5061728395061729,False
V3_CANDIDATE_DEVELOPMENT_ONLY_SURFACE,M3T,0.2,0.0,0.0,0.4,0.0,77.5,1000000,UNSUPPORTED_WITHOUT_REPLAY,0.05,0.01899822176180592,0.43004115226337447,False
V3_CANDIDATE_DEVELOPMENT_ONLY_SURFACE,M3T,0.2,0.0,0.0,0.4,0.0,77.5,1000000,UNSUPPORTED_WITHOUT_REPLAY,0.1,-0.0063104202135027265,0.2037037037037037,False
V3_CANDIDATE_DEVELOPMENT_ONLY_SURFACE,M3T,0.2,0.0,0.0,0.4,0.0,77.5,1000000,UNSUPPORTED_WITHOUT_REPLAY,0.25,-0.08223634613942865,0.0,False
V3_CANDIDATE_DEVELOPMENT_ONLY_SURFACE,M3T,0.2,0.0,0.0,0.4,0.05,59.5,1000000,UNSUPPORTED_WITHOUT_REPLAY,0.0,0.02840879331744338,0.2839506172839506,False
V3_CANDIDATE_DEVELOPMENT_ONLY_SURFACE,M3T,0.2,0.0,0.0,0.4,0.05,59.5,1000000,UNSUPPORTED_WITHOUT_REPLAY,0.05,0.014211262453245846,0.2839506172839506,False
V3_CANDIDATE_DEVELOPMENT_ONLY_SURFACE,M3T,0.2,0.0,0.0,0.4,0.05,59.5,1000000,UNSUPPORTED_WITHOUT_REPLAY,0.1,1.3731589048314606e-05,0.14609053497942387,False
V3_CANDIDATE_DEVELOPMENT_ONLY_SURFACE,M3T,0.2,0.0,0.0,0.4,0.05,59.5,1000000,UNSUPPORTED_WITHOUT_REPLAY,0.25,-0.04257886100354428,0.0,False
V3_CANDIDATE_DEVELOPMENT_ONLY_SURFACE,M3T,0.2,0.0,0.0,0.4,0.05,66.5,1000000,UNSUPPORTED_WITHOUT_REPLAY,0.0,0.03408505632238686,0.34156378600823045,False
V3_CANDIDATE_DEVELOPMENT_ONLY_SURFACE,M3T,0.2,0.0,0.0,0.4,0.05,66.5,1000000,UNSUPPORTED_WITHOUT_REPLAY,0.05,0.017006867021975344,0.34156378600823045,False
V3_CANDIDATE_DEVELOPMENT_ONLY_SURFACE,M3T,0.2,0.0,0.0,0.4,0.05,66.5,1000000,UNSUPPORTED_WITHOUT_REPLAY,0.1,-7.132227843618046e-05,0.17901234567901234,False
V3_CANDIDATE_DEVELOPMENT_ONLY_SURFACE,M3T,0.2,0.0,0.0,0.4,0.05,66.5,1000000,UNSUPPORTED_WITHOUT_REPLAY,0.25,-0.05130589017967074,0.0,False
V3_CANDIDATE_DEVELOPMENT_ONLY_SURFACE,M3T,0.2,0.0,0.0,0.4,0.05,77.5,1000000,UNSUPPORTED_WITHOUT_REPLAY,0.0,0.0416346615679864,0.43004115226337447,False
V3_CANDIDATE_DEVELOPMENT_ONLY_SURFACE,M3T,0.2,0.0,0.0,0.4,0.05,77.5,1000000,UNSUPPORTED_WITHOUT_REPLAY,0.05,0.020132603954817686,0.43004115226337447,False
V3_CANDIDATE_DEVELOPMENT_ONLY_SURFACE,M3T,0.2,0.0,0.0,0.4,0.05,77.5,1000000,UNSUPPORTED_WITHOUT_REPLAY,0.1,-0.0013694536583510463,0.2037037037037037,False
V3_CANDIDATE_DEVELOPMENT_ONLY_SURFACE,M3T,0.2,0.0,0.0,0.4,0.05,77.5,1000000,UNSUPPORTED_WITHOUT_REPLAY,0.25,-0.06587562649785722,0.0,False
V3_CANDIDATE_DEVELOPMENT_ONLY_SURFACE,M3T,0.2,0.0,0.0,0.4,0.1,59.5,1000000,UNSUPPORTED_WITHOUT_REPLAY,0.0,0.01804394424106614,0.14609053497942387,False
V3_CANDIDATE_DEVELOPMENT_ONLY_SURFACE,M3T,0.2,0.0,0.0,0.4,0.1,59.5,1000000,UNSUPPORTED_WITHOUT_REPLAY,0.05,0.010739417492094946,0.14609053497942387,False
V3_CANDIDATE_DEVELOPMENT_ONLY_SURFACE,M3T,0.2,0.0,0.0,0.4,0.1,59.5,1000000,UNSUPPORTED_WITHOUT_REPLAY,0.1,0.003434890743123753,0.14609053497942387,False
V3_CANDIDATE_DEVELOPMENT_ONLY_SURFACE,M3T,0.2,0.0,0.0,0.4,0.1,59.5,1000000,UNSUPPORTED_WITHOUT_REPLAY,0.25,-0.01847868950378983,0.0,False
V3_CANDIDATE_DEVELOPMENT_ONLY_SURFACE,M3T,0.2,0.0,0.0,0.4,0.1,66.5,1000000,UNSUPPORTED_WITHOUT_REPLAY,0.0,0.021930972734712024,0.17901234567901234,False
V3_CANDIDATE_DEVELOPMENT_ONLY_SURFACE,M3T,0.2,0.0,0.0,0.4,0.1,66.5,1000000,UNSUPPORTED_WITHOUT_REPLAY,0.05,0.012980355450761408,0.17901234567901234,False
V3_CANDIDATE_DEVELOPMENT_ONLY_SURFACE,M3T,0.2,0.0,0.0,0.4,0.1,66.5,1000000,UNSUPPORTED_WITHOUT_REPLAY,0.1,0.004029738166810788,0.17901234567901234,False
V3_CANDIDATE_DEVELOPMENT_ONLY_SURFACE,M3T,0.2,0.0,0.0,0.4,0.1,66.5,1000000,UNSUPPORTED_WITHOUT_REPLAY,0.25,-0.022822113685041064,0.0,False
V3_CANDIDATE_DEVELOPMENT_ONLY_SURFACE,M3T,0.2,0.0,0.0,0.4,0.1,77.5,1000000,UNSUPPORTED_WITHOUT_REPLAY,0.0,0.024853870270456064,0.2037037037037037,False
V3_CANDIDATE_DEVELOPMENT_ONLY_SURFACE,M3T,0.2,0.0,0.0,0.4,0.1,77.5,1000000,UNSUPPORTED_WITHOUT_REPLAY,0.05,0.01466868508527088,0.2037037037037037,False
V3_CANDIDATE_DEVELOPMENT_ONLY_SURFACE,M3T,0.2,0.0,0.0,0.4,0.1,77.5,1000000,UNSUPPORTED_WITHOUT_REPLAY,0.1,0.004483499900085691,0.2037037037037037,False
V3_CANDIDATE_DEVELOPMENT_ONLY_SURFACE,M3T,0.2,0.0,0.0,0.4,0.1,77.5,1000000,UNSUPPORTED_WITHOUT_REPLAY,0.25,-0.026072055655469863,0.0,False
V3_CANDIDATE_DEVELOPMENT_ONLY_SURFACE,M3T,0.2,0.0,0.0,0.6,0.0,59.5,1000000,UNSUPPORTED_WITHOUT_REPLAY,0.0,0.0,0.0,False
V3_CANDIDATE_DEVELOPMENT_ONLY_SURFACE,M3T,0.2,0.0,0.0,0.6,0.0,59.5,1000000,UNSUPPORTED_WITHOUT_REPLAY,0.05,0.0,0.0,False
V3_CANDIDATE_DEVELOPMENT_ONLY_SURFACE,M3T,0.2,0.0,0.0,0.6,0.0,59.5,1000000,UNSUPPORTED_WITHOUT_REPLAY,0.1,0.0,0.0,False
V3_CANDIDATE_DEVELOPMENT_ONLY_SURFACE,M3T,0.2,0.0,0.0,0.6,0.0,59.5,1000000,UNSUPPORTED_WITHOUT_REPLAY,0.25,0.0,0.0,False
V3_CANDIDATE_DEVELOPMENT_ONLY_SURFACE,M3T,0.2,0.0,0.0,0.6,0.0,66.5,1000000,UNSUPPORTED_WITHOUT_REPLAY,0.0,0.0,0.0,False
V3_CANDIDATE_DEVELOPMENT_ONLY_SURFACE,M3T,0.2,0.0,0.0,0.6,0.0,66.5,1000000,UNSUPPORTED_WITHOUT_REPLAY,0.05,0.0,0.0,False
V3_CANDIDATE_DEVELOPMENT_ONLY_SURFACE,M3T,0.2,0.0,0.0,0.6,0.0,66.5,1000000,UNSUPPORTED_WITHOUT_REPLAY,0.1,0.0,0.0,False
V3_CANDIDATE_DEVELOPMENT_ONLY_SURFACE,M3T,0.2,0.0,0.0,0.6,0.0,66.5,1000000,UNSUPPORTED_WITHOUT_REPLAY,0.25,0.0,0.0,False
V3_CANDIDATE_DEVELOPMENT_ONLY_SURFACE,M3T,0.2,0.0,0.0,0.6,0.0,77.5,1000000,UNSUPPORTED_WITHOUT_REPLAY,0.0,0.0,0.0,False
V3_CANDIDATE_DEVELOPMENT_ONLY_SURFACE,M3T,0.2,0.0,0.0,0.6,0.0,77.5,1000000,UNSUPPORTED_WITHOUT_REPLAY,0.05,0.0,0.0,False
V3_CANDIDATE_DEVELOPMENT_ONLY_SURFACE,M3T,0.2,0.0,0.0,0.6,0.0,77.5,1000000,UNSUPPORTED_WITHOUT_REPLAY,0.1,0.0,0.0,False
V3_CANDIDATE_DEVELOPMENT_ONLY_SURFACE,M3T,0.2,0.0,0.0,0.6,0.0,77.5,1000000,UNSUPPORTED_WITHOUT_REPLAY,0.25,0.0,0.0,False
V3_CANDIDATE_DEVELOPMENT_ONLY_SURFACE,M3T,0.2,0.0,0.0,0.6,0.05,59.5,1000000,UNSUPPORTED_WITHOUT_REPLAY,0.0,0.0,0.0,False
V3_CANDIDATE_DEVELOPMENT_ONLY_SURFACE,M3T,0.2,0.0,0.0,0.6,0.05,59.5,1000000,UNSUPPORTED_WITHOUT_REPLAY,0.05,0.0,0.0,False
V3_CANDIDATE_DEVELOPMENT_ONLY_SURFACE,M3T,0.2,0.0,0.0,0.6,0.05,59.5,1000000,UNSUPPORTED_WITHOUT_REPLAY,0.1,0.0,0.0,False
V3_CANDIDATE_DEVELOPMENT_ONLY_SURFACE,M3T,0.2,0.0,0.0,0.6,0.05,59.5,1000000,UNSUPPORTED_WITHOUT_REPLAY,0.25,0.0,0.0,False
V3_CANDIDATE_DEVELOPMENT_ONLY_SURFACE,M3T,0.2,0.0,0.0,0.6,0.05,66.5,1000000,UNSUPPORTED_WITHOUT_REPLAY,0.0,0.0,0.0,False
V3_CANDIDATE_DEVELOPMENT_ONLY_SURFACE,M3T,0.2,0.0,0.0,0.6,0.05,66.5,1000000,UNSUPPORTED_WITHOUT_REPLAY,0.05,0.0,0.0,False
V3_CANDIDATE_DEVELOPMENT_ONLY_SURFACE,M3T,0.2,0.0,0.0,0.6,0.05,66.5,1000000,UNSUPPORTED_WITHOUT_REPLAY,0.1,0.0,0.0,False
V3_CANDIDATE_DEVELOPMENT_ONLY_SURFACE,M3T,0.2,0.0,0.0,0.6,0.05,66.5,1000000,UNSUPPORTED_WITHOUT_REPLAY,0.25,0.0,0.0,False
V3_CANDIDATE_DEVELOPMENT_ONLY_SURFACE,M3T,0.2,0.0,0.0,0.6,0.05,77.5,1000000,UNSUPPORTED_WITHOUT_REPLAY,0.0,0.0,0.0,False
V3_CANDIDATE_DEVELOPMENT_ONLY_SURFACE,M3T,0.2,0.0,0.0,0.6,0.05,77.5,1000000,UNSUPPORTED_WITHOUT_REPLAY,0.05,0.0,0.0,False
V3_CANDIDATE_DEVELOPMENT_ONLY_SURFACE,M3T,0.2,0.0,0.0,0.6,0.05,77.5,1000000,UNSUPPORTED_WITHOUT_REPLAY,0.1,0.0,0.0,False
V3_CANDIDATE_DEVELOPMENT_ONLY_SURFACE,M3T,0.2,0.0,0.0,0.6,0.05,77.5,1000000,UNSUPPORTED_WITHOUT_REPLAY,0.25,0.0,0.0,False
V3_CANDIDATE_DEVELOPMENT_ONLY_SURFACE,M3T,0.2,0.0,0.0,0.6,0.1,59.5,1000000,UNSUPPORTED_WITHOUT_REPLAY,0.0,0.0,0.0,False
V3_CANDIDATE_DEVELOPMENT_ONLY_SURFACE,M3T,0.2,0.0,0.0,0.6,0.1,59.5,1000000,UNSUPPORTED_WITHOUT_REPLAY,0.05,0.0,0.0,False
V3_CANDIDATE_DEVELOPMENT_ONLY_SURFACE,M3T,0.2,0.0,0.0,0.6,0.1,59.5,1000000,UNSUPPORTED_WITHOUT_REPLAY,0.1,0.0,0.0,False
V3_CANDIDATE_DEVELOPMENT_ONLY_SURFACE,M3T,0.2,0.0,0.0,0.6,0.1,59.5,1000000,UNSUPPORTED_WITHOUT_REPLAY,0.25,0.0,0.0,False
V3_CANDIDATE_DEVELOPMENT_ONLY_SURFACE,M3T,0.2,0.0,0.0,0.6,0.1,66.5,1000000,UNSUPPORTED_WITHOUT_REPLAY,0.0,0.0,0.0,False
V3_CANDIDATE_DEVELOPMENT_ONLY_SURFACE,M3T,0.2,0.0,0.0,0.6,0.1,66.5,1000000,UNSUPPORTED_WITHOUT_REPLAY,0.05,0.0,0.0,False
V3_CANDIDATE_DEVELOPMENT_ONLY_SURFACE,M3T,0.2,0.0,0.0,0.6,0.1,66.5,1000000,UNSUPPORTED_WITHOUT_REPLAY,0.1,0.0,0.0,False
V3_CANDIDATE_DEVELOPMENT_ONLY_SURFACE,M3T,0.2,0.0,0.0,0.6,0.1,66.5,1000000,UNSUPPORTED_WITHOUT_REPLAY,0.25,0.0,0.0,False
V3_CANDIDATE_DEVELOPMENT_ONLY_SURFACE,M3T,0.2,0.0,0.0,0.6,0.1,77.5,1000000,UNSUPPORTED_WITHOUT_REPLAY,0.0,0.0,0.0,False
V3_CANDIDATE_DEVELOPMENT_ONLY_SURFACE,M3T,0.2,0.0,0.0,0.6,0.1,77.5,1000000,UNSUPPORTED_WITHOUT_REPLAY,0.05,0.0,0.0,False
V3_CANDIDATE_DEVELOPMENT_ONLY_SURFACE,M3T,0.2,0.0,0.0,0.6,0.1,77.5,1000000,UNSUPPORTED_WITHOUT_REPLAY,0.1,0.0,0.0,False
V3_CANDIDATE_DEVELOPMENT_ONLY_SURFACE,M3T,0.2,0.0,0.0,0.6,0.1,77.5,1000000,UNSUPPORTED_WITHOUT_REPLAY,0.25,0.0,0.0,False
V3_CANDIDATE_DEVELOPMENT_ONLY_SURFACE,M3T,0.2,0.0,0.0,0.8,0.0,59.5,1000000,UNSUPPORTED_WITHOUT_REPLAY,0.0,0.0,0.0,False
V3_CANDIDATE_DEVELOPMENT_ONLY_SURFACE,M3T,0.2,0.0,0.0,0.8,0.0,59.5,1000000,UNSUPPORTED_WITHOUT_REPLAY,0.05,0.0,0.0,False
V3_CANDIDATE_DEVELOPMENT_ONLY_SURFACE,M3T,0.2,0.0,0.0,0.8,0.0,59.5,1000000,UNSUPPORTED_WITHOUT_REPLAY,0.1,0.0,0.0,False
V3_CANDIDATE_DEVELOPMENT_ONLY_SURFACE,M3T,0.2,0.0,0.0,0.8,0.0,59.5,1000000,UNSUPPORTED_WITHOUT_REPLAY,0.25,0.0,0.0,False
V3_CANDIDATE_DEVELOPMENT_ONLY_SURFACE,M3T,0.2,0.0,0.0,0.8,0.0,66.5,1000000,UNSUPPORTED_WITHOUT_REPLAY,0.0,0.0,0.0,False
V3_CANDIDATE_DEVELOPMENT_ONLY_SURFACE,M3T,0.2,0.0,0.0,0.8,0.0,66.5,1000000,UNSUPPORTED_WITHOUT_REPLAY,0.05,0.0,0.0,False
V3_CANDIDATE_DEVELOPMENT_ONLY_SURFACE,M3T,0.2,0.0,0.0,0.8,0.0,66.5,1000000,UNSUPPORTED_WITHOUT_REPLAY,0.1,0.0,0.0,False
V3_CANDIDATE_DEVELOPMENT_ONLY_SURFACE,M3T,0.2,0.0,0.0,0.8,0.0,66.5,1000000,UNSUPPORTED_WITHOUT_REPLAY,0.25,0.0,0.0,False
V3_CANDIDATE_DEVELOPMENT_ONLY_SURFACE,M3T,0.2,0.0,0.0,0.8,0.0,77.5,1000000,UNSUPPORTED_WITHOUT_REPLAY,0.0,0.0,0.0,False
V3_CANDIDATE_DEVELOPMENT_ONLY_SURFACE,M3T,0.2,0.0,0.0,0.8,0.0,77.5,1000000,UNSUPPORTED_WITHOUT_REPLAY,0.05,0.0,0.0,False
V3_CANDIDATE_DEVELOPMENT_ONLY_SURFACE,M3T,0.2,0.0,0.0,0.8,0.0,77.5,1000000,UNSUPPORTED_WITHOUT_REPLAY,0.1,0.0,0.0,False
V3_CANDIDATE_DEVELOPMENT_ONLY_SURFACE,M3T,0.2,0.0,0.0,0.8,0.0,77.5,1000000,UNSUPPORTED_WITHOUT_REPLAY,0.25,0.0,0.0,False
V3_CANDIDATE_DEVELOPMENT_ONLY_SURFACE,M3T,0.2,0.0,0.0,0.8,0.05,59.5,1000000,UNSUPPORTED_WITHOUT_REPLAY,0.0,0.0,0.0,False
V3_CANDIDATE_DEVELOPMENT_ONLY_SURFACE,M3T,0.2,0.0,0.0,0.8,0.05,59.5,1000000,UNSUPPORTED_WITHOUT_REPLAY,0.05,0.0,0.0,False
V3_CANDIDATE_DEVELOPMENT_ONLY_SURFACE,M3T,0.2,0.0,0.0,0.8,0.05,59.5,1000000,UNSUPPORTED_WITHOUT_REPLAY,0.1,0.0,0.0,False
V3_CANDIDATE_DEVELOPMENT_ONLY_SURFACE,M3T,0.2,0.0,0.0,0.8,0.05,59.5,1000000,UNSUPPORTED_WITHOUT_REPLAY,0.25,0.0,0.0,False
V3_CANDIDATE_DEVELOPMENT_ONLY_SURFACE,M3T,0.2,0.0,0.0,0.8,0.05,66.5,1000000,UNSUPPORTED_WITHOUT_REPLAY,0.0,0.0,0.0,False
V3_CANDIDATE_DEVELOPMENT_ONLY_SURFACE,M3T,0.2,0.0,0.0,0.8,0.05,66.5,1000000,UNSUPPORTED_WITHOUT_REPLAY,0.05,0.0,0.0,False
V3_CANDIDATE_DEVELOPMENT_ONLY_SURFACE,M3T,0.2,0.0,0.0,0.8,0.05,66.5,1000000,UNSUPPORTED_WITHOUT_REPLAY,0.1,0.0,0.0,False
V3_CANDIDATE_DEVELOPMENT_ONLY_SURFACE,M3T,0.2,0.0,0.0,0.8,0.05,66.5,1000000,UNSUPPORTED_WITHOUT_REPLAY,0.25,0.0,0.0,False
V3_CANDIDATE_DEVELOPMENT_ONLY_SURFACE,M3T,0.2,0.0,0.0,0.8,0.05,77.5,1000000,UNSUPPORTED_WITHOUT_REPLAY,0.0,0.0,0.0,False
V3_CANDIDATE_DEVELOPMENT_ONLY_SURFACE,M3T,0.2,0.0,0.0,0.8,0.05,77.5,1000000,UNSUPPORTED_WITHOUT_REPLAY,0.05,0.0,0.0,False
V3_CANDIDATE_DEVELOPMENT_ONLY_SURFACE,M3T,0.2,0.0,0.0,0.8,0.05,77.5,1000000,UNSUPPORTED_WITHOUT_REPLAY,0.1,0.0,0.0,False
V3_CANDIDATE_DEVELOPMENT_ONLY_SURFACE,M3T,0.2,0.0,0.0,0.8,0.05,77.5,1000000,UNSUPPORTED_WITHOUT_REPLAY,0.25,0.0,0.0,False
V3_CANDIDATE_DEVELOPMENT_ONLY_SURFACE,M3T,0.2,0.0,0.0,0.8,0.1,59.5,1000000,UNSUPPORTED_WITHOUT_REPLAY,0.0,0.0,0.0,False
V3_CANDIDATE_DEVELOPMENT_ONLY_SURFACE,M3T,0.2,0.0,0.0,0.8,0.1,59.5,1000000,UNSUPPORTED_WITHOUT_REPLAY,0.05,0.0,0.0,False
V3_CANDIDATE_DEVELOPMENT_ONLY_SURFACE,M3T,0.2,0.0,0.0,0.8,0.1,59.5,1000000,UNSUPPORTED_WITHOUT_REPLAY,0.1,0.0,0.0,False
V3_CANDIDATE_DEVELOPMENT_ONLY_SURFACE,M3T,0.2,0.0,0.0,0.8,0.1,59.5,1000000,UNSUPPORTED_WITHOUT_REPLAY,0.25,0.0,0.0,False
V3_CANDIDATE_DEVELOPMENT_ONLY_SURFACE,M3T,0.2,0.0,0.0,0.8,0.1,66.5,1000000,UNSUPPORTED_WITHOUT_REPLAY,0.0,0.0,0.0,False
V3_CANDIDATE_DEVELOPMENT_ONLY_SURFACE,M3T,0.2,0.0,0.0,0.8,0.1,66.5,1000000,UNSUPPORTED_WITHOUT_REPLAY,0.05,0.0,0.0,False
V3_CANDIDATE_DEVELOPMENT_ONLY_SURFACE,M3T,0.2,0.0,0.0,0.8,0.1,66.5,1000000,UNSUPPORTED_WITHOUT_REPLAY,0.1,0.0,0.0,False
V3_CANDIDATE_DEVELOPMENT_ONLY_SURFACE,M3T,0.2,0.0,0.0,0.8,0.1,66.5,1000000,UNSUPPORTED_WITHOUT_REPLAY,0.25,0.0,0.0,False
V3_CANDIDATE_DEVELOPMENT_ONLY_SURFACE,M3T,0.2,0.0,0.0,0.8,0.1,77.5,1000000,UNSUPPORTED_WITHOUT_REPLAY,0.0,0.0,0.0,False
V3_CANDIDATE_DEVELOPMENT_ONLY_SURFACE,M3T,0.2,0.0,0.0,0.8,0.1,77.5,1000000,UNSUPPORTED_WITHOUT_REPLAY,0.05,0.0,0.0,False
V3_CANDIDATE_DEVELOPMENT_ONLY_SURFACE,M3T,0.2,0.0,0.0,0.8,0.1,77.5,1000000,UNSUPPORTED_WITHOUT_REPLAY,0.1,0.0,0.0,False
V3_CANDIDATE_DEVELOPMENT_ONLY_SURFACE,M3T,0.2,0.0,0.0,0.8,0.1,77.5,1000000,UNSUPPORTED_WITHOUT_REPLAY,0.25,0.0,0.0,False
V3_CANDIDATE_DEVELOPMENT_ONLY_SURFACE,M3T,0.2,0.0,0.25,0.0,0.0,59.5,1000000,UNSUPPORTED_WITHOUT_REPLAY,0.0,0.0041417681555403416,0.13580246913580246,False
V3_CANDIDATE_DEVELOPMENT_ONLY_SURFACE,M3T,0.2,0.0,0.25,0.0,0.0,59.5,1000000,UNSUPPORTED_WITHOUT_REPLAY,0.05,-0.0026483553012497823,0.0205761316872428,False
V3_CANDIDATE_DEVELOPMENT_ONLY_SURFACE,M3T,0.2,0.0,0.25,0.0,0.0,59.5,1000000,UNSUPPORTED_WITHOUT_REPLAY,0.1,-0.009438478758039905,0.0,False
V3_CANDIDATE_DEVELOPMENT_ONLY_SURFACE,M3T,0.2,0.0,0.25,0.0,0.0,59.5,1000000,UNSUPPORTED_WITHOUT_REPLAY,0.25,-0.029808849128410277,0.0,False
V3_CANDIDATE_DEVELOPMENT_ONLY_SURFACE,M3T,0.2,0.0,0.25,0.0,0.0,66.5,1000000,UNSUPPORTED_WITHOUT_REPLAY,0.0,0.005564997548438235,0.17901234567901234,False
V3_CANDIDATE_DEVELOPMENT_ONLY_SURFACE,M3T,0.2,0.0,0.25,0.0,0.0,66.5,1000000,UNSUPPORTED_WITHOUT_REPLAY,0.05,-0.003385619735512382,0.02880658436213992,False
V3_CANDIDATE_DEVELOPMENT_ONLY_SURFACE,M3T,0.2,0.0,0.25,0.0,0.0,66.5,1000000,UNSUPPORTED_WITHOUT_REPLAY,0.1,-0.012336237019462999,0.0,False
V3_CANDIDATE_DEVELOPMENT_ONLY_SURFACE,M3T,0.2,0.0,0.25,0.0,0.0,66.5,1000000,UNSUPPORTED_WITHOUT_REPLAY,0.25,-0.03918808887131485,0.0,False
V3_CANDIDATE_DEVELOPMENT_ONLY_SURFACE,M3T,0.2,0.0,0.25,0.0,0.0,77.5,1000000,UNSUPPORTED_WITHOUT_REPLAY,0.0,0.007911595002751041,0.2551440329218107,False
V3_CANDIDATE_DEVELOPMENT_ONLY_SURFACE,M3T,0.2,0.0,0.25,0.0,0.0,77.5,1000000,UNSUPPORTED_WITHOUT_REPLAY,0.05,-0.004845606643339494,0.0411522633744856,False
V3_CANDIDATE_DEVELOPMENT_ONLY_SURFACE,M3T,0.2,0.0,0.25,0.0,0.0,77.5,1000000,UNSUPPORTED_WITHOUT_REPLAY,0.1,-0.01760280828943003,0.0,False
V3_CANDIDATE_DEVELOPMENT_ONLY_SURFACE,M3T,0.2,0.0,0.25,0.0,0.0,77.5,1000000,UNSUPPORTED_WITHOUT_REPLAY,0.25,-0.05587441322770164,0.0,False
V3_CANDIDATE_DEVELOPMENT_ONLY_SURFACE,M3T,0.2,0.0,0.25,0.0,0.05,59.5,1000000,UNSUPPORTED_WITHOUT_REPLAY,0.0,0.0012234224553947474,0.0205761316872428,False
V3_CANDIDATE_DEVELOPMENT_ONLY_SURFACE,M3T,0.2,0.0,0.25,0.0,0.05,59.5,1000000,UNSUPPORTED_WITHOUT_REPLAY,0.05,0.00019461587103260757,0.0205761316872428,False
V3_CANDIDATE_DEVELOPMENT_ONLY_SURFACE,M3T,0.2,0.0,0.25,0.0,0.05,59.5,1000000,UNSUPPORTED_WITHOUT_REPLAY,0.1,-0.0008341907133295323,0.0,False
V3_CANDIDATE_DEVELOPMENT_ONLY_SURFACE,M3T,0.2,0.0,0.25,0.0,0.05,59.5,1000000,UNSUPPORTED_WITHOUT_REPLAY,0.25,-0.0039206104664159525,0.0,False
V3_CANDIDATE_DEVELOPMENT_ONLY_SURFACE,M3T,0.2,0.0,0.25,0.0,0.05,66.5,1000000,UNSUPPORTED_WITHOUT_REPLAY,0.0,0.0016659291712381261,0.02880658436213992,False
V3_CANDIDATE_DEVELOPMENT_ONLY_SURFACE,M3T,0.2,0.0,0.25,0.0,0.05,66.5,1000000,UNSUPPORTED_WITHOUT_REPLAY,0.05,0.00022559995313113017,0.02880658436213992,False
V3_CANDIDATE_DEVELOPMENT_ONLY_SURFACE,M3T,0.2,0.0,0.25,0.0,0.05,66.5,1000000,UNSUPPORTED_WITHOUT_REPLAY,0.1,-0.0012147292649758658,0.0,False
V3_CANDIDATE_DEVELOPMENT_ONLY_SURFACE,M3T,0.2,0.0,0.25,0.0,0.05,66.5,1000000,UNSUPPORTED_WITHOUT_REPLAY,0.25,-0.005535716919296853,0.0,False
V3_CANDIDATE_DEVELOPMENT_ONLY_SURFACE,M3T,0.2,0.0,0.25,0.0,0.05,77.5,1000000,UNSUPPORTED_WITHOUT_REPLAY,0.0,0.002340042868518454,0.0411522633744856,False
V3_CANDIDATE_DEVELOPMENT_ONLY_SURFACE,M3T,0.2,0.0,0.25,0.0,0.05,77.5,1000000,UNSUPPORTED_WITHOUT_REPLAY,0.05,0.0002824296997941738,0.0411522633744856,False
V3_CANDIDATE_DEVELOPMENT_ONLY_SURFACE,M3T,0.2,0.0,0.25,0.0,0.05,77.5,1000000,UNSUPPORTED_WITHOUT_REPLAY,0.1,-0.0017751834689301062,0.0,False
V3_CANDIDATE_DEVELOPMENT_ONLY_SURFACE,M3T,0.2,0.0,0.25,0.0,0.05,77.5,1000000,UNSUPPORTED_WITHOUT_REPLAY,0.25,-0.007948022975102945,0.0,False
V3_CANDIDATE_DEVELOPMENT_ONLY_SURFACE,M3T,0.2,0.0,0.25,0.0,0.1,59.5,1000000,UNSUPPORTED_WITHOUT_REPLAY,0.0,0.0,0.0,False
V3_CANDIDATE_DEVELOPMENT_ONLY_SURFACE,M3T,0.2,0.0,0.25,0.0,0.1,59.5,1000000,UNSUPPORTED_WITHOUT_REPLAY,0.05,0.0,0.0,False
V3_CANDIDATE_DEVELOPMENT_ONLY_SURFACE,M3T,0.2,0.0,0.25,0.0,0.1,59.5,1000000,UNSUPPORTED_WITHOUT_REPLAY,0.1,0.0,0.0,False
V3_CANDIDATE_DEVELOPMENT_ONLY_SURFACE,M3T,0.2,0.0,0.25,0.0,0.1,59.5,1000000,UNSUPPORTED_WITHOUT_REPLAY,0.25,0.0,0.0,False
V3_CANDIDATE_DEVELOPMENT_ONLY_SURFACE,M3T,0.2,0.0,0.25,0.0,0.1,66.5,1000000,UNSUPPORTED_WITHOUT_REPLAY,0.0,0.0,0.0,False
V3_CANDIDATE_DEVELOPMENT_ONLY_SURFACE,M3T,0.2,0.0,0.25,0.0,0.1,66.5,1000000,UNSUPPORTED_WITHOUT_REPLAY,0.05,0.0,0.0,False
V3_CANDIDATE_DEVELOPMENT_ONLY_SURFACE,M3T,0.2,0.0,0.25,0.0,0.1,66.5,1000000,UNSUPPORTED_WITHOUT_REPLAY,0.1,0.0,0.0,False
V3_CANDIDATE_DEVELOPMENT_ONLY_SURFACE,M3T,0.2,0.0,0.25,0.0,0.1,66.5,1000000,UNSUPPORTED_WITHOUT_REPLAY,0.25,0.0,0.0,False
V3_CANDIDATE_DEVELOPMENT_ONLY_SURFACE,M3T,0.2,0.0,0.25,0.0,0.1,77.5,1000000,UNSUPPORTED_WITHOUT_REPLAY,0.0,0.0,0.0,False
V3_CANDIDATE_DEVELOPMENT_ONLY_SURFACE,M3T,0.2,0.0,0.25,0.0,0.1,77.5,1000000,UNSUPPORTED_WITHOUT_REPLAY,0.05,0.0,0.0,False
V3_CANDIDATE_DEVELOPMENT_ONLY_SURFACE,M3T,0.2,0.0,0.25,0.0,0.1,77.5,1000000,UNSUPPORTED_WITHOUT_REPLAY,0.1,0.0,0.0,False
V3_CANDIDATE_DEVELOPMENT_ONLY_SURFACE,M3T,0.2,0.0,0.25,0.0,0.1,77.5,1000000,UNSUPPORTED_WITHOUT_REPLAY,0.25,0.0,0.0,False
V3_CANDIDATE_DEVELOPMENT_ONLY_SURFACE,M3T,0.2,0.0,0.25,0.4,0.0,59.5,1000000,UNSUPPORTED_WITHOUT_REPLAY,0.0,0.0041417681555403416,0.13580246913580246,False
V3_CANDIDATE_DEVELOPMENT_ONLY_SURFACE,M3T,0.2,0.0,0.25,0.4,0.0,59.5,1000000,UNSUPPORTED_WITHOUT_REPLAY,0.05,-0.0026483553012497823,0.0205761316872428,False
V3_CANDIDATE_DEVELOPMENT_ONLY_SURFACE,M3T,0.2,0.0,0.25,0.4,0.0,59.5,1000000,UNSUPPORTED_WITHOUT_REPLAY,0.1,-0.009438478758039905,0.0,False
V3_CANDIDATE_DEVELOPMENT_ONLY_SURFACE,M3T,0.2,0.0,0.25,0.4,0.0,59.5,1000000,UNSUPPORTED_WITHOUT_REPLAY,0.25,-0.029808849128410277,0.0,False
V3_CANDIDATE_DEVELOPMENT_ONLY_SURFACE,M3T,0.2,0.0,0.25,0.4,0.0,66.5,1000000,UNSUPPORTED_WITHOUT_REPLAY,0.0,0.005564997548438235,0.17901234567901234,False
V3_CANDIDATE_DEVELOPMENT_ONLY_SURFACE,M3T,0.2,0.0,0.25,0.4,0.0,66.5,1000000,UNSUPPORTED_WITHOUT_REPLAY,0.05,-0.003385619735512382,0.02880658436213992,False
V3_CANDIDATE_DEVELOPMENT_ONLY_SURFACE,M3T,0.2,0.0,0.25,0.4,0.0,66.5,1000000,UNSUPPORTED_WITHOUT_REPLAY,0.1,-0.012336237019462999,0.0,False
V3_CANDIDATE_DEVELOPMENT_ONLY_SURFACE,M3T,0.2,0.0,0.25,0.4,0.0,66.5,1000000,UNSUPPORTED_WITHOUT_REPLAY,0.25,-0.03918808887131485,0.0,False
V3_CANDIDATE_DEVELOPMENT_ONLY_SURFACE,M3T,0.2,0.0,0.25,0.4,0.0,77.5,1000000,UNSUPPORTED_WITHOUT_REPLAY,0.0,0.007911595002751041,0.2551440329218107,False
V3_CANDIDATE_DEVELOPMENT_ONLY_SURFACE,M3T,0.2,0.0,0.25,0.4,0.0,77.5,1000000,UNSUPPORTED_WITHOUT_REPLAY,0.05,-0.004845606643339494,0.0411522633744856,False
V3_CANDIDATE_DEVELOPMENT_ONLY_SURFACE,M3T,0.2,0.0,0.25,0.4,0.0,77.5,1000000,UNSUPPORTED_WITHOUT_REPLAY,0.1,-0.01760280828943003,0.0,False
V3_CANDIDATE_DEVELOPMENT_ONLY_SURFACE,M3T,0.2,0.0,0.25,0.4,0.0,77.5,1000000,UNSUPPORTED_WITHOUT_REPLAY,0.25,-0.05587441322770164,0.0,False
V3_CANDIDATE_DEVELOPMENT_ONLY_SURFACE,M3T,0.2,0.0,0.25,0.4,0.05,59.5,1000000,UNSUPPORTED_WITHOUT_REPLAY,0.0,0.0012234224553947474,0.0205761316872428,False
V3_CANDIDATE_DEVELOPMENT_ONLY_SURFACE,M3T,0.2,0.0,0.25,0.4,0.05,59.5,1000000,UNSUPPORTED_WITHOUT_REPLAY,0.05,0.00019461587103260757,0.0205761316872428,False
V3_CANDIDATE_DEVELOPMENT_ONLY_SURFACE,M3T,0.2,0.0,0.25,0.4,0.05,59.5,1000000,UNSUPPORTED_WITHOUT_REPLAY,0.1,-0.0008341907133295323,0.0,False
V3_CANDIDATE_DEVELOPMENT_ONLY_SURFACE,M3T,0.2,0.0,0.25,0.4,0.05,59.5,1000000,UNSUPPORTED_WITHOUT_REPLAY,0.25,-0.0039206104664159525,0.0,False
V3_CANDIDATE_DEVELOPMENT_ONLY_SURFACE,M3T,0.2,0.0,0.25,0.4,0.05,66.5,1000000,UNSUPPORTED_WITHOUT_REPLAY,0.0,0.0016659291712381261,0.02880658436213992,False
V3_CANDIDATE_DEVELOPMENT_ONLY_SURFACE,M3T,0.2,0.0,0.25,0.4,0.05,66.5,1000000,UNSUPPORTED_WITHOUT_REPLAY,0.05,0.00022559995313113017,0.02880658436213992,False
V3_CANDIDATE_DEVELOPMENT_ONLY_SURFACE,M3T,0.2,0.0,0.25,0.4,0.05,66.5,1000000,UNSUPPORTED_WITHOUT_REPLAY,0.1,-0.0012147292649758658,0.0,False
V3_CANDIDATE_DEVELOPMENT_ONLY_SURFACE,M3T,0.2,0.0,0.25,0.4,0.05,66.5,1000000,UNSUPPORTED_WITHOUT_REPLAY,0.25,-0.005535716919296853,0.0,False
V3_CANDIDATE_DEVELOPMENT_ONLY_SURFACE,M3T,0.2,0.0,0.25,0.4,0.05,77.5,1000000,UNSUPPORTED_WITHOUT_REPLAY,0.0,0.002340042868518454,0.0411522633744856,False
V3_CANDIDATE_DEVELOPMENT_ONLY_SURFACE,M3T,0.2,0.0,0.25,0.4,0.05,77.5,1000000,UNSUPPORTED_WITHOUT_REPLAY,0.05,0.0002824296997941738,0.0411522633744856,False
V3_CANDIDATE_DEVELOPMENT_ONLY_SURFACE,M3T,0.2,0.0,0.25,0.4,0.05,77.5,1000000,UNSUPPORTED_WITHOUT_REPLAY,0.1,-0.0017751834689301062,0.0,False
V3_CANDIDATE_DEVELOPMENT_ONLY_SURFACE,M3T,0.2,0.0,0.25,0.4,0.05,77.5,1000000,UNSUPPORTED_WITHOUT_REPLAY,0.25,-0.007948022975102945,0.0,False
V3_CANDIDATE_DEVELOPMENT_ONLY_SURFACE,M3T,0.2,0.0,0.25,0.4,0.1,59.5,1000000,UNSUPPORTED_WITHOUT_REPLAY,0.0,0.0,0.0,False
V3_CANDIDATE_DEVELOPMENT_ONLY_SURFACE,M3T,0.2,0.0,0.25,0.4,0.1,59.5,1000000,UNSUPPORTED_WITHOUT_REPLAY,0.05,0.0,0.0,False
V3_CANDIDATE_DEVELOPMENT_ONLY_SURFACE,M3T,0.2,0.0,0.25,0.4,0.1,59.5,1000000,UNSUPPORTED_WITHOUT_REPLAY,0.1,0.0,0.0,False
V3_CANDIDATE_DEVELOPMENT_ONLY_SURFACE,M3T,0.2,0.0,0.25,0.4,0.1,59.5,1000000,UNSUPPORTED_WITHOUT_REPLAY,0.25,0.0,0.0,False
V3_CANDIDATE_DEVELOPMENT_ONLY_SURFACE,M3T,0.2,0.0,0.25,0.4,0.1,66.5,1000000,UNSUPPORTED_WITHOUT_REPLAY,0.0,0.0,0.0,False
V3_CANDIDATE_DEVELOPMENT_ONLY_SURFACE,M3T,0.2,0.0,0.25,0.4,0.1,66.5,1000000,UNSUPPORTED_WITHOUT_REPLAY,0.05,0.0,0.0,False
V3_CANDIDATE_DEVELOPMENT_ONLY_SURFACE,M3T,0.2,0.0,0.25,0.4,0.1,66.5,1000000,UNSUPPORTED_WITHOUT_REPLAY,0.1,0.0,0.0,False
V3_CANDIDATE_DEVELOPMENT_ONLY_SURFACE,M3T,0.2,0.0,0.25,0.4,0.1,66.5,1000000,UNSUPPORTED_WITHOUT_REPLAY,0.25,0.0,0.0,False
V3_CANDIDATE_DEVELOPMENT_ONLY_SURFACE,M3T,0.2,0.0,0.25,0.4,0.1,77.5,1000000,UNSUPPORTED_WITHOUT_REPLAY,0.0,0.0,0.0,False
V3_CANDIDATE_DEVELOPMENT_ONLY_SURFACE,M3T,0.2,0.0,0.25,0.4,0.1,77.5,1000000,UNSUPPORTED_WITHOUT_REPLAY,0.05,0.0,0.0,False
V3_CANDIDATE_DEVELOPMENT_ONLY_SURFACE,M3T,0.2,0.0,0.25,0.4,0.1,77.5,1000000,UNSUPPORTED_WITHOUT_REPLAY,0.1,0.0,0.0,False
V3_CANDIDATE_DEVELOPMENT_ONLY_SURFACE,M3T,0.2,0.0,0.25,0.4,0.1,77.5,1000000,UNSUPPORTED_WITHOUT_REPLAY,0.25,0.0,0.0,False
V3_CANDIDATE_DEVELOPMENT_ONLY_SURFACE,M3T,0.2,0.0,0.25,0.6,0.0,59.5,1000000,UNSUPPORTED_WITHOUT_REPLAY,0.0,0.0,0.0,False
V3_CANDIDATE_DEVELOPMENT_ONLY_SURFACE,M3T,0.2,0.0,0.25,0.6,0.0,59.5,1000000,UNSUPPORTED_WITHOUT_REPLAY,0.05,0.0,0.0,False
V3_CANDIDATE_DEVELOPMENT_ONLY_SURFACE,M3T,0.2,0.0,0.25,0.6,0.0,59.5,1000000,UNSUPPORTED_WITHOUT_REPLAY,0.1,0.0,0.0,False
V3_CANDIDATE_DEVELOPMENT_ONLY_SURFACE,M3T,0.2,0.0,0.25,0.6,0.0,59.5,1000000,UNSUPPORTED_WITHOUT_REPLAY,0.25,0.0,0.0,False
V3_CANDIDATE_DEVELOPMENT_ONLY_SURFACE,M3T,0.2,0.0,0.25,0.6,0.0,66.5,1000000,UNSUPPORTED_WITHOUT_REPLAY,0.0,0.0,0.0,False
V3_CANDIDATE_DEVELOPMENT_ONLY_SURFACE,M3T,0.2,0.0,0.25,0.6,0.0,66.5,1000000,UNSUPPORTED_WITHOUT_REPLAY,0.05,0.0,0.0,False
V3_CANDIDATE_DEVELOPMENT_ONLY_SURFACE,M3T,0.2,0.0,0.25,0.6,0.0,66.5,1000000,UNSUPPORTED_WITHOUT_REPLAY,0.1,0.0,0.0,False
V3_CANDIDATE_DEVELOPMENT_ONLY_SURFACE,M3T,0.2,0.0,0.25,0.6,0.0,66.5,1000000,UNSUPPORTED_WITHOUT_REPLAY,0.25,0.0,0.0,False
V3_CANDIDATE_DEVELOPMENT_ONLY_SURFACE,M3T,0.2,0.0,0.25,0.6,0.0,77.5,1000000,UNSUPPORTED_WITHOUT_REPLAY,0.0,0.0,0.0,False
V3_CANDIDATE_DEVELOPMENT_ONLY_SURFACE,M3T,0.2,0.0,0.25,0.6,0.0,77.5,1000000,UNSUPPORTED_WITHOUT_REPLAY,0.05,0.0,0.0,False
V3_CANDIDATE_DEVELOPMENT_ONLY_SURFACE,M3T,0.2,0.0,0.25,0.6,0.0,77.5,1000000,UNSUPPORTED_WITHOUT_REPLAY,0.1,0.0,0.0,False
V3_CANDIDATE_DEVELOPMENT_ONLY_SURFACE,M3T,0.2,0.0,0.25,0.6,0.0,77.5,1000000,UNSUPPORTED_WITHOUT_REPLAY,0.25,0.0,0.0,False
V3_CANDIDATE_DEVELOPMENT_ONLY_SURFACE,M3T,0.2,0.0,0.25,0.6,0.05,59.5,1000000,UNSUPPORTED_WITHOUT_REPLAY,0.0,0.0,0.0,False
V3_CANDIDATE_DEVELOPMENT_ONLY_SURFACE,M3T,0.2,0.0,0.25,0.6,0.05,59.5,1000000,UNSUPPORTED_WITHOUT_REPLAY,0.05,0.0,0.0,False
V3_CANDIDATE_DEVELOPMENT_ONLY_SURFACE,M3T,0.2,0.0,0.25,0.6,0.05,59.5,1000000,UNSUPPORTED_WITHOUT_REPLAY,0.1,0.0,0.0,False
V3_CANDIDATE_DEVELOPMENT_ONLY_SURFACE,M3T,0.2,0.0,0.25,0.6,0.05,59.5,1000000,UNSUPPORTED_WITHOUT_REPLAY,0.25,0.0,0.0,False
V3_CANDIDATE_DEVELOPMENT_ONLY_SURFACE,M3T,0.2,0.0,0.25,0.6,0.05,66.5,1000000,UNSUPPORTED_WITHOUT_REPLAY,0.0,0.0,0.0,False
V3_CANDIDATE_DEVELOPMENT_ONLY_SURFACE,M3T,0.2,0.0,0.25,0.6,0.05,66.5,1000000,UNSUPPORTED_WITHOUT_REPLAY,0.05,0.0,0.0,False
V3_CANDIDATE_DEVELOPMENT_ONLY_SURFACE,M3T,0.2,0.0,0.25,0.6,0.05,66.5,1000000,UNSUPPORTED_WITHOUT_REPLAY,0.1,0.0,0.0,False
V3_CANDIDATE_DEVELOPMENT_ONLY_SURFACE,M3T,0.2,0.0,0.25,0.6,0.05,66.5,1000000,UNSUPPORTED_WITHOUT_REPLAY,0.25,0.0,0.0,False
V3_CANDIDATE_DEVELOPMENT_ONLY_SURFACE,M3T,0.2,0.0,0.25,0.6,0.05,77.5,1000000,UNSUPPORTED_WITHOUT_REPLAY,0.0,0.0,0.0,False
V3_CANDIDATE_DEVELOPMENT_ONLY_SURFACE,M3T,0.2,0.0,0.25,0.6,0.05,77.5,1000000,UNSUPPORTED_WITHOUT_REPLAY,0.05,0.0,0.0,False
V3_CANDIDATE_DEVELOPMENT_ONLY_SURFACE,M3T,0.2,0.0,0.25,0.6,0.05,77.5,1000000,UNSUPPORTED_WITHOUT_REPLAY,0.1,0.0,0.0,False
V3_CANDIDATE_DEVELOPMENT_ONLY_SURFACE,M3T,0.2,0.0,0.25,0.6,0.05,77.5,1000000,UNSUPPORTED_WITHOUT_REPLAY,0.25,0.0,0.0,False
V3_CANDIDATE_DEVELOPMENT_ONLY_SURFACE,M3T,0.2,0.0,0.25,0.6,0.1,59.5,1000000,UNSUPPORTED_WITHOUT_REPLAY,0.0,0.0,0.0,False
V3_CANDIDATE_DEVELOPMENT_ONLY_SURFACE,M3T,0.2,0.0,0.25,0.6,0.1,59.5,1000000,UNSUPPORTED_WITHOUT_REPLAY,0.05,0.0,0.0,False
V3_CANDIDATE_DEVELOPMENT_ONLY_SURFACE,M3T,0.2,0.0,0.25,0.6,0.1,59.5,1000000,UNSUPPORTED_WITHOUT_REPLAY,0.1,0.0,0.0,False
V3_CANDIDATE_DEVELOPMENT_ONLY_SURFACE,M3T,0.2,0.0,0.25,0.6,0.1,59.5,1000000,UNSUPPORTED_WITHOUT_REPLAY,0.25,0.0,0.0,False
V3_CANDIDATE_DEVELOPMENT_ONLY_SURFACE,M3T,0.2,0.0,0.25,0.6,0.1,66.5,1000000,UNSUPPORTED_WITHOUT_REPLAY,0.0,0.0,0.0,False
V3_CANDIDATE_DEVELOPMENT_ONLY_SURFACE,M3T,0.2,0.0,0.25,0.6,0.1,66.5,1000000,UNSUPPORTED_WITHOUT_REPLAY,0.05,0.0,0.0,False
V3_CANDIDATE_DEVELOPMENT_ONLY_SURFACE,M3T,0.2,0.0,0.25,0.6,0.1,66.5,1000000,UNSUPPORTED_WITHOUT_REPLAY,0.1,0.0,0.0,False
V3_CANDIDATE_DEVELOPMENT_ONLY_SURFACE,M3T,0.2,0.0,0.25,0.6,0.1,66.5,1000000,UNSUPPORTED_WITHOUT_REPLAY,0.25,0.0,0.0,False
V3_CANDIDATE_DEVELOPMENT_ONLY_SURFACE,M3T,0.2,0.0,0.25,0.6,0.1,77.5,1000000,UNSUPPORTED_WITHOUT_REPLAY,0.0,0.0,0.0,False
V3_CANDIDATE_DEVELOPMENT_ONLY_SURFACE,M3T,0.2,0.0,0.25,0.6,0.1,77.5,1000000,UNSUPPORTED_WITHOUT_REPLAY,0.05,0.0,0.0,False
V3_CANDIDATE_DEVELOPMENT_ONLY_SURFACE,M3T,0.2,0.0,0.25,0.6,0.1,77.5,1000000,UNSUPPORTED_WITHOUT_REPLAY,0.1,0.0,0.0,False
V3_CANDIDATE_DEVELOPMENT_ONLY_SURFACE,M3T,0.2,0.0,0.25,0.6,0.1,77.5,1000000,UNSUPPORTED_WITHOUT_REPLAY,0.25,0.0,0.0,False
V3_CANDIDATE_DEVELOPMENT_ONLY_SURFACE,M3T,0.2,0.0,0.25,0.8,0.0,59.5,1000000,UNSUPPORTED_WITHOUT_REPLAY,0.0,0.0,0.0,False
V3_CANDIDATE_DEVELOPMENT_ONLY_SURFACE,M3T,0.2,0.0,0.25,0.8,0.0,59.5,1000000,UNSUPPORTED_WITHOUT_REPLAY,0.05,0.0,0.0,False
V3_CANDIDATE_DEVELOPMENT_ONLY_SURFACE,M3T,0.2,0.0,0.25,0.8,0.0,59.5,1000000,UNSUPPORTED_WITHOUT_REPLAY,0.1,0.0,0.0,False
V3_CANDIDATE_DEVELOPMENT_ONLY_SURFACE,M3T,0.2,0.0,0.25,0.8,0.0,59.5,1000000,UNSUPPORTED_WITHOUT_REPLAY,0.25,0.0,0.0,False
V3_CANDIDATE_DEVELOPMENT_ONLY_SURFACE,M3T,0.2,0.0,0.25,0.8,0.0,66.5,1000000,UNSUPPORTED_WITHOUT_REPLAY,0.0,0.0,0.0,False
V3_CANDIDATE_DEVELOPMENT_ONLY_SURFACE,M3T,0.2,0.0,0.25,0.8,0.0,66.5,1000000,UNSUPPORTED_WITHOUT_REPLAY,0.05,0.0,0.0,False
V3_CANDIDATE_DEVELOPMENT_ONLY_SURFACE,M3T,0.2,0.0,0.25,0.8,0.0,66.5,1000000,UNSUPPORTED_WITHOUT_REPLAY,0.1,0.0,0.0,False
V3_CANDIDATE_DEVELOPMENT_ONLY_SURFACE,M3T,0.2,0.0,0.25,0.8,0.0,66.5,1000000,UNSUPPORTED_WITHOUT_REPLAY,0.25,0.0,0.0,False
V3_CANDIDATE_DEVELOPMENT_ONLY_SURFACE,M3T,0.2,0.0,0.25,0.8,0.0,77.5,1000000,UNSUPPORTED_WITHOUT_REPLAY,0.0,0.0,0.0,False
V3_CANDIDATE_DEVELOPMENT_ONLY_SURFACE,M3T,0.2,0.0,0.25,0.8,0.0,77.5,1000000,UNSUPPORTED_WITHOUT_REPLAY,0.05,0.0,0.0,False
V3_CANDIDATE_DEVELOPMENT_ONLY_SURFACE,M3T,0.2,0.0,0.25,0.8,0.0,77.5,1000000,UNSUPPORTED_WITHOUT_REPLAY,0.1,0.0,0.0,False
V3_CANDIDATE_DEVELOPMENT_ONLY_SURFACE,M3T,0.2,0.0,0.25,0.8,0.0,77.5,1000000,UNSUPPORTED_WITHOUT_REPLAY,0.25,0.0,0.0,False
V3_CANDIDATE_DEVELOPMENT_ONLY_SURFACE,M3T,0.2,0.0,0.25,0.8,0.05,59.5,1000000,UNSUPPORTED_WITHOUT_REPLAY,0.0,0.0,0.0,False
V3_CANDIDATE_DEVELOPMENT_ONLY_SURFACE,M3T,0.2,0.0,0.25,0.8,0.05,59.5,1000000,UNSUPPORTED_WITHOUT_REPLAY,0.05,0.0,0.0,False
V3_CANDIDATE_DEVELOPMENT_ONLY_SURFACE,M3T,0.2,0.0,0.25,0.8,0.05,59.5,1000000,UNSUPPORTED_WITHOUT_REPLAY,0.1,0.0,0.0,False
V3_CANDIDATE_DEVELOPMENT_ONLY_SURFACE,M3T,0.2,0.0,0.25,0.8,0.05,59.5,1000000,UNSUPPORTED_WITHOUT_REPLAY,0.25,0.0,0.0,False
V3_CANDIDATE_DEVELOPMENT_ONLY_SURFACE,M3T,0.2,0.0,0.25,0.8,0.05,66.5,1000000,UNSUPPORTED_WITHOUT_REPLAY,0.0,0.0,0.0,False
V3_CANDIDATE_DEVELOPMENT_ONLY_SURFACE,M3T,0.2,0.0,0.25,0.8,0.05,66.5,1000000,UNSUPPORTED_WITHOUT_REPLAY,0.05,0.0,0.0,False
V3_CANDIDATE_DEVELOPMENT_ONLY_SURFACE,M3T,0.2,0.0,0.25,0.8,0.05,66.5,1000000,UNSUPPORTED_WITHOUT_REPLAY,0.1,0.0,0.0,False
V3_CANDIDATE_DEVELOPMENT_ONLY_SURFACE,M3T,0.2,0.0,0.25,0.8,0.05,66.5,1000000,UNSUPPORTED_WITHOUT_REPLAY,0.25,0.0,0.0,False
V3_CANDIDATE_DEVELOPMENT_ONLY_SURFACE,M3T,0.2,0.0,0.25,0.8,0.05,77.5,1000000,UNSUPPORTED_WITHOUT_REPLAY,0.0,0.0,0.0,False
V3_CANDIDATE_DEVELOPMENT_ONLY_SURFACE,M3T,0.2,0.0,0.25,0.8,0.05,77.5,1000000,UNSUPPORTED_WITHOUT_REPLAY,0.05,0.0,0.0,False
V3_CANDIDATE_DEVELOPMENT_ONLY_SURFACE,M3T,0.2,0.0,0.25,0.8,0.05,77.5,1000000,UNSUPPORTED_WITHOUT_REPLAY,0.1,0.0,0.0,False
V3_CANDIDATE_DEVELOPMENT_ONLY_SURFACE,M3T,0.2,0.0,0.25,0.8,0.05,77.5,1000000,UNSUPPORTED_WITHOUT_REPLAY,0.25,0.0,0.0,False
V3_CANDIDATE_DEVELOPMENT_ONLY_SURFACE,M3T,0.2,0.0,0.25,0.8,0.1,59.5,1000000,UNSUPPORTED_WITHOUT_REPLAY,0.0,0.0,0.0,False
V3_CANDIDATE_DEVELOPMENT_ONLY_SURFACE,M3T,0.2,0.0,0.25,0.8,0.1,59.5,1000000,UNSUPPORTED_WITHOUT_REPLAY,0.05,0.0,0.0,False
V3_CANDIDATE_DEVELOPMENT_ONLY_SURFACE,M3T,0.2,0.0,0.25,0.8,0.1,59.5,1000000,UNSUPPORTED_WITHOUT_REPLAY,0.1,0.0,0.0,False
V3_CANDIDATE_DEVELOPMENT_ONLY_SURFACE,M3T,0.2,0.0,0.25,0.8,0.1,59.5,1000000,UNSUPPORTED_WITHOUT_REPLAY,0.25,0.0,0.0,False
V3_CANDIDATE_DEVELOPMENT_ONLY_SURFACE,M3T,0.2,0.0,0.25,0.8,0.1,66.5,1000000,UNSUPPORTED_WITHOUT_REPLAY,0.0,0.0,0.0,False
V3_CANDIDATE_DEVELOPMENT_ONLY_SURFACE,M3T,0.2,0.0,0.25,0.8,0.1,66.5,1000000,UNSUPPORTED_WITHOUT_REPLAY,0.05,0.0,0.0,False
V3_CANDIDATE_DEVELOPMENT_ONLY_SURFACE,M3T,0.2,0.0,0.25,0.8,0.1,66.5,1000000,UNSUPPORTED_WITHOUT_REPLAY,0.1,0.0,0.0,False
V3_CANDIDATE_DEVELOPMENT_ONLY_SURFACE,M3T,0.2,0.0,0.25,0.8,0.1,66.5,1000000,UNSUPPORTED_WITHOUT_REPLAY,0.25,0.0,0.0,False
V3_CANDIDATE_DEVELOPMENT_ONLY_SURFACE,M3T,0.2,0.0,0.25,0.8,0.1,77.5,1000000,UNSUPPORTED_WITHOUT_REPLAY,0.0,0.0,0.0,False
V3_CANDIDATE_DEVELOPMENT_ONLY_SURFACE,M3T,0.2,0.0,0.25,0.8,0.1,77.5,1000000,UNSUPPORTED_WITHOUT_REPLAY,0.05,0.0,0.0,False
V3_CANDIDATE_DEVELOPMENT_ONLY_SURFACE,M3T,0.2,0.0,0.25,0.8,0.1,77.5,1000000,UNSUPPORTED_WITHOUT_REPLAY,0.1,0.0,0.0,False
V3_CANDIDATE_DEVELOPMENT_ONLY_SURFACE,M3T,0.2,0.0,0.25,0.8,0.1,77.5,1000000,UNSUPPORTED_WITHOUT_REPLAY,0.25,0.0,0.0,False
V3_CANDIDATE_DEVELOPMENT_ONLY_SURFACE,M3T,0.2,0.0,0.5,0.0,0.0,59.5,1000000,UNSUPPORTED_WITHOUT_REPLAY,0.0,8.52382140796624e-05,0.00823045267489712,False
V3_CANDIDATE_DEVELOPMENT_ONLY_SURFACE,M3T,0.2,0.0,0.5,0.0,0.0,59.5,1000000,UNSUPPORTED_WITHOUT_REPLAY,0.05,-0.00032628441966519364,0.0,False
V3_CANDIDATE_DEVELOPMENT_ONLY_SURFACE,M3T,0.2,0.0,0.5,0.0,0.0,59.5,1000000,UNSUPPORTED_WITHOUT_REPLAY,0.1,-0.0007378070534100496,0.0,False
V3_CANDIDATE_DEVELOPMENT_ONLY_SURFACE,M3T,0.2,0.0,0.5,0.0,0.0,59.5,1000000,UNSUPPORTED_WITHOUT_REPLAY,0.25,-0.0019723749546446175,0.0,False
V3_CANDIDATE_DEVELOPMENT_ONLY_SURFACE,M3T,0.2,0.0,0.5,0.0,0.0,66.5,1000000,UNSUPPORTED_WITHOUT_REPLAY,0.0,0.00012829391398016935,0.01440329218106996,False
V3_CANDIDATE_DEVELOPMENT_ONLY_SURFACE,M3T,0.2,0.0,0.5,0.0,0.0,66.5,1000000,UNSUPPORTED_WITHOUT_REPLAY,0.05,-0.0005918706950733286,0.0,False
V3_CANDIDATE_DEVELOPMENT_ONLY_SURFACE,M3T,0.2,0.0,0.5,0.0,0.0,66.5,1000000,UNSUPPORTED_WITHOUT_REPLAY,0.1,-0.0013120353041268266,0.0,False
V3_CANDIDATE_DEVELOPMENT_ONLY_SURFACE,M3T,0.2,0.0,0.5,0.0,0.0,66.5,1000000,UNSUPPORTED_WITHOUT_REPLAY,0.25,-0.0034725291312873202,0.0,False
V3_CANDIDATE_DEVELOPMENT_ONLY_SURFACE,M3T,0.2,0.0,0.5,0.0,0.0,77.5,1000000,UNSUPPORTED_WITHOUT_REPLAY,0.0,0.0003910188867836894,0.03497942386831276,False
V3_CANDIDATE_DEVELOPMENT_ONLY_SURFACE,M3T,0.2,0.0,0.5,0.0,0.0,77.5,1000000,UNSUPPORTED_WITHOUT_REPLAY,0.05,-0.0013579523066319487,0.0,False
V3_CANDIDATE_DEVELOPMENT_ONLY_SURFACE,M3T,0.2,0.0,0.5,0.0,0.0,77.5,1000000,UNSUPPORTED_WITHOUT_REPLAY,0.1,-0.0031069235000475864,0.0,False
V3_CANDIDATE_DEVELOPMENT_ONLY_SURFACE,M3T,0.2,0.0,0.5,0.0,0.0,77.5,1000000,UNSUPPORTED_WITHOUT_REPLAY,0.25,-0.008353837080294501,0.0,False
V3_CANDIDATE_DEVELOPMENT_ONLY_SURFACE,M3T,0.2,0.0,0.5,0.0,0.05,59.5,1000000,UNSUPPORTED_WITHOUT_REPLAY,0.0,0.0,0.0,False
V3_CANDIDATE_DEVELOPMENT_ONLY_SURFACE,M3T,0.2,0.0,0.5,0.0,0.05,59.5,1000000,UNSUPPORTED_WITHOUT_REPLAY,0.05,0.0,0.0,False
V3_CANDIDATE_DEVELOPMENT_ONLY_SURFACE,M3T,0.2,0.0,0.5,0.0,0.05,59.5,1000000,UNSUPPORTED_WITHOUT_REPLAY,0.1,0.0,0.0,False
V3_CANDIDATE_DEVELOPMENT_ONLY_SURFACE,M3T,0.2,0.0,0.5,0.0,0.05,59.5,1000000,UNSUPPORTED_WITHOUT_REPLAY,0.25,0.0,0.0,False
V3_CANDIDATE_DEVELOPMENT_ONLY_SURFACE,M3T,0.2,0.0,0.5,0.0,0.05,66.5,1000000,UNSUPPORTED_WITHOUT_REPLAY,0.0,0.0,0.0,False
V3_CANDIDATE_DEVELOPMENT_ONLY_SURFACE,M3T,0.2,0.0,0.5,0.0,0.05,66.5,1000000,UNSUPPORTED_WITHOUT_REPLAY,0.05,0.0,0.0,False
V3_CANDIDATE_DEVELOPMENT_ONLY_SURFACE,M3T,0.2,0.0,0.5,0.0,0.05,66.5,1000000,UNSUPPORTED_WITHOUT_REPLAY,0.1,0.0,0.0,False
V3_CANDIDATE_DEVELOPMENT_ONLY_SURFACE,M3T,0.2,0.0,0.5,0.0,0.05,66.5,1000000,UNSUPPORTED_WITHOUT_REPLAY,0.25,0.0,0.0,False
V3_CANDIDATE_DEVELOPMENT_ONLY_SURFACE,M3T,0.2,0.0,0.5,0.0,0.05,77.5,1000000,UNSUPPORTED_WITHOUT_REPLAY,0.0,0.0,0.0,False
V3_CANDIDATE_DEVELOPMENT_ONLY_SURFACE,M3T,0.2,0.0,0.5,0.0,0.05,77.5,1000000,UNSUPPORTED_WITHOUT_REPLAY,0.05,0.0,0.0,False
V3_CANDIDATE_DEVELOPMENT_ONLY_SURFACE,M3T,0.2,0.0,0.5,0.0,0.05,77.5,1000000,UNSUPPORTED_WITHOUT_REPLAY,0.1,0.0,0.0,False
V3_CANDIDATE_DEVELOPMENT_ONLY_SURFACE,M3T,0.2,0.0,0.5,0.0,0.05,77.5,1000000,UNSUPPORTED_WITHOUT_REPLAY,0.25,0.0,0.0,False
V3_CANDIDATE_DEVELOPMENT_ONLY_SURFACE,M3T,0.2,0.0,0.5,0.0,0.1,59.5,1000000,UNSUPPORTED_WITHOUT_REPLAY,0.0,0.0,0.0,False
V3_CANDIDATE_DEVELOPMENT_ONLY_SURFACE,M3T,0.2,0.0,0.5,0.0,0.1,59.5,1000000,UNSUPPORTED_WITHOUT_REPLAY,0.05,0.0,0.0,False
V3_CANDIDATE_DEVELOPMENT_ONLY_SURFACE,M3T,0.2,0.0,0.5,0.0,0.1,59.5,1000000,UNSUPPORTED_WITHOUT_REPLAY,0.1,0.0,0.0,False
V3_CANDIDATE_DEVELOPMENT_ONLY_SURFACE,M3T,0.2,0.0,0.5,0.0,0.1,59.5,1000000,UNSUPPORTED_WITHOUT_REPLAY,0.25,0.0,0.0,False
V3_CANDIDATE_DEVELOPMENT_ONLY_SURFACE,M3T,0.2,0.0,0.5,0.0,0.1,66.5,1000000,UNSUPPORTED_WITHOUT_REPLAY,0.0,0.0,0.0,False
V3_CANDIDATE_DEVELOPMENT_ONLY_SURFACE,M3T,0.2,0.0,0.5,0.0,0.1,66.5,1000000,UNSUPPORTED_WITHOUT_REPLAY,0.05,0.0,0.0,False
V3_CANDIDATE_DEVELOPMENT_ONLY_SURFACE,M3T,0.2,0.0,0.5,0.0,0.1,66.5,1000000,UNSUPPORTED_WITHOUT_REPLAY,0.1,0.0,0.0,False
V3_CANDIDATE_DEVELOPMENT_ONLY_SURFACE,M3T,0.2,0.0,0.5,0.0,0.1,66.5,1000000,UNSUPPORTED_WITHOUT_REPLAY,0.25,0.0,0.0,False
V3_CANDIDATE_DEVELOPMENT_ONLY_SURFACE,M3T,0.2,0.0,0.5,0.0,0.1,77.5,1000000,UNSUPPORTED_WITHOUT_REPLAY,0.0,0.0,0.0,False
V3_CANDIDATE_DEVELOPMENT_ONLY_SURFACE,M3T,0.2,0.0,0.5,0.0,0.1,77.5,1000000,UNSUPPORTED_WITHOUT_REPLAY,0.05,0.0,0.0,False
V3_CANDIDATE_DEVELOPMENT_ONLY_SURFACE,M3T,0.2,0.0,0.5,0.0,0.1,77.5,1000000,UNSUPPORTED_WITHOUT_REPLAY,0.1,0.0,0.0,False
V3_CANDIDATE_DEVELOPMENT_ONLY_SURFACE,M3T,0.2,0.0,0.5,0.0,0.1,77.5,1000000,UNSUPPORTED_WITHOUT_REPLAY,0.25,0.0,0.0,False
V3_CANDIDATE_DEVELOPMENT_ONLY_SURFACE,M3T,0.2,0.0,0.5,0.4,0.0,59.5,1000000,UNSUPPORTED_WITHOUT_REPLAY,0.0,8.52382140796624e-05,0.00823045267489712,False
V3_CANDIDATE_DEVELOPMENT_ONLY_SURFACE,M3T,0.2,0.0,0.5,0.4,0.0,59.5,1000000,UNSUPPORTED_WITHOUT_REPLAY,0.05,-0.00032628441966519364,0.0,False
V3_CANDIDATE_DEVELOPMENT_ONLY_SURFACE,M3T,0.2,0.0,0.5,0.4,0.0,59.5,1000000,UNSUPPORTED_WITHOUT_REPLAY,0.1,-0.0007378070534100496,0.0,False
V3_CANDIDATE_DEVELOPMENT_ONLY_SURFACE,M3T,0.2,0.0,0.5,0.4,0.0,59.5,1000000,UNSUPPORTED_WITHOUT_REPLAY,0.25,-0.0019723749546446175,0.0,False
V3_CANDIDATE_DEVELOPMENT_ONLY_SURFACE,M3T,0.2,0.0,0.5,0.4,0.0,66.5,1000000,UNSUPPORTED_WITHOUT_REPLAY,0.0,0.00012829391398016935,0.01440329218106996,False
V3_CANDIDATE_DEVELOPMENT_ONLY_SURFACE,M3T,0.2,0.0,0.5,0.4,0.0,66.5,1000000,UNSUPPORTED_WITHOUT_REPLAY,0.05,-0.0005918706950733286,0.0,False
V3_CANDIDATE_DEVELOPMENT_ONLY_SURFACE,M3T,0.2,0.0,0.5,0.4,0.0,66.5,1000000,UNSUPPORTED_WITHOUT_REPLAY,0.1,-0.0013120353041268266,0.0,False
V3_CANDIDATE_DEVELOPMENT_ONLY_SURFACE,M3T,0.2,0.0,0.5,0.4,0.0,66.5,1000000,UNSUPPORTED_WITHOUT_REPLAY,0.25,-0.0034725291312873202,0.0,False
V3_CANDIDATE_DEVELOPMENT_ONLY_SURFACE,M3T,0.2,0.0,0.5,0.4,0.0,77.5,1000000,UNSUPPORTED_WITHOUT_REPLAY,0.0,0.0003910188867836894,0.03497942386831276,False
V3_CANDIDATE_DEVELOPMENT_ONLY_SURFACE,M3T,0.2,0.0,0.5,0.4,0.0,77.5,1000000,UNSUPPORTED_WITHOUT_REPLAY,0.05,-0.0013579523066319487,0.0,False
V3_CANDIDATE_DEVELOPMENT_ONLY_SURFACE,M3T,0.2,0.0,0.5,0.4,0.0,77.5,1000000,UNSUPPORTED_WITHOUT_REPLAY,0.1,-0.0031069235000475864,0.0,False
V3_CANDIDATE_DEVELOPMENT_ONLY_SURFACE,M3T,0.2,0.0,0.5,0.4,0.0,77.5,1000000,UNSUPPORTED_WITHOUT_REPLAY,0.25,-0.008353837080294501,0.0,False
V3_CANDIDATE_DEVELOPMENT_ONLY_SURFACE,M3T,0.2,0.0,0.5,0.4,0.05,59.5,1000000,UNSUPPORTED_WITHOUT_REPLAY,0.0,0.0,0.0,False
V3_CANDIDATE_DEVELOPMENT_ONLY_SURFACE,M3T,0.2,0.0,0.5,0.4,0.05,59.5,1000000,UNSUPPORTED_WITHOUT_REPLAY,0.05,0.0,0.0,False
V3_CANDIDATE_DEVELOPMENT_ONLY_SURFACE,M3T,0.2,0.0,0.5,0.4,0.05,59.5,1000000,UNSUPPORTED_WITHOUT_REPLAY,0.1,0.0,0.0,False
V3_CANDIDATE_DEVELOPMENT_ONLY_SURFACE,M3T,0.2,0.0,0.5,0.4,0.05,59.5,1000000,UNSUPPORTED_WITHOUT_REPLAY,0.25,0.0,0.0,False
V3_CANDIDATE_DEVELOPMENT_ONLY_SURFACE,M3T,0.2,0.0,0.5,0.4,0.05,66.5,1000000,UNSUPPORTED_WITHOUT_REPLAY,0.0,0.0,0.0,False
V3_CANDIDATE_DEVELOPMENT_ONLY_SURFACE,M3T,0.2,0.0,0.5,0.4,0.05,66.5,1000000,UNSUPPORTED_WITHOUT_REPLAY,0.05,0.0,0.0,False
V3_CANDIDATE_DEVELOPMENT_ONLY_SURFACE,M3T,0.2,0.0,0.5,0.4,0.05,66.5,1000000,UNSUPPORTED_WITHOUT_REPLAY,0.1,0.0,0.0,False
V3_CANDIDATE_DEVELOPMENT_ONLY_SURFACE,M3T,0.2,0.0,0.5,0.4,0.05,66.5,1000000,UNSUPPORTED_WITHOUT_REPLAY,0.25,0.0,0.0,False
V3_CANDIDATE_DEVELOPMENT_ONLY_SURFACE,M3T,0.2,0.0,0.5,0.4,0.05,77.5,1000000,UNSUPPORTED_WITHOUT_REPLAY,0.0,0.0,0.0,False
V3_CANDIDATE_DEVELOPMENT_ONLY_SURFACE,M3T,0.2,0.0,0.5,0.4,0.05,77.5,1000000,UNSUPPORTED_WITHOUT_REPLAY,0.05,0.0,0.0,False
V3_CANDIDATE_DEVELOPMENT_ONLY_SURFACE,M3T,0.2,0.0,0.5,0.4,0.05,77.5,1000000,UNSUPPORTED_WITHOUT_REPLAY,0.1,0.0,0.0,False
V3_CANDIDATE_DEVELOPMENT_ONLY_SURFACE,M3T,0.2,0.0,0.5,0.4,0.05,77.5,1000000,UNSUPPORTED_WITHOUT_REPLAY,0.25,0.0,0.0,False
V3_CANDIDATE_DEVELOPMENT_ONLY_SURFACE,M3T,0.2,0.0,0.5,0.4,0.1,59.5,1000000,UNSUPPORTED_WITHOUT_REPLAY,0.0,0.0,0.0,False
V3_CANDIDATE_DEVELOPMENT_ONLY_SURFACE,M3T,0.2,0.0,0.5,0.4,0.1,59.5,1000000,UNSUPPORTED_WITHOUT_REPLAY,0.05,0.0,0.0,False
V3_CANDIDATE_DEVELOPMENT_ONLY_SURFACE,M3T,0.2,0.0,0.5,0.4,0.1,59.5,1000000,UNSUPPORTED_WITHOUT_REPLAY,0.1,0.0,0.0,False
V3_CANDIDATE_DEVELOPMENT_ONLY_SURFACE,M3T,0.2,0.0,0.5,0.4,0.1,59.5,1000000,UNSUPPORTED_WITHOUT_REPLAY,0.25,0.0,0.0,False
V3_CANDIDATE_DEVELOPMENT_ONLY_SURFACE,M3T,0.2,0.0,0.5,0.4,0.1,66.5,1000000,UNSUPPORTED_WITHOUT_REPLAY,0.0,0.0,0.0,False
V3_CANDIDATE_DEVELOPMENT_ONLY_SURFACE,M3T,0.2,0.0,0.5,0.4,0.1,66.5,1000000,UNSUPPORTED_WITHOUT_REPLAY,0.05,0.0,0.0,False
V3_CANDIDATE_DEVELOPMENT_ONLY_SURFACE,M3T,0.2,0.0,0.5,0.4,0.1,66.5,1000000,UNSUPPORTED_WITHOUT_REPLAY,0.1,0.0,0.0,False
V3_CANDIDATE_DEVELOPMENT_ONLY_SURFACE,M3T,0.2,0.0,0.5,0.4,0.1,66.5,1000000,UNSUPPORTED_WITHOUT_REPLAY,0.25,0.0,0.0,False
V3_CANDIDATE_DEVELOPMENT_ONLY_SURFACE,M3T,0.2,0.0,0.5,0.4,0.1,77.5,1000000,UNSUPPORTED_WITHOUT_REPLAY,0.0,0.0,0.0,False
V3_CANDIDATE_DEVELOPMENT_ONLY_SURFACE,M3T,0.2,0.0,0.5,0.4,0.1,77.5,1000000,UNSUPPORTED_WITHOUT_REPLAY,0.05,0.0,0.0,False
V3_CANDIDATE_DEVELOPMENT_ONLY_SURFACE,M3T,0.2,0.0,0.5,0.4,0.1,77.5,1000000,UNSUPPORTED_WITHOUT_REPLAY,0.1,0.0,0.0,False
V3_CANDIDATE_DEVELOPMENT_ONLY_SURFACE,M3T,0.2,0.0,0.5,0.4,0.1,77.5,1000000,UNSUPPORTED_WITHOUT_REPLAY,0.25,0.0,0.0,False
V3_CANDIDATE_DEVELOPMENT_ONLY_SURFACE,M3T,0.2,0.0,0.5,0.6,0.0,59.5,1000000,UNSUPPORTED_WITHOUT_REPLAY,0.0,0.0,0.0,False
V3_CANDIDATE_DEVELOPMENT_ONLY_SURFACE,M3T,0.2,0.0,0.5,0.6,0.0,59.5,1000000,UNSUPPORTED_WITHOUT_REPLAY,0.05,0.0,0.0,False
V3_CANDIDATE_DEVELOPMENT_ONLY_SURFACE,M3T,0.2,0.0,0.5,0.6,0.0,59.5,1000000,UNSUPPORTED_WITHOUT_REPLAY,0.1,0.0,0.0,False
V3_CANDIDATE_DEVELOPMENT_ONLY_SURFACE,M3T,0.2,0.0,0.5,0.6,0.0,59.5,1000000,UNSUPPORTED_WITHOUT_REPLAY,0.25,0.0,0.0,False
V3_CANDIDATE_DEVELOPMENT_ONLY_SURFACE,M3T,0.2,0.0,0.5,0.6,0.0,66.5,1000000,UNSUPPORTED_WITHOUT_REPLAY,0.0,0.0,0.0,False
V3_CANDIDATE_DEVELOPMENT_ONLY_SURFACE,M3T,0.2,0.0,0.5,0.6,0.0,66.5,1000000,UNSUPPORTED_WITHOUT_REPLAY,0.05,0.0,0.0,False
V3_CANDIDATE_DEVELOPMENT_ONLY_SURFACE,M3T,0.2,0.0,0.5,0.6,0.0,66.5,1000000,UNSUPPORTED_WITHOUT_REPLAY,0.1,0.0,0.0,False
V3_CANDIDATE_DEVELOPMENT_ONLY_SURFACE,M3T,0.2,0.0,0.5,0.6,0.0,66.5,1000000,UNSUPPORTED_WITHOUT_REPLAY,0.25,0.0,0.0,False
V3_CANDIDATE_DEVELOPMENT_ONLY_SURFACE,M3T,0.2,0.0,0.5,0.6,0.0,77.5,1000000,UNSUPPORTED_WITHOUT_REPLAY,0.0,0.0,0.0,False
V3_CANDIDATE_DEVELOPMENT_ONLY_SURFACE,M3T,0.2,0.0,0.5,0.6,0.0,77.5,1000000,UNSUPPORTED_WITHOUT_REPLAY,0.05,0.0,0.0,False
V3_CANDIDATE_DEVELOPMENT_ONLY_SURFACE,M3T,0.2,0.0,0.5,0.6,0.0,77.5,1000000,UNSUPPORTED_WITHOUT_REPLAY,0.1,0.0,0.0,False
V3_CANDIDATE_DEVELOPMENT_ONLY_SURFACE,M3T,0.2,0.0,0.5,0.6,0.0,77.5,1000000,UNSUPPORTED_WITHOUT_REPLAY,0.25,0.0,0.0,False
V3_CANDIDATE_DEVELOPMENT_ONLY_SURFACE,M3T,0.2,0.0,0.5,0.6,0.05,59.5,1000000,UNSUPPORTED_WITHOUT_REPLAY,0.0,0.0,0.0,False
V3_CANDIDATE_DEVELOPMENT_ONLY_SURFACE,M3T,0.2,0.0,0.5,0.6,0.05,59.5,1000000,UNSUPPORTED_WITHOUT_REPLAY,0.05,0.0,0.0,False
V3_CANDIDATE_DEVELOPMENT_ONLY_SURFACE,M3T,0.2,0.0,0.5,0.6,0.05,59.5,1000000,UNSUPPORTED_WITHOUT_REPLAY,0.1,0.0,0.0,False
V3_CANDIDATE_DEVELOPMENT_ONLY_SURFACE,M3T,0.2,0.0,0.5,0.6,0.05,59.5,1000000,UNSUPPORTED_WITHOUT_REPLAY,0.25,0.0,0.0,False
V3_CANDIDATE_DEVELOPMENT_ONLY_SURFACE,M3T,0.2,0.0,0.5,0.6,0.05,66.5,1000000,UNSUPPORTED_WITHOUT_REPLAY,0.0,0.0,0.0,False
V3_CANDIDATE_DEVELOPMENT_ONLY_SURFACE,M3T,0.2,0.0,0.5,0.6,0.05,66.5,1000000,UNSUPPORTED_WITHOUT_REPLAY,0.05,0.0,0.0,False
V3_CANDIDATE_DEVELOPMENT_ONLY_SURFACE,M3T,0.2,0.0,0.5,0.6,0.05,66.5,1000000,UNSUPPORTED_WITHOUT_REPLAY,0.1,0.0,0.0,False
V3_CANDIDATE_DEVELOPMENT_ONLY_SURFACE,M3T,0.2,0.0,0.5,0.6,0.05,66.5,1000000,UNSUPPORTED_WITHOUT_REPLAY,0.25,0.0,0.0,False
V3_CANDIDATE_DEVELOPMENT_ONLY_SURFACE,M3T,0.2,0.0,0.5,0.6,0.05,77.5,1000000,UNSUPPORTED_WITHOUT_REPLAY,0.0,0.0,0.0,False
V3_CANDIDATE_DEVELOPMENT_ONLY_SURFACE,M3T,0.2,0.0,0.5,0.6,0.05,77.5,1000000,UNSUPPORTED_WITHOUT_REPLAY,0.05,0.0,0.0,False
V3_CANDIDATE_DEVELOPMENT_ONLY_SURFACE,M3T,0.2,0.0,0.5,0.6,0.05,77.5,1000000,UNSUPPORTED_WITHOUT_REPLAY,0.1,0.0,0.0,False
V3_CANDIDATE_DEVELOPMENT_ONLY_SURFACE,M3T,0.2,0.0,0.5,0.6,0.05,77.5,1000000,UNSUPPORTED_WITHOUT_REPLAY,0.25,0.0,0.0,False
V3_CANDIDATE_DEVELOPMENT_ONLY_SURFACE,M3T,0.2,0.0,0.5,0.6,0.1,59.5,1000000,UNSUPPORTED_WITHOUT_REPLAY,0.0,0.0,0.0,False
V3_CANDIDATE_DEVELOPMENT_ONLY_SURFACE,M3T,0.2,0.0,0.5,0.6,0.1,59.5,1000000,UNSUPPORTED_WITHOUT_REPLAY,0.05,0.0,0.0,False
V3_CANDIDATE_DEVELOPMENT_ONLY_SURFACE,M3T,0.2,0.0,0.5,0.6,0.1,59.5,1000000,UNSUPPORTED_WITHOUT_REPLAY,0.1,0.0,0.0,False
V3_CANDIDATE_DEVELOPMENT_ONLY_SURFACE,M3T,0.2,0.0,0.5,0.6,0.1,59.5,1000000,UNSUPPORTED_WITHOUT_REPLAY,0.25,0.0,0.0,False
V3_CANDIDATE_DEVELOPMENT_ONLY_SURFACE,M3T,0.2,0.0,0.5,0.6,0.1,66.5,1000000,UNSUPPORTED_WITHOUT_REPLAY,0.0,0.0,0.0,False
V3_CANDIDATE_DEVELOPMENT_ONLY_SURFACE,M3T,0.2,0.0,0.5,0.6,0.1,66.5,1000000,UNSUPPORTED_WITHOUT_REPLAY,0.05,0.0,0.0,False
V3_CANDIDATE_DEVELOPMENT_ONLY_SURFACE,M3T,0.2,0.0,0.5,0.6,0.1,66.5,1000000,UNSUPPORTED_WITHOUT_REPLAY,0.1,0.0,0.0,False
V3_CANDIDATE_DEVELOPMENT_ONLY_SURFACE,M3T,0.2,0.0,0.5,0.6,0.1,66.5,1000000,UNSUPPORTED_WITHOUT_REPLAY,0.25,0.0,0.0,False
V3_CANDIDATE_DEVELOPMENT_ONLY_SURFACE,M3T,0.2,0.0,0.5,0.6,0.1,77.5,1000000,UNSUPPORTED_WITHOUT_REPLAY,0.0,0.0,0.0,False
V3_CANDIDATE_DEVELOPMENT_ONLY_SURFACE,M3T,0.2,0.0,0.5,0.6,0.1,77.5,1000000,UNSUPPORTED_WITHOUT_REPLAY,0.05,0.0,0.0,False
V3_CANDIDATE_DEVELOPMENT_ONLY_SURFACE,M3T,0.2,0.0,0.5,0.6,0.1,77.5,1000000,UNSUPPORTED_WITHOUT_REPLAY,0.1,0.0,0.0,False
V3_CANDIDATE_DEVELOPMENT_ONLY_SURFACE,M3T,0.2,0.0,0.5,0.6,0.1,77.5,1000000,UNSUPPORTED_WITHOUT_REPLAY,0.25,0.0,0.0,False
V3_CANDIDATE_DEVELOPMENT_ONLY_SURFACE,M3T,0.2,0.0,0.5,0.8,0.0,59.5,1000000,UNSUPPORTED_WITHOUT_REPLAY,0.0,0.0,0.0,False
V3_CANDIDATE_DEVELOPMENT_ONLY_SURFACE,M3T,0.2,0.0,0.5,0.8,0.0,59.5,1000000,UNSUPPORTED_WITHOUT_REPLAY,0.05,0.0,0.0,False
V3_CANDIDATE_DEVELOPMENT_ONLY_SURFACE,M3T,0.2,0.0,0.5,0.8,0.0,59.5,1000000,UNSUPPORTED_WITHOUT_REPLAY,0.1,0.0,0.0,False
V3_CANDIDATE_DEVELOPMENT_ONLY_SURFACE,M3T,0.2,0.0,0.5,0.8,0.0,59.5,1000000,UNSUPPORTED_WITHOUT_REPLAY,0.25,0.0,0.0,False
V3_CANDIDATE_DEVELOPMENT_ONLY_SURFACE,M3T,0.2,0.0,0.5,0.8,0.0,66.5,1000000,UNSUPPORTED_WITHOUT_REPLAY,0.0,0.0,0.0,False
V3_CANDIDATE_DEVELOPMENT_ONLY_SURFACE,M3T,0.2,0.0,0.5,0.8,0.0,66.5,1000000,UNSUPPORTED_WITHOUT_REPLAY,0.05,0.0,0.0,False
V3_CANDIDATE_DEVELOPMENT_ONLY_SURFACE,M3T,0.2,0.0,0.5,0.8,0.0,66.5,1000000,UNSUPPORTED_WITHOUT_REPLAY,0.1,0.0,0.0,False
V3_CANDIDATE_DEVELOPMENT_ONLY_SURFACE,M3T,0.2,0.0,0.5,0.8,0.0,66.5,1000000,UNSUPPORTED_WITHOUT_REPLAY,0.25,0.0,0.0,False
V3_CANDIDATE_DEVELOPMENT_ONLY_SURFACE,M3T,0.2,0.0,0.5,0.8,0.0,77.5,1000000,UNSUPPORTED_WITHOUT_REPLAY,0.0,0.0,0.0,False
V3_CANDIDATE_DEVELOPMENT_ONLY_SURFACE,M3T,0.2,0.0,0.5,0.8,0.0,77.5,1000000,UNSUPPORTED_WITHOUT_REPLAY,0.05,0.0,0.0,False
V3_CANDIDATE_DEVELOPMENT_ONLY_SURFACE,M3T,0.2,0.0,0.5,0.8,0.0,77.5,1000000,UNSUPPORTED_WITHOUT_REPLAY,0.1,0.0,0.0,False
V3_CANDIDATE_DEVELOPMENT_ONLY_SURFACE,M3T,0.2,0.0,0.5,0.8,0.0,77.5,1000000,UNSUPPORTED_WITHOUT_REPLAY,0.25,0.0,0.0,False
V3_CANDIDATE_DEVELOPMENT_ONLY_SURFACE,M3T,0.2,0.0,0.5,0.8,0.05,59.5,1000000,UNSUPPORTED_WITHOUT_REPLAY,0.0,0.0,0.0,False
V3_CANDIDATE_DEVELOPMENT_ONLY_SURFACE,M3T,0.2,0.0,0.5,0.8,0.05,59.5,1000000,UNSUPPORTED_WITHOUT_REPLAY,0.05,0.0,0.0,False
V3_CANDIDATE_DEVELOPMENT_ONLY_SURFACE,M3T,0.2,0.0,0.5,0.8,0.05,59.5,1000000,UNSUPPORTED_WITHOUT_REPLAY,0.1,0.0,0.0,False
V3_CANDIDATE_DEVELOPMENT_ONLY_SURFACE,M3T,0.2,0.0,0.5,0.8,0.05,59.5,1000000,UNSUPPORTED_WITHOUT_REPLAY,0.25,0.0,0.0,False
V3_CANDIDATE_DEVELOPMENT_ONLY_SURFACE,M3T,0.2,0.0,0.5,0.8,0.05,66.5,1000000,UNSUPPORTED_WITHOUT_REPLAY,0.0,0.0,0.0,False
V3_CANDIDATE_DEVELOPMENT_ONLY_SURFACE,M3T,0.2,0.0,0.5,0.8,0.05,66.5,1000000,UNSUPPORTED_WITHOUT_REPLAY,0.05,0.0,0.0,False
V3_CANDIDATE_DEVELOPMENT_ONLY_SURFACE,M3T,0.2,0.0,0.5,0.8,0.05,66.5,1000000,UNSUPPORTED_WITHOUT_REPLAY,0.1,0.0,0.0,False
V3_CANDIDATE_DEVELOPMENT_ONLY_SURFACE,M3T,0.2,0.0,0.5,0.8,0.05,66.5,1000000,UNSUPPORTED_WITHOUT_REPLAY,0.25,0.0,0.0,False
V3_CANDIDATE_DEVELOPMENT_ONLY_SURFACE,M3T,0.2,0.0,0.5,0.8,0.05,77.5,1000000,UNSUPPORTED_WITHOUT_REPLAY,0.0,0.0,0.0,False
V3_CANDIDATE_DEVELOPMENT_ONLY_SURFACE,M3T,0.2,0.0,0.5,0.8,0.05,77.5,1000000,UNSUPPORTED_WITHOUT_REPLAY,0.05,0.0,0.0,False
V3_CANDIDATE_DEVELOPMENT_ONLY_SURFACE,M3T,0.2,0.0,0.5,0.8,0.05,77.5,1000000,UNSUPPORTED_WITHOUT_REPLAY,0.1,0.0,0.0,False
V3_CANDIDATE_DEVELOPMENT_ONLY_SURFACE,M3T,0.2,0.0,0.5,0.8,0.05,77.5,1000000,UNSUPPORTED_WITHOUT_REPLAY,0.25,0.0,0.0,False
V3_CANDIDATE_DEVELOPMENT_ONLY_SURFACE,M3T,0.2,0.0,0.5,0.8,0.1,59.5,1000000,UNSUPPORTED_WITHOUT_REPLAY,0.0,0.0,0.0,False
V3_CANDIDATE_DEVELOPMENT_ONLY_SURFACE,M3T,0.2,0.0,0.5,0.8,0.1,59.5,1000000,UNSUPPORTED_WITHOUT_REPLAY,0.05,0.0,0.0,False
V3_CANDIDATE_DEVELOPMENT_ONLY_SURFACE,M3T,0.2,0.0,0.5,0.8,0.1,59.5,1000000,UNSUPPORTED_WITHOUT_REPLAY,0.1,0.0,0.0,False
V3_CANDIDATE_DEVELOPMENT_ONLY_SURFACE,M3T,0.2,0.0,0.5,0.8,0.1,59.5,1000000,UNSUPPORTED_WITHOUT_REPLAY,0.25,0.0,0.0,False
V3_CANDIDATE_DEVELOPMENT_ONLY_SURFACE,M3T,0.2,0.0,0.5,0.8,0.1,66.5,1000000,UNSUPPORTED_WITHOUT_REPLAY,0.0,0.0,0.0,False
V3_CANDIDATE_DEVELOPMENT_ONLY_SURFACE,M3T,0.2,0.0,0.5,0.8,0.1,66.5,1000000,UNSUPPORTED_WITHOUT_REPLAY,0.05,0.0,0.0,False
V3_CANDIDATE_DEVELOPMENT_ONLY_SURFACE,M3T,0.2,0.0,0.5,0.8,0.1,66.5,1000000,UNSUPPORTED_WITHOUT_REPLAY,0.1,0.0,0.0,False
V3_CANDIDATE_DEVELOPMENT_ONLY_SURFACE,M3T,0.2,0.0,0.5,0.8,0.1,66.5,1000000,UNSUPPORTED_WITHOUT_REPLAY,0.25,0.0,0.0,False
V3_CANDIDATE_DEVELOPMENT_ONLY_SURFACE,M3T,0.2,0.0,0.5,0.8,0.1,77.5,1000000,UNSUPPORTED_WITHOUT_REPLAY,0.0,0.0,0.0,False
V3_CANDIDATE_DEVELOPMENT_ONLY_SURFACE,M3T,0.2,0.0,0.5,0.8,0.1,77.5,1000000,UNSUPPORTED_WITHOUT_REPLAY,0.05,0.0,0.0,False
V3_CANDIDATE_DEVELOPMENT_ONLY_SURFACE,M3T,0.2,0.0,0.5,0.8,0.1,77.5,1000000,UNSUPPORTED_WITHOUT_REPLAY,0.1,0.0,0.0,False
V3_CANDIDATE_DEVELOPMENT_ONLY_SURFACE,M3T,0.2,0.0,0.5,0.8,0.1,77.5,1000000,UNSUPPORTED_WITHOUT_REPLAY,0.25,0.0,0.0,False
V3_CANDIDATE_DEVELOPMENT_ONLY_SURFACE,M3T,0.2,0.0,1.0,0.0,0.0,59.5,1000000,UNSUPPORTED_WITHOUT_REPLAY,0.0,0.0,0.0,False
V3_CANDIDATE_DEVELOPMENT_ONLY_SURFACE,M3T,0.2,0.0,1.0,0.0,0.0,59.5,1000000,UNSUPPORTED_WITHOUT_REPLAY,0.05,0.0,0.0,False
V3_CANDIDATE_DEVELOPMENT_ONLY_SURFACE,M3T,0.2,0.0,1.0,0.0,0.0,59.5,1000000,UNSUPPORTED_WITHOUT_REPLAY,0.1,0.0,0.0,False
V3_CANDIDATE_DEVELOPMENT_ONLY_SURFACE,M3T,0.2,0.0,1.0,0.0,0.0,59.5,1000000,UNSUPPORTED_WITHOUT_REPLAY,0.25,0.0,0.0,False
V3_CANDIDATE_DEVELOPMENT_ONLY_SURFACE,M3T,0.2,0.0,1.0,0.0,0.0,66.5,1000000,UNSUPPORTED_WITHOUT_REPLAY,0.0,0.0,0.0,False
V3_CANDIDATE_DEVELOPMENT_ONLY_SURFACE,M3T,0.2,0.0,1.0,0.0,0.0,66.5,1000000,UNSUPPORTED_WITHOUT_REPLAY,0.05,0.0,0.0,False
V3_CANDIDATE_DEVELOPMENT_ONLY_SURFACE,M3T,0.2,0.0,1.0,0.0,0.0,66.5,1000000,UNSUPPORTED_WITHOUT_REPLAY,0.1,0.0,0.0,False
V3_CANDIDATE_DEVELOPMENT_ONLY_SURFACE,M3T,0.2,0.0,1.0,0.0,0.0,66.5,1000000,UNSUPPORTED_WITHOUT_REPLAY,0.25,0.0,0.0,False
V3_CANDIDATE_DEVELOPMENT_ONLY_SURFACE,M3T,0.2,0.0,1.0,0.0,0.0,77.5,1000000,UNSUPPORTED_WITHOUT_REPLAY,0.0,0.0,0.0,False
V3_CANDIDATE_DEVELOPMENT_ONLY_SURFACE,M3T,0.2,0.0,1.0,0.0,0.0,77.5,1000000,UNSUPPORTED_WITHOUT_REPLAY,0.05,0.0,0.0,False
V3_CANDIDATE_DEVELOPMENT_ONLY_SURFACE,M3T,0.2,0.0,1.0,0.0,0.0,77.5,1000000,UNSUPPORTED_WITHOUT_REPLAY,0.1,0.0,0.0,False
V3_CANDIDATE_DEVELOPMENT_ONLY_SURFACE,M3T,0.2,0.0,1.0,0.0,0.0,77.5,1000000,UNSUPPORTED_WITHOUT_REPLAY,0.25,0.0,0.0,False
V3_CANDIDATE_DEVELOPMENT_ONLY_SURFACE,M3T,0.2,0.0,1.0,0.0,0.05,59.5,1000000,UNSUPPORTED_WITHOUT_REPLAY,0.0,0.0,0.0,False
V3_CANDIDATE_DEVELOPMENT_ONLY_SURFACE,M3T,0.2,0.0,1.0,0.0,0.05,59.5,1000000,UNSUPPORTED_WITHOUT_REPLAY,0.05,0.0,0.0,False
V3_CANDIDATE_DEVELOPMENT_ONLY_SURFACE,M3T,0.2,0.0,1.0,0.0,0.05,59.5,1000000,UNSUPPORTED_WITHOUT_REPLAY,0.1,0.0,0.0,False
V3_CANDIDATE_DEVELOPMENT_ONLY_SURFACE,M3T,0.2,0.0,1.0,0.0,0.05,59.5,1000000,UNSUPPORTED_WITHOUT_REPLAY,0.25,0.0,0.0,False
V3_CANDIDATE_DEVELOPMENT_ONLY_SURFACE,M3T,0.2,0.0,1.0,0.0,0.05,66.5,1000000,UNSUPPORTED_WITHOUT_REPLAY,0.0,0.0,0.0,False
V3_CANDIDATE_DEVELOPMENT_ONLY_SURFACE,M3T,0.2,0.0,1.0,0.0,0.05,66.5,1000000,UNSUPPORTED_WITHOUT_REPLAY,0.05,0.0,0.0,False
V3_CANDIDATE_DEVELOPMENT_ONLY_SURFACE,M3T,0.2,0.0,1.0,0.0,0.05,66.5,1000000,UNSUPPORTED_WITHOUT_REPLAY,0.1,0.0,0.0,False
V3_CANDIDATE_DEVELOPMENT_ONLY_SURFACE,M3T,0.2,0.0,1.0,0.0,0.05,66.5,1000000,UNSUPPORTED_WITHOUT_REPLAY,0.25,0.0,0.0,False
V3_CANDIDATE_DEVELOPMENT_ONLY_SURFACE,M3T,0.2,0.0,1.0,0.0,0.05,77.5,1000000,UNSUPPORTED_WITHOUT_REPLAY,0.0,0.0,0.0,False
V3_CANDIDATE_DEVELOPMENT_ONLY_SURFACE,M3T,0.2,0.0,1.0,0.0,0.05,77.5,1000000,UNSUPPORTED_WITHOUT_REPLAY,0.05,0.0,0.0,False
V3_CANDIDATE_DEVELOPMENT_ONLY_SURFACE,M3T,0.2,0.0,1.0,0.0,0.05,77.5,1000000,UNSUPPORTED_WITHOUT_REPLAY,0.1,0.0,0.0,False
V3_CANDIDATE_DEVELOPMENT_ONLY_SURFACE,M3T,0.2,0.0,1.0,0.0,0.05,77.5,1000000,UNSUPPORTED_WITHOUT_REPLAY,0.25,0.0,0.0,False
V3_CANDIDATE_DEVELOPMENT_ONLY_SURFACE,M3T,0.2,0.0,1.0,0.0,0.1,59.5,1000000,UNSUPPORTED_WITHOUT_REPLAY,0.0,0.0,0.0,False
V3_CANDIDATE_DEVELOPMENT_ONLY_SURFACE,M3T,0.2,0.0,1.0,0.0,0.1,59.5,1000000,UNSUPPORTED_WITHOUT_REPLAY,0.05,0.0,0.0,False
V3_CANDIDATE_DEVELOPMENT_ONLY_SURFACE,M3T,0.2,0.0,1.0,0.0,0.1,59.5,1000000,UNSUPPORTED_WITHOUT_REPLAY,0.1,0.0,0.0,False
V3_CANDIDATE_DEVELOPMENT_ONLY_SURFACE,M3T,0.2,0.0,1.0,0.0,0.1,59.5,1000000,UNSUPPORTED_WITHOUT_REPLAY,0.25,0.0,0.0,False
V3_CANDIDATE_DEVELOPMENT_ONLY_SURFACE,M3T,0.2,0.0,1.0,0.0,0.1,66.5,1000000,UNSUPPORTED_WITHOUT_REPLAY,0.0,0.0,0.0,False
V3_CANDIDATE_DEVELOPMENT_ONLY_SURFACE,M3T,0.2,0.0,1.0,0.0,0.1,66.5,1000000,UNSUPPORTED_WITHOUT_REPLAY,0.05,0.0,0.0,False
V3_CANDIDATE_DEVELOPMENT_ONLY_SURFACE,M3T,0.2,0.0,1.0,0.0,0.1,66.5,1000000,UNSUPPORTED_WITHOUT_REPLAY,0.1,0.0,0.0,False
V3_CANDIDATE_DEVELOPMENT_ONLY_SURFACE,M3T,0.2,0.0,1.0,0.0,0.1,66.5,1000000,UNSUPPORTED_WITHOUT_REPLAY,0.25,0.0,0.0,False
V3_CANDIDATE_DEVELOPMENT_ONLY_SURFACE,M3T,0.2,0.0,1.0,0.0,0.1,77.5,1000000,UNSUPPORTED_WITHOUT_REPLAY,0.0,0.0,0.0,False
V3_CANDIDATE_DEVELOPMENT_ONLY_SURFACE,M3T,0.2,0.0,1.0,0.0,0.1,77.5,1000000,UNSUPPORTED_WITHOUT_REPLAY,0.05,0.0,0.0,False
V3_CANDIDATE_DEVELOPMENT_ONLY_SURFACE,M3T,0.2,0.0,1.0,0.0,0.1,77.5,1000000,UNSUPPORTED_WITHOUT_REPLAY,0.1,0.0,0.0,False
V3_CANDIDATE_DEVELOPMENT_ONLY_SURFACE,M3T,0.2,0.0,1.0,0.0,0.1,77.5,1000000,UNSUPPORTED_WITHOUT_REPLAY,0.25,0.0,0.0,False
V3_CANDIDATE_DEVELOPMENT_ONLY_SURFACE,M3T,0.2,0.0,1.0,0.4,0.0,59.5,1000000,UNSUPPORTED_WITHOUT_REPLAY,0.0,0.0,0.0,False
V3_CANDIDATE_DEVELOPMENT_ONLY_SURFACE,M3T,0.2,0.0,1.0,0.4,0.0,59.5,1000000,UNSUPPORTED_WITHOUT_REPLAY,0.05,0.0,0.0,False
V3_CANDIDATE_DEVELOPMENT_ONLY_SURFACE,M3T,0.2,0.0,1.0,0.4,0.0,59.5,1000000,UNSUPPORTED_WITHOUT_REPLAY,0.1,0.0,0.0,False
V3_CANDIDATE_DEVELOPMENT_ONLY_SURFACE,M3T,0.2,0.0,1.0,0.4,0.0,59.5,1000000,UNSUPPORTED_WITHOUT_REPLAY,0.25,0.0,0.0,False
V3_CANDIDATE_DEVELOPMENT_ONLY_SURFACE,M3T,0.2,0.0,1.0,0.4,0.0,66.5,1000000,UNSUPPORTED_WITHOUT_REPLAY,0.0,0.0,0.0,False
V3_CANDIDATE_DEVELOPMENT_ONLY_SURFACE,M3T,0.2,0.0,1.0,0.4,0.0,66.5,1000000,UNSUPPORTED_WITHOUT_REPLAY,0.05,0.0,0.0,False
V3_CANDIDATE_DEVELOPMENT_ONLY_SURFACE,M3T,0.2,0.0,1.0,0.4,0.0,66.5,1000000,UNSUPPORTED_WITHOUT_REPLAY,0.1,0.0,0.0,False
V3_CANDIDATE_DEVELOPMENT_ONLY_SURFACE,M3T,0.2,0.0,1.0,0.4,0.0,66.5,1000000,UNSUPPORTED_WITHOUT_REPLAY,0.25,0.0,0.0,False
V3_CANDIDATE_DEVELOPMENT_ONLY_SURFACE,M3T,0.2,0.0,1.0,0.4,0.0,77.5,1000000,UNSUPPORTED_WITHOUT_REPLAY,0.0,0.0,0.0,False
V3_CANDIDATE_DEVELOPMENT_ONLY_SURFACE,M3T,0.2,0.0,1.0,0.4,0.0,77.5,1000000,UNSUPPORTED_WITHOUT_REPLAY,0.05,0.0,0.0,False
V3_CANDIDATE_DEVELOPMENT_ONLY_SURFACE,M3T,0.2,0.0,1.0,0.4,0.0,77.5,1000000,UNSUPPORTED_WITHOUT_REPLAY,0.1,0.0,0.0,False
V3_CANDIDATE_DEVELOPMENT_ONLY_SURFACE,M3T,0.2,0.0,1.0,0.4,0.0,77.5,1000000,UNSUPPORTED_WITHOUT_REPLAY,0.25,0.0,0.0,False
V3_CANDIDATE_DEVELOPMENT_ONLY_SURFACE,M3T,0.2,0.0,1.0,0.4,0.05,59.5,1000000,UNSUPPORTED_WITHOUT_REPLAY,0.0,0.0,0.0,False
V3_CANDIDATE_DEVELOPMENT_ONLY_SURFACE,M3T,0.2,0.0,1.0,0.4,0.05,59.5,1000000,UNSUPPORTED_WITHOUT_REPLAY,0.05,0.0,0.0,False
V3_CANDIDATE_DEVELOPMENT_ONLY_SURFACE,M3T,0.2,0.0,1.0,0.4,0.05,59.5,1000000,UNSUPPORTED_WITHOUT_REPLAY,0.1,0.0,0.0,False
V3_CANDIDATE_DEVELOPMENT_ONLY_SURFACE,M3T,0.2,0.0,1.0,0.4,0.05,59.5,1000000,UNSUPPORTED_WITHOUT_REPLAY,0.25,0.0,0.0,False
V3_CANDIDATE_DEVELOPMENT_ONLY_SURFACE,M3T,0.2,0.0,1.0,0.4,0.05,66.5,1000000,UNSUPPORTED_WITHOUT_REPLAY,0.0,0.0,0.0,False
V3_CANDIDATE_DEVELOPMENT_ONLY_SURFACE,M3T,0.2,0.0,1.0,0.4,0.05,66.5,1000000,UNSUPPORTED_WITHOUT_REPLAY,0.05,0.0,0.0,False
V3_CANDIDATE_DEVELOPMENT_ONLY_SURFACE,M3T,0.2,0.0,1.0,0.4,0.05,66.5,1000000,UNSUPPORTED_WITHOUT_REPLAY,0.1,0.0,0.0,False
V3_CANDIDATE_DEVELOPMENT_ONLY_SURFACE,M3T,0.2,0.0,1.0,0.4,0.05,66.5,1000000,UNSUPPORTED_WITHOUT_REPLAY,0.25,0.0,0.0,False
V3_CANDIDATE_DEVELOPMENT_ONLY_SURFACE,M3T,0.2,0.0,1.0,0.4,0.05,77.5,1000000,UNSUPPORTED_WITHOUT_REPLAY,0.0,0.0,0.0,False
V3_CANDIDATE_DEVELOPMENT_ONLY_SURFACE,M3T,0.2,0.0,1.0,0.4,0.05,77.5,1000000,UNSUPPORTED_WITHOUT_REPLAY,0.05,0.0,0.0,False
V3_CANDIDATE_DEVELOPMENT_ONLY_SURFACE,M3T,0.2,0.0,1.0,0.4,0.05,77.5,1000000,UNSUPPORTED_WITHOUT_REPLAY,0.1,0.0,0.0,False
V3_CANDIDATE_DEVELOPMENT_ONLY_SURFACE,M3T,0.2,0.0,1.0,0.4,0.05,77.5,1000000,UNSUPPORTED_WITHOUT_REPLAY,0.25,0.0,0.0,False
V3_CANDIDATE_DEVELOPMENT_ONLY_SURFACE,M3T,0.2,0.0,1.0,0.4,0.1,59.5,1000000,UNSUPPORTED_WITHOUT_REPLAY,0.0,0.0,0.0,False
V3_CANDIDATE_DEVELOPMENT_ONLY_SURFACE,M3T,0.2,0.0,1.0,0.4,0.1,59.5,1000000,UNSUPPORTED_WITHOUT_REPLAY,0.05,0.0,0.0,False
V3_CANDIDATE_DEVELOPMENT_ONLY_SURFACE,M3T,0.2,0.0,1.0,0.4,0.1,59.5,1000000,UNSUPPORTED_WITHOUT_REPLAY,0.1,0.0,0.0,False
V3_CANDIDATE_DEVELOPMENT_ONLY_SURFACE,M3T,0.2,0.0,1.0,0.4,0.1,59.5,1000000,UNSUPPORTED_WITHOUT_REPLAY,0.25,0.0,0.0,False
V3_CANDIDATE_DEVELOPMENT_ONLY_SURFACE,M3T,0.2,0.0,1.0,0.4,0.1,66.5,1000000,UNSUPPORTED_WITHOUT_REPLAY,0.0,0.0,0.0,False
V3_CANDIDATE_DEVELOPMENT_ONLY_SURFACE,M3T,0.2,0.0,1.0,0.4,0.1,66.5,1000000,UNSUPPORTED_WITHOUT_REPLAY,0.05,0.0,0.0,False
V3_CANDIDATE_DEVELOPMENT_ONLY_SURFACE,M3T,0.2,0.0,1.0,0.4,0.1,66.5,1000000,UNSUPPORTED_WITHOUT_REPLAY,0.1,0.0,0.0,False
V3_CANDIDATE_DEVELOPMENT_ONLY_SURFACE,M3T,0.2,0.0,1.0,0.4,0.1,66.5,1000000,UNSUPPORTED_WITHOUT_REPLAY,0.25,0.0,0.0,False
V3_CANDIDATE_DEVELOPMENT_ONLY_SURFACE,M3T,0.2,0.0,1.0,0.4,0.1,77.5,1000000,UNSUPPORTED_WITHOUT_REPLAY,0.0,0.0,0.0,False
V3_CANDIDATE_DEVELOPMENT_ONLY_SURFACE,M3T,0.2,0.0,1.0,0.4,0.1,77.5,1000000,UNSUPPORTED_WITHOUT_REPLAY,0.05,0.0,0.0,False
V3_CANDIDATE_DEVELOPMENT_ONLY_SURFACE,M3T,0.2,0.0,1.0,0.4,0.1,77.5,1000000,UNSUPPORTED_WITHOUT_REPLAY,0.1,0.0,0.0,False
V3_CANDIDATE_DEVELOPMENT_ONLY_SURFACE,M3T,0.2,0.0,1.0,0.4,0.1,77.5,1000000,UNSUPPORTED_WITHOUT_REPLAY,0.25,0.0,0.0,False
V3_CANDIDATE_DEVELOPMENT_ONLY_SURFACE,M3T,0.2,0.0,1.0,0.6,0.0,59.5,1000000,UNSUPPORTED_WITHOUT_REPLAY,0.0,0.0,0.0,False
V3_CANDIDATE_DEVELOPMENT_ONLY_SURFACE,M3T,0.2,0.0,1.0,0.6,0.0,59.5,1000000,UNSUPPORTED_WITHOUT_REPLAY,0.05,0.0,0.0,False
V3_CANDIDATE_DEVELOPMENT_ONLY_SURFACE,M3T,0.2,0.0,1.0,0.6,0.0,59.5,1000000,UNSUPPORTED_WITHOUT_REPLAY,0.1,0.0,0.0,False
V3_CANDIDATE_DEVELOPMENT_ONLY_SURFACE,M3T,0.2,0.0,1.0,0.6,0.0,59.5,1000000,UNSUPPORTED_WITHOUT_REPLAY,0.25,0.0,0.0,False
V3_CANDIDATE_DEVELOPMENT_ONLY_SURFACE,M3T,0.2,0.0,1.0,0.6,0.0,66.5,1000000,UNSUPPORTED_WITHOUT_REPLAY,0.0,0.0,0.0,False
V3_CANDIDATE_DEVELOPMENT_ONLY_SURFACE,M3T,0.2,0.0,1.0,0.6,0.0,66.5,1000000,UNSUPPORTED_WITHOUT_REPLAY,0.05,0.0,0.0,False
V3_CANDIDATE_DEVELOPMENT_ONLY_SURFACE,M3T,0.2,0.0,1.0,0.6,0.0,66.5,1000000,UNSUPPORTED_WITHOUT_REPLAY,0.1,0.0,0.0,False
V3_CANDIDATE_DEVELOPMENT_ONLY_SURFACE,M3T,0.2,0.0,1.0,0.6,0.0,66.5,1000000,UNSUPPORTED_WITHOUT_REPLAY,0.25,0.0,0.0,False
V3_CANDIDATE_DEVELOPMENT_ONLY_SURFACE,M3T,0.2,0.0,1.0,0.6,0.0,77.5,1000000,UNSUPPORTED_WITHOUT_REPLAY,0.0,0.0,0.0,False
V3_CANDIDATE_DEVELOPMENT_ONLY_SURFACE,M3T,0.2,0.0,1.0,0.6,0.0,77.5,1000000,UNSUPPORTED_WITHOUT_REPLAY,0.05,0.0,0.0,False
V3_CANDIDATE_DEVELOPMENT_ONLY_SURFACE,M3T,0.2,0.0,1.0,0.6,0.0,77.5,1000000,UNSUPPORTED_WITHOUT_REPLAY,0.1,0.0,0.0,False
V3_CANDIDATE_DEVELOPMENT_ONLY_SURFACE,M3T,0.2,0.0,1.0,0.6,0.0,77.5,1000000,UNSUPPORTED_WITHOUT_REPLAY,0.25,0.0,0.0,False
V3_CANDIDATE_DEVELOPMENT_ONLY_SURFACE,M3T,0.2,0.0,1.0,0.6,0.05,59.5,1000000,UNSUPPORTED_WITHOUT_REPLAY,0.0,0.0,0.0,False
V3_CANDIDATE_DEVELOPMENT_ONLY_SURFACE,M3T,0.2,0.0,1.0,0.6,0.05,59.5,1000000,UNSUPPORTED_WITHOUT_REPLAY,0.05,0.0,0.0,False
V3_CANDIDATE_DEVELOPMENT_ONLY_SURFACE,M3T,0.2,0.0,1.0,0.6,0.05,59.5,1000000,UNSUPPORTED_WITHOUT_REPLAY,0.1,0.0,0.0,False
V3_CANDIDATE_DEVELOPMENT_ONLY_SURFACE,M3T,0.2,0.0,1.0,0.6,0.05,59.5,1000000,UNSUPPORTED_WITHOUT_REPLAY,0.25,0.0,0.0,False
V3_CANDIDATE_DEVELOPMENT_ONLY_SURFACE,M3T,0.2,0.0,1.0,0.6,0.05,66.5,1000000,UNSUPPORTED_WITHOUT_REPLAY,0.0,0.0,0.0,False
V3_CANDIDATE_DEVELOPMENT_ONLY_SURFACE,M3T,0.2,0.0,1.0,0.6,0.05,66.5,1000000,UNSUPPORTED_WITHOUT_REPLAY,0.05,0.0,0.0,False
V3_CANDIDATE_DEVELOPMENT_ONLY_SURFACE,M3T,0.2,0.0,1.0,0.6,0.05,66.5,1000000,UNSUPPORTED_WITHOUT_REPLAY,0.1,0.0,0.0,False
V3_CANDIDATE_DEVELOPMENT_ONLY_SURFACE,M3T,0.2,0.0,1.0,0.6,0.05,66.5,1000000,UNSUPPORTED_WITHOUT_REPLAY,0.25,0.0,0.0,False
V3_CANDIDATE_DEVELOPMENT_ONLY_SURFACE,M3T,0.2,0.0,1.0,0.6,0.05,77.5,1000000,UNSUPPORTED_WITHOUT_REPLAY,0.0,0.0,0.0,False
V3_CANDIDATE_DEVELOPMENT_ONLY_SURFACE,M3T,0.2,0.0,1.0,0.6,0.05,77.5,1000000,UNSUPPORTED_WITHOUT_REPLAY,0.05,0.0,0.0,False
V3_CANDIDATE_DEVELOPMENT_ONLY_SURFACE,M3T,0.2,0.0,1.0,0.6,0.05,77.5,1000000,UNSUPPORTED_WITHOUT_REPLAY,0.1,0.0,0.0,False
V3_CANDIDATE_DEVELOPMENT_ONLY_SURFACE,M3T,0.2,0.0,1.0,0.6,0.05,77.5,1000000,UNSUPPORTED_WITHOUT_REPLAY,0.25,0.0,0.0,False
V3_CANDIDATE_DEVELOPMENT_ONLY_SURFACE,M3T,0.2,0.0,1.0,0.6,0.1,59.5,1000000,UNSUPPORTED_WITHOUT_REPLAY,0.0,0.0,0.0,False
V3_CANDIDATE_DEVELOPMENT_ONLY_SURFACE,M3T,0.2,0.0,1.0,0.6,0.1,59.5,1000000,UNSUPPORTED_WITHOUT_REPLAY,0.05,0.0,0.0,False
V3_CANDIDATE_DEVELOPMENT_ONLY_SURFACE,M3T,0.2,0.0,1.0,0.6,0.1,59.5,1000000,UNSUPPORTED_WITHOUT_REPLAY,0.1,0.0,0.0,False
V3_CANDIDATE_DEVELOPMENT_ONLY_SURFACE,M3T,0.2,0.0,1.0,0.6,0.1,59.5,1000000,UNSUPPORTED_WITHOUT_REPLAY,0.25,0.0,0.0,False
V3_CANDIDATE_DEVELOPMENT_ONLY_SURFACE,M3T,0.2,0.0,1.0,0.6,0.1,66.5,1000000,UNSUPPORTED_WITHOUT_REPLAY,0.0,0.0,0.0,False
V3_CANDIDATE_DEVELOPMENT_ONLY_SURFACE,M3T,0.2,0.0,1.0,0.6,0.1,66.5,1000000,UNSUPPORTED_WITHOUT_REPLAY,0.05,0.0,0.0,False
V3_CANDIDATE_DEVELOPMENT_ONLY_SURFACE,M3T,0.2,0.0,1.0,0.6,0.1,66.5,1000000,UNSUPPORTED_WITHOUT_REPLAY,0.1,0.0,0.0,False
V3_CANDIDATE_DEVELOPMENT_ONLY_SURFACE,M3T,0.2,0.0,1.0,0.6,0.1,66.5,1000000,UNSUPPORTED_WITHOUT_REPLAY,0.25,0.0,0.0,False
V3_CANDIDATE_DEVELOPMENT_ONLY_SURFACE,M3T,0.2,0.0,1.0,0.6,0.1,77.5,1000000,UNSUPPORTED_WITHOUT_REPLAY,0.0,0.0,0.0,False
V3_CANDIDATE_DEVELOPMENT_ONLY_SURFACE,M3T,0.2,0.0,1.0,0.6,0.1,77.5,1000000,UNSUPPORTED_WITHOUT_REPLAY,0.05,0.0,0.0,False
V3_CANDIDATE_DEVELOPMENT_ONLY_SURFACE,M3T,0.2,0.0,1.0,0.6,0.1,77.5,1000000,UNSUPPORTED_WITHOUT_REPLAY,0.1,0.0,0.0,False
V3_CANDIDATE_DEVELOPMENT_ONLY_SURFACE,M3T,0.2,0.0,1.0,0.6,0.1,77.5,1000000,UNSUPPORTED_WITHOUT_REPLAY,0.25,0.0,0.0,False
V3_CANDIDATE_DEVELOPMENT_ONLY_SURFACE,M3T,0.2,0.0,1.0,0.8,0.0,59.5,1000000,UNSUPPORTED_WITHOUT_REPLAY,0.0,0.0,0.0,False
V3_CANDIDATE_DEVELOPMENT_ONLY_SURFACE,M3T,0.2,0.0,1.0,0.8,0.0,59.5,1000000,UNSUPPORTED_WITHOUT_REPLAY,0.05,0.0,0.0,False
V3_CANDIDATE_DEVELOPMENT_ONLY_SURFACE,M3T,0.2,0.0,1.0,0.8,0.0,59.5,1000000,UNSUPPORTED_WITHOUT_REPLAY,0.1,0.0,0.0,False
V3_CANDIDATE_DEVELOPMENT_ONLY_SURFACE,M3T,0.2,0.0,1.0,0.8,0.0,59.5,1000000,UNSUPPORTED_WITHOUT_REPLAY,0.25,0.0,0.0,False
V3_CANDIDATE_DEVELOPMENT_ONLY_SURFACE,M3T,0.2,0.0,1.0,0.8,0.0,66.5,1000000,UNSUPPORTED_WITHOUT_REPLAY,0.0,0.0,0.0,False
V3_CANDIDATE_DEVELOPMENT_ONLY_SURFACE,M3T,0.2,0.0,1.0,0.8,0.0,66.5,1000000,UNSUPPORTED_WITHOUT_REPLAY,0.05,0.0,0.0,False
V3_CANDIDATE_DEVELOPMENT_ONLY_SURFACE,M3T,0.2,0.0,1.0,0.8,0.0,66.5,1000000,UNSUPPORTED_WITHOUT_REPLAY,0.1,0.0,0.0,False
V3_CANDIDATE_DEVELOPMENT_ONLY_SURFACE,M3T,0.2,0.0,1.0,0.8,0.0,66.5,1000000,UNSUPPORTED_WITHOUT_REPLAY,0.25,0.0,0.0,False
V3_CANDIDATE_DEVELOPMENT_ONLY_SURFACE,M3T,0.2,0.0,1.0,0.8,0.0,77.5,1000000,UNSUPPORTED_WITHOUT_REPLAY,0.0,0.0,0.0,False
V3_CANDIDATE_DEVELOPMENT_ONLY_SURFACE,M3T,0.2,0.0,1.0,0.8,0.0,77.5,1000000,UNSUPPORTED_WITHOUT_REPLAY,0.05,0.0,0.0,False
V3_CANDIDATE_DEVELOPMENT_ONLY_SURFACE,M3T,0.2,0.0,1.0,0.8,0.0,77.5,1000000,UNSUPPORTED_WITHOUT_REPLAY,0.1,0.0,0.0,False
V3_CANDIDATE_DEVELOPMENT_ONLY_SURFACE,M3T,0.2,0.0,1.0,0.8,0.0,77.5,1000000,UNSUPPORTED_WITHOUT_REPLAY,0.25,0.0,0.0,False
V3_CANDIDATE_DEVELOPMENT_ONLY_SURFACE,M3T,0.2,0.0,1.0,0.8,0.05,59.5,1000000,UNSUPPORTED_WITHOUT_REPLAY,0.0,0.0,0.0,False
V3_CANDIDATE_DEVELOPMENT_ONLY_SURFACE,M3T,0.2,0.0,1.0,0.8,0.05,59.5,1000000,UNSUPPORTED_WITHOUT_REPLAY,0.05,0.0,0.0,False
V3_CANDIDATE_DEVELOPMENT_ONLY_SURFACE,M3T,0.2,0.0,1.0,0.8,0.05,59.5,1000000,UNSUPPORTED_WITHOUT_REPLAY,0.1,0.0,0.0,False
V3_CANDIDATE_DEVELOPMENT_ONLY_SURFACE,M3T,0.2,0.0,1.0,0.8,0.05,59.5,1000000,UNSUPPORTED_WITHOUT_REPLAY,0.25,0.0,0.0,False
V3_CANDIDATE_DEVELOPMENT_ONLY_SURFACE,M3T,0.2,0.0,1.0,0.8,0.05,66.5,1000000,UNSUPPORTED_WITHOUT_REPLAY,0.0,0.0,0.0,False
V3_CANDIDATE_DEVELOPMENT_ONLY_SURFACE,M3T,0.2,0.0,1.0,0.8,0.05,66.5,1000000,UNSUPPORTED_WITHOUT_REPLAY,0.05,0.0,0.0,False
V3_CANDIDATE_DEVELOPMENT_ONLY_SURFACE,M3T,0.2,0.0,1.0,0.8,0.05,66.5,1000000,UNSUPPORTED_WITHOUT_REPLAY,0.1,0.0,0.0,False
V3_CANDIDATE_DEVELOPMENT_ONLY_SURFACE,M3T,0.2,0.0,1.0,0.8,0.05,66.5,1000000,UNSUPPORTED_WITHOUT_REPLAY,0.25,0.0,0.0,False
V3_CANDIDATE_DEVELOPMENT_ONLY_SURFACE,M3T,0.2,0.0,1.0,0.8,0.05,77.5,1000000,UNSUPPORTED_WITHOUT_REPLAY,0.0,0.0,0.0,False
V3_CANDIDATE_DEVELOPMENT_ONLY_SURFACE,M3T,0.2,0.0,1.0,0.8,0.05,77.5,1000000,UNSUPPORTED_WITHOUT_REPLAY,0.05,0.0,0.0,False
V3_CANDIDATE_DEVELOPMENT_ONLY_SURFACE,M3T,0.2,0.0,1.0,0.8,0.05,77.5,1000000,UNSUPPORTED_WITHOUT_REPLAY,0.1,0.0,0.0,False
V3_CANDIDATE_DEVELOPMENT_ONLY_SURFACE,M3T,0.2,0.0,1.0,0.8,0.05,77.5,1000000,UNSUPPORTED_WITHOUT_REPLAY,0.25,0.0,0.0,False
V3_CANDIDATE_DEVELOPMENT_ONLY_SURFACE,M3T,0.2,0.0,1.0,0.8,0.1,59.5,1000000,UNSUPPORTED_WITHOUT_REPLAY,0.0,0.0,0.0,False
V3_CANDIDATE_DEVELOPMENT_ONLY_SURFACE,M3T,0.2,0.0,1.0,0.8,0.1,59.5,1000000,UNSUPPORTED_WITHOUT_REPLAY,0.05,0.0,0.0,False
V3_CANDIDATE_DEVELOPMENT_ONLY_SURFACE,M3T,0.2,0.0,1.0,0.8,0.1,59.5,1000000,UNSUPPORTED_WITHOUT_REPLAY,0.1,0.0,0.0,False
V3_CANDIDATE_DEVELOPMENT_ONLY_SURFACE,M3T,0.2,0.0,1.0,0.8,0.1,59.5,1000000,UNSUPPORTED_WITHOUT_REPLAY,0.25,0.0,0.0,False
V3_CANDIDATE_DEVELOPMENT_ONLY_SURFACE,M3T,0.2,0.0,1.0,0.8,0.1,66.5,1000000,UNSUPPORTED_WITHOUT_REPLAY,0.0,0.0,0.0,False
V3_CANDIDATE_DEVELOPMENT_ONLY_SURFACE,M3T,0.2,0.0,1.0,0.8,0.1,66.5,1000000,UNSUPPORTED_WITHOUT_REPLAY,0.05,0.0,0.0,False
V3_CANDIDATE_DEVELOPMENT_ONLY_SURFACE,M3T,0.2,0.0,1.0,0.8,0.1,66.5,1000000,UNSUPPORTED_WITHOUT_REPLAY,0.1,0.0,0.0,False
V3_CANDIDATE_DEVELOPMENT_ONLY_SURFACE,M3T,0.2,0.0,1.0,0.8,0.1,66.5,1000000,UNSUPPORTED_WITHOUT_REPLAY,0.25,0.0,0.0,False
V3_CANDIDATE_DEVELOPMENT_ONLY_SURFACE,M3T,0.2,0.0,1.0,0.8,0.1,77.5,1000000,UNSUPPORTED_WITHOUT_REPLAY,0.0,0.0,0.0,False
V3_CANDIDATE_DEVELOPMENT_ONLY_SURFACE,M3T,0.2,0.0,1.0,0.8,0.1,77.5,1000000,UNSUPPORTED_WITHOUT_REPLAY,0.05,0.0,0.0,False
V3_CANDIDATE_DEVELOPMENT_ONLY_SURFACE,M3T,0.2,0.0,1.0,0.8,0.1,77.5,1000000,UNSUPPORTED_WITHOUT_REPLAY,0.1,0.0,0.0,False
V3_CANDIDATE_DEVELOPMENT_ONLY_SURFACE,M3T,0.2,0.0,1.0,0.8,0.1,77.5,1000000,UNSUPPORTED_WITHOUT_REPLAY,0.25,0.0,0.0,False
V3_CANDIDATE_DEVELOPMENT_ONLY_SURFACE,M3T,0.2,0.25,0.0,0.0,0.0,59.5,1000000,UNSUPPORTED_WITHOUT_REPLAY,0.0,0.0041417681555403416,0.13580246913580246,False
V3_CANDIDATE_DEVELOPMENT_ONLY_SURFACE,M3T,0.2,0.25,0.0,0.0,0.0,59.5,1000000,UNSUPPORTED_WITHOUT_REPLAY,0.05,-0.0026483553012497823,0.0205761316872428,False
V3_CANDIDATE_DEVELOPMENT_ONLY_SURFACE,M3T,0.2,0.25,0.0,0.0,0.0,59.5,1000000,UNSUPPORTED_WITHOUT_REPLAY,0.1,-0.009438478758039905,0.0,False
V3_CANDIDATE_DEVELOPMENT_ONLY_SURFACE,M3T,0.2,0.25,0.0,0.0,0.0,59.5,1000000,UNSUPPORTED_WITHOUT_REPLAY,0.25,-0.029808849128410277,0.0,False
V3_CANDIDATE_DEVELOPMENT_ONLY_SURFACE,M3T,0.2,0.25,0.0,0.0,0.0,66.5,1000000,UNSUPPORTED_WITHOUT_REPLAY,0.0,0.005564997548438235,0.17901234567901234,False
V3_CANDIDATE_DEVELOPMENT_ONLY_SURFACE,M3T,0.2,0.25,0.0,0.0,0.0,66.5,1000000,UNSUPPORTED_WITHOUT_REPLAY,0.05,-0.003385619735512382,0.02880658436213992,False
V3_CANDIDATE_DEVELOPMENT_ONLY_SURFACE,M3T,0.2,0.25,0.0,0.0,0.0,66.5,1000000,UNSUPPORTED_WITHOUT_REPLAY,0.1,-0.012336237019462999,0.0,False
V3_CANDIDATE_DEVELOPMENT_ONLY_SURFACE,M3T,0.2,0.25,0.0,0.0,0.0,66.5,1000000,UNSUPPORTED_WITHOUT_REPLAY,0.25,-0.03918808887131485,0.0,False
V3_CANDIDATE_DEVELOPMENT_ONLY_SURFACE,M3T,0.2,0.25,0.0,0.0,0.0,77.5,1000000,UNSUPPORTED_WITHOUT_REPLAY,0.0,0.007911595002751041,0.2551440329218107,False
V3_CANDIDATE_DEVELOPMENT_ONLY_SURFACE,M3T,0.2,0.25,0.0,0.0,0.0,77.5,1000000,UNSUPPORTED_WITHOUT_REPLAY,0.05,-0.004845606643339494,0.0411522633744856,False
V3_CANDIDATE_DEVELOPMENT_ONLY_SURFACE,M3T,0.2,0.25,0.0,0.0,0.0,77.5,1000000,UNSUPPORTED_WITHOUT_REPLAY,0.1,-0.01760280828943003,0.0,False
V3_CANDIDATE_DEVELOPMENT_ONLY_SURFACE,M3T,0.2,0.25,0.0,0.0,0.0,77.5,1000000,UNSUPPORTED_WITHOUT_REPLAY,0.25,-0.05587441322770164,0.0,False
V3_CANDIDATE_DEVELOPMENT_ONLY_SURFACE,M3T,0.2,0.25,0.0,0.0,0.05,59.5,1000000,UNSUPPORTED_WITHOUT_REPLAY,0.0,0.0012234224553947474,0.0205761316872428,False
V3_CANDIDATE_DEVELOPMENT_ONLY_SURFACE,M3T,0.2,0.25,0.0,0.0,0.05,59.5,1000000,UNSUPPORTED_WITHOUT_REPLAY,0.05,0.00019461587103260757,0.0205761316872428,False
V3_CANDIDATE_DEVELOPMENT_ONLY_SURFACE,M3T,0.2,0.25,0.0,0.0,0.05,59.5,1000000,UNSUPPORTED_WITHOUT_REPLAY,0.1,-0.0008341907133295323,0.0,False
V3_CANDIDATE_DEVELOPMENT_ONLY_SURFACE,M3T,0.2,0.25,0.0,0.0,0.05,59.5,1000000,UNSUPPORTED_WITHOUT_REPLAY,0.25,-0.0039206104664159525,0.0,False
V3_CANDIDATE_DEVELOPMENT_ONLY_SURFACE,M3T,0.2,0.25,0.0,0.0,0.05,66.5,1000000,UNSUPPORTED_WITHOUT_REPLAY,0.0,0.0016659291712381261,0.02880658436213992,False
V3_CANDIDATE_DEVELOPMENT_ONLY_SURFACE,M3T,0.2,0.25,0.0,0.0,0.05,66.5,1000000,UNSUPPORTED_WITHOUT_REPLAY,0.05,0.00022559995313113017,0.02880658436213992,False
V3_CANDIDATE_DEVELOPMENT_ONLY_SURFACE,M3T,0.2,0.25,0.0,0.0,0.05,66.5,1000000,UNSUPPORTED_WITHOUT_REPLAY,0.1,-0.0012147292649758658,0.0,False
V3_CANDIDATE_DEVELOPMENT_ONLY_SURFACE,M3T,0.2,0.25,0.0,0.0,0.05,66.5,1000000,UNSUPPORTED_WITHOUT_REPLAY,0.25,-0.005535716919296853,0.0,False
V3_CANDIDATE_DEVELOPMENT_ONLY_SURFACE,M3T,0.2,0.25,0.0,0.0,0.05,77.5,1000000,UNSUPPORTED_WITHOUT_REPLAY,0.0,0.002340042868518454,0.0411522633744856,False
V3_CANDIDATE_DEVELOPMENT_ONLY_SURFACE,M3T,0.2,0.25,0.0,0.0,0.05,77.5,1000000,UNSUPPORTED_WITHOUT_REPLAY,0.05,0.0002824296997941738,0.0411522633744856,False
V3_CANDIDATE_DEVELOPMENT_ONLY_SURFACE,M3T,0.2,0.25,0.0,0.0,0.05,77.5,1000000,UNSUPPORTED_WITHOUT_REPLAY,0.1,-0.0017751834689301062,0.0,False
V3_CANDIDATE_DEVELOPMENT_ONLY_SURFACE,M3T,0.2,0.25,0.0,0.0,0.05,77.5,1000000,UNSUPPORTED_WITHOUT_REPLAY,0.25,-0.007948022975102945,0.0,False
V3_CANDIDATE_DEVELOPMENT_ONLY_SURFACE,M3T,0.2,0.25,0.0,0.0,0.1,59.5,1000000,UNSUPPORTED_WITHOUT_REPLAY,0.0,0.0,0.0,False
V3_CANDIDATE_DEVELOPMENT_ONLY_SURFACE,M3T,0.2,0.25,0.0,0.0,0.1,59.5,1000000,UNSUPPORTED_WITHOUT_REPLAY,0.05,0.0,0.0,False
V3_CANDIDATE_DEVELOPMENT_ONLY_SURFACE,M3T,0.2,0.25,0.0,0.0,0.1,59.5,1000000,UNSUPPORTED_WITHOUT_REPLAY,0.1,0.0,0.0,False
V3_CANDIDATE_DEVELOPMENT_ONLY_SURFACE,M3T,0.2,0.25,0.0,0.0,0.1,59.5,1000000,UNSUPPORTED_WITHOUT_REPLAY,0.25,0.0,0.0,False
V3_CANDIDATE_DEVELOPMENT_ONLY_SURFACE,M3T,0.2,0.25,0.0,0.0,0.1,66.5,1000000,UNSUPPORTED_WITHOUT_REPLAY,0.0,0.0,0.0,False
V3_CANDIDATE_DEVELOPMENT_ONLY_SURFACE,M3T,0.2,0.25,0.0,0.0,0.1,66.5,1000000,UNSUPPORTED_WITHOUT_REPLAY,0.05,0.0,0.0,False
V3_CANDIDATE_DEVELOPMENT_ONLY_SURFACE,M3T,0.2,0.25,0.0,0.0,0.1,66.5,1000000,UNSUPPORTED_WITHOUT_REPLAY,0.1,0.0,0.0,False
V3_CANDIDATE_DEVELOPMENT_ONLY_SURFACE,M3T,0.2,0.25,0.0,0.0,0.1,66.5,1000000,UNSUPPORTED_WITHOUT_REPLAY,0.25,0.0,0.0,False
V3_CANDIDATE_DEVELOPMENT_ONLY_SURFACE,M3T,0.2,0.25,0.0,0.0,0.1,77.5,1000000,UNSUPPORTED_WITHOUT_REPLAY,0.0,0.0,0.0,False
V3_CANDIDATE_DEVELOPMENT_ONLY_SURFACE,M3T,0.2,0.25,0.0,0.0,0.1,77.5,1000000,UNSUPPORTED_WITHOUT_REPLAY,0.05,0.0,0.0,False
V3_CANDIDATE_DEVELOPMENT_ONLY_SURFACE,M3T,0.2,0.25,0.0,0.0,0.1,77.5,1000000,UNSUPPORTED_WITHOUT_REPLAY,0.1,0.0,0.0,False
V3_CANDIDATE_DEVELOPMENT_ONLY_SURFACE,M3T,0.2,0.25,0.0,0.0,0.1,77.5,1000000,UNSUPPORTED_WITHOUT_REPLAY,0.25,0.0,0.0,False
V3_CANDIDATE_DEVELOPMENT_ONLY_SURFACE,M3T,0.2,0.25,0.0,0.4,0.0,59.5,1000000,UNSUPPORTED_WITHOUT_REPLAY,0.0,0.0041417681555403416,0.13580246913580246,False
V3_CANDIDATE_DEVELOPMENT_ONLY_SURFACE,M3T,0.2,0.25,0.0,0.4,0.0,59.5,1000000,UNSUPPORTED_WITHOUT_REPLAY,0.05,-0.0026483553012497823,0.0205761316872428,False
V3_CANDIDATE_DEVELOPMENT_ONLY_SURFACE,M3T,0.2,0.25,0.0,0.4,0.0,59.5,1000000,UNSUPPORTED_WITHOUT_REPLAY,0.1,-0.009438478758039905,0.0,False
V3_CANDIDATE_DEVELOPMENT_ONLY_SURFACE,M3T,0.2,0.25,0.0,0.4,0.0,59.5,1000000,UNSUPPORTED_WITHOUT_REPLAY,0.25,-0.029808849128410277,0.0,False
V3_CANDIDATE_DEVELOPMENT_ONLY_SURFACE,M3T,0.2,0.25,0.0,0.4,0.0,66.5,1000000,UNSUPPORTED_WITHOUT_REPLAY,0.0,0.005564997548438235,0.17901234567901234,False
V3_CANDIDATE_DEVELOPMENT_ONLY_SURFACE,M3T,0.2,0.25,0.0,0.4,0.0,66.5,1000000,UNSUPPORTED_WITHOUT_REPLAY,0.05,-0.003385619735512382,0.02880658436213992,False
V3_CANDIDATE_DEVELOPMENT_ONLY_SURFACE,M3T,0.2,0.25,0.0,0.4,0.0,66.5,1000000,UNSUPPORTED_WITHOUT_REPLAY,0.1,-0.012336237019462999,0.0,False
V3_CANDIDATE_DEVELOPMENT_ONLY_SURFACE,M3T,0.2,0.25,0.0,0.4,0.0,66.5,1000000,UNSUPPORTED_WITHOUT_REPLAY,0.25,-0.03918808887131485,0.0,False
V3_CANDIDATE_DEVELOPMENT_ONLY_SURFACE,M3T,0.2,0.25,0.0,0.4,0.0,77.5,1000000,UNSUPPORTED_WITHOUT_REPLAY,0.0,0.007911595002751041,0.2551440329218107,False
V3_CANDIDATE_DEVELOPMENT_ONLY_SURFACE,M3T,0.2,0.25,0.0,0.4,0.0,77.5,1000000,UNSUPPORTED_WITHOUT_REPLAY,0.05,-0.004845606643339494,0.0411522633744856,False
V3_CANDIDATE_DEVELOPMENT_ONLY_SURFACE,M3T,0.2,0.25,0.0,0.4,0.0,77.5,1000000,UNSUPPORTED_WITHOUT_REPLAY,0.1,-0.01760280828943003,0.0,False
V3_CANDIDATE_DEVELOPMENT_ONLY_SURFACE,M3T,0.2,0.25,0.0,0.4,0.0,77.5,1000000,UNSUPPORTED_WITHOUT_REPLAY,0.25,-0.05587441322770164,0.0,False
V3_CANDIDATE_DEVELOPMENT_ONLY_SURFACE,M3T,0.2,0.25,0.0,0.4,0.05,59.5,1000000,UNSUPPORTED_WITHOUT_REPLAY,0.0,0.0012234224553947474,0.0205761316872428,False
V3_CANDIDATE_DEVELOPMENT_ONLY_SURFACE,M3T,0.2,0.25,0.0,0.4,0.05,59.5,1000000,UNSUPPORTED_WITHOUT_REPLAY,0.05,0.00019461587103260757,0.0205761316872428,False
V3_CANDIDATE_DEVELOPMENT_ONLY_SURFACE,M3T,0.2,0.25,0.0,0.4,0.05,59.5,1000000,UNSUPPORTED_WITHOUT_REPLAY,0.1,-0.0008341907133295323,0.0,False
V3_CANDIDATE_DEVELOPMENT_ONLY_SURFACE,M3T,0.2,0.25,0.0,0.4,0.05,59.5,1000000,UNSUPPORTED_WITHOUT_REPLAY,0.25,-0.0039206104664159525,0.0,False
V3_CANDIDATE_DEVELOPMENT_ONLY_SURFACE,M3T,0.2,0.25,0.0,0.4,0.05,66.5,1000000,UNSUPPORTED_WITHOUT_REPLAY,0.0,0.0016659291712381261,0.02880658436213992,False
V3_CANDIDATE_DEVELOPMENT_ONLY_SURFACE,M3T,0.2,0.25,0.0,0.4,0.05,66.5,1000000,UNSUPPORTED_WITHOUT_REPLAY,0.05,0.00022559995313113017,0.02880658436213992,False
V3_CANDIDATE_DEVELOPMENT_ONLY_SURFACE,M3T,0.2,0.25,0.0,0.4,0.05,66.5,1000000,UNSUPPORTED_WITHOUT_REPLAY,0.1,-0.0012147292649758658,0.0,False
V3_CANDIDATE_DEVELOPMENT_ONLY_SURFACE,M3T,0.2,0.25,0.0,0.4,0.05,66.5,1000000,UNSUPPORTED_WITHOUT_REPLAY,0.25,-0.005535716919296853,0.0,False
V3_CANDIDATE_DEVELOPMENT_ONLY_SURFACE,M3T,0.2,0.25,0.0,0.4,0.05,77.5,1000000,UNSUPPORTED_WITHOUT_REPLAY,0.0,0.002340042868518454,0.0411522633744856,False
V3_CANDIDATE_DEVELOPMENT_ONLY_SURFACE,M3T,0.2,0.25,0.0,0.4,0.05,77.5,1000000,UNSUPPORTED_WITHOUT_REPLAY,0.05,0.0002824296997941738,0.0411522633744856,False
V3_CANDIDATE_DEVELOPMENT_ONLY_SURFACE,M3T,0.2,0.25,0.0,0.4,0.05,77.5,1000000,UNSUPPORTED_WITHOUT_REPLAY,0.1,-0.0017751834689301062,0.0,False
V3_CANDIDATE_DEVELOPMENT_ONLY_SURFACE,M3T,0.2,0.25,0.0,0.4,0.05,77.5,1000000,UNSUPPORTED_WITHOUT_REPLAY,0.25,-0.007948022975102945,0.0,False
V3_CANDIDATE_DEVELOPMENT_ONLY_SURFACE,M3T,0.2,0.25,0.0,0.4,0.1,59.5,1000000,UNSUPPORTED_WITHOUT_REPLAY,0.0,0.0,0.0,False
V3_CANDIDATE_DEVELOPMENT_ONLY_SURFACE,M3T,0.2,0.25,0.0,0.4,0.1,59.5,1000000,UNSUPPORTED_WITHOUT_REPLAY,0.05,0.0,0.0,False
V3_CANDIDATE_DEVELOPMENT_ONLY_SURFACE,M3T,0.2,0.25,0.0,0.4,0.1,59.5,1000000,UNSUPPORTED_WITHOUT_REPLAY,0.1,0.0,0.0,False
V3_CANDIDATE_DEVELOPMENT_ONLY_SURFACE,M3T,0.2,0.25,0.0,0.4,0.1,59.5,1000000,UNSUPPORTED_WITHOUT_REPLAY,0.25,0.0,0.0,False
V3_CANDIDATE_DEVELOPMENT_ONLY_SURFACE,M3T,0.2,0.25,0.0,0.4,0.1,66.5,1000000,UNSUPPORTED_WITHOUT_REPLAY,0.0,0.0,0.0,False
V3_CANDIDATE_DEVELOPMENT_ONLY_SURFACE,M3T,0.2,0.25,0.0,0.4,0.1,66.5,1000000,UNSUPPORTED_WITHOUT_REPLAY,0.05,0.0,0.0,False
V3_CANDIDATE_DEVELOPMENT_ONLY_SURFACE,M3T,0.2,0.25,0.0,0.4,0.1,66.5,1000000,UNSUPPORTED_WITHOUT_REPLAY,0.1,0.0,0.0,False
V3_CANDIDATE_DEVELOPMENT_ONLY_SURFACE,M3T,0.2,0.25,0.0,0.4,0.1,66.5,1000000,UNSUPPORTED_WITHOUT_REPLAY,0.25,0.0,0.0,False
V3_CANDIDATE_DEVELOPMENT_ONLY_SURFACE,M3T,0.2,0.25,0.0,0.4,0.1,77.5,1000000,UNSUPPORTED_WITHOUT_REPLAY,0.0,0.0,0.0,False
V3_CANDIDATE_DEVELOPMENT_ONLY_SURFACE,M3T,0.2,0.25,0.0,0.4,0.1,77.5,1000000,UNSUPPORTED_WITHOUT_REPLAY,0.05,0.0,0.0,False
V3_CANDIDATE_DEVELOPMENT_ONLY_SURFACE,M3T,0.2,0.25,0.0,0.4,0.1,77.5,1000000,UNSUPPORTED_WITHOUT_REPLAY,0.1,0.0,0.0,False
V3_CANDIDATE_DEVELOPMENT_ONLY_SURFACE,M3T,0.2,0.25,0.0,0.4,0.1,77.5,1000000,UNSUPPORTED_WITHOUT_REPLAY,0.25,0.0,0.0,False
V3_CANDIDATE_DEVELOPMENT_ONLY_SURFACE,M3T,0.2,0.25,0.0,0.6,0.0,59.5,1000000,UNSUPPORTED_WITHOUT_REPLAY,0.0,0.0,0.0,False
V3_CANDIDATE_DEVELOPMENT_ONLY_SURFACE,M3T,0.2,0.25,0.0,0.6,0.0,59.5,1000000,UNSUPPORTED_WITHOUT_REPLAY,0.05,0.0,0.0,False
V3_CANDIDATE_DEVELOPMENT_ONLY_SURFACE,M3T,0.2,0.25,0.0,0.6,0.0,59.5,1000000,UNSUPPORTED_WITHOUT_REPLAY,0.1,0.0,0.0,False
V3_CANDIDATE_DEVELOPMENT_ONLY_SURFACE,M3T,0.2,0.25,0.0,0.6,0.0,59.5,1000000,UNSUPPORTED_WITHOUT_REPLAY,0.25,0.0,0.0,False
V3_CANDIDATE_DEVELOPMENT_ONLY_SURFACE,M3T,0.2,0.25,0.0,0.6,0.0,66.5,1000000,UNSUPPORTED_WITHOUT_REPLAY,0.0,0.0,0.0,False
V3_CANDIDATE_DEVELOPMENT_ONLY_SURFACE,M3T,0.2,0.25,0.0,0.6,0.0,66.5,1000000,UNSUPPORTED_WITHOUT_REPLAY,0.05,0.0,0.0,False
V3_CANDIDATE_DEVELOPMENT_ONLY_SURFACE,M3T,0.2,0.25,0.0,0.6,0.0,66.5,1000000,UNSUPPORTED_WITHOUT_REPLAY,0.1,0.0,0.0,False
V3_CANDIDATE_DEVELOPMENT_ONLY_SURFACE,M3T,0.2,0.25,0.0,0.6,0.0,66.5,1000000,UNSUPPORTED_WITHOUT_REPLAY,0.25,0.0,0.0,False
V3_CANDIDATE_DEVELOPMENT_ONLY_SURFACE,M3T,0.2,0.25,0.0,0.6,0.0,77.5,1000000,UNSUPPORTED_WITHOUT_REPLAY,0.0,0.0,0.0,False
V3_CANDIDATE_DEVELOPMENT_ONLY_SURFACE,M3T,0.2,0.25,0.0,0.6,0.0,77.5,1000000,UNSUPPORTED_WITHOUT_REPLAY,0.05,0.0,0.0,False
V3_CANDIDATE_DEVELOPMENT_ONLY_SURFACE,M3T,0.2,0.25,0.0,0.6,0.0,77.5,1000000,UNSUPPORTED_WITHOUT_REPLAY,0.1,0.0,0.0,False
V3_CANDIDATE_DEVELOPMENT_ONLY_SURFACE,M3T,0.2,0.25,0.0,0.6,0.0,77.5,1000000,UNSUPPORTED_WITHOUT_REPLAY,0.25,0.0,0.0,False
V3_CANDIDATE_DEVELOPMENT_ONLY_SURFACE,M3T,0.2,0.25,0.0,0.6,0.05,59.5,1000000,UNSUPPORTED_WITHOUT_REPLAY,0.0,0.0,0.0,False
V3_CANDIDATE_DEVELOPMENT_ONLY_SURFACE,M3T,0.2,0.25,0.0,0.6,0.05,59.5,1000000,UNSUPPORTED_WITHOUT_REPLAY,0.05,0.0,0.0,False
V3_CANDIDATE_DEVELOPMENT_ONLY_SURFACE,M3T,0.2,0.25,0.0,0.6,0.05,59.5,1000000,UNSUPPORTED_WITHOUT_REPLAY,0.1,0.0,0.0,False
V3_CANDIDATE_DEVELOPMENT_ONLY_SURFACE,M3T,0.2,0.25,0.0,0.6,0.05,59.5,1000000,UNSUPPORTED_WITHOUT_REPLAY,0.25,0.0,0.0,False
V3_CANDIDATE_DEVELOPMENT_ONLY_SURFACE,M3T,0.2,0.25,0.0,0.6,0.05,66.5,1000000,UNSUPPORTED_WITHOUT_REPLAY,0.0,0.0,0.0,False
V3_CANDIDATE_DEVELOPMENT_ONLY_SURFACE,M3T,0.2,0.25,0.0,0.6,0.05,66.5,1000000,UNSUPPORTED_WITHOUT_REPLAY,0.05,0.0,0.0,False
V3_CANDIDATE_DEVELOPMENT_ONLY_SURFACE,M3T,0.2,0.25,0.0,0.6,0.05,66.5,1000000,UNSUPPORTED_WITHOUT_REPLAY,0.1,0.0,0.0,False
V3_CANDIDATE_DEVELOPMENT_ONLY_SURFACE,M3T,0.2,0.25,0.0,0.6,0.05,66.5,1000000,UNSUPPORTED_WITHOUT_REPLAY,0.25,0.0,0.0,False
V3_CANDIDATE_DEVELOPMENT_ONLY_SURFACE,M3T,0.2,0.25,0.0,0.6,0.05,77.5,1000000,UNSUPPORTED_WITHOUT_REPLAY,0.0,0.0,0.0,False
V3_CANDIDATE_DEVELOPMENT_ONLY_SURFACE,M3T,0.2,0.25,0.0,0.6,0.05,77.5,1000000,UNSUPPORTED_WITHOUT_REPLAY,0.05,0.0,0.0,False
V3_CANDIDATE_DEVELOPMENT_ONLY_SURFACE,M3T,0.2,0.25,0.0,0.6,0.05,77.5,1000000,UNSUPPORTED_WITHOUT_REPLAY,0.1,0.0,0.0,False
V3_CANDIDATE_DEVELOPMENT_ONLY_SURFACE,M3T,0.2,0.25,0.0,0.6,0.05,77.5,1000000,UNSUPPORTED_WITHOUT_REPLAY,0.25,0.0,0.0,False
V3_CANDIDATE_DEVELOPMENT_ONLY_SURFACE,M3T,0.2,0.25,0.0,0.6,0.1,59.5,1000000,UNSUPPORTED_WITHOUT_REPLAY,0.0,0.0,0.0,False
V3_CANDIDATE_DEVELOPMENT_ONLY_SURFACE,M3T,0.2,0.25,0.0,0.6,0.1,59.5,1000000,UNSUPPORTED_WITHOUT_REPLAY,0.05,0.0,0.0,False
V3_CANDIDATE_DEVELOPMENT_ONLY_SURFACE,M3T,0.2,0.25,0.0,0.6,0.1,59.5,1000000,UNSUPPORTED_WITHOUT_REPLAY,0.1,0.0,0.0,False
V3_CANDIDATE_DEVELOPMENT_ONLY_SURFACE,M3T,0.2,0.25,0.0,0.6,0.1,59.5,1000000,UNSUPPORTED_WITHOUT_REPLAY,0.25,0.0,0.0,False
V3_CANDIDATE_DEVELOPMENT_ONLY_SURFACE,M3T,0.2,0.25,0.0,0.6,0.1,66.5,1000000,UNSUPPORTED_WITHOUT_REPLAY,0.0,0.0,0.0,False
V3_CANDIDATE_DEVELOPMENT_ONLY_SURFACE,M3T,0.2,0.25,0.0,0.6,0.1,66.5,1000000,UNSUPPORTED_WITHOUT_REPLAY,0.05,0.0,0.0,False
V3_CANDIDATE_DEVELOPMENT_ONLY_SURFACE,M3T,0.2,0.25,0.0,0.6,0.1,66.5,1000000,UNSUPPORTED_WITHOUT_REPLAY,0.1,0.0,0.0,False
V3_CANDIDATE_DEVELOPMENT_ONLY_SURFACE,M3T,0.2,0.25,0.0,0.6,0.1,66.5,1000000,UNSUPPORTED_WITHOUT_REPLAY,0.25,0.0,0.0,False
V3_CANDIDATE_DEVELOPMENT_ONLY_SURFACE,M3T,0.2,0.25,0.0,0.6,0.1,77.5,1000000,UNSUPPORTED_WITHOUT_REPLAY,0.0,0.0,0.0,False
V3_CANDIDATE_DEVELOPMENT_ONLY_SURFACE,M3T,0.2,0.25,0.0,0.6,0.1,77.5,1000000,UNSUPPORTED_WITHOUT_REPLAY,0.05,0.0,0.0,False
V3_CANDIDATE_DEVELOPMENT_ONLY_SURFACE,M3T,0.2,0.25,0.0,0.6,0.1,77.5,1000000,UNSUPPORTED_WITHOUT_REPLAY,0.1,0.0,0.0,False
V3_CANDIDATE_DEVELOPMENT_ONLY_SURFACE,M3T,0.2,0.25,0.0,0.6,0.1,77.5,1000000,UNSUPPORTED_WITHOUT_REPLAY,0.25,0.0,0.0,False
V3_CANDIDATE_DEVELOPMENT_ONLY_SURFACE,M3T,0.2,0.25,0.0,0.8,0.0,59.5,1000000,UNSUPPORTED_WITHOUT_REPLAY,0.0,0.0,0.0,False
V3_CANDIDATE_DEVELOPMENT_ONLY_SURFACE,M3T,0.2,0.25,0.0,0.8,0.0,59.5,1000000,UNSUPPORTED_WITHOUT_REPLAY,0.05,0.0,0.0,False
V3_CANDIDATE_DEVELOPMENT_ONLY_SURFACE,M3T,0.2,0.25,0.0,0.8,0.0,59.5,1000000,UNSUPPORTED_WITHOUT_REPLAY,0.1,0.0,0.0,False
V3_CANDIDATE_DEVELOPMENT_ONLY_SURFACE,M3T,0.2,0.25,0.0,0.8,0.0,59.5,1000000,UNSUPPORTED_WITHOUT_REPLAY,0.25,0.0,0.0,False
V3_CANDIDATE_DEVELOPMENT_ONLY_SURFACE,M3T,0.2,0.25,0.0,0.8,0.0,66.5,1000000,UNSUPPORTED_WITHOUT_REPLAY,0.0,0.0,0.0,False
V3_CANDIDATE_DEVELOPMENT_ONLY_SURFACE,M3T,0.2,0.25,0.0,0.8,0.0,66.5,1000000,UNSUPPORTED_WITHOUT_REPLAY,0.05,0.0,0.0,False
V3_CANDIDATE_DEVELOPMENT_ONLY_SURFACE,M3T,0.2,0.25,0.0,0.8,0.0,66.5,1000000,UNSUPPORTED_WITHOUT_REPLAY,0.1,0.0,0.0,False
V3_CANDIDATE_DEVELOPMENT_ONLY_SURFACE,M3T,0.2,0.25,0.0,0.8,0.0,66.5,1000000,UNSUPPORTED_WITHOUT_REPLAY,0.25,0.0,0.0,False
V3_CANDIDATE_DEVELOPMENT_ONLY_SURFACE,M3T,0.2,0.25,0.0,0.8,0.0,77.5,1000000,UNSUPPORTED_WITHOUT_REPLAY,0.0,0.0,0.0,False
V3_CANDIDATE_DEVELOPMENT_ONLY_SURFACE,M3T,0.2,0.25,0.0,0.8,0.0,77.5,1000000,UNSUPPORTED_WITHOUT_REPLAY,0.05,0.0,0.0,False
V3_CANDIDATE_DEVELOPMENT_ONLY_SURFACE,M3T,0.2,0.25,0.0,0.8,0.0,77.5,1000000,UNSUPPORTED_WITHOUT_REPLAY,0.1,0.0,0.0,False
V3_CANDIDATE_DEVELOPMENT_ONLY_SURFACE,M3T,0.2,0.25,0.0,0.8,0.0,77.5,1000000,UNSUPPORTED_WITHOUT_REPLAY,0.25,0.0,0.0,False
V3_CANDIDATE_DEVELOPMENT_ONLY_SURFACE,M3T,0.2,0.25,0.0,0.8,0.05,59.5,1000000,UNSUPPORTED_WITHOUT_REPLAY,0.0,0.0,0.0,False
V3_CANDIDATE_DEVELOPMENT_ONLY_SURFACE,M3T,0.2,0.25,0.0,0.8,0.05,59.5,1000000,UNSUPPORTED_WITHOUT_REPLAY,0.05,0.0,0.0,False
V3_CANDIDATE_DEVELOPMENT_ONLY_SURFACE,M3T,0.2,0.25,0.0,0.8,0.05,59.5,1000000,UNSUPPORTED_WITHOUT_REPLAY,0.1,0.0,0.0,False
V3_CANDIDATE_DEVELOPMENT_ONLY_SURFACE,M3T,0.2,0.25,0.0,0.8,0.05,59.5,1000000,UNSUPPORTED_WITHOUT_REPLAY,0.25,0.0,0.0,False
V3_CANDIDATE_DEVELOPMENT_ONLY_SURFACE,M3T,0.2,0.25,0.0,0.8,0.05,66.5,1000000,UNSUPPORTED_WITHOUT_REPLAY,0.0,0.0,0.0,False
V3_CANDIDATE_DEVELOPMENT_ONLY_SURFACE,M3T,0.2,0.25,0.0,0.8,0.05,66.5,1000000,UNSUPPORTED_WITHOUT_REPLAY,0.05,0.0,0.0,False
V3_CANDIDATE_DEVELOPMENT_ONLY_SURFACE,M3T,0.2,0.25,0.0,0.8,0.05,66.5,1000000,UNSUPPORTED_WITHOUT_REPLAY,0.1,0.0,0.0,False
V3_CANDIDATE_DEVELOPMENT_ONLY_SURFACE,M3T,0.2,0.25,0.0,0.8,0.05,66.5,1000000,UNSUPPORTED_WITHOUT_REPLAY,0.25,0.0,0.0,False
V3_CANDIDATE_DEVELOPMENT_ONLY_SURFACE,M3T,0.2,0.25,0.0,0.8,0.05,77.5,1000000,UNSUPPORTED_WITHOUT_REPLAY,0.0,0.0,0.0,False
V3_CANDIDATE_DEVELOPMENT_ONLY_SURFACE,M3T,0.2,0.25,0.0,0.8,0.05,77.5,1000000,UNSUPPORTED_WITHOUT_REPLAY,0.05,0.0,0.0,False
V3_CANDIDATE_DEVELOPMENT_ONLY_SURFACE,M3T,0.2,0.25,0.0,0.8,0.05,77.5,1000000,UNSUPPORTED_WITHOUT_REPLAY,0.1,0.0,0.0,False
V3_CANDIDATE_DEVELOPMENT_ONLY_SURFACE,M3T,0.2,0.25,0.0,0.8,0.05,77.5,1000000,UNSUPPORTED_WITHOUT_REPLAY,0.25,0.0,0.0,False
V3_CANDIDATE_DEVELOPMENT_ONLY_SURFACE,M3T,0.2,0.25,0.0,0.8,0.1,59.5,1000000,UNSUPPORTED_WITHOUT_REPLAY,0.0,0.0,0.0,False
V3_CANDIDATE_DEVELOPMENT_ONLY_SURFACE,M3T,0.2,0.25,0.0,0.8,0.1,59.5,1000000,UNSUPPORTED_WITHOUT_REPLAY,0.05,0.0,0.0,False
V3_CANDIDATE_DEVELOPMENT_ONLY_SURFACE,M3T,0.2,0.25,0.0,0.8,0.1,59.5,1000000,UNSUPPORTED_WITHOUT_REPLAY,0.1,0.0,0.0,False
V3_CANDIDATE_DEVELOPMENT_ONLY_SURFACE,M3T,0.2,0.25,0.0,0.8,0.1,59.5,1000000,UNSUPPORTED_WITHOUT_REPLAY,0.25,0.0,0.0,False
V3_CANDIDATE_DEVELOPMENT_ONLY_SURFACE,M3T,0.2,0.25,0.0,0.8,0.1,66.5,1000000,UNSUPPORTED_WITHOUT_REPLAY,0.0,0.0,0.0,False
V3_CANDIDATE_DEVELOPMENT_ONLY_SURFACE,M3T,0.2,0.25,0.0,0.8,0.1,66.5,1000000,UNSUPPORTED_WITHOUT_REPLAY,0.05,0.0,0.0,False
V3_CANDIDATE_DEVELOPMENT_ONLY_SURFACE,M3T,0.2,0.25,0.0,0.8,0.1,66.5,1000000,UNSUPPORTED_WITHOUT_REPLAY,0.1,0.0,0.0,False
V3_CANDIDATE_DEVELOPMENT_ONLY_SURFACE,M3T,0.2,0.25,0.0,0.8,0.1,66.5,1000000,UNSUPPORTED_WITHOUT_REPLAY,0.25,0.0,0.0,False
V3_CANDIDATE_DEVELOPMENT_ONLY_SURFACE,M3T,0.2,0.25,0.0,0.8,0.1,77.5,1000000,UNSUPPORTED_WITHOUT_REPLAY,0.0,0.0,0.0,False
V3_CANDIDATE_DEVELOPMENT_ONLY_SURFACE,M3T,0.2,0.25,0.0,0.8,0.1,77.5,1000000,UNSUPPORTED_WITHOUT_REPLAY,0.05,0.0,0.0,False
V3_CANDIDATE_DEVELOPMENT_ONLY_SURFACE,M3T,0.2,0.25,0.0,0.8,0.1,77.5,1000000,UNSUPPORTED_WITHOUT_REPLAY,0.1,0.0,0.0,False
V3_CANDIDATE_DEVELOPMENT_ONLY_SURFACE,M3T,0.2,0.25,0.0,0.8,0.1,77.5,1000000,UNSUPPORTED_WITHOUT_REPLAY,0.25,0.0,0.0,False
V3_CANDIDATE_DEVELOPMENT_ONLY_SURFACE,M3T,0.2,0.25,0.25,0.0,0.0,59.5,1000000,UNSUPPORTED_WITHOUT_REPLAY,0.0,8.52382140796624e-05,0.00823045267489712,False
V3_CANDIDATE_DEVELOPMENT_ONLY_SURFACE,M3T,0.2,0.25,0.25,0.0,0.0,59.5,1000000,UNSUPPORTED_WITHOUT_REPLAY,0.05,-0.00032628441966519364,0.0,False
V3_CANDIDATE_DEVELOPMENT_ONLY_SURFACE,M3T,0.2,0.25,0.25,0.0,0.0,59.5,1000000,UNSUPPORTED_WITHOUT_REPLAY,0.1,-0.0007378070534100496,0.0,False
V3_CANDIDATE_DEVELOPMENT_ONLY_SURFACE,M3T,0.2,0.25,0.25,0.0,0.0,59.5,1000000,UNSUPPORTED_WITHOUT_REPLAY,0.25,-0.0019723749546446175,0.0,False
V3_CANDIDATE_DEVELOPMENT_ONLY_SURFACE,M3T,0.2,0.25,0.25,0.0,0.0,66.5,1000000,UNSUPPORTED_WITHOUT_REPLAY,0.0,0.00012829391398016935,0.01440329218106996,False
V3_CANDIDATE_DEVELOPMENT_ONLY_SURFACE,M3T,0.2,0.25,0.25,0.0,0.0,66.5,1000000,UNSUPPORTED_WITHOUT_REPLAY,0.05,-0.0005918706950733286,0.0,False
V3_CANDIDATE_DEVELOPMENT_ONLY_SURFACE,M3T,0.2,0.25,0.25,0.0,0.0,66.5,1000000,UNSUPPORTED_WITHOUT_REPLAY,0.1,-0.0013120353041268266,0.0,False
V3_CANDIDATE_DEVELOPMENT_ONLY_SURFACE,M3T,0.2,0.25,0.25,0.0,0.0,66.5,1000000,UNSUPPORTED_WITHOUT_REPLAY,0.25,-0.0034725291312873202,0.0,False
V3_CANDIDATE_DEVELOPMENT_ONLY_SURFACE,M3T,0.2,0.25,0.25,0.0,0.0,77.5,1000000,UNSUPPORTED_WITHOUT_REPLAY,0.0,0.0003910188867836894,0.03497942386831276,False
V3_CANDIDATE_DEVELOPMENT_ONLY_SURFACE,M3T,0.2,0.25,0.25,0.0,0.0,77.5,1000000,UNSUPPORTED_WITHOUT_REPLAY,0.05,-0.0013579523066319487,0.0,False
V3_CANDIDATE_DEVELOPMENT_ONLY_SURFACE,M3T,0.2,0.25,0.25,0.0,0.0,77.5,1000000,UNSUPPORTED_WITHOUT_REPLAY,0.1,-0.0031069235000475864,0.0,False
V3_CANDIDATE_DEVELOPMENT_ONLY_SURFACE,M3T,0.2,0.25,0.25,0.0,0.0,77.5,1000000,UNSUPPORTED_WITHOUT_REPLAY,0.25,-0.008353837080294501,0.0,False
V3_CANDIDATE_DEVELOPMENT_ONLY_SURFACE,M3T,0.2,0.25,0.25,0.0,0.05,59.5,1000000,UNSUPPORTED_WITHOUT_REPLAY,0.0,0.0,0.0,False
V3_CANDIDATE_DEVELOPMENT_ONLY_SURFACE,M3T,0.2,0.25,0.25,0.0,0.05,59.5,1000000,UNSUPPORTED_WITHOUT_REPLAY,0.05,0.0,0.0,False
V3_CANDIDATE_DEVELOPMENT_ONLY_SURFACE,M3T,0.2,0.25,0.25,0.0,0.05,59.5,1000000,UNSUPPORTED_WITHOUT_REPLAY,0.1,0.0,0.0,False
V3_CANDIDATE_DEVELOPMENT_ONLY_SURFACE,M3T,0.2,0.25,0.25,0.0,0.05,59.5,1000000,UNSUPPORTED_WITHOUT_REPLAY,0.25,0.0,0.0,False
V3_CANDIDATE_DEVELOPMENT_ONLY_SURFACE,M3T,0.2,0.25,0.25,0.0,0.05,66.5,1000000,UNSUPPORTED_WITHOUT_REPLAY,0.0,0.0,0.0,False
V3_CANDIDATE_DEVELOPMENT_ONLY_SURFACE,M3T,0.2,0.25,0.25,0.0,0.05,66.5,1000000,UNSUPPORTED_WITHOUT_REPLAY,0.05,0.0,0.0,False
V3_CANDIDATE_DEVELOPMENT_ONLY_SURFACE,M3T,0.2,0.25,0.25,0.0,0.05,66.5,1000000,UNSUPPORTED_WITHOUT_REPLAY,0.1,0.0,0.0,False
V3_CANDIDATE_DEVELOPMENT_ONLY_SURFACE,M3T,0.2,0.25,0.25,0.0,0.05,66.5,1000000,UNSUPPORTED_WITHOUT_REPLAY,0.25,0.0,0.0,False
V3_CANDIDATE_DEVELOPMENT_ONLY_SURFACE,M3T,0.2,0.25,0.25,0.0,0.05,77.5,1000000,UNSUPPORTED_WITHOUT_REPLAY,0.0,0.0,0.0,False
V3_CANDIDATE_DEVELOPMENT_ONLY_SURFACE,M3T,0.2,0.25,0.25,0.0,0.05,77.5,1000000,UNSUPPORTED_WITHOUT_REPLAY,0.05,0.0,0.0,False
V3_CANDIDATE_DEVELOPMENT_ONLY_SURFACE,M3T,0.2,0.25,0.25,0.0,0.05,77.5,1000000,UNSUPPORTED_WITHOUT_REPLAY,0.1,0.0,0.0,False
V3_CANDIDATE_DEVELOPMENT_ONLY_SURFACE,M3T,0.2,0.25,0.25,0.0,0.05,77.5,1000000,UNSUPPORTED_WITHOUT_REPLAY,0.25,0.0,0.0,False
V3_CANDIDATE_DEVELOPMENT_ONLY_SURFACE,M3T,0.2,0.25,0.25,0.0,0.1,59.5,1000000,UNSUPPORTED_WITHOUT_REPLAY,0.0,0.0,0.0,False
V3_CANDIDATE_DEVELOPMENT_ONLY_SURFACE,M3T,0.2,0.25,0.25,0.0,0.1,59.5,1000000,UNSUPPORTED_WITHOUT_REPLAY,0.05,0.0,0.0,False
V3_CANDIDATE_DEVELOPMENT_ONLY_SURFACE,M3T,0.2,0.25,0.25,0.0,0.1,59.5,1000000,UNSUPPORTED_WITHOUT_REPLAY,0.1,0.0,0.0,False
V3_CANDIDATE_DEVELOPMENT_ONLY_SURFACE,M3T,0.2,0.25,0.25,0.0,0.1,59.5,1000000,UNSUPPORTED_WITHOUT_REPLAY,0.25,0.0,0.0,False
V3_CANDIDATE_DEVELOPMENT_ONLY_SURFACE,M3T,0.2,0.25,0.25,0.0,0.1,66.5,1000000,UNSUPPORTED_WITHOUT_REPLAY,0.0,0.0,0.0,False
V3_CANDIDATE_DEVELOPMENT_ONLY_SURFACE,M3T,0.2,0.25,0.25,0.0,0.1,66.5,1000000,UNSUPPORTED_WITHOUT_REPLAY,0.05,0.0,0.0,False
V3_CANDIDATE_DEVELOPMENT_ONLY_SURFACE,M3T,0.2,0.25,0.25,0.0,0.1,66.5,1000000,UNSUPPORTED_WITHOUT_REPLAY,0.1,0.0,0.0,False
V3_CANDIDATE_DEVELOPMENT_ONLY_SURFACE,M3T,0.2,0.25,0.25,0.0,0.1,66.5,1000000,UNSUPPORTED_WITHOUT_REPLAY,0.25,0.0,0.0,False
V3_CANDIDATE_DEVELOPMENT_ONLY_SURFACE,M3T,0.2,0.25,0.25,0.0,0.1,77.5,1000000,UNSUPPORTED_WITHOUT_REPLAY,0.0,0.0,0.0,False
V3_CANDIDATE_DEVELOPMENT_ONLY_SURFACE,M3T,0.2,0.25,0.25,0.0,0.1,77.5,1000000,UNSUPPORTED_WITHOUT_REPLAY,0.05,0.0,0.0,False
V3_CANDIDATE_DEVELOPMENT_ONLY_SURFACE,M3T,0.2,0.25,0.25,0.0,0.1,77.5,1000000,UNSUPPORTED_WITHOUT_REPLAY,0.1,0.0,0.0,False
V3_CANDIDATE_DEVELOPMENT_ONLY_SURFACE,M3T,0.2,0.25,0.25,0.0,0.1,77.5,1000000,UNSUPPORTED_WITHOUT_REPLAY,0.25,0.0,0.0,False
V3_CANDIDATE_DEVELOPMENT_ONLY_SURFACE,M3T,0.2,0.25,0.25,0.4,0.0,59.5,1000000,UNSUPPORTED_WITHOUT_REPLAY,0.0,8.52382140796624e-05,0.00823045267489712,False
V3_CANDIDATE_DEVELOPMENT_ONLY_SURFACE,M3T,0.2,0.25,0.25,0.4,0.0,59.5,1000000,UNSUPPORTED_WITHOUT_REPLAY,0.05,-0.00032628441966519364,0.0,False
V3_CANDIDATE_DEVELOPMENT_ONLY_SURFACE,M3T,0.2,0.25,0.25,0.4,0.0,59.5,1000000,UNSUPPORTED_WITHOUT_REPLAY,0.1,-0.0007378070534100496,0.0,False
V3_CANDIDATE_DEVELOPMENT_ONLY_SURFACE,M3T,0.2,0.25,0.25,0.4,0.0,59.5,1000000,UNSUPPORTED_WITHOUT_REPLAY,0.25,-0.0019723749546446175,0.0,False
V3_CANDIDATE_DEVELOPMENT_ONLY_SURFACE,M3T,0.2,0.25,0.25,0.4,0.0,66.5,1000000,UNSUPPORTED_WITHOUT_REPLAY,0.0,0.00012829391398016935,0.01440329218106996,False
V3_CANDIDATE_DEVELOPMENT_ONLY_SURFACE,M3T,0.2,0.25,0.25,0.4,0.0,66.5,1000000,UNSUPPORTED_WITHOUT_REPLAY,0.05,-0.0005918706950733286,0.0,False
V3_CANDIDATE_DEVELOPMENT_ONLY_SURFACE,M3T,0.2,0.25,0.25,0.4,0.0,66.5,1000000,UNSUPPORTED_WITHOUT_REPLAY,0.1,-0.0013120353041268266,0.0,False
V3_CANDIDATE_DEVELOPMENT_ONLY_SURFACE,M3T,0.2,0.25,0.25,0.4,0.0,66.5,1000000,UNSUPPORTED_WITHOUT_REPLAY,0.25,-0.0034725291312873202,0.0,False
V3_CANDIDATE_DEVELOPMENT_ONLY_SURFACE,M3T,0.2,0.25,0.25,0.4,0.0,77.5,1000000,UNSUPPORTED_WITHOUT_REPLAY,0.0,0.0003910188867836894,0.03497942386831276,False
V3_CANDIDATE_DEVELOPMENT_ONLY_SURFACE,M3T,0.2,0.25,0.25,0.4,0.0,77.5,1000000,UNSUPPORTED_WITHOUT_REPLAY,0.05,-0.0013579523066319487,0.0,False
V3_CANDIDATE_DEVELOPMENT_ONLY_SURFACE,M3T,0.2,0.25,0.25,0.4,0.0,77.5,1000000,UNSUPPORTED_WITHOUT_REPLAY,0.1,-0.0031069235000475864,0.0,False
V3_CANDIDATE_DEVELOPMENT_ONLY_SURFACE,M3T,0.2,0.25,0.25,0.4,0.0,77.5,1000000,UNSUPPORTED_WITHOUT_REPLAY,0.25,-0.008353837080294501,0.0,False
V3_CANDIDATE_DEVELOPMENT_ONLY_SURFACE,M3T,0.2,0.25,0.25,0.4,0.05,59.5,1000000,UNSUPPORTED_WITHOUT_REPLAY,0.0,0.0,0.0,False
V3_CANDIDATE_DEVELOPMENT_ONLY_SURFACE,M3T,0.2,0.25,0.25,0.4,0.05,59.5,1000000,UNSUPPORTED_WITHOUT_REPLAY,0.05,0.0,0.0,False
V3_CANDIDATE_DEVELOPMENT_ONLY_SURFACE,M3T,0.2,0.25,0.25,0.4,0.05,59.5,1000000,UNSUPPORTED_WITHOUT_REPLAY,0.1,0.0,0.0,False
V3_CANDIDATE_DEVELOPMENT_ONLY_SURFACE,M3T,0.2,0.25,0.25,0.4,0.05,59.5,1000000,UNSUPPORTED_WITHOUT_REPLAY,0.25,0.0,0.0,False
V3_CANDIDATE_DEVELOPMENT_ONLY_SURFACE,M3T,0.2,0.25,0.25,0.4,0.05,66.5,1000000,UNSUPPORTED_WITHOUT_REPLAY,0.0,0.0,0.0,False
V3_CANDIDATE_DEVELOPMENT_ONLY_SURFACE,M3T,0.2,0.25,0.25,0.4,0.05,66.5,1000000,UNSUPPORTED_WITHOUT_REPLAY,0.05,0.0,0.0,False
V3_CANDIDATE_DEVELOPMENT_ONLY_SURFACE,M3T,0.2,0.25,0.25,0.4,0.05,66.5,1000000,UNSUPPORTED_WITHOUT_REPLAY,0.1,0.0,0.0,False
V3_CANDIDATE_DEVELOPMENT_ONLY_SURFACE,M3T,0.2,0.25,0.25,0.4,0.05,66.5,1000000,UNSUPPORTED_WITHOUT_REPLAY,0.25,0.0,0.0,False
V3_CANDIDATE_DEVELOPMENT_ONLY_SURFACE,M3T,0.2,0.25,0.25,0.4,0.05,77.5,1000000,UNSUPPORTED_WITHOUT_REPLAY,0.0,0.0,0.0,False
V3_CANDIDATE_DEVELOPMENT_ONLY_SURFACE,M3T,0.2,0.25,0.25,0.4,0.05,77.5,1000000,UNSUPPORTED_WITHOUT_REPLAY,0.05,0.0,0.0,False
V3_CANDIDATE_DEVELOPMENT_ONLY_SURFACE,M3T,0.2,0.25,0.25,0.4,0.05,77.5,1000000,UNSUPPORTED_WITHOUT_REPLAY,0.1,0.0,0.0,False
V3_CANDIDATE_DEVELOPMENT_ONLY_SURFACE,M3T,0.2,0.25,0.25,0.4,0.05,77.5,1000000,UNSUPPORTED_WITHOUT_REPLAY,0.25,0.0,0.0,False
V3_CANDIDATE_DEVELOPMENT_ONLY_SURFACE,M3T,0.2,0.25,0.25,0.4,0.1,59.5,1000000,UNSUPPORTED_WITHOUT_REPLAY,0.0,0.0,0.0,False
V3_CANDIDATE_DEVELOPMENT_ONLY_SURFACE,M3T,0.2,0.25,0.25,0.4,0.1,59.5,1000000,UNSUPPORTED_WITHOUT_REPLAY,0.05,0.0,0.0,False
V3_CANDIDATE_DEVELOPMENT_ONLY_SURFACE,M3T,0.2,0.25,0.25,0.4,0.1,59.5,1000000,UNSUPPORTED_WITHOUT_REPLAY,0.1,0.0,0.0,False
V3_CANDIDATE_DEVELOPMENT_ONLY_SURFACE,M3T,0.2,0.25,0.25,0.4,0.1,59.5,1000000,UNSUPPORTED_WITHOUT_REPLAY,0.25,0.0,0.0,False
V3_CANDIDATE_DEVELOPMENT_ONLY_SURFACE,M3T,0.2,0.25,0.25,0.4,0.1,66.5,1000000,UNSUPPORTED_WITHOUT_REPLAY,0.0,0.0,0.0,False
V3_CANDIDATE_DEVELOPMENT_ONLY_SURFACE,M3T,0.2,0.25,0.25,0.4,0.1,66.5,1000000,UNSUPPORTED_WITHOUT_REPLAY,0.05,0.0,0.0,False
V3_CANDIDATE_DEVELOPMENT_ONLY_SURFACE,M3T,0.2,0.25,0.25,0.4,0.1,66.5,1000000,UNSUPPORTED_WITHOUT_REPLAY,0.1,0.0,0.0,False
V3_CANDIDATE_DEVELOPMENT_ONLY_SURFACE,M3T,0.2,0.25,0.25,0.4,0.1,66.5,1000000,UNSUPPORTED_WITHOUT_REPLAY,0.25,0.0,0.0,False
V3_CANDIDATE_DEVELOPMENT_ONLY_SURFACE,M3T,0.2,0.25,0.25,0.4,0.1,77.5,1000000,UNSUPPORTED_WITHOUT_REPLAY,0.0,0.0,0.0,False
V3_CANDIDATE_DEVELOPMENT_ONLY_SURFACE,M3T,0.2,0.25,0.25,0.4,0.1,77.5,1000000,UNSUPPORTED_WITHOUT_REPLAY,0.05,0.0,0.0,False
V3_CANDIDATE_DEVELOPMENT_ONLY_SURFACE,M3T,0.2,0.25,0.25,0.4,0.1,77.5,1000000,UNSUPPORTED_WITHOUT_REPLAY,0.1,0.0,0.0,False
V3_CANDIDATE_DEVELOPMENT_ONLY_SURFACE,M3T,0.2,0.25,0.25,0.4,0.1,77.5,1000000,UNSUPPORTED_WITHOUT_REPLAY,0.25,0.0,0.0,False
V3_CANDIDATE_DEVELOPMENT_ONLY_SURFACE,M3T,0.2,0.25,0.25,0.6,0.0,59.5,1000000,UNSUPPORTED_WITHOUT_REPLAY,0.0,0.0,0.0,False
V3_CANDIDATE_DEVELOPMENT_ONLY_SURFACE,M3T,0.2,0.25,0.25,0.6,0.0,59.5,1000000,UNSUPPORTED_WITHOUT_REPLAY,0.05,0.0,0.0,False
V3_CANDIDATE_DEVELOPMENT_ONLY_SURFACE,M3T,0.2,0.25,0.25,0.6,0.0,59.5,1000000,UNSUPPORTED_WITHOUT_REPLAY,0.1,0.0,0.0,False
V3_CANDIDATE_DEVELOPMENT_ONLY_SURFACE,M3T,0.2,0.25,0.25,0.6,0.0,59.5,1000000,UNSUPPORTED_WITHOUT_REPLAY,0.25,0.0,0.0,False
V3_CANDIDATE_DEVELOPMENT_ONLY_SURFACE,M3T,0.2,0.25,0.25,0.6,0.0,66.5,1000000,UNSUPPORTED_WITHOUT_REPLAY,0.0,0.0,0.0,False
V3_CANDIDATE_DEVELOPMENT_ONLY_SURFACE,M3T,0.2,0.25,0.25,0.6,0.0,66.5,1000000,UNSUPPORTED_WITHOUT_REPLAY,0.05,0.0,0.0,False
V3_CANDIDATE_DEVELOPMENT_ONLY_SURFACE,M3T,0.2,0.25,0.25,0.6,0.0,66.5,1000000,UNSUPPORTED_WITHOUT_REPLAY,0.1,0.0,0.0,False
V3_CANDIDATE_DEVELOPMENT_ONLY_SURFACE,M3T,0.2,0.25,0.25,0.6,0.0,66.5,1000000,UNSUPPORTED_WITHOUT_REPLAY,0.25,0.0,0.0,False
V3_CANDIDATE_DEVELOPMENT_ONLY_SURFACE,M3T,0.2,0.25,0.25,0.6,0.0,77.5,1000000,UNSUPPORTED_WITHOUT_REPLAY,0.0,0.0,0.0,False
V3_CANDIDATE_DEVELOPMENT_ONLY_SURFACE,M3T,0.2,0.25,0.25,0.6,0.0,77.5,1000000,UNSUPPORTED_WITHOUT_REPLAY,0.05,0.0,0.0,False
V3_CANDIDATE_DEVELOPMENT_ONLY_SURFACE,M3T,0.2,0.25,0.25,0.6,0.0,77.5,1000000,UNSUPPORTED_WITHOUT_REPLAY,0.1,0.0,0.0,False
V3_CANDIDATE_DEVELOPMENT_ONLY_SURFACE,M3T,0.2,0.25,0.25,0.6,0.0,77.5,1000000,UNSUPPORTED_WITHOUT_REPLAY,0.25,0.0,0.0,False
V3_CANDIDATE_DEVELOPMENT_ONLY_SURFACE,M3T,0.2,0.25,0.25,0.6,0.05,59.5,1000000,UNSUPPORTED_WITHOUT_REPLAY,0.0,0.0,0.0,False
V3_CANDIDATE_DEVELOPMENT_ONLY_SURFACE,M3T,0.2,0.25,0.25,0.6,0.05,59.5,1000000,UNSUPPORTED_WITHOUT_REPLAY,0.05,0.0,0.0,False
V3_CANDIDATE_DEVELOPMENT_ONLY_SURFACE,M3T,0.2,0.25,0.25,0.6,0.05,59.5,1000000,UNSUPPORTED_WITHOUT_REPLAY,0.1,0.0,0.0,False
V3_CANDIDATE_DEVELOPMENT_ONLY_SURFACE,M3T,0.2,0.25,0.25,0.6,0.05,59.5,1000000,UNSUPPORTED_WITHOUT_REPLAY,0.25,0.0,0.0,False
V3_CANDIDATE_DEVELOPMENT_ONLY_SURFACE,M3T,0.2,0.25,0.25,0.6,0.05,66.5,1000000,UNSUPPORTED_WITHOUT_REPLAY,0.0,0.0,0.0,False
V3_CANDIDATE_DEVELOPMENT_ONLY_SURFACE,M3T,0.2,0.25,0.25,0.6,0.05,66.5,1000000,UNSUPPORTED_WITHOUT_REPLAY,0.05,0.0,0.0,False
V3_CANDIDATE_DEVELOPMENT_ONLY_SURFACE,M3T,0.2,0.25,0.25,0.6,0.05,66.5,1000000,UNSUPPORTED_WITHOUT_REPLAY,0.1,0.0,0.0,False
V3_CANDIDATE_DEVELOPMENT_ONLY_SURFACE,M3T,0.2,0.25,0.25,0.6,0.05,66.5,1000000,UNSUPPORTED_WITHOUT_REPLAY,0.25,0.0,0.0,False
V3_CANDIDATE_DEVELOPMENT_ONLY_SURFACE,M3T,0.2,0.25,0.25,0.6,0.05,77.5,1000000,UNSUPPORTED_WITHOUT_REPLAY,0.0,0.0,0.0,False
V3_CANDIDATE_DEVELOPMENT_ONLY_SURFACE,M3T,0.2,0.25,0.25,0.6,0.05,77.5,1000000,UNSUPPORTED_WITHOUT_REPLAY,0.05,0.0,0.0,False
V3_CANDIDATE_DEVELOPMENT_ONLY_SURFACE,M3T,0.2,0.25,0.25,0.6,0.05,77.5,1000000,UNSUPPORTED_WITHOUT_REPLAY,0.1,0.0,0.0,False
V3_CANDIDATE_DEVELOPMENT_ONLY_SURFACE,M3T,0.2,0.25,0.25,0.6,0.05,77.5,1000000,UNSUPPORTED_WITHOUT_REPLAY,0.25,0.0,0.0,False
V3_CANDIDATE_DEVELOPMENT_ONLY_SURFACE,M3T,0.2,0.25,0.25,0.6,0.1,59.5,1000000,UNSUPPORTED_WITHOUT_REPLAY,0.0,0.0,0.0,False
V3_CANDIDATE_DEVELOPMENT_ONLY_SURFACE,M3T,0.2,0.25,0.25,0.6,0.1,59.5,1000000,UNSUPPORTED_WITHOUT_REPLAY,0.05,0.0,0.0,False
V3_CANDIDATE_DEVELOPMENT_ONLY_SURFACE,M3T,0.2,0.25,0.25,0.6,0.1,59.5,1000000,UNSUPPORTED_WITHOUT_REPLAY,0.1,0.0,0.0,False
V3_CANDIDATE_DEVELOPMENT_ONLY_SURFACE,M3T,0.2,0.25,0.25,0.6,0.1,59.5,1000000,UNSUPPORTED_WITHOUT_REPLAY,0.25,0.0,0.0,False
V3_CANDIDATE_DEVELOPMENT_ONLY_SURFACE,M3T,0.2,0.25,0.25,0.6,0.1,66.5,1000000,UNSUPPORTED_WITHOUT_REPLAY,0.0,0.0,0.0,False
V3_CANDIDATE_DEVELOPMENT_ONLY_SURFACE,M3T,0.2,0.25,0.25,0.6,0.1,66.5,1000000,UNSUPPORTED_WITHOUT_REPLAY,0.05,0.0,0.0,False
V3_CANDIDATE_DEVELOPMENT_ONLY_SURFACE,M3T,0.2,0.25,0.25,0.6,0.1,66.5,1000000,UNSUPPORTED_WITHOUT_REPLAY,0.1,0.0,0.0,False
V3_CANDIDATE_DEVELOPMENT_ONLY_SURFACE,M3T,0.2,0.25,0.25,0.6,0.1,66.5,1000000,UNSUPPORTED_WITHOUT_REPLAY,0.25,0.0,0.0,False
V3_CANDIDATE_DEVELOPMENT_ONLY_SURFACE,M3T,0.2,0.25,0.25,0.6,0.1,77.5,1000000,UNSUPPORTED_WITHOUT_REPLAY,0.0,0.0,0.0,False
V3_CANDIDATE_DEVELOPMENT_ONLY_SURFACE,M3T,0.2,0.25,0.25,0.6,0.1,77.5,1000000,UNSUPPORTED_WITHOUT_REPLAY,0.05,0.0,0.0,False
V3_CANDIDATE_DEVELOPMENT_ONLY_SURFACE,M3T,0.2,0.25,0.25,0.6,0.1,77.5,1000000,UNSUPPORTED_WITHOUT_REPLAY,0.1,0.0,0.0,False
V3_CANDIDATE_DEVELOPMENT_ONLY_SURFACE,M3T,0.2,0.25,0.25,0.6,0.1,77.5,1000000,UNSUPPORTED_WITHOUT_REPLAY,0.25,0.0,0.0,False
V3_CANDIDATE_DEVELOPMENT_ONLY_SURFACE,M3T,0.2,0.25,0.25,0.8,0.0,59.5,1000000,UNSUPPORTED_WITHOUT_REPLAY,0.0,0.0,0.0,False
V3_CANDIDATE_DEVELOPMENT_ONLY_SURFACE,M3T,0.2,0.25,0.25,0.8,0.0,59.5,1000000,UNSUPPORTED_WITHOUT_REPLAY,0.05,0.0,0.0,False
V3_CANDIDATE_DEVELOPMENT_ONLY_SURFACE,M3T,0.2,0.25,0.25,0.8,0.0,59.5,1000000,UNSUPPORTED_WITHOUT_REPLAY,0.1,0.0,0.0,False
V3_CANDIDATE_DEVELOPMENT_ONLY_SURFACE,M3T,0.2,0.25,0.25,0.8,0.0,59.5,1000000,UNSUPPORTED_WITHOUT_REPLAY,0.25,0.0,0.0,False
V3_CANDIDATE_DEVELOPMENT_ONLY_SURFACE,M3T,0.2,0.25,0.25,0.8,0.0,66.5,1000000,UNSUPPORTED_WITHOUT_REPLAY,0.0,0.0,0.0,False
V3_CANDIDATE_DEVELOPMENT_ONLY_SURFACE,M3T,0.2,0.25,0.25,0.8,0.0,66.5,1000000,UNSUPPORTED_WITHOUT_REPLAY,0.05,0.0,0.0,False
V3_CANDIDATE_DEVELOPMENT_ONLY_SURFACE,M3T,0.2,0.25,0.25,0.8,0.0,66.5,1000000,UNSUPPORTED_WITHOUT_REPLAY,0.1,0.0,0.0,False
V3_CANDIDATE_DEVELOPMENT_ONLY_SURFACE,M3T,0.2,0.25,0.25,0.8,0.0,66.5,1000000,UNSUPPORTED_WITHOUT_REPLAY,0.25,0.0,0.0,False
V3_CANDIDATE_DEVELOPMENT_ONLY_SURFACE,M3T,0.2,0.25,0.25,0.8,0.0,77.5,1000000,UNSUPPORTED_WITHOUT_REPLAY,0.0,0.0,0.0,False
V3_CANDIDATE_DEVELOPMENT_ONLY_SURFACE,M3T,0.2,0.25,0.25,0.8,0.0,77.5,1000000,UNSUPPORTED_WITHOUT_REPLAY,0.05,0.0,0.0,False
V3_CANDIDATE_DEVELOPMENT_ONLY_SURFACE,M3T,0.2,0.25,0.25,0.8,0.0,77.5,1000000,UNSUPPORTED_WITHOUT_REPLAY,0.1,0.0,0.0,False
V3_CANDIDATE_DEVELOPMENT_ONLY_SURFACE,M3T,0.2,0.25,0.25,0.8,0.0,77.5,1000000,UNSUPPORTED_WITHOUT_REPLAY,0.25,0.0,0.0,False
V3_CANDIDATE_DEVELOPMENT_ONLY_SURFACE,M3T,0.2,0.25,0.25,0.8,0.05,59.5,1000000,UNSUPPORTED_WITHOUT_REPLAY,0.0,0.0,0.0,False
V3_CANDIDATE_DEVELOPMENT_ONLY_SURFACE,M3T,0.2,0.25,0.25,0.8,0.05,59.5,1000000,UNSUPPORTED_WITHOUT_REPLAY,0.05,0.0,0.0,False
V3_CANDIDATE_DEVELOPMENT_ONLY_SURFACE,M3T,0.2,0.25,0.25,0.8,0.05,59.5,1000000,UNSUPPORTED_WITHOUT_REPLAY,0.1,0.0,0.0,False
V3_CANDIDATE_DEVELOPMENT_ONLY_SURFACE,M3T,0.2,0.25,0.25,0.8,0.05,59.5,1000000,UNSUPPORTED_WITHOUT_REPLAY,0.25,0.0,0.0,False
V3_CANDIDATE_DEVELOPMENT_ONLY_SURFACE,M3T,0.2,0.25,0.25,0.8,0.05,66.5,1000000,UNSUPPORTED_WITHOUT_REPLAY,0.0,0.0,0.0,False
V3_CANDIDATE_DEVELOPMENT_ONLY_SURFACE,M3T,0.2,0.25,0.25,0.8,0.05,66.5,1000000,UNSUPPORTED_WITHOUT_REPLAY,0.05,0.0,0.0,False
V3_CANDIDATE_DEVELOPMENT_ONLY_SURFACE,M3T,0.2,0.25,0.25,0.8,0.05,66.5,1000000,UNSUPPORTED_WITHOUT_REPLAY,0.1,0.0,0.0,False
V3_CANDIDATE_DEVELOPMENT_ONLY_SURFACE,M3T,0.2,0.25,0.25,0.8,0.05,66.5,1000000,UNSUPPORTED_WITHOUT_REPLAY,0.25,0.0,0.0,False
V3_CANDIDATE_DEVELOPMENT_ONLY_SURFACE,M3T,0.2,0.25,0.25,0.8,0.05,77.5,1000000,UNSUPPORTED_WITHOUT_REPLAY,0.0,0.0,0.0,False
V3_CANDIDATE_DEVELOPMENT_ONLY_SURFACE,M3T,0.2,0.25,0.25,0.8,0.05,77.5,1000000,UNSUPPORTED_WITHOUT_REPLAY,0.05,0.0,0.0,False
V3_CANDIDATE_DEVELOPMENT_ONLY_SURFACE,M3T,0.2,0.25,0.25,0.8,0.05,77.5,1000000,UNSUPPORTED_WITHOUT_REPLAY,0.1,0.0,0.0,False
V3_CANDIDATE_DEVELOPMENT_ONLY_SURFACE,M3T,0.2,0.25,0.25,0.8,0.05,77.5,1000000,UNSUPPORTED_WITHOUT_REPLAY,0.25,0.0,0.0,False
V3_CANDIDATE_DEVELOPMENT_ONLY_SURFACE,M3T,0.2,0.25,0.25,0.8,0.1,59.5,1000000,UNSUPPORTED_WITHOUT_REPLAY,0.0,0.0,0.0,False
V3_CANDIDATE_DEVELOPMENT_ONLY_SURFACE,M3T,0.2,0.25,0.25,0.8,0.1,59.5,1000000,UNSUPPORTED_WITHOUT_REPLAY,0.05,0.0,0.0,False
V3_CANDIDATE_DEVELOPMENT_ONLY_SURFACE,M3T,0.2,0.25,0.25,0.8,0.1,59.5,1000000,UNSUPPORTED_WITHOUT_REPLAY,0.1,0.0,0.0,False
V3_CANDIDATE_DEVELOPMENT_ONLY_SURFACE,M3T,0.2,0.25,0.25,0.8,0.1,59.5,1000000,UNSUPPORTED_WITHOUT_REPLAY,0.25,0.0,0.0,False
V3_CANDIDATE_DEVELOPMENT_ONLY_SURFACE,M3T,0.2,0.25,0.25,0.8,0.1,66.5,1000000,UNSUPPORTED_WITHOUT_REPLAY,0.0,0.0,0.0,False
V3_CANDIDATE_DEVELOPMENT_ONLY_SURFACE,M3T,0.2,0.25,0.25,0.8,0.1,66.5,1000000,UNSUPPORTED_WITHOUT_REPLAY,0.05,0.0,0.0,False
V3_CANDIDATE_DEVELOPMENT_ONLY_SURFACE,M3T,0.2,0.25,0.25,0.8,0.1,66.5,1000000,UNSUPPORTED_WITHOUT_REPLAY,0.1,0.0,0.0,False
V3_CANDIDATE_DEVELOPMENT_ONLY_SURFACE,M3T,0.2,0.25,0.25,0.8,0.1,66.5,1000000,UNSUPPORTED_WITHOUT_REPLAY,0.25,0.0,0.0,False
V3_CANDIDATE_DEVELOPMENT_ONLY_SURFACE,M3T,0.2,0.25,0.25,0.8,0.1,77.5,1000000,UNSUPPORTED_WITHOUT_REPLAY,0.0,0.0,0.0,False
V3_CANDIDATE_DEVELOPMENT_ONLY_SURFACE,M3T,0.2,0.25,0.25,0.8,0.1,77.5,1000000,UNSUPPORTED_WITHOUT_REPLAY,0.05,0.0,0.0,False
V3_CANDIDATE_DEVELOPMENT_ONLY_SURFACE,M3T,0.2,0.25,0.25,0.8,0.1,77.5,1000000,UNSUPPORTED_WITHOUT_REPLAY,0.1,0.0,0.0,False
V3_CANDIDATE_DEVELOPMENT_ONLY_SURFACE,M3T,0.2,0.25,0.25,0.8,0.1,77.5,1000000,UNSUPPORTED_WITHOUT_REPLAY,0.25,0.0,0.0,False
V3_CANDIDATE_DEVELOPMENT_ONLY_SURFACE,M3T,0.2,0.25,0.5,0.0,0.0,59.5,1000000,UNSUPPORTED_WITHOUT_REPLAY,0.0,0.0,0.0,False
V3_CANDIDATE_DEVELOPMENT_ONLY_SURFACE,M3T,0.2,0.25,0.5,0.0,0.0,59.5,1000000,UNSUPPORTED_WITHOUT_REPLAY,0.05,0.0,0.0,False
V3_CANDIDATE_DEVELOPMENT_ONLY_SURFACE,M3T,0.2,0.25,0.5,0.0,0.0,59.5,1000000,UNSUPPORTED_WITHOUT_REPLAY,0.1,0.0,0.0,False
V3_CANDIDATE_DEVELOPMENT_ONLY_SURFACE,M3T,0.2,0.25,0.5,0.0,0.0,59.5,1000000,UNSUPPORTED_WITHOUT_REPLAY,0.25,0.0,0.0,False
V3_CANDIDATE_DEVELOPMENT_ONLY_SURFACE,M3T,0.2,0.25,0.5,0.0,0.0,66.5,1000000,UNSUPPORTED_WITHOUT_REPLAY,0.0,0.0,0.0,False
V3_CANDIDATE_DEVELOPMENT_ONLY_SURFACE,M3T,0.2,0.25,0.5,0.0,0.0,66.5,1000000,UNSUPPORTED_WITHOUT_REPLAY,0.05,0.0,0.0,False
V3_CANDIDATE_DEVELOPMENT_ONLY_SURFACE,M3T,0.2,0.25,0.5,0.0,0.0,66.5,1000000,UNSUPPORTED_WITHOUT_REPLAY,0.1,0.0,0.0,False
V3_CANDIDATE_DEVELOPMENT_ONLY_SURFACE,M3T,0.2,0.25,0.5,0.0,0.0,66.5,1000000,UNSUPPORTED_WITHOUT_REPLAY,0.25,0.0,0.0,False
V3_CANDIDATE_DEVELOPMENT_ONLY_SURFACE,M3T,0.2,0.25,0.5,0.0,0.0,77.5,1000000,UNSUPPORTED_WITHOUT_REPLAY,0.0,0.0,0.0,False
V3_CANDIDATE_DEVELOPMENT_ONLY_SURFACE,M3T,0.2,0.25,0.5,0.0,0.0,77.5,1000000,UNSUPPORTED_WITHOUT_REPLAY,0.05,0.0,0.0,False
V3_CANDIDATE_DEVELOPMENT_ONLY_SURFACE,M3T,0.2,0.25,0.5,0.0,0.0,77.5,1000000,UNSUPPORTED_WITHOUT_REPLAY,0.1,0.0,0.0,False
V3_CANDIDATE_DEVELOPMENT_ONLY_SURFACE,M3T,0.2,0.25,0.5,0.0,0.0,77.5,1000000,UNSUPPORTED_WITHOUT_REPLAY,0.25,0.0,0.0,False
V3_CANDIDATE_DEVELOPMENT_ONLY_SURFACE,M3T,0.2,0.25,0.5,0.0,0.05,59.5,1000000,UNSUPPORTED_WITHOUT_REPLAY,0.0,0.0,0.0,False
V3_CANDIDATE_DEVELOPMENT_ONLY_SURFACE,M3T,0.2,0.25,0.5,0.0,0.05,59.5,1000000,UNSUPPORTED_WITHOUT_REPLAY,0.05,0.0,0.0,False
V3_CANDIDATE_DEVELOPMENT_ONLY_SURFACE,M3T,0.2,0.25,0.5,0.0,0.05,59.5,1000000,UNSUPPORTED_WITHOUT_REPLAY,0.1,0.0,0.0,False
V3_CANDIDATE_DEVELOPMENT_ONLY_SURFACE,M3T,0.2,0.25,0.5,0.0,0.05,59.5,1000000,UNSUPPORTED_WITHOUT_REPLAY,0.25,0.0,0.0,False
V3_CANDIDATE_DEVELOPMENT_ONLY_SURFACE,M3T,0.2,0.25,0.5,0.0,0.05,66.5,1000000,UNSUPPORTED_WITHOUT_REPLAY,0.0,0.0,0.0,False
V3_CANDIDATE_DEVELOPMENT_ONLY_SURFACE,M3T,0.2,0.25,0.5,0.0,0.05,66.5,1000000,UNSUPPORTED_WITHOUT_REPLAY,0.05,0.0,0.0,False
V3_CANDIDATE_DEVELOPMENT_ONLY_SURFACE,M3T,0.2,0.25,0.5,0.0,0.05,66.5,1000000,UNSUPPORTED_WITHOUT_REPLAY,0.1,0.0,0.0,False
V3_CANDIDATE_DEVELOPMENT_ONLY_SURFACE,M3T,0.2,0.25,0.5,0.0,0.05,66.5,1000000,UNSUPPORTED_WITHOUT_REPLAY,0.25,0.0,0.0,False
V3_CANDIDATE_DEVELOPMENT_ONLY_SURFACE,M3T,0.2,0.25,0.5,0.0,0.05,77.5,1000000,UNSUPPORTED_WITHOUT_REPLAY,0.0,0.0,0.0,False
V3_CANDIDATE_DEVELOPMENT_ONLY_SURFACE,M3T,0.2,0.25,0.5,0.0,0.05,77.5,1000000,UNSUPPORTED_WITHOUT_REPLAY,0.05,0.0,0.0,False
V3_CANDIDATE_DEVELOPMENT_ONLY_SURFACE,M3T,0.2,0.25,0.5,0.0,0.05,77.5,1000000,UNSUPPORTED_WITHOUT_REPLAY,0.1,0.0,0.0,False
V3_CANDIDATE_DEVELOPMENT_ONLY_SURFACE,M3T,0.2,0.25,0.5,0.0,0.05,77.5,1000000,UNSUPPORTED_WITHOUT_REPLAY,0.25,0.0,0.0,False
V3_CANDIDATE_DEVELOPMENT_ONLY_SURFACE,M3T,0.2,0.25,0.5,0.0,0.1,59.5,1000000,UNSUPPORTED_WITHOUT_REPLAY,0.0,0.0,0.0,False
V3_CANDIDATE_DEVELOPMENT_ONLY_SURFACE,M3T,0.2,0.25,0.5,0.0,0.1,59.5,1000000,UNSUPPORTED_WITHOUT_REPLAY,0.05,0.0,0.0,False
V3_CANDIDATE_DEVELOPMENT_ONLY_SURFACE,M3T,0.2,0.25,0.5,0.0,0.1,59.5,1000000,UNSUPPORTED_WITHOUT_REPLAY,0.1,0.0,0.0,False
V3_CANDIDATE_DEVELOPMENT_ONLY_SURFACE,M3T,0.2,0.25,0.5,0.0,0.1,59.5,1000000,UNSUPPORTED_WITHOUT_REPLAY,0.25,0.0,0.0,False
V3_CANDIDATE_DEVELOPMENT_ONLY_SURFACE,M3T,0.2,0.25,0.5,0.0,0.1,66.5,1000000,UNSUPPORTED_WITHOUT_REPLAY,0.0,0.0,0.0,False
V3_CANDIDATE_DEVELOPMENT_ONLY_SURFACE,M3T,0.2,0.25,0.5,0.0,0.1,66.5,1000000,UNSUPPORTED_WITHOUT_REPLAY,0.05,0.0,0.0,False
V3_CANDIDATE_DEVELOPMENT_ONLY_SURFACE,M3T,0.2,0.25,0.5,0.0,0.1,66.5,1000000,UNSUPPORTED_WITHOUT_REPLAY,0.1,0.0,0.0,False
V3_CANDIDATE_DEVELOPMENT_ONLY_SURFACE,M3T,0.2,0.25,0.5,0.0,0.1,66.5,1000000,UNSUPPORTED_WITHOUT_REPLAY,0.25,0.0,0.0,False
V3_CANDIDATE_DEVELOPMENT_ONLY_SURFACE,M3T,0.2,0.25,0.5,0.0,0.1,77.5,1000000,UNSUPPORTED_WITHOUT_REPLAY,0.0,0.0,0.0,False
V3_CANDIDATE_DEVELOPMENT_ONLY_SURFACE,M3T,0.2,0.25,0.5,0.0,0.1,77.5,1000000,UNSUPPORTED_WITHOUT_REPLAY,0.05,0.0,0.0,False
V3_CANDIDATE_DEVELOPMENT_ONLY_SURFACE,M3T,0.2,0.25,0.5,0.0,0.1,77.5,1000000,UNSUPPORTED_WITHOUT_REPLAY,0.1,0.0,0.0,False
V3_CANDIDATE_DEVELOPMENT_ONLY_SURFACE,M3T,0.2,0.25,0.5,0.0,0.1,77.5,1000000,UNSUPPORTED_WITHOUT_REPLAY,0.25,0.0,0.0,False
V3_CANDIDATE_DEVELOPMENT_ONLY_SURFACE,M3T,0.2,0.25,0.5,0.4,0.0,59.5,1000000,UNSUPPORTED_WITHOUT_REPLAY,0.0,0.0,0.0,False
V3_CANDIDATE_DEVELOPMENT_ONLY_SURFACE,M3T,0.2,0.25,0.5,0.4,0.0,59.5,1000000,UNSUPPORTED_WITHOUT_REPLAY,0.05,0.0,0.0,False
V3_CANDIDATE_DEVELOPMENT_ONLY_SURFACE,M3T,0.2,0.25,0.5,0.4,0.0,59.5,1000000,UNSUPPORTED_WITHOUT_REPLAY,0.1,0.0,0.0,False
V3_CANDIDATE_DEVELOPMENT_ONLY_SURFACE,M3T,0.2,0.25,0.5,0.4,0.0,59.5,1000000,UNSUPPORTED_WITHOUT_REPLAY,0.25,0.0,0.0,False
V3_CANDIDATE_DEVELOPMENT_ONLY_SURFACE,M3T,0.2,0.25,0.5,0.4,0.0,66.5,1000000,UNSUPPORTED_WITHOUT_REPLAY,0.0,0.0,0.0,False
V3_CANDIDATE_DEVELOPMENT_ONLY_SURFACE,M3T,0.2,0.25,0.5,0.4,0.0,66.5,1000000,UNSUPPORTED_WITHOUT_REPLAY,0.05,0.0,0.0,False
V3_CANDIDATE_DEVELOPMENT_ONLY_SURFACE,M3T,0.2,0.25,0.5,0.4,0.0,66.5,1000000,UNSUPPORTED_WITHOUT_REPLAY,0.1,0.0,0.0,False
V3_CANDIDATE_DEVELOPMENT_ONLY_SURFACE,M3T,0.2,0.25,0.5,0.4,0.0,66.5,1000000,UNSUPPORTED_WITHOUT_REPLAY,0.25,0.0,0.0,False
V3_CANDIDATE_DEVELOPMENT_ONLY_SURFACE,M3T,0.2,0.25,0.5,0.4,0.0,77.5,1000000,UNSUPPORTED_WITHOUT_REPLAY,0.0,0.0,0.0,False
V3_CANDIDATE_DEVELOPMENT_ONLY_SURFACE,M3T,0.2,0.25,0.5,0.4,0.0,77.5,1000000,UNSUPPORTED_WITHOUT_REPLAY,0.05,0.0,0.0,False
V3_CANDIDATE_DEVELOPMENT_ONLY_SURFACE,M3T,0.2,0.25,0.5,0.4,0.0,77.5,1000000,UNSUPPORTED_WITHOUT_REPLAY,0.1,0.0,0.0,False
V3_CANDIDATE_DEVELOPMENT_ONLY_SURFACE,M3T,0.2,0.25,0.5,0.4,0.0,77.5,1000000,UNSUPPORTED_WITHOUT_REPLAY,0.25,0.0,0.0,False
V3_CANDIDATE_DEVELOPMENT_ONLY_SURFACE,M3T,0.2,0.25,0.5,0.4,0.05,59.5,1000000,UNSUPPORTED_WITHOUT_REPLAY,0.0,0.0,0.0,False
V3_CANDIDATE_DEVELOPMENT_ONLY_SURFACE,M3T,0.2,0.25,0.5,0.4,0.05,59.5,1000000,UNSUPPORTED_WITHOUT_REPLAY,0.05,0.0,0.0,False
V3_CANDIDATE_DEVELOPMENT_ONLY_SURFACE,M3T,0.2,0.25,0.5,0.4,0.05,59.5,1000000,UNSUPPORTED_WITHOUT_REPLAY,0.1,0.0,0.0,False
V3_CANDIDATE_DEVELOPMENT_ONLY_SURFACE,M3T,0.2,0.25,0.5,0.4,0.05,59.5,1000000,UNSUPPORTED_WITHOUT_REPLAY,0.25,0.0,0.0,False
V3_CANDIDATE_DEVELOPMENT_ONLY_SURFACE,M3T,0.2,0.25,0.5,0.4,0.05,66.5,1000000,UNSUPPORTED_WITHOUT_REPLAY,0.0,0.0,0.0,False
V3_CANDIDATE_DEVELOPMENT_ONLY_SURFACE,M3T,0.2,0.25,0.5,0.4,0.05,66.5,1000000,UNSUPPORTED_WITHOUT_REPLAY,0.05,0.0,0.0,False
V3_CANDIDATE_DEVELOPMENT_ONLY_SURFACE,M3T,0.2,0.25,0.5,0.4,0.05,66.5,1000000,UNSUPPORTED_WITHOUT_REPLAY,0.1,0.0,0.0,False
V3_CANDIDATE_DEVELOPMENT_ONLY_SURFACE,M3T,0.2,0.25,0.5,0.4,0.05,66.5,1000000,UNSUPPORTED_WITHOUT_REPLAY,0.25,0.0,0.0,False
V3_CANDIDATE_DEVELOPMENT_ONLY_SURFACE,M3T,0.2,0.25,0.5,0.4,0.05,77.5,1000000,UNSUPPORTED_WITHOUT_REPLAY,0.0,0.0,0.0,False
V3_CANDIDATE_DEVELOPMENT_ONLY_SURFACE,M3T,0.2,0.25,0.5,0.4,0.05,77.5,1000000,UNSUPPORTED_WITHOUT_REPLAY,0.05,0.0,0.0,False
V3_CANDIDATE_DEVELOPMENT_ONLY_SURFACE,M3T,0.2,0.25,0.5,0.4,0.05,77.5,1000000,UNSUPPORTED_WITHOUT_REPLAY,0.1,0.0,0.0,False
V3_CANDIDATE_DEVELOPMENT_ONLY_SURFACE,M3T,0.2,0.25,0.5,0.4,0.05,77.5,1000000,UNSUPPORTED_WITHOUT_REPLAY,0.25,0.0,0.0,False
V3_CANDIDATE_DEVELOPMENT_ONLY_SURFACE,M3T,0.2,0.25,0.5,0.4,0.1,59.5,1000000,UNSUPPORTED_WITHOUT_REPLAY,0.0,0.0,0.0,False
V3_CANDIDATE_DEVELOPMENT_ONLY_SURFACE,M3T,0.2,0.25,0.5,0.4,0.1,59.5,1000000,UNSUPPORTED_WITHOUT_REPLAY,0.05,0.0,0.0,False
V3_CANDIDATE_DEVELOPMENT_ONLY_SURFACE,M3T,0.2,0.25,0.5,0.4,0.1,59.5,1000000,UNSUPPORTED_WITHOUT_REPLAY,0.1,0.0,0.0,False
V3_CANDIDATE_DEVELOPMENT_ONLY_SURFACE,M3T,0.2,0.25,0.5,0.4,0.1,59.5,1000000,UNSUPPORTED_WITHOUT_REPLAY,0.25,0.0,0.0,False
V3_CANDIDATE_DEVELOPMENT_ONLY_SURFACE,M3T,0.2,0.25,0.5,0.4,0.1,66.5,1000000,UNSUPPORTED_WITHOUT_REPLAY,0.0,0.0,0.0,False
V3_CANDIDATE_DEVELOPMENT_ONLY_SURFACE,M3T,0.2,0.25,0.5,0.4,0.1,66.5,1000000,UNSUPPORTED_WITHOUT_REPLAY,0.05,0.0,0.0,False
V3_CANDIDATE_DEVELOPMENT_ONLY_SURFACE,M3T,0.2,0.25,0.5,0.4,0.1,66.5,1000000,UNSUPPORTED_WITHOUT_REPLAY,0.1,0.0,0.0,False
V3_CANDIDATE_DEVELOPMENT_ONLY_SURFACE,M3T,0.2,0.25,0.5,0.4,0.1,66.5,1000000,UNSUPPORTED_WITHOUT_REPLAY,0.25,0.0,0.0,False
V3_CANDIDATE_DEVELOPMENT_ONLY_SURFACE,M3T,0.2,0.25,0.5,0.4,0.1,77.5,1000000,UNSUPPORTED_WITHOUT_REPLAY,0.0,0.0,0.0,False
V3_CANDIDATE_DEVELOPMENT_ONLY_SURFACE,M3T,0.2,0.25,0.5,0.4,0.1,77.5,1000000,UNSUPPORTED_WITHOUT_REPLAY,0.05,0.0,0.0,False
V3_CANDIDATE_DEVELOPMENT_ONLY_SURFACE,M3T,0.2,0.25,0.5,0.4,0.1,77.5,1000000,UNSUPPORTED_WITHOUT_REPLAY,0.1,0.0,0.0,False
V3_CANDIDATE_DEVELOPMENT_ONLY_SURFACE,M3T,0.2,0.25,0.5,0.4,0.1,77.5,1000000,UNSUPPORTED_WITHOUT_REPLAY,0.25,0.0,0.0,False
V3_CANDIDATE_DEVELOPMENT_ONLY_SURFACE,M3T,0.2,0.25,0.5,0.6,0.0,59.5,1000000,UNSUPPORTED_WITHOUT_REPLAY,0.0,0.0,0.0,False
V3_CANDIDATE_DEVELOPMENT_ONLY_SURFACE,M3T,0.2,0.25,0.5,0.6,0.0,59.5,1000000,UNSUPPORTED_WITHOUT_REPLAY,0.05,0.0,0.0,False
V3_CANDIDATE_DEVELOPMENT_ONLY_SURFACE,M3T,0.2,0.25,0.5,0.6,0.0,59.5,1000000,UNSUPPORTED_WITHOUT_REPLAY,0.1,0.0,0.0,False
V3_CANDIDATE_DEVELOPMENT_ONLY_SURFACE,M3T,0.2,0.25,0.5,0.6,0.0,59.5,1000000,UNSUPPORTED_WITHOUT_REPLAY,0.25,0.0,0.0,False
V3_CANDIDATE_DEVELOPMENT_ONLY_SURFACE,M3T,0.2,0.25,0.5,0.6,0.0,66.5,1000000,UNSUPPORTED_WITHOUT_REPLAY,0.0,0.0,0.0,False
V3_CANDIDATE_DEVELOPMENT_ONLY_SURFACE,M3T,0.2,0.25,0.5,0.6,0.0,66.5,1000000,UNSUPPORTED_WITHOUT_REPLAY,0.05,0.0,0.0,False
V3_CANDIDATE_DEVELOPMENT_ONLY_SURFACE,M3T,0.2,0.25,0.5,0.6,0.0,66.5,1000000,UNSUPPORTED_WITHOUT_REPLAY,0.1,0.0,0.0,False
V3_CANDIDATE_DEVELOPMENT_ONLY_SURFACE,M3T,0.2,0.25,0.5,0.6,0.0,66.5,1000000,UNSUPPORTED_WITHOUT_REPLAY,0.25,0.0,0.0,False
V3_CANDIDATE_DEVELOPMENT_ONLY_SURFACE,M3T,0.2,0.25,0.5,0.6,0.0,77.5,1000000,UNSUPPORTED_WITHOUT_REPLAY,0.0,0.0,0.0,False
V3_CANDIDATE_DEVELOPMENT_ONLY_SURFACE,M3T,0.2,0.25,0.5,0.6,0.0,77.5,1000000,UNSUPPORTED_WITHOUT_REPLAY,0.05,0.0,0.0,False
V3_CANDIDATE_DEVELOPMENT_ONLY_SURFACE,M3T,0.2,0.25,0.5,0.6,0.0,77.5,1000000,UNSUPPORTED_WITHOUT_REPLAY,0.1,0.0,0.0,False
V3_CANDIDATE_DEVELOPMENT_ONLY_SURFACE,M3T,0.2,0.25,0.5,0.6,0.0,77.5,1000000,UNSUPPORTED_WITHOUT_REPLAY,0.25,0.0,0.0,False
V3_CANDIDATE_DEVELOPMENT_ONLY_SURFACE,M3T,0.2,0.25,0.5,0.6,0.05,59.5,1000000,UNSUPPORTED_WITHOUT_REPLAY,0.0,0.0,0.0,False
V3_CANDIDATE_DEVELOPMENT_ONLY_SURFACE,M3T,0.2,0.25,0.5,0.6,0.05,59.5,1000000,UNSUPPORTED_WITHOUT_REPLAY,0.05,0.0,0.0,False
V3_CANDIDATE_DEVELOPMENT_ONLY_SURFACE,M3T,0.2,0.25,0.5,0.6,0.05,59.5,1000000,UNSUPPORTED_WITHOUT_REPLAY,0.1,0.0,0.0,False
V3_CANDIDATE_DEVELOPMENT_ONLY_SURFACE,M3T,0.2,0.25,0.5,0.6,0.05,59.5,1000000,UNSUPPORTED_WITHOUT_REPLAY,0.25,0.0,0.0,False
V3_CANDIDATE_DEVELOPMENT_ONLY_SURFACE,M3T,0.2,0.25,0.5,0.6,0.05,66.5,1000000,UNSUPPORTED_WITHOUT_REPLAY,0.0,0.0,0.0,False
V3_CANDIDATE_DEVELOPMENT_ONLY_SURFACE,M3T,0.2,0.25,0.5,0.6,0.05,66.5,1000000,UNSUPPORTED_WITHOUT_REPLAY,0.05,0.0,0.0,False
V3_CANDIDATE_DEVELOPMENT_ONLY_SURFACE,M3T,0.2,0.25,0.5,0.6,0.05,66.5,1000000,UNSUPPORTED_WITHOUT_REPLAY,0.1,0.0,0.0,False
V3_CANDIDATE_DEVELOPMENT_ONLY_SURFACE,M3T,0.2,0.25,0.5,0.6,0.05,66.5,1000000,UNSUPPORTED_WITHOUT_REPLAY,0.25,0.0,0.0,False
V3_CANDIDATE_DEVELOPMENT_ONLY_SURFACE,M3T,0.2,0.25,0.5,0.6,0.05,77.5,1000000,UNSUPPORTED_WITHOUT_REPLAY,0.0,0.0,0.0,False
V3_CANDIDATE_DEVELOPMENT_ONLY_SURFACE,M3T,0.2,0.25,0.5,0.6,0.05,77.5,1000000,UNSUPPORTED_WITHOUT_REPLAY,0.05,0.0,0.0,False
V3_CANDIDATE_DEVELOPMENT_ONLY_SURFACE,M3T,0.2,0.25,0.5,0.6,0.05,77.5,1000000,UNSUPPORTED_WITHOUT_REPLAY,0.1,0.0,0.0,False
V3_CANDIDATE_DEVELOPMENT_ONLY_SURFACE,M3T,0.2,0.25,0.5,0.6,0.05,77.5,1000000,UNSUPPORTED_WITHOUT_REPLAY,0.25,0.0,0.0,False
V3_CANDIDATE_DEVELOPMENT_ONLY_SURFACE,M3T,0.2,0.25,0.5,0.6,0.1,59.5,1000000,UNSUPPORTED_WITHOUT_REPLAY,0.0,0.0,0.0,False
V3_CANDIDATE_DEVELOPMENT_ONLY_SURFACE,M3T,0.2,0.25,0.5,0.6,0.1,59.5,1000000,UNSUPPORTED_WITHOUT_REPLAY,0.05,0.0,0.0,False
V3_CANDIDATE_DEVELOPMENT_ONLY_SURFACE,M3T,0.2,0.25,0.5,0.6,0.1,59.5,1000000,UNSUPPORTED_WITHOUT_REPLAY,0.1,0.0,0.0,False
V3_CANDIDATE_DEVELOPMENT_ONLY_SURFACE,M3T,0.2,0.25,0.5,0.6,0.1,59.5,1000000,UNSUPPORTED_WITHOUT_REPLAY,0.25,0.0,0.0,False
V3_CANDIDATE_DEVELOPMENT_ONLY_SURFACE,M3T,0.2,0.25,0.5,0.6,0.1,66.5,1000000,UNSUPPORTED_WITHOUT_REPLAY,0.0,0.0,0.0,False
V3_CANDIDATE_DEVELOPMENT_ONLY_SURFACE,M3T,0.2,0.25,0.5,0.6,0.1,66.5,1000000,UNSUPPORTED_WITHOUT_REPLAY,0.05,0.0,0.0,False
V3_CANDIDATE_DEVELOPMENT_ONLY_SURFACE,M3T,0.2,0.25,0.5,0.6,0.1,66.5,1000000,UNSUPPORTED_WITHOUT_REPLAY,0.1,0.0,0.0,False
V3_CANDIDATE_DEVELOPMENT_ONLY_SURFACE,M3T,0.2,0.25,0.5,0.6,0.1,66.5,1000000,UNSUPPORTED_WITHOUT_REPLAY,0.25,0.0,0.0,False
V3_CANDIDATE_DEVELOPMENT_ONLY_SURFACE,M3T,0.2,0.25,0.5,0.6,0.1,77.5,1000000,UNSUPPORTED_WITHOUT_REPLAY,0.0,0.0,0.0,False
V3_CANDIDATE_DEVELOPMENT_ONLY_SURFACE,M3T,0.2,0.25,0.5,0.6,0.1,77.5,1000000,UNSUPPORTED_WITHOUT_REPLAY,0.05,0.0,0.0,False
V3_CANDIDATE_DEVELOPMENT_ONLY_SURFACE,M3T,0.2,0.25,0.5,0.6,0.1,77.5,1000000,UNSUPPORTED_WITHOUT_REPLAY,0.1,0.0,0.0,False
V3_CANDIDATE_DEVELOPMENT_ONLY_SURFACE,M3T,0.2,0.25,0.5,0.6,0.1,77.5,1000000,UNSUPPORTED_WITHOUT_REPLAY,0.25,0.0,0.0,False
V3_CANDIDATE_DEVELOPMENT_ONLY_SURFACE,M3T,0.2,0.25,0.5,0.8,0.0,59.5,1000000,UNSUPPORTED_WITHOUT_REPLAY,0.0,0.0,0.0,False
V3_CANDIDATE_DEVELOPMENT_ONLY_SURFACE,M3T,0.2,0.25,0.5,0.8,0.0,59.5,1000000,UNSUPPORTED_WITHOUT_REPLAY,0.05,0.0,0.0,False
V3_CANDIDATE_DEVELOPMENT_ONLY_SURFACE,M3T,0.2,0.25,0.5,0.8,0.0,59.5,1000000,UNSUPPORTED_WITHOUT_REPLAY,0.1,0.0,0.0,False
V3_CANDIDATE_DEVELOPMENT_ONLY_SURFACE,M3T,0.2,0.25,0.5,0.8,0.0,59.5,1000000,UNSUPPORTED_WITHOUT_REPLAY,0.25,0.0,0.0,False
V3_CANDIDATE_DEVELOPMENT_ONLY_SURFACE,M3T,0.2,0.25,0.5,0.8,0.0,66.5,1000000,UNSUPPORTED_WITHOUT_REPLAY,0.0,0.0,0.0,False
V3_CANDIDATE_DEVELOPMENT_ONLY_SURFACE,M3T,0.2,0.25,0.5,0.8,0.0,66.5,1000000,UNSUPPORTED_WITHOUT_REPLAY,0.05,0.0,0.0,False
V3_CANDIDATE_DEVELOPMENT_ONLY_SURFACE,M3T,0.2,0.25,0.5,0.8,0.0,66.5,1000000,UNSUPPORTED_WITHOUT_REPLAY,0.1,0.0,0.0,False
V3_CANDIDATE_DEVELOPMENT_ONLY_SURFACE,M3T,0.2,0.25,0.5,0.8,0.0,66.5,1000000,UNSUPPORTED_WITHOUT_REPLAY,0.25,0.0,0.0,False
V3_CANDIDATE_DEVELOPMENT_ONLY_SURFACE,M3T,0.2,0.25,0.5,0.8,0.0,77.5,1000000,UNSUPPORTED_WITHOUT_REPLAY,0.0,0.0,0.0,False
V3_CANDIDATE_DEVELOPMENT_ONLY_SURFACE,M3T,0.2,0.25,0.5,0.8,0.0,77.5,1000000,UNSUPPORTED_WITHOUT_REPLAY,0.05,0.0,0.0,False
V3_CANDIDATE_DEVELOPMENT_ONLY_SURFACE,M3T,0.2,0.25,0.5,0.8,0.0,77.5,1000000,UNSUPPORTED_WITHOUT_REPLAY,0.1,0.0,0.0,False
V3_CANDIDATE_DEVELOPMENT_ONLY_SURFACE,M3T,0.2,0.25,0.5,0.8,0.0,77.5,1000000,UNSUPPORTED_WITHOUT_REPLAY,0.25,0.0,0.0,False
V3_CANDIDATE_DEVELOPMENT_ONLY_SURFACE,M3T,0.2,0.25,0.5,0.8,0.05,59.5,1000000,UNSUPPORTED_WITHOUT_REPLAY,0.0,0.0,0.0,False
V3_CANDIDATE_DEVELOPMENT_ONLY_SURFACE,M3T,0.2,0.25,0.5,0.8,0.05,59.5,1000000,UNSUPPORTED_WITHOUT_REPLAY,0.05,0.0,0.0,False
V3_CANDIDATE_DEVELOPMENT_ONLY_SURFACE,M3T,0.2,0.25,0.5,0.8,0.05,59.5,1000000,UNSUPPORTED_WITHOUT_REPLAY,0.1,0.0,0.0,False
V3_CANDIDATE_DEVELOPMENT_ONLY_SURFACE,M3T,0.2,0.25,0.5,0.8,0.05,59.5,1000000,UNSUPPORTED_WITHOUT_REPLAY,0.25,0.0,0.0,False
V3_CANDIDATE_DEVELOPMENT_ONLY_SURFACE,M3T,0.2,0.25,0.5,0.8,0.05,66.5,1000000,UNSUPPORTED_WITHOUT_REPLAY,0.0,0.0,0.0,False
V3_CANDIDATE_DEVELOPMENT_ONLY_SURFACE,M3T,0.2,0.25,0.5,0.8,0.05,66.5,1000000,UNSUPPORTED_WITHOUT_REPLAY,0.05,0.0,0.0,False
V3_CANDIDATE_DEVELOPMENT_ONLY_SURFACE,M3T,0.2,0.25,0.5,0.8,0.05,66.5,1000000,UNSUPPORTED_WITHOUT_REPLAY,0.1,0.0,0.0,False
V3_CANDIDATE_DEVELOPMENT_ONLY_SURFACE,M3T,0.2,0.25,0.5,0.8,0.05,66.5,1000000,UNSUPPORTED_WITHOUT_REPLAY,0.25,0.0,0.0,False
V3_CANDIDATE_DEVELOPMENT_ONLY_SURFACE,M3T,0.2,0.25,0.5,0.8,0.05,77.5,1000000,UNSUPPORTED_WITHOUT_REPLAY,0.0,0.0,0.0,False
V3_CANDIDATE_DEVELOPMENT_ONLY_SURFACE,M3T,0.2,0.25,0.5,0.8,0.05,77.5,1000000,UNSUPPORTED_WITHOUT_REPLAY,0.05,0.0,0.0,False
V3_CANDIDATE_DEVELOPMENT_ONLY_SURFACE,M3T,0.2,0.25,0.5,0.8,0.05,77.5,1000000,UNSUPPORTED_WITHOUT_REPLAY,0.1,0.0,0.0,False
V3_CANDIDATE_DEVELOPMENT_ONLY_SURFACE,M3T,0.2,0.25,0.5,0.8,0.05,77.5,1000000,UNSUPPORTED_WITHOUT_REPLAY,0.25,0.0,0.0,False
V3_CANDIDATE_DEVELOPMENT_ONLY_SURFACE,M3T,0.2,0.25,0.5,0.8,0.1,59.5,1000000,UNSUPPORTED_WITHOUT_REPLAY,0.0,0.0,0.0,False
V3_CANDIDATE_DEVELOPMENT_ONLY_SURFACE,M3T,0.2,0.25,0.5,0.8,0.1,59.5,1000000,UNSUPPORTED_WITHOUT_REPLAY,0.05,0.0,0.0,False
V3_CANDIDATE_DEVELOPMENT_ONLY_SURFACE,M3T,0.2,0.25,0.5,0.8,0.1,59.5,1000000,UNSUPPORTED_WITHOUT_REPLAY,0.1,0.0,0.0,False
V3_CANDIDATE_DEVELOPMENT_ONLY_SURFACE,M3T,0.2,0.25,0.5,0.8,0.1,59.5,1000000,UNSUPPORTED_WITHOUT_REPLAY,0.25,0.0,0.0,False
V3_CANDIDATE_DEVELOPMENT_ONLY_SURFACE,M3T,0.2,0.25,0.5,0.8,0.1,66.5,1000000,UNSUPPORTED_WITHOUT_REPLAY,0.0,0.0,0.0,False
V3_CANDIDATE_DEVELOPMENT_ONLY_SURFACE,M3T,0.2,0.25,0.5,0.8,0.1,66.5,1000000,UNSUPPORTED_WITHOUT_REPLAY,0.05,0.0,0.0,False
V3_CANDIDATE_DEVELOPMENT_ONLY_SURFACE,M3T,0.2,0.25,0.5,0.8,0.1,66.5,1000000,UNSUPPORTED_WITHOUT_REPLAY,0.1,0.0,0.0,False
V3_CANDIDATE_DEVELOPMENT_ONLY_SURFACE,M3T,0.2,0.25,0.5,0.8,0.1,66.5,1000000,UNSUPPORTED_WITHOUT_REPLAY,0.25,0.0,0.0,False
V3_CANDIDATE_DEVELOPMENT_ONLY_SURFACE,M3T,0.2,0.25,0.5,0.8,0.1,77.5,1000000,UNSUPPORTED_WITHOUT_REPLAY,0.0,0.0,0.0,False
V3_CANDIDATE_DEVELOPMENT_ONLY_SURFACE,M3T,0.2,0.25,0.5,0.8,0.1,77.5,1000000,UNSUPPORTED_WITHOUT_REPLAY,0.05,0.0,0.0,False
V3_CANDIDATE_DEVELOPMENT_ONLY_SURFACE,M3T,0.2,0.25,0.5,0.8,0.1,77.5,1000000,UNSUPPORTED_WITHOUT_REPLAY,0.1,0.0,0.0,False
V3_CANDIDATE_DEVELOPMENT_ONLY_SURFACE,M3T,0.2,0.25,0.5,0.8,0.1,77.5,1000000,UNSUPPORTED_WITHOUT_REPLAY,0.25,0.0,0.0,False
V3_CANDIDATE_DEVELOPMENT_ONLY_SURFACE,M3T,0.2,0.25,1.0,0.0,0.0,59.5,1000000,UNSUPPORTED_WITHOUT_REPLAY,0.0,0.0,0.0,False
V3_CANDIDATE_DEVELOPMENT_ONLY_SURFACE,M3T,0.2,0.25,1.0,0.0,0.0,59.5,1000000,UNSUPPORTED_WITHOUT_REPLAY,0.05,0.0,0.0,False
V3_CANDIDATE_DEVELOPMENT_ONLY_SURFACE,M3T,0.2,0.25,1.0,0.0,0.0,59.5,1000000,UNSUPPORTED_WITHOUT_REPLAY,0.1,0.0,0.0,False
V3_CANDIDATE_DEVELOPMENT_ONLY_SURFACE,M3T,0.2,0.25,1.0,0.0,0.0,59.5,1000000,UNSUPPORTED_WITHOUT_REPLAY,0.25,0.0,0.0,False
V3_CANDIDATE_DEVELOPMENT_ONLY_SURFACE,M3T,0.2,0.25,1.0,0.0,0.0,66.5,1000000,UNSUPPORTED_WITHOUT_REPLAY,0.0,0.0,0.0,False
V3_CANDIDATE_DEVELOPMENT_ONLY_SURFACE,M3T,0.2,0.25,1.0,0.0,0.0,66.5,1000000,UNSUPPORTED_WITHOUT_REPLAY,0.05,0.0,0.0,False
V3_CANDIDATE_DEVELOPMENT_ONLY_SURFACE,M3T,0.2,0.25,1.0,0.0,0.0,66.5,1000000,UNSUPPORTED_WITHOUT_REPLAY,0.1,0.0,0.0,False
V3_CANDIDATE_DEVELOPMENT_ONLY_SURFACE,M3T,0.2,0.25,1.0,0.0,0.0,66.5,1000000,UNSUPPORTED_WITHOUT_REPLAY,0.25,0.0,0.0,False
V3_CANDIDATE_DEVELOPMENT_ONLY_SURFACE,M3T,0.2,0.25,1.0,0.0,0.0,77.5,1000000,UNSUPPORTED_WITHOUT_REPLAY,0.0,0.0,0.0,False
V3_CANDIDATE_DEVELOPMENT_ONLY_SURFACE,M3T,0.2,0.25,1.0,0.0,0.0,77.5,1000000,UNSUPPORTED_WITHOUT_REPLAY,0.05,0.0,0.0,False
V3_CANDIDATE_DEVELOPMENT_ONLY_SURFACE,M3T,0.2,0.25,1.0,0.0,0.0,77.5,1000000,UNSUPPORTED_WITHOUT_REPLAY,0.1,0.0,0.0,False
V3_CANDIDATE_DEVELOPMENT_ONLY_SURFACE,M3T,0.2,0.25,1.0,0.0,0.0,77.5,1000000,UNSUPPORTED_WITHOUT_REPLAY,0.25,0.0,0.0,False
V3_CANDIDATE_DEVELOPMENT_ONLY_SURFACE,M3T,0.2,0.25,1.0,0.0,0.05,59.5,1000000,UNSUPPORTED_WITHOUT_REPLAY,0.0,0.0,0.0,False
V3_CANDIDATE_DEVELOPMENT_ONLY_SURFACE,M3T,0.2,0.25,1.0,0.0,0.05,59.5,1000000,UNSUPPORTED_WITHOUT_REPLAY,0.05,0.0,0.0,False
V3_CANDIDATE_DEVELOPMENT_ONLY_SURFACE,M3T,0.2,0.25,1.0,0.0,0.05,59.5,1000000,UNSUPPORTED_WITHOUT_REPLAY,0.1,0.0,0.0,False
V3_CANDIDATE_DEVELOPMENT_ONLY_SURFACE,M3T,0.2,0.25,1.0,0.0,0.05,59.5,1000000,UNSUPPORTED_WITHOUT_REPLAY,0.25,0.0,0.0,False
V3_CANDIDATE_DEVELOPMENT_ONLY_SURFACE,M3T,0.2,0.25,1.0,0.0,0.05,66.5,1000000,UNSUPPORTED_WITHOUT_REPLAY,0.0,0.0,0.0,False
V3_CANDIDATE_DEVELOPMENT_ONLY_SURFACE,M3T,0.2,0.25,1.0,0.0,0.05,66.5,1000000,UNSUPPORTED_WITHOUT_REPLAY,0.05,0.0,0.0,False
V3_CANDIDATE_DEVELOPMENT_ONLY_SURFACE,M3T,0.2,0.25,1.0,0.0,0.05,66.5,1000000,UNSUPPORTED_WITHOUT_REPLAY,0.1,0.0,0.0,False
V3_CANDIDATE_DEVELOPMENT_ONLY_SURFACE,M3T,0.2,0.25,1.0,0.0,0.05,66.5,1000000,UNSUPPORTED_WITHOUT_REPLAY,0.25,0.0,0.0,False
V3_CANDIDATE_DEVELOPMENT_ONLY_SURFACE,M3T,0.2,0.25,1.0,0.0,0.05,77.5,1000000,UNSUPPORTED_WITHOUT_REPLAY,0.0,0.0,0.0,False
V3_CANDIDATE_DEVELOPMENT_ONLY_SURFACE,M3T,0.2,0.25,1.0,0.0,0.05,77.5,1000000,UNSUPPORTED_WITHOUT_REPLAY,0.05,0.0,0.0,False
V3_CANDIDATE_DEVELOPMENT_ONLY_SURFACE,M3T,0.2,0.25,1.0,0.0,0.05,77.5,1000000,UNSUPPORTED_WITHOUT_REPLAY,0.1,0.0,0.0,False
V3_CANDIDATE_DEVELOPMENT_ONLY_SURFACE,M3T,0.2,0.25,1.0,0.0,0.05,77.5,1000000,UNSUPPORTED_WITHOUT_REPLAY,0.25,0.0,0.0,False
V3_CANDIDATE_DEVELOPMENT_ONLY_SURFACE,M3T,0.2,0.25,1.0,0.0,0.1,59.5,1000000,UNSUPPORTED_WITHOUT_REPLAY,0.0,0.0,0.0,False
V3_CANDIDATE_DEVELOPMENT_ONLY_SURFACE,M3T,0.2,0.25,1.0,0.0,0.1,59.5,1000000,UNSUPPORTED_WITHOUT_REPLAY,0.05,0.0,0.0,False
V3_CANDIDATE_DEVELOPMENT_ONLY_SURFACE,M3T,0.2,0.25,1.0,0.0,0.1,59.5,1000000,UNSUPPORTED_WITHOUT_REPLAY,0.1,0.0,0.0,False
V3_CANDIDATE_DEVELOPMENT_ONLY_SURFACE,M3T,0.2,0.25,1.0,0.0,0.1,59.5,1000000,UNSUPPORTED_WITHOUT_REPLAY,0.25,0.0,0.0,False
V3_CANDIDATE_DEVELOPMENT_ONLY_SURFACE,M3T,0.2,0.25,1.0,0.0,0.1,66.5,1000000,UNSUPPORTED_WITHOUT_REPLAY,0.0,0.0,0.0,False
V3_CANDIDATE_DEVELOPMENT_ONLY_SURFACE,M3T,0.2,0.25,1.0,0.0,0.1,66.5,1000000,UNSUPPORTED_WITHOUT_REPLAY,0.05,0.0,0.0,False
V3_CANDIDATE_DEVELOPMENT_ONLY_SURFACE,M3T,0.2,0.25,1.0,0.0,0.1,66.5,1000000,UNSUPPORTED_WITHOUT_REPLAY,0.1,0.0,0.0,False
V3_CANDIDATE_DEVELOPMENT_ONLY_SURFACE,M3T,0.2,0.25,1.0,0.0,0.1,66.5,1000000,UNSUPPORTED_WITHOUT_REPLAY,0.25,0.0,0.0,False
V3_CANDIDATE_DEVELOPMENT_ONLY_SURFACE,M3T,0.2,0.25,1.0,0.0,0.1,77.5,1000000,UNSUPPORTED_WITHOUT_REPLAY,0.0,0.0,0.0,False
V3_CANDIDATE_DEVELOPMENT_ONLY_SURFACE,M3T,0.2,0.25,1.0,0.0,0.1,77.5,1000000,UNSUPPORTED_WITHOUT_REPLAY,0.05,0.0,0.0,False
V3_CANDIDATE_DEVELOPMENT_ONLY_SURFACE,M3T,0.2,0.25,1.0,0.0,0.1,77.5,1000000,UNSUPPORTED_WITHOUT_REPLAY,0.1,0.0,0.0,False
V3_CANDIDATE_DEVELOPMENT_ONLY_SURFACE,M3T,0.2,0.25,1.0,0.0,0.1,77.5,1000000,UNSUPPORTED_WITHOUT_REPLAY,0.25,0.0,0.0,False
V3_CANDIDATE_DEVELOPMENT_ONLY_SURFACE,M3T,0.2,0.25,1.0,0.4,0.0,59.5,1000000,UNSUPPORTED_WITHOUT_REPLAY,0.0,0.0,0.0,False
V3_CANDIDATE_DEVELOPMENT_ONLY_SURFACE,M3T,0.2,0.25,1.0,0.4,0.0,59.5,1000000,UNSUPPORTED_WITHOUT_REPLAY,0.05,0.0,0.0,False
V3_CANDIDATE_DEVELOPMENT_ONLY_SURFACE,M3T,0.2,0.25,1.0,0.4,0.0,59.5,1000000,UNSUPPORTED_WITHOUT_REPLAY,0.1,0.0,0.0,False
V3_CANDIDATE_DEVELOPMENT_ONLY_SURFACE,M3T,0.2,0.25,1.0,0.4,0.0,59.5,1000000,UNSUPPORTED_WITHOUT_REPLAY,0.25,0.0,0.0,False
V3_CANDIDATE_DEVELOPMENT_ONLY_SURFACE,M3T,0.2,0.25,1.0,0.4,0.0,66.5,1000000,UNSUPPORTED_WITHOUT_REPLAY,0.0,0.0,0.0,False
V3_CANDIDATE_DEVELOPMENT_ONLY_SURFACE,M3T,0.2,0.25,1.0,0.4,0.0,66.5,1000000,UNSUPPORTED_WITHOUT_REPLAY,0.05,0.0,0.0,False
V3_CANDIDATE_DEVELOPMENT_ONLY_SURFACE,M3T,0.2,0.25,1.0,0.4,0.0,66.5,1000000,UNSUPPORTED_WITHOUT_REPLAY,0.1,0.0,0.0,False
V3_CANDIDATE_DEVELOPMENT_ONLY_SURFACE,M3T,0.2,0.25,1.0,0.4,0.0,66.5,1000000,UNSUPPORTED_WITHOUT_REPLAY,0.25,0.0,0.0,False
V3_CANDIDATE_DEVELOPMENT_ONLY_SURFACE,M3T,0.2,0.25,1.0,0.4,0.0,77.5,1000000,UNSUPPORTED_WITHOUT_REPLAY,0.0,0.0,0.0,False
V3_CANDIDATE_DEVELOPMENT_ONLY_SURFACE,M3T,0.2,0.25,1.0,0.4,0.0,77.5,1000000,UNSUPPORTED_WITHOUT_REPLAY,0.05,0.0,0.0,False
V3_CANDIDATE_DEVELOPMENT_ONLY_SURFACE,M3T,0.2,0.25,1.0,0.4,0.0,77.5,1000000,UNSUPPORTED_WITHOUT_REPLAY,0.1,0.0,0.0,False
V3_CANDIDATE_DEVELOPMENT_ONLY_SURFACE,M3T,0.2,0.25,1.0,0.4,0.0,77.5,1000000,UNSUPPORTED_WITHOUT_REPLAY,0.25,0.0,0.0,False
V3_CANDIDATE_DEVELOPMENT_ONLY_SURFACE,M3T,0.2,0.25,1.0,0.4,0.05,59.5,1000000,UNSUPPORTED_WITHOUT_REPLAY,0.0,0.0,0.0,False
V3_CANDIDATE_DEVELOPMENT_ONLY_SURFACE,M3T,0.2,0.25,1.0,0.4,0.05,59.5,1000000,UNSUPPORTED_WITHOUT_REPLAY,0.05,0.0,0.0,False
V3_CANDIDATE_DEVELOPMENT_ONLY_SURFACE,M3T,0.2,0.25,1.0,0.4,0.05,59.5,1000000,UNSUPPORTED_WITHOUT_REPLAY,0.1,0.0,0.0,False
V3_CANDIDATE_DEVELOPMENT_ONLY_SURFACE,M3T,0.2,0.25,1.0,0.4,0.05,59.5,1000000,UNSUPPORTED_WITHOUT_REPLAY,0.25,0.0,0.0,False
V3_CANDIDATE_DEVELOPMENT_ONLY_SURFACE,M3T,0.2,0.25,1.0,0.4,0.05,66.5,1000000,UNSUPPORTED_WITHOUT_REPLAY,0.0,0.0,0.0,False
V3_CANDIDATE_DEVELOPMENT_ONLY_SURFACE,M3T,0.2,0.25,1.0,0.4,0.05,66.5,1000000,UNSUPPORTED_WITHOUT_REPLAY,0.05,0.0,0.0,False
V3_CANDIDATE_DEVELOPMENT_ONLY_SURFACE,M3T,0.2,0.25,1.0,0.4,0.05,66.5,1000000,UNSUPPORTED_WITHOUT_REPLAY,0.1,0.0,0.0,False
V3_CANDIDATE_DEVELOPMENT_ONLY_SURFACE,M3T,0.2,0.25,1.0,0.4,0.05,66.5,1000000,UNSUPPORTED_WITHOUT_REPLAY,0.25,0.0,0.0,False
V3_CANDIDATE_DEVELOPMENT_ONLY_SURFACE,M3T,0.2,0.25,1.0,0.4,0.05,77.5,1000000,UNSUPPORTED_WITHOUT_REPLAY,0.0,0.0,0.0,False
V3_CANDIDATE_DEVELOPMENT_ONLY_SURFACE,M3T,0.2,0.25,1.0,0.4,0.05,77.5,1000000,UNSUPPORTED_WITHOUT_REPLAY,0.05,0.0,0.0,False
V3_CANDIDATE_DEVELOPMENT_ONLY_SURFACE,M3T,0.2,0.25,1.0,0.4,0.05,77.5,1000000,UNSUPPORTED_WITHOUT_REPLAY,0.1,0.0,0.0,False
V3_CANDIDATE_DEVELOPMENT_ONLY_SURFACE,M3T,0.2,0.25,1.0,0.4,0.05,77.5,1000000,UNSUPPORTED_WITHOUT_REPLAY,0.25,0.0,0.0,False
V3_CANDIDATE_DEVELOPMENT_ONLY_SURFACE,M3T,0.2,0.25,1.0,0.4,0.1,59.5,1000000,UNSUPPORTED_WITHOUT_REPLAY,0.0,0.0,0.0,False
V3_CANDIDATE_DEVELOPMENT_ONLY_SURFACE,M3T,0.2,0.25,1.0,0.4,0.1,59.5,1000000,UNSUPPORTED_WITHOUT_REPLAY,0.05,0.0,0.0,False
V3_CANDIDATE_DEVELOPMENT_ONLY_SURFACE,M3T,0.2,0.25,1.0,0.4,0.1,59.5,1000000,UNSUPPORTED_WITHOUT_REPLAY,0.1,0.0,0.0,False
V3_CANDIDATE_DEVELOPMENT_ONLY_SURFACE,M3T,0.2,0.25,1.0,0.4,0.1,59.5,1000000,UNSUPPORTED_WITHOUT_REPLAY,0.25,0.0,0.0,False
V3_CANDIDATE_DEVELOPMENT_ONLY_SURFACE,M3T,0.2,0.25,1.0,0.4,0.1,66.5,1000000,UNSUPPORTED_WITHOUT_REPLAY,0.0,0.0,0.0,False
V3_CANDIDATE_DEVELOPMENT_ONLY_SURFACE,M3T,0.2,0.25,1.0,0.4,0.1,66.5,1000000,UNSUPPORTED_WITHOUT_REPLAY,0.05,0.0,0.0,False
V3_CANDIDATE_DEVELOPMENT_ONLY_SURFACE,M3T,0.2,0.25,1.0,0.4,0.1,66.5,1000000,UNSUPPORTED_WITHOUT_REPLAY,0.1,0.0,0.0,False
V3_CANDIDATE_DEVELOPMENT_ONLY_SURFACE,M3T,0.2,0.25,1.0,0.4,0.1,66.5,1000000,UNSUPPORTED_WITHOUT_REPLAY,0.25,0.0,0.0,False
V3_CANDIDATE_DEVELOPMENT_ONLY_SURFACE,M3T,0.2,0.25,1.0,0.4,0.1,77.5,1000000,UNSUPPORTED_WITHOUT_REPLAY,0.0,0.0,0.0,False
V3_CANDIDATE_DEVELOPMENT_ONLY_SURFACE,M3T,0.2,0.25,1.0,0.4,0.1,77.5,1000000,UNSUPPORTED_WITHOUT_REPLAY,0.05,0.0,0.0,False
V3_CANDIDATE_DEVELOPMENT_ONLY_SURFACE,M3T,0.2,0.25,1.0,0.4,0.1,77.5,1000000,UNSUPPORTED_WITHOUT_REPLAY,0.1,0.0,0.0,False
V3_CANDIDATE_DEVELOPMENT_ONLY_SURFACE,M3T,0.2,0.25,1.0,0.4,0.1,77.5,1000000,UNSUPPORTED_WITHOUT_REPLAY,0.25,0.0,0.0,False
V3_CANDIDATE_DEVELOPMENT_ONLY_SURFACE,M3T,0.2,0.25,1.0,0.6,0.0,59.5,1000000,UNSUPPORTED_WITHOUT_REPLAY,0.0,0.0,0.0,False
V3_CANDIDATE_DEVELOPMENT_ONLY_SURFACE,M3T,0.2,0.25,1.0,0.6,0.0,59.5,1000000,UNSUPPORTED_WITHOUT_REPLAY,0.05,0.0,0.0,False
V3_CANDIDATE_DEVELOPMENT_ONLY_SURFACE,M3T,0.2,0.25,1.0,0.6,0.0,59.5,1000000,UNSUPPORTED_WITHOUT_REPLAY,0.1,0.0,0.0,False
V3_CANDIDATE_DEVELOPMENT_ONLY_SURFACE,M3T,0.2,0.25,1.0,0.6,0.0,59.5,1000000,UNSUPPORTED_WITHOUT_REPLAY,0.25,0.0,0.0,False
V3_CANDIDATE_DEVELOPMENT_ONLY_SURFACE,M3T,0.2,0.25,1.0,0.6,0.0,66.5,1000000,UNSUPPORTED_WITHOUT_REPLAY,0.0,0.0,0.0,False
V3_CANDIDATE_DEVELOPMENT_ONLY_SURFACE,M3T,0.2,0.25,1.0,0.6,0.0,66.5,1000000,UNSUPPORTED_WITHOUT_REPLAY,0.05,0.0,0.0,False
V3_CANDIDATE_DEVELOPMENT_ONLY_SURFACE,M3T,0.2,0.25,1.0,0.6,0.0,66.5,1000000,UNSUPPORTED_WITHOUT_REPLAY,0.1,0.0,0.0,False
V3_CANDIDATE_DEVELOPMENT_ONLY_SURFACE,M3T,0.2,0.25,1.0,0.6,0.0,66.5,1000000,UNSUPPORTED_WITHOUT_REPLAY,0.25,0.0,0.0,False
V3_CANDIDATE_DEVELOPMENT_ONLY_SURFACE,M3T,0.2,0.25,1.0,0.6,0.0,77.5,1000000,UNSUPPORTED_WITHOUT_REPLAY,0.0,0.0,0.0,False
V3_CANDIDATE_DEVELOPMENT_ONLY_SURFACE,M3T,0.2,0.25,1.0,0.6,0.0,77.5,1000000,UNSUPPORTED_WITHOUT_REPLAY,0.05,0.0,0.0,False
V3_CANDIDATE_DEVELOPMENT_ONLY_SURFACE,M3T,0.2,0.25,1.0,0.6,0.0,77.5,1000000,UNSUPPORTED_WITHOUT_REPLAY,0.1,0.0,0.0,False
V3_CANDIDATE_DEVELOPMENT_ONLY_SURFACE,M3T,0.2,0.25,1.0,0.6,0.0,77.5,1000000,UNSUPPORTED_WITHOUT_REPLAY,0.25,0.0,0.0,False
V3_CANDIDATE_DEVELOPMENT_ONLY_SURFACE,M3T,0.2,0.25,1.0,0.6,0.05,59.5,1000000,UNSUPPORTED_WITHOUT_REPLAY,0.0,0.0,0.0,False
V3_CANDIDATE_DEVELOPMENT_ONLY_SURFACE,M3T,0.2,0.25,1.0,0.6,0.05,59.5,1000000,UNSUPPORTED_WITHOUT_REPLAY,0.05,0.0,0.0,False
V3_CANDIDATE_DEVELOPMENT_ONLY_SURFACE,M3T,0.2,0.25,1.0,0.6,0.05,59.5,1000000,UNSUPPORTED_WITHOUT_REPLAY,0.1,0.0,0.0,False
V3_CANDIDATE_DEVELOPMENT_ONLY_SURFACE,M3T,0.2,0.25,1.0,0.6,0.05,59.5,1000000,UNSUPPORTED_WITHOUT_REPLAY,0.25,0.0,0.0,False
V3_CANDIDATE_DEVELOPMENT_ONLY_SURFACE,M3T,0.2,0.25,1.0,0.6,0.05,66.5,1000000,UNSUPPORTED_WITHOUT_REPLAY,0.0,0.0,0.0,False
V3_CANDIDATE_DEVELOPMENT_ONLY_SURFACE,M3T,0.2,0.25,1.0,0.6,0.05,66.5,1000000,UNSUPPORTED_WITHOUT_REPLAY,0.05,0.0,0.0,False
V3_CANDIDATE_DEVELOPMENT_ONLY_SURFACE,M3T,0.2,0.25,1.0,0.6,0.05,66.5,1000000,UNSUPPORTED_WITHOUT_REPLAY,0.1,0.0,0.0,False
V3_CANDIDATE_DEVELOPMENT_ONLY_SURFACE,M3T,0.2,0.25,1.0,0.6,0.05,66.5,1000000,UNSUPPORTED_WITHOUT_REPLAY,0.25,0.0,0.0,False
V3_CANDIDATE_DEVELOPMENT_ONLY_SURFACE,M3T,0.2,0.25,1.0,0.6,0.05,77.5,1000000,UNSUPPORTED_WITHOUT_REPLAY,0.0,0.0,0.0,False
V3_CANDIDATE_DEVELOPMENT_ONLY_SURFACE,M3T,0.2,0.25,1.0,0.6,0.05,77.5,1000000,UNSUPPORTED_WITHOUT_REPLAY,0.05,0.0,0.0,False
V3_CANDIDATE_DEVELOPMENT_ONLY_SURFACE,M3T,0.2,0.25,1.0,0.6,0.05,77.5,1000000,UNSUPPORTED_WITHOUT_REPLAY,0.1,0.0,0.0,False
V3_CANDIDATE_DEVELOPMENT_ONLY_SURFACE,M3T,0.2,0.25,1.0,0.6,0.05,77.5,1000000,UNSUPPORTED_WITHOUT_REPLAY,0.25,0.0,0.0,False
V3_CANDIDATE_DEVELOPMENT_ONLY_SURFACE,M3T,0.2,0.25,1.0,0.6,0.1,59.5,1000000,UNSUPPORTED_WITHOUT_REPLAY,0.0,0.0,0.0,False
V3_CANDIDATE_DEVELOPMENT_ONLY_SURFACE,M3T,0.2,0.25,1.0,0.6,0.1,59.5,1000000,UNSUPPORTED_WITHOUT_REPLAY,0.05,0.0,0.0,False
V3_CANDIDATE_DEVELOPMENT_ONLY_SURFACE,M3T,0.2,0.25,1.0,0.6,0.1,59.5,1000000,UNSUPPORTED_WITHOUT_REPLAY,0.1,0.0,0.0,False
V3_CANDIDATE_DEVELOPMENT_ONLY_SURFACE,M3T,0.2,0.25,1.0,0.6,0.1,59.5,1000000,UNSUPPORTED_WITHOUT_REPLAY,0.25,0.0,0.0,False
V3_CANDIDATE_DEVELOPMENT_ONLY_SURFACE,M3T,0.2,0.25,1.0,0.6,0.1,66.5,1000000,UNSUPPORTED_WITHOUT_REPLAY,0.0,0.0,0.0,False
V3_CANDIDATE_DEVELOPMENT_ONLY_SURFACE,M3T,0.2,0.25,1.0,0.6,0.1,66.5,1000000,UNSUPPORTED_WITHOUT_REPLAY,0.05,0.0,0.0,False
V3_CANDIDATE_DEVELOPMENT_ONLY_SURFACE,M3T,0.2,0.25,1.0,0.6,0.1,66.5,1000000,UNSUPPORTED_WITHOUT_REPLAY,0.1,0.0,0.0,False
V3_CANDIDATE_DEVELOPMENT_ONLY_SURFACE,M3T,0.2,0.25,1.0,0.6,0.1,66.5,1000000,UNSUPPORTED_WITHOUT_REPLAY,0.25,0.0,0.0,False
V3_CANDIDATE_DEVELOPMENT_ONLY_SURFACE,M3T,0.2,0.25,1.0,0.6,0.1,77.5,1000000,UNSUPPORTED_WITHOUT_REPLAY,0.0,0.0,0.0,False
V3_CANDIDATE_DEVELOPMENT_ONLY_SURFACE,M3T,0.2,0.25,1.0,0.6,0.1,77.5,1000000,UNSUPPORTED_WITHOUT_REPLAY,0.05,0.0,0.0,False
V3_CANDIDATE_DEVELOPMENT_ONLY_SURFACE,M3T,0.2,0.25,1.0,0.6,0.1,77.5,1000000,UNSUPPORTED_WITHOUT_REPLAY,0.1,0.0,0.0,False
V3_CANDIDATE_DEVELOPMENT_ONLY_SURFACE,M3T,0.2,0.25,1.0,0.6,0.1,77.5,1000000,UNSUPPORTED_WITHOUT_REPLAY,0.25,0.0,0.0,False
V3_CANDIDATE_DEVELOPMENT_ONLY_SURFACE,M3T,0.2,0.25,1.0,0.8,0.0,59.5,1000000,UNSUPPORTED_WITHOUT_REPLAY,0.0,0.0,0.0,False
V3_CANDIDATE_DEVELOPMENT_ONLY_SURFACE,M3T,0.2,0.25,1.0,0.8,0.0,59.5,1000000,UNSUPPORTED_WITHOUT_REPLAY,0.05,0.0,0.0,False
V3_CANDIDATE_DEVELOPMENT_ONLY_SURFACE,M3T,0.2,0.25,1.0,0.8,0.0,59.5,1000000,UNSUPPORTED_WITHOUT_REPLAY,0.1,0.0,0.0,False
V3_CANDIDATE_DEVELOPMENT_ONLY_SURFACE,M3T,0.2,0.25,1.0,0.8,0.0,59.5,1000000,UNSUPPORTED_WITHOUT_REPLAY,0.25,0.0,0.0,False
V3_CANDIDATE_DEVELOPMENT_ONLY_SURFACE,M3T,0.2,0.25,1.0,0.8,0.0,66.5,1000000,UNSUPPORTED_WITHOUT_REPLAY,0.0,0.0,0.0,False
V3_CANDIDATE_DEVELOPMENT_ONLY_SURFACE,M3T,0.2,0.25,1.0,0.8,0.0,66.5,1000000,UNSUPPORTED_WITHOUT_REPLAY,0.05,0.0,0.0,False
V3_CANDIDATE_DEVELOPMENT_ONLY_SURFACE,M3T,0.2,0.25,1.0,0.8,0.0,66.5,1000000,UNSUPPORTED_WITHOUT_REPLAY,0.1,0.0,0.0,False
V3_CANDIDATE_DEVELOPMENT_ONLY_SURFACE,M3T,0.2,0.25,1.0,0.8,0.0,66.5,1000000,UNSUPPORTED_WITHOUT_REPLAY,0.25,0.0,0.0,False
V3_CANDIDATE_DEVELOPMENT_ONLY_SURFACE,M3T,0.2,0.25,1.0,0.8,0.0,77.5,1000000,UNSUPPORTED_WITHOUT_REPLAY,0.0,0.0,0.0,False
V3_CANDIDATE_DEVELOPMENT_ONLY_SURFACE,M3T,0.2,0.25,1.0,0.8,0.0,77.5,1000000,UNSUPPORTED_WITHOUT_REPLAY,0.05,0.0,0.0,False
V3_CANDIDATE_DEVELOPMENT_ONLY_SURFACE,M3T,0.2,0.25,1.0,0.8,0.0,77.5,1000000,UNSUPPORTED_WITHOUT_REPLAY,0.1,0.0,0.0,False
V3_CANDIDATE_DEVELOPMENT_ONLY_SURFACE,M3T,0.2,0.25,1.0,0.8,0.0,77.5,1000000,UNSUPPORTED_WITHOUT_REPLAY,0.25,0.0,0.0,False
V3_CANDIDATE_DEVELOPMENT_ONLY_SURFACE,M3T,0.2,0.25,1.0,0.8,0.05,59.5,1000000,UNSUPPORTED_WITHOUT_REPLAY,0.0,0.0,0.0,False
V3_CANDIDATE_DEVELOPMENT_ONLY_SURFACE,M3T,0.2,0.25,1.0,0.8,0.05,59.5,1000000,UNSUPPORTED_WITHOUT_REPLAY,0.05,0.0,0.0,False
V3_CANDIDATE_DEVELOPMENT_ONLY_SURFACE,M3T,0.2,0.25,1.0,0.8,0.05,59.5,1000000,UNSUPPORTED_WITHOUT_REPLAY,0.1,0.0,0.0,False
V3_CANDIDATE_DEVELOPMENT_ONLY_SURFACE,M3T,0.2,0.25,1.0,0.8,0.05,59.5,1000000,UNSUPPORTED_WITHOUT_REPLAY,0.25,0.0,0.0,False
V3_CANDIDATE_DEVELOPMENT_ONLY_SURFACE,M3T,0.2,0.25,1.0,0.8,0.05,66.5,1000000,UNSUPPORTED_WITHOUT_REPLAY,0.0,0.0,0.0,False
V3_CANDIDATE_DEVELOPMENT_ONLY_SURFACE,M3T,0.2,0.25,1.0,0.8,0.05,66.5,1000000,UNSUPPORTED_WITHOUT_REPLAY,0.05,0.0,0.0,False
V3_CANDIDATE_DEVELOPMENT_ONLY_SURFACE,M3T,0.2,0.25,1.0,0.8,0.05,66.5,1000000,UNSUPPORTED_WITHOUT_REPLAY,0.1,0.0,0.0,False
V3_CANDIDATE_DEVELOPMENT_ONLY_SURFACE,M3T,0.2,0.25,1.0,0.8,0.05,66.5,1000000,UNSUPPORTED_WITHOUT_REPLAY,0.25,0.0,0.0,False
V3_CANDIDATE_DEVELOPMENT_ONLY_SURFACE,M3T,0.2,0.25,1.0,0.8,0.05,77.5,1000000,UNSUPPORTED_WITHOUT_REPLAY,0.0,0.0,0.0,False
V3_CANDIDATE_DEVELOPMENT_ONLY_SURFACE,M3T,0.2,0.25,1.0,0.8,0.05,77.5,1000000,UNSUPPORTED_WITHOUT_REPLAY,0.05,0.0,0.0,False
V3_CANDIDATE_DEVELOPMENT_ONLY_SURFACE,M3T,0.2,0.25,1.0,0.8,0.05,77.5,1000000,UNSUPPORTED_WITHOUT_REPLAY,0.1,0.0,0.0,False
V3_CANDIDATE_DEVELOPMENT_ONLY_SURFACE,M3T,0.2,0.25,1.0,0.8,0.05,77.5,1000000,UNSUPPORTED_WITHOUT_REPLAY,0.25,0.0,0.0,False
V3_CANDIDATE_DEVELOPMENT_ONLY_SURFACE,M3T,0.2,0.25,1.0,0.8,0.1,59.5,1000000,UNSUPPORTED_WITHOUT_REPLAY,0.0,0.0,0.0,False
V3_CANDIDATE_DEVELOPMENT_ONLY_SURFACE,M3T,0.2,0.25,1.0,0.8,0.1,59.5,1000000,UNSUPPORTED_WITHOUT_REPLAY,0.05,0.0,0.0,False
V3_CANDIDATE_DEVELOPMENT_ONLY_SURFACE,M3T,0.2,0.25,1.0,0.8,0.1,59.5,1000000,UNSUPPORTED_WITHOUT_REPLAY,0.1,0.0,0.0,False
V3_CANDIDATE_DEVELOPMENT_ONLY_SURFACE,M3T,0.2,0.25,1.0,0.8,0.1,59.5,1000000,UNSUPPORTED_WITHOUT_REPLAY,0.25,0.0,0.0,False
V3_CANDIDATE_DEVELOPMENT_ONLY_SURFACE,M3T,0.2,0.25,1.0,0.8,0.1,66.5,1000000,UNSUPPORTED_WITHOUT_REPLAY,0.0,0.0,0.0,False
V3_CANDIDATE_DEVELOPMENT_ONLY_SURFACE,M3T,0.2,0.25,1.0,0.8,0.1,66.5,1000000,UNSUPPORTED_WITHOUT_REPLAY,0.05,0.0,0.0,False
V3_CANDIDATE_DEVELOPMENT_ONLY_SURFACE,M3T,0.2,0.25,1.0,0.8,0.1,66.5,1000000,UNSUPPORTED_WITHOUT_REPLAY,0.1,0.0,0.0,False
V3_CANDIDATE_DEVELOPMENT_ONLY_SURFACE,M3T,0.2,0.25,1.0,0.8,0.1,66.5,1000000,UNSUPPORTED_WITHOUT_REPLAY,0.25,0.0,0.0,False
V3_CANDIDATE_DEVELOPMENT_ONLY_SURFACE,M3T,0.2,0.25,1.0,0.8,0.1,77.5,1000000,UNSUPPORTED_WITHOUT_REPLAY,0.0,0.0,0.0,False
V3_CANDIDATE_DEVELOPMENT_ONLY_SURFACE,M3T,0.2,0.25,1.0,0.8,0.1,77.5,1000000,UNSUPPORTED_WITHOUT_REPLAY,0.05,0.0,0.0,False
V3_CANDIDATE_DEVELOPMENT_ONLY_SURFACE,M3T,0.2,0.25,1.0,0.8,0.1,77.5,1000000,UNSUPPORTED_WITHOUT_REPLAY,0.1,0.0,0.0,False
V3_CANDIDATE_DEVELOPMENT_ONLY_SURFACE,M3T,0.2,0.25,1.0,0.8,0.1,77.5,1000000,UNSUPPORTED_WITHOUT_REPLAY,0.25,0.0,0.0,False
V3_CANDIDATE_DEVELOPMENT_ONLY_SURFACE,M3T,0.2,0.5,0.0,0.0,0.0,59.5,1000000,UNSUPPORTED_WITHOUT_REPLAY,0.0,8.52382140796624e-05,0.00823045267489712,False
V3_CANDIDATE_DEVELOPMENT_ONLY_SURFACE,M3T,0.2,0.5,0.0,0.0,0.0,59.5,1000000,UNSUPPORTED_WITHOUT_REPLAY,0.05,-0.00032628441966519364,0.0,False
V3_CANDIDATE_DEVELOPMENT_ONLY_SURFACE,M3T,0.2,0.5,0.0,0.0,0.0,59.5,1000000,UNSUPPORTED_WITHOUT_REPLAY,0.1,-0.0007378070534100496,0.0,False
V3_CANDIDATE_DEVELOPMENT_ONLY_SURFACE,M3T,0.2,0.5,0.0,0.0,0.0,59.5,1000000,UNSUPPORTED_WITHOUT_REPLAY,0.25,-0.0019723749546446175,0.0,False
V3_CANDIDATE_DEVELOPMENT_ONLY_SURFACE,M3T,0.2,0.5,0.0,0.0,0.0,66.5,1000000,UNSUPPORTED_WITHOUT_REPLAY,0.0,0.00012829391398016935,0.01440329218106996,False
V3_CANDIDATE_DEVELOPMENT_ONLY_SURFACE,M3T,0.2,0.5,0.0,0.0,0.0,66.5,1000000,UNSUPPORTED_WITHOUT_REPLAY,0.05,-0.0005918706950733286,0.0,False
V3_CANDIDATE_DEVELOPMENT_ONLY_SURFACE,M3T,0.2,0.5,0.0,0.0,0.0,66.5,1000000,UNSUPPORTED_WITHOUT_REPLAY,0.1,-0.0013120353041268266,0.0,False
V3_CANDIDATE_DEVELOPMENT_ONLY_SURFACE,M3T,0.2,0.5,0.0,0.0,0.0,66.5,1000000,UNSUPPORTED_WITHOUT_REPLAY,0.25,-0.0034725291312873202,0.0,False
V3_CANDIDATE_DEVELOPMENT_ONLY_SURFACE,M3T,0.2,0.5,0.0,0.0,0.0,77.5,1000000,UNSUPPORTED_WITHOUT_REPLAY,0.0,0.0003910188867836894,0.03497942386831276,False
V3_CANDIDATE_DEVELOPMENT_ONLY_SURFACE,M3T,0.2,0.5,0.0,0.0,0.0,77.5,1000000,UNSUPPORTED_WITHOUT_REPLAY,0.05,-0.0013579523066319487,0.0,False
V3_CANDIDATE_DEVELOPMENT_ONLY_SURFACE,M3T,0.2,0.5,0.0,0.0,0.0,77.5,1000000,UNSUPPORTED_WITHOUT_REPLAY,0.1,-0.0031069235000475864,0.0,False
V3_CANDIDATE_DEVELOPMENT_ONLY_SURFACE,M3T,0.2,0.5,0.0,0.0,0.0,77.5,1000000,UNSUPPORTED_WITHOUT_REPLAY,0.25,-0.008353837080294501,0.0,False
V3_CANDIDATE_DEVELOPMENT_ONLY_SURFACE,M3T,0.2,0.5,0.0,0.0,0.05,59.5,1000000,UNSUPPORTED_WITHOUT_REPLAY,0.0,0.0,0.0,False
V3_CANDIDATE_DEVELOPMENT_ONLY_SURFACE,M3T,0.2,0.5,0.0,0.0,0.05,59.5,1000000,UNSUPPORTED_WITHOUT_REPLAY,0.05,0.0,0.0,False
V3_CANDIDATE_DEVELOPMENT_ONLY_SURFACE,M3T,0.2,0.5,0.0,0.0,0.05,59.5,1000000,UNSUPPORTED_WITHOUT_REPLAY,0.1,0.0,0.0,False
V3_CANDIDATE_DEVELOPMENT_ONLY_SURFACE,M3T,0.2,0.5,0.0,0.0,0.05,59.5,1000000,UNSUPPORTED_WITHOUT_REPLAY,0.25,0.0,0.0,False
V3_CANDIDATE_DEVELOPMENT_ONLY_SURFACE,M3T,0.2,0.5,0.0,0.0,0.05,66.5,1000000,UNSUPPORTED_WITHOUT_REPLAY,0.0,0.0,0.0,False
V3_CANDIDATE_DEVELOPMENT_ONLY_SURFACE,M3T,0.2,0.5,0.0,0.0,0.05,66.5,1000000,UNSUPPORTED_WITHOUT_REPLAY,0.05,0.0,0.0,False
V3_CANDIDATE_DEVELOPMENT_ONLY_SURFACE,M3T,0.2,0.5,0.0,0.0,0.05,66.5,1000000,UNSUPPORTED_WITHOUT_REPLAY,0.1,0.0,0.0,False
V3_CANDIDATE_DEVELOPMENT_ONLY_SURFACE,M3T,0.2,0.5,0.0,0.0,0.05,66.5,1000000,UNSUPPORTED_WITHOUT_REPLAY,0.25,0.0,0.0,False
V3_CANDIDATE_DEVELOPMENT_ONLY_SURFACE,M3T,0.2,0.5,0.0,0.0,0.05,77.5,1000000,UNSUPPORTED_WITHOUT_REPLAY,0.0,0.0,0.0,False
V3_CANDIDATE_DEVELOPMENT_ONLY_SURFACE,M3T,0.2,0.5,0.0,0.0,0.05,77.5,1000000,UNSUPPORTED_WITHOUT_REPLAY,0.05,0.0,0.0,False
V3_CANDIDATE_DEVELOPMENT_ONLY_SURFACE,M3T,0.2,0.5,0.0,0.0,0.05,77.5,1000000,UNSUPPORTED_WITHOUT_REPLAY,0.1,0.0,0.0,False
V3_CANDIDATE_DEVELOPMENT_ONLY_SURFACE,M3T,0.2,0.5,0.0,0.0,0.05,77.5,1000000,UNSUPPORTED_WITHOUT_REPLAY,0.25,0.0,0.0,False
V3_CANDIDATE_DEVELOPMENT_ONLY_SURFACE,M3T,0.2,0.5,0.0,0.0,0.1,59.5,1000000,UNSUPPORTED_WITHOUT_REPLAY,0.0,0.0,0.0,False
V3_CANDIDATE_DEVELOPMENT_ONLY_SURFACE,M3T,0.2,0.5,0.0,0.0,0.1,59.5,1000000,UNSUPPORTED_WITHOUT_REPLAY,0.05,0.0,0.0,False
V3_CANDIDATE_DEVELOPMENT_ONLY_SURFACE,M3T,0.2,0.5,0.0,0.0,0.1,59.5,1000000,UNSUPPORTED_WITHOUT_REPLAY,0.1,0.0,0.0,False
V3_CANDIDATE_DEVELOPMENT_ONLY_SURFACE,M3T,0.2,0.5,0.0,0.0,0.1,59.5,1000000,UNSUPPORTED_WITHOUT_REPLAY,0.25,0.0,0.0,False
V3_CANDIDATE_DEVELOPMENT_ONLY_SURFACE,M3T,0.2,0.5,0.0,0.0,0.1,66.5,1000000,UNSUPPORTED_WITHOUT_REPLAY,0.0,0.0,0.0,False
V3_CANDIDATE_DEVELOPMENT_ONLY_SURFACE,M3T,0.2,0.5,0.0,0.0,0.1,66.5,1000000,UNSUPPORTED_WITHOUT_REPLAY,0.05,0.0,0.0,False
V3_CANDIDATE_DEVELOPMENT_ONLY_SURFACE,M3T,0.2,0.5,0.0,0.0,0.1,66.5,1000000,UNSUPPORTED_WITHOUT_REPLAY,0.1,0.0,0.0,False
V3_CANDIDATE_DEVELOPMENT_ONLY_SURFACE,M3T,0.2,0.5,0.0,0.0,0.1,66.5,1000000,UNSUPPORTED_WITHOUT_REPLAY,0.25,0.0,0.0,False
V3_CANDIDATE_DEVELOPMENT_ONLY_SURFACE,M3T,0.2,0.5,0.0,0.0,0.1,77.5,1000000,UNSUPPORTED_WITHOUT_REPLAY,0.0,0.0,0.0,False
V3_CANDIDATE_DEVELOPMENT_ONLY_SURFACE,M3T,0.2,0.5,0.0,0.0,0.1,77.5,1000000,UNSUPPORTED_WITHOUT_REPLAY,0.05,0.0,0.0,False
V3_CANDIDATE_DEVELOPMENT_ONLY_SURFACE,M3T,0.2,0.5,0.0,0.0,0.1,77.5,1000000,UNSUPPORTED_WITHOUT_REPLAY,0.1,0.0,0.0,False
V3_CANDIDATE_DEVELOPMENT_ONLY_SURFACE,M3T,0.2,0.5,0.0,0.0,0.1,77.5,1000000,UNSUPPORTED_WITHOUT_REPLAY,0.25,0.0,0.0,False
V3_CANDIDATE_DEVELOPMENT_ONLY_SURFACE,M3T,0.2,0.5,0.0,0.4,0.0,59.5,1000000,UNSUPPORTED_WITHOUT_REPLAY,0.0,8.52382140796624e-05,0.00823045267489712,False
V3_CANDIDATE_DEVELOPMENT_ONLY_SURFACE,M3T,0.2,0.5,0.0,0.4,0.0,59.5,1000000,UNSUPPORTED_WITHOUT_REPLAY,0.05,-0.00032628441966519364,0.0,False
V3_CANDIDATE_DEVELOPMENT_ONLY_SURFACE,M3T,0.2,0.5,0.0,0.4,0.0,59.5,1000000,UNSUPPORTED_WITHOUT_REPLAY,0.1,-0.0007378070534100496,0.0,False
V3_CANDIDATE_DEVELOPMENT_ONLY_SURFACE,M3T,0.2,0.5,0.0,0.4,0.0,59.5,1000000,UNSUPPORTED_WITHOUT_REPLAY,0.25,-0.0019723749546446175,0.0,False
V3_CANDIDATE_DEVELOPMENT_ONLY_SURFACE,M3T,0.2,0.5,0.0,0.4,0.0,66.5,1000000,UNSUPPORTED_WITHOUT_REPLAY,0.0,0.00012829391398016935,0.01440329218106996,False
V3_CANDIDATE_DEVELOPMENT_ONLY_SURFACE,M3T,0.2,0.5,0.0,0.4,0.0,66.5,1000000,UNSUPPORTED_WITHOUT_REPLAY,0.05,-0.0005918706950733286,0.0,False
V3_CANDIDATE_DEVELOPMENT_ONLY_SURFACE,M3T,0.2,0.5,0.0,0.4,0.0,66.5,1000000,UNSUPPORTED_WITHOUT_REPLAY,0.1,-0.0013120353041268266,0.0,False
V3_CANDIDATE_DEVELOPMENT_ONLY_SURFACE,M3T,0.2,0.5,0.0,0.4,0.0,66.5,1000000,UNSUPPORTED_WITHOUT_REPLAY,0.25,-0.0034725291312873202,0.0,False
V3_CANDIDATE_DEVELOPMENT_ONLY_SURFACE,M3T,0.2,0.5,0.0,0.4,0.0,77.5,1000000,UNSUPPORTED_WITHOUT_REPLAY,0.0,0.0003910188867836894,0.03497942386831276,False
V3_CANDIDATE_DEVELOPMENT_ONLY_SURFACE,M3T,0.2,0.5,0.0,0.4,0.0,77.5,1000000,UNSUPPORTED_WITHOUT_REPLAY,0.05,-0.0013579523066319487,0.0,False
V3_CANDIDATE_DEVELOPMENT_ONLY_SURFACE,M3T,0.2,0.5,0.0,0.4,0.0,77.5,1000000,UNSUPPORTED_WITHOUT_REPLAY,0.1,-0.0031069235000475864,0.0,False
V3_CANDIDATE_DEVELOPMENT_ONLY_SURFACE,M3T,0.2,0.5,0.0,0.4,0.0,77.5,1000000,UNSUPPORTED_WITHOUT_REPLAY,0.25,-0.008353837080294501,0.0,False
V3_CANDIDATE_DEVELOPMENT_ONLY_SURFACE,M3T,0.2,0.5,0.0,0.4,0.05,59.5,1000000,UNSUPPORTED_WITHOUT_REPLAY,0.0,0.0,0.0,False
V3_CANDIDATE_DEVELOPMENT_ONLY_SURFACE,M3T,0.2,0.5,0.0,0.4,0.05,59.5,1000000,UNSUPPORTED_WITHOUT_REPLAY,0.05,0.0,0.0,False
V3_CANDIDATE_DEVELOPMENT_ONLY_SURFACE,M3T,0.2,0.5,0.0,0.4,0.05,59.5,1000000,UNSUPPORTED_WITHOUT_REPLAY,0.1,0.0,0.0,False
V3_CANDIDATE_DEVELOPMENT_ONLY_SURFACE,M3T,0.2,0.5,0.0,0.4,0.05,59.5,1000000,UNSUPPORTED_WITHOUT_REPLAY,0.25,0.0,0.0,False
V3_CANDIDATE_DEVELOPMENT_ONLY_SURFACE,M3T,0.2,0.5,0.0,0.4,0.05,66.5,1000000,UNSUPPORTED_WITHOUT_REPLAY,0.0,0.0,0.0,False
V3_CANDIDATE_DEVELOPMENT_ONLY_SURFACE,M3T,0.2,0.5,0.0,0.4,0.05,66.5,1000000,UNSUPPORTED_WITHOUT_REPLAY,0.05,0.0,0.0,False
V3_CANDIDATE_DEVELOPMENT_ONLY_SURFACE,M3T,0.2,0.5,0.0,0.4,0.05,66.5,1000000,UNSUPPORTED_WITHOUT_REPLAY,0.1,0.0,0.0,False
V3_CANDIDATE_DEVELOPMENT_ONLY_SURFACE,M3T,0.2,0.5,0.0,0.4,0.05,66.5,1000000,UNSUPPORTED_WITHOUT_REPLAY,0.25,0.0,0.0,False
V3_CANDIDATE_DEVELOPMENT_ONLY_SURFACE,M3T,0.2,0.5,0.0,0.4,0.05,77.5,1000000,UNSUPPORTED_WITHOUT_REPLAY,0.0,0.0,0.0,False
V3_CANDIDATE_DEVELOPMENT_ONLY_SURFACE,M3T,0.2,0.5,0.0,0.4,0.05,77.5,1000000,UNSUPPORTED_WITHOUT_REPLAY,0.05,0.0,0.0,False
V3_CANDIDATE_DEVELOPMENT_ONLY_SURFACE,M3T,0.2,0.5,0.0,0.4,0.05,77.5,1000000,UNSUPPORTED_WITHOUT_REPLAY,0.1,0.0,0.0,False
V3_CANDIDATE_DEVELOPMENT_ONLY_SURFACE,M3T,0.2,0.5,0.0,0.4,0.05,77.5,1000000,UNSUPPORTED_WITHOUT_REPLAY,0.25,0.0,0.0,False
V3_CANDIDATE_DEVELOPMENT_ONLY_SURFACE,M3T,0.2,0.5,0.0,0.4,0.1,59.5,1000000,UNSUPPORTED_WITHOUT_REPLAY,0.0,0.0,0.0,False
V3_CANDIDATE_DEVELOPMENT_ONLY_SURFACE,M3T,0.2,0.5,0.0,0.4,0.1,59.5,1000000,UNSUPPORTED_WITHOUT_REPLAY,0.05,0.0,0.0,False
V3_CANDIDATE_DEVELOPMENT_ONLY_SURFACE,M3T,0.2,0.5,0.0,0.4,0.1,59.5,1000000,UNSUPPORTED_WITHOUT_REPLAY,0.1,0.0,0.0,False
V3_CANDIDATE_DEVELOPMENT_ONLY_SURFACE,M3T,0.2,0.5,0.0,0.4,0.1,59.5,1000000,UNSUPPORTED_WITHOUT_REPLAY,0.25,0.0,0.0,False
V3_CANDIDATE_DEVELOPMENT_ONLY_SURFACE,M3T,0.2,0.5,0.0,0.4,0.1,66.5,1000000,UNSUPPORTED_WITHOUT_REPLAY,0.0,0.0,0.0,False
V3_CANDIDATE_DEVELOPMENT_ONLY_SURFACE,M3T,0.2,0.5,0.0,0.4,0.1,66.5,1000000,UNSUPPORTED_WITHOUT_REPLAY,0.05,0.0,0.0,False
V3_CANDIDATE_DEVELOPMENT_ONLY_SURFACE,M3T,0.2,0.5,0.0,0.4,0.1,66.5,1000000,UNSUPPORTED_WITHOUT_REPLAY,0.1,0.0,0.0,False
V3_CANDIDATE_DEVELOPMENT_ONLY_SURFACE,M3T,0.2,0.5,0.0,0.4,0.1,66.5,1000000,UNSUPPORTED_WITHOUT_REPLAY,0.25,0.0,0.0,False
V3_CANDIDATE_DEVELOPMENT_ONLY_SURFACE,M3T,0.2,0.5,0.0,0.4,0.1,77.5,1000000,UNSUPPORTED_WITHOUT_REPLAY,0.0,0.0,0.0,False
V3_CANDIDATE_DEVELOPMENT_ONLY_SURFACE,M3T,0.2,0.5,0.0,0.4,0.1,77.5,1000000,UNSUPPORTED_WITHOUT_REPLAY,0.05,0.0,0.0,False
V3_CANDIDATE_DEVELOPMENT_ONLY_SURFACE,M3T,0.2,0.5,0.0,0.4,0.1,77.5,1000000,UNSUPPORTED_WITHOUT_REPLAY,0.1,0.0,0.0,False
V3_CANDIDATE_DEVELOPMENT_ONLY_SURFACE,M3T,0.2,0.5,0.0,0.4,0.1,77.5,1000000,UNSUPPORTED_WITHOUT_REPLAY,0.25,0.0,0.0,False
V3_CANDIDATE_DEVELOPMENT_ONLY_SURFACE,M3T,0.2,0.5,0.0,0.6,0.0,59.5,1000000,UNSUPPORTED_WITHOUT_REPLAY,0.0,0.0,0.0,False
V3_CANDIDATE_DEVELOPMENT_ONLY_SURFACE,M3T,0.2,0.5,0.0,0.6,0.0,59.5,1000000,UNSUPPORTED_WITHOUT_REPLAY,0.05,0.0,0.0,False
V3_CANDIDATE_DEVELOPMENT_ONLY_SURFACE,M3T,0.2,0.5,0.0,0.6,0.0,59.5,1000000,UNSUPPORTED_WITHOUT_REPLAY,0.1,0.0,0.0,False
V3_CANDIDATE_DEVELOPMENT_ONLY_SURFACE,M3T,0.2,0.5,0.0,0.6,0.0,59.5,1000000,UNSUPPORTED_WITHOUT_REPLAY,0.25,0.0,0.0,False
V3_CANDIDATE_DEVELOPMENT_ONLY_SURFACE,M3T,0.2,0.5,0.0,0.6,0.0,66.5,1000000,UNSUPPORTED_WITHOUT_REPLAY,0.0,0.0,0.0,False
V3_CANDIDATE_DEVELOPMENT_ONLY_SURFACE,M3T,0.2,0.5,0.0,0.6,0.0,66.5,1000000,UNSUPPORTED_WITHOUT_REPLAY,0.05,0.0,0.0,False
V3_CANDIDATE_DEVELOPMENT_ONLY_SURFACE,M3T,0.2,0.5,0.0,0.6,0.0,66.5,1000000,UNSUPPORTED_WITHOUT_REPLAY,0.1,0.0,0.0,False
V3_CANDIDATE_DEVELOPMENT_ONLY_SURFACE,M3T,0.2,0.5,0.0,0.6,0.0,66.5,1000000,UNSUPPORTED_WITHOUT_REPLAY,0.25,0.0,0.0,False
V3_CANDIDATE_DEVELOPMENT_ONLY_SURFACE,M3T,0.2,0.5,0.0,0.6,0.0,77.5,1000000,UNSUPPORTED_WITHOUT_REPLAY,0.0,0.0,0.0,False
V3_CANDIDATE_DEVELOPMENT_ONLY_SURFACE,M3T,0.2,0.5,0.0,0.6,0.0,77.5,1000000,UNSUPPORTED_WITHOUT_REPLAY,0.05,0.0,0.0,False
V3_CANDIDATE_DEVELOPMENT_ONLY_SURFACE,M3T,0.2,0.5,0.0,0.6,0.0,77.5,1000000,UNSUPPORTED_WITHOUT_REPLAY,0.1,0.0,0.0,False
V3_CANDIDATE_DEVELOPMENT_ONLY_SURFACE,M3T,0.2,0.5,0.0,0.6,0.0,77.5,1000000,UNSUPPORTED_WITHOUT_REPLAY,0.25,0.0,0.0,False
V3_CANDIDATE_DEVELOPMENT_ONLY_SURFACE,M3T,0.2,0.5,0.0,0.6,0.05,59.5,1000000,UNSUPPORTED_WITHOUT_REPLAY,0.0,0.0,0.0,False
V3_CANDIDATE_DEVELOPMENT_ONLY_SURFACE,M3T,0.2,0.5,0.0,0.6,0.05,59.5,1000000,UNSUPPORTED_WITHOUT_REPLAY,0.05,0.0,0.0,False
V3_CANDIDATE_DEVELOPMENT_ONLY_SURFACE,M3T,0.2,0.5,0.0,0.6,0.05,59.5,1000000,UNSUPPORTED_WITHOUT_REPLAY,0.1,0.0,0.0,False
V3_CANDIDATE_DEVELOPMENT_ONLY_SURFACE,M3T,0.2,0.5,0.0,0.6,0.05,59.5,1000000,UNSUPPORTED_WITHOUT_REPLAY,0.25,0.0,0.0,False
V3_CANDIDATE_DEVELOPMENT_ONLY_SURFACE,M3T,0.2,0.5,0.0,0.6,0.05,66.5,1000000,UNSUPPORTED_WITHOUT_REPLAY,0.0,0.0,0.0,False
V3_CANDIDATE_DEVELOPMENT_ONLY_SURFACE,M3T,0.2,0.5,0.0,0.6,0.05,66.5,1000000,UNSUPPORTED_WITHOUT_REPLAY,0.05,0.0,0.0,False
V3_CANDIDATE_DEVELOPMENT_ONLY_SURFACE,M3T,0.2,0.5,0.0,0.6,0.05,66.5,1000000,UNSUPPORTED_WITHOUT_REPLAY,0.1,0.0,0.0,False
V3_CANDIDATE_DEVELOPMENT_ONLY_SURFACE,M3T,0.2,0.5,0.0,0.6,0.05,66.5,1000000,UNSUPPORTED_WITHOUT_REPLAY,0.25,0.0,0.0,False
V3_CANDIDATE_DEVELOPMENT_ONLY_SURFACE,M3T,0.2,0.5,0.0,0.6,0.05,77.5,1000000,UNSUPPORTED_WITHOUT_REPLAY,0.0,0.0,0.0,False
V3_CANDIDATE_DEVELOPMENT_ONLY_SURFACE,M3T,0.2,0.5,0.0,0.6,0.05,77.5,1000000,UNSUPPORTED_WITHOUT_REPLAY,0.05,0.0,0.0,False
V3_CANDIDATE_DEVELOPMENT_ONLY_SURFACE,M3T,0.2,0.5,0.0,0.6,0.05,77.5,1000000,UNSUPPORTED_WITHOUT_REPLAY,0.1,0.0,0.0,False
V3_CANDIDATE_DEVELOPMENT_ONLY_SURFACE,M3T,0.2,0.5,0.0,0.6,0.05,77.5,1000000,UNSUPPORTED_WITHOUT_REPLAY,0.25,0.0,0.0,False
V3_CANDIDATE_DEVELOPMENT_ONLY_SURFACE,M3T,0.2,0.5,0.0,0.6,0.1,59.5,1000000,UNSUPPORTED_WITHOUT_REPLAY,0.0,0.0,0.0,False
V3_CANDIDATE_DEVELOPMENT_ONLY_SURFACE,M3T,0.2,0.5,0.0,0.6,0.1,59.5,1000000,UNSUPPORTED_WITHOUT_REPLAY,0.05,0.0,0.0,False
V3_CANDIDATE_DEVELOPMENT_ONLY_SURFACE,M3T,0.2,0.5,0.0,0.6,0.1,59.5,1000000,UNSUPPORTED_WITHOUT_REPLAY,0.1,0.0,0.0,False
V3_CANDIDATE_DEVELOPMENT_ONLY_SURFACE,M3T,0.2,0.5,0.0,0.6,0.1,59.5,1000000,UNSUPPORTED_WITHOUT_REPLAY,0.25,0.0,0.0,False
V3_CANDIDATE_DEVELOPMENT_ONLY_SURFACE,M3T,0.2,0.5,0.0,0.6,0.1,66.5,1000000,UNSUPPORTED_WITHOUT_REPLAY,0.0,0.0,0.0,False
V3_CANDIDATE_DEVELOPMENT_ONLY_SURFACE,M3T,0.2,0.5,0.0,0.6,0.1,66.5,1000000,UNSUPPORTED_WITHOUT_REPLAY,0.05,0.0,0.0,False
V3_CANDIDATE_DEVELOPMENT_ONLY_SURFACE,M3T,0.2,0.5,0.0,0.6,0.1,66.5,1000000,UNSUPPORTED_WITHOUT_REPLAY,0.1,0.0,0.0,False
V3_CANDIDATE_DEVELOPMENT_ONLY_SURFACE,M3T,0.2,0.5,0.0,0.6,0.1,66.5,1000000,UNSUPPORTED_WITHOUT_REPLAY,0.25,0.0,0.0,False
V3_CANDIDATE_DEVELOPMENT_ONLY_SURFACE,M3T,0.2,0.5,0.0,0.6,0.1,77.5,1000000,UNSUPPORTED_WITHOUT_REPLAY,0.0,0.0,0.0,False
V3_CANDIDATE_DEVELOPMENT_ONLY_SURFACE,M3T,0.2,0.5,0.0,0.6,0.1,77.5,1000000,UNSUPPORTED_WITHOUT_REPLAY,0.05,0.0,0.0,False
V3_CANDIDATE_DEVELOPMENT_ONLY_SURFACE,M3T,0.2,0.5,0.0,0.6,0.1,77.5,1000000,UNSUPPORTED_WITHOUT_REPLAY,0.1,0.0,0.0,False
V3_CANDIDATE_DEVELOPMENT_ONLY_SURFACE,M3T,0.2,0.5,0.0,0.6,0.1,77.5,1000000,UNSUPPORTED_WITHOUT_REPLAY,0.25,0.0,0.0,False
V3_CANDIDATE_DEVELOPMENT_ONLY_SURFACE,M3T,0.2,0.5,0.0,0.8,0.0,59.5,1000000,UNSUPPORTED_WITHOUT_REPLAY,0.0,0.0,0.0,False
V3_CANDIDATE_DEVELOPMENT_ONLY_SURFACE,M3T,0.2,0.5,0.0,0.8,0.0,59.5,1000000,UNSUPPORTED_WITHOUT_REPLAY,0.05,0.0,0.0,False
V3_CANDIDATE_DEVELOPMENT_ONLY_SURFACE,M3T,0.2,0.5,0.0,0.8,0.0,59.5,1000000,UNSUPPORTED_WITHOUT_REPLAY,0.1,0.0,0.0,False
V3_CANDIDATE_DEVELOPMENT_ONLY_SURFACE,M3T,0.2,0.5,0.0,0.8,0.0,59.5,1000000,UNSUPPORTED_WITHOUT_REPLAY,0.25,0.0,0.0,False
V3_CANDIDATE_DEVELOPMENT_ONLY_SURFACE,M3T,0.2,0.5,0.0,0.8,0.0,66.5,1000000,UNSUPPORTED_WITHOUT_REPLAY,0.0,0.0,0.0,False
V3_CANDIDATE_DEVELOPMENT_ONLY_SURFACE,M3T,0.2,0.5,0.0,0.8,0.0,66.5,1000000,UNSUPPORTED_WITHOUT_REPLAY,0.05,0.0,0.0,False
V3_CANDIDATE_DEVELOPMENT_ONLY_SURFACE,M3T,0.2,0.5,0.0,0.8,0.0,66.5,1000000,UNSUPPORTED_WITHOUT_REPLAY,0.1,0.0,0.0,False
V3_CANDIDATE_DEVELOPMENT_ONLY_SURFACE,M3T,0.2,0.5,0.0,0.8,0.0,66.5,1000000,UNSUPPORTED_WITHOUT_REPLAY,0.25,0.0,0.0,False
V3_CANDIDATE_DEVELOPMENT_ONLY_SURFACE,M3T,0.2,0.5,0.0,0.8,0.0,77.5,1000000,UNSUPPORTED_WITHOUT_REPLAY,0.0,0.0,0.0,False
V3_CANDIDATE_DEVELOPMENT_ONLY_SURFACE,M3T,0.2,0.5,0.0,0.8,0.0,77.5,1000000,UNSUPPORTED_WITHOUT_REPLAY,0.05,0.0,0.0,False
V3_CANDIDATE_DEVELOPMENT_ONLY_SURFACE,M3T,0.2,0.5,0.0,0.8,0.0,77.5,1000000,UNSUPPORTED_WITHOUT_REPLAY,0.1,0.0,0.0,False
V3_CANDIDATE_DEVELOPMENT_ONLY_SURFACE,M3T,0.2,0.5,0.0,0.8,0.0,77.5,1000000,UNSUPPORTED_WITHOUT_REPLAY,0.25,0.0,0.0,False
V3_CANDIDATE_DEVELOPMENT_ONLY_SURFACE,M3T,0.2,0.5,0.0,0.8,0.05,59.5,1000000,UNSUPPORTED_WITHOUT_REPLAY,0.0,0.0,0.0,False
V3_CANDIDATE_DEVELOPMENT_ONLY_SURFACE,M3T,0.2,0.5,0.0,0.8,0.05,59.5,1000000,UNSUPPORTED_WITHOUT_REPLAY,0.05,0.0,0.0,False
V3_CANDIDATE_DEVELOPMENT_ONLY_SURFACE,M3T,0.2,0.5,0.0,0.8,0.05,59.5,1000000,UNSUPPORTED_WITHOUT_REPLAY,0.1,0.0,0.0,False
V3_CANDIDATE_DEVELOPMENT_ONLY_SURFACE,M3T,0.2,0.5,0.0,0.8,0.05,59.5,1000000,UNSUPPORTED_WITHOUT_REPLAY,0.25,0.0,0.0,False
V3_CANDIDATE_DEVELOPMENT_ONLY_SURFACE,M3T,0.2,0.5,0.0,0.8,0.05,66.5,1000000,UNSUPPORTED_WITHOUT_REPLAY,0.0,0.0,0.0,False
V3_CANDIDATE_DEVELOPMENT_ONLY_SURFACE,M3T,0.2,0.5,0.0,0.8,0.05,66.5,1000000,UNSUPPORTED_WITHOUT_REPLAY,0.05,0.0,0.0,False
V3_CANDIDATE_DEVELOPMENT_ONLY_SURFACE,M3T,0.2,0.5,0.0,0.8,0.05,66.5,1000000,UNSUPPORTED_WITHOUT_REPLAY,0.1,0.0,0.0,False
V3_CANDIDATE_DEVELOPMENT_ONLY_SURFACE,M3T,0.2,0.5,0.0,0.8,0.05,66.5,1000000,UNSUPPORTED_WITHOUT_REPLAY,0.25,0.0,0.0,False
V3_CANDIDATE_DEVELOPMENT_ONLY_SURFACE,M3T,0.2,0.5,0.0,0.8,0.05,77.5,1000000,UNSUPPORTED_WITHOUT_REPLAY,0.0,0.0,0.0,False
V3_CANDIDATE_DEVELOPMENT_ONLY_SURFACE,M3T,0.2,0.5,0.0,0.8,0.05,77.5,1000000,UNSUPPORTED_WITHOUT_REPLAY,0.05,0.0,0.0,False
V3_CANDIDATE_DEVELOPMENT_ONLY_SURFACE,M3T,0.2,0.5,0.0,0.8,0.05,77.5,1000000,UNSUPPORTED_WITHOUT_REPLAY,0.1,0.0,0.0,False
V3_CANDIDATE_DEVELOPMENT_ONLY_SURFACE,M3T,0.2,0.5,0.0,0.8,0.05,77.5,1000000,UNSUPPORTED_WITHOUT_REPLAY,0.25,0.0,0.0,False
V3_CANDIDATE_DEVELOPMENT_ONLY_SURFACE,M3T,0.2,0.5,0.0,0.8,0.1,59.5,1000000,UNSUPPORTED_WITHOUT_REPLAY,0.0,0.0,0.0,False
V3_CANDIDATE_DEVELOPMENT_ONLY_SURFACE,M3T,0.2,0.5,0.0,0.8,0.1,59.5,1000000,UNSUPPORTED_WITHOUT_REPLAY,0.05,0.0,0.0,False
V3_CANDIDATE_DEVELOPMENT_ONLY_SURFACE,M3T,0.2,0.5,0.0,0.8,0.1,59.5,1000000,UNSUPPORTED_WITHOUT_REPLAY,0.1,0.0,0.0,False
V3_CANDIDATE_DEVELOPMENT_ONLY_SURFACE,M3T,0.2,0.5,0.0,0.8,0.1,59.5,1000000,UNSUPPORTED_WITHOUT_REPLAY,0.25,0.0,0.0,False
V3_CANDIDATE_DEVELOPMENT_ONLY_SURFACE,M3T,0.2,0.5,0.0,0.8,0.1,66.5,1000000,UNSUPPORTED_WITHOUT_REPLAY,0.0,0.0,0.0,False
V3_CANDIDATE_DEVELOPMENT_ONLY_SURFACE,M3T,0.2,0.5,0.0,0.8,0.1,66.5,1000000,UNSUPPORTED_WITHOUT_REPLAY,0.05,0.0,0.0,False
V3_CANDIDATE_DEVELOPMENT_ONLY_SURFACE,M3T,0.2,0.5,0.0,0.8,0.1,66.5,1000000,UNSUPPORTED_WITHOUT_REPLAY,0.1,0.0,0.0,False
V3_CANDIDATE_DEVELOPMENT_ONLY_SURFACE,M3T,0.2,0.5,0.0,0.8,0.1,66.5,1000000,UNSUPPORTED_WITHOUT_REPLAY,0.25,0.0,0.0,False
V3_CANDIDATE_DEVELOPMENT_ONLY_SURFACE,M3T,0.2,0.5,0.0,0.8,0.1,77.5,1000000,UNSUPPORTED_WITHOUT_REPLAY,0.0,0.0,0.0,False
V3_CANDIDATE_DEVELOPMENT_ONLY_SURFACE,M3T,0.2,0.5,0.0,0.8,0.1,77.5,1000000,UNSUPPORTED_WITHOUT_REPLAY,0.05,0.0,0.0,False
V3_CANDIDATE_DEVELOPMENT_ONLY_SURFACE,M3T,0.2,0.5,0.0,0.8,0.1,77.5,1000000,UNSUPPORTED_WITHOUT_REPLAY,0.1,0.0,0.0,False
V3_CANDIDATE_DEVELOPMENT_ONLY_SURFACE,M3T,0.2,0.5,0.0,0.8,0.1,77.5,1000000,UNSUPPORTED_WITHOUT_REPLAY,0.25,0.0,0.0,False
V3_CANDIDATE_DEVELOPMENT_ONLY_SURFACE,M3T,0.2,0.5,0.25,0.0,0.0,59.5,1000000,UNSUPPORTED_WITHOUT_REPLAY,0.0,0.0,0.0,False
V3_CANDIDATE_DEVELOPMENT_ONLY_SURFACE,M3T,0.2,0.5,0.25,0.0,0.0,59.5,1000000,UNSUPPORTED_WITHOUT_REPLAY,0.05,0.0,0.0,False
V3_CANDIDATE_DEVELOPMENT_ONLY_SURFACE,M3T,0.2,0.5,0.25,0.0,0.0,59.5,1000000,UNSUPPORTED_WITHOUT_REPLAY,0.1,0.0,0.0,False
V3_CANDIDATE_DEVELOPMENT_ONLY_SURFACE,M3T,0.2,0.5,0.25,0.0,0.0,59.5,1000000,UNSUPPORTED_WITHOUT_REPLAY,0.25,0.0,0.0,False
V3_CANDIDATE_DEVELOPMENT_ONLY_SURFACE,M3T,0.2,0.5,0.25,0.0,0.0,66.5,1000000,UNSUPPORTED_WITHOUT_REPLAY,0.0,0.0,0.0,False
V3_CANDIDATE_DEVELOPMENT_ONLY_SURFACE,M3T,0.2,0.5,0.25,0.0,0.0,66.5,1000000,UNSUPPORTED_WITHOUT_REPLAY,0.05,0.0,0.0,False
V3_CANDIDATE_DEVELOPMENT_ONLY_SURFACE,M3T,0.2,0.5,0.25,0.0,0.0,66.5,1000000,UNSUPPORTED_WITHOUT_REPLAY,0.1,0.0,0.0,False
V3_CANDIDATE_DEVELOPMENT_ONLY_SURFACE,M3T,0.2,0.5,0.25,0.0,0.0,66.5,1000000,UNSUPPORTED_WITHOUT_REPLAY,0.25,0.0,0.0,False
V3_CANDIDATE_DEVELOPMENT_ONLY_SURFACE,M3T,0.2,0.5,0.25,0.0,0.0,77.5,1000000,UNSUPPORTED_WITHOUT_REPLAY,0.0,0.0,0.0,False
V3_CANDIDATE_DEVELOPMENT_ONLY_SURFACE,M3T,0.2,0.5,0.25,0.0,0.0,77.5,1000000,UNSUPPORTED_WITHOUT_REPLAY,0.05,0.0,0.0,False
V3_CANDIDATE_DEVELOPMENT_ONLY_SURFACE,M3T,0.2,0.5,0.25,0.0,0.0,77.5,1000000,UNSUPPORTED_WITHOUT_REPLAY,0.1,0.0,0.0,False
V3_CANDIDATE_DEVELOPMENT_ONLY_SURFACE,M3T,0.2,0.5,0.25,0.0,0.0,77.5,1000000,UNSUPPORTED_WITHOUT_REPLAY,0.25,0.0,0.0,False
V3_CANDIDATE_DEVELOPMENT_ONLY_SURFACE,M3T,0.2,0.5,0.25,0.0,0.05,59.5,1000000,UNSUPPORTED_WITHOUT_REPLAY,0.0,0.0,0.0,False
V3_CANDIDATE_DEVELOPMENT_ONLY_SURFACE,M3T,0.2,0.5,0.25,0.0,0.05,59.5,1000000,UNSUPPORTED_WITHOUT_REPLAY,0.05,0.0,0.0,False
V3_CANDIDATE_DEVELOPMENT_ONLY_SURFACE,M3T,0.2,0.5,0.25,0.0,0.05,59.5,1000000,UNSUPPORTED_WITHOUT_REPLAY,0.1,0.0,0.0,False
V3_CANDIDATE_DEVELOPMENT_ONLY_SURFACE,M3T,0.2,0.5,0.25,0.0,0.05,59.5,1000000,UNSUPPORTED_WITHOUT_REPLAY,0.25,0.0,0.0,False
V3_CANDIDATE_DEVELOPMENT_ONLY_SURFACE,M3T,0.2,0.5,0.25,0.0,0.05,66.5,1000000,UNSUPPORTED_WITHOUT_REPLAY,0.0,0.0,0.0,False
V3_CANDIDATE_DEVELOPMENT_ONLY_SURFACE,M3T,0.2,0.5,0.25,0.0,0.05,66.5,1000000,UNSUPPORTED_WITHOUT_REPLAY,0.05,0.0,0.0,False
V3_CANDIDATE_DEVELOPMENT_ONLY_SURFACE,M3T,0.2,0.5,0.25,0.0,0.05,66.5,1000000,UNSUPPORTED_WITHOUT_REPLAY,0.1,0.0,0.0,False
V3_CANDIDATE_DEVELOPMENT_ONLY_SURFACE,M3T,0.2,0.5,0.25,0.0,0.05,66.5,1000000,UNSUPPORTED_WITHOUT_REPLAY,0.25,0.0,0.0,False
V3_CANDIDATE_DEVELOPMENT_ONLY_SURFACE,M3T,0.2,0.5,0.25,0.0,0.05,77.5,1000000,UNSUPPORTED_WITHOUT_REPLAY,0.0,0.0,0.0,False
V3_CANDIDATE_DEVELOPMENT_ONLY_SURFACE,M3T,0.2,0.5,0.25,0.0,0.05,77.5,1000000,UNSUPPORTED_WITHOUT_REPLAY,0.05,0.0,0.0,False
V3_CANDIDATE_DEVELOPMENT_ONLY_SURFACE,M3T,0.2,0.5,0.25,0.0,0.05,77.5,1000000,UNSUPPORTED_WITHOUT_REPLAY,0.1,0.0,0.0,False
V3_CANDIDATE_DEVELOPMENT_ONLY_SURFACE,M3T,0.2,0.5,0.25,0.0,0.05,77.5,1000000,UNSUPPORTED_WITHOUT_REPLAY,0.25,0.0,0.0,False
V3_CANDIDATE_DEVELOPMENT_ONLY_SURFACE,M3T,0.2,0.5,0.25,0.0,0.1,59.5,1000000,UNSUPPORTED_WITHOUT_REPLAY,0.0,0.0,0.0,False
V3_CANDIDATE_DEVELOPMENT_ONLY_SURFACE,M3T,0.2,0.5,0.25,0.0,0.1,59.5,1000000,UNSUPPORTED_WITHOUT_REPLAY,0.05,0.0,0.0,False
V3_CANDIDATE_DEVELOPMENT_ONLY_SURFACE,M3T,0.2,0.5,0.25,0.0,0.1,59.5,1000000,UNSUPPORTED_WITHOUT_REPLAY,0.1,0.0,0.0,False
V3_CANDIDATE_DEVELOPMENT_ONLY_SURFACE,M3T,0.2,0.5,0.25,0.0,0.1,59.5,1000000,UNSUPPORTED_WITHOUT_REPLAY,0.25,0.0,0.0,False
V3_CANDIDATE_DEVELOPMENT_ONLY_SURFACE,M3T,0.2,0.5,0.25,0.0,0.1,66.5,1000000,UNSUPPORTED_WITHOUT_REPLAY,0.0,0.0,0.0,False
V3_CANDIDATE_DEVELOPMENT_ONLY_SURFACE,M3T,0.2,0.5,0.25,0.0,0.1,66.5,1000000,UNSUPPORTED_WITHOUT_REPLAY,0.05,0.0,0.0,False
V3_CANDIDATE_DEVELOPMENT_ONLY_SURFACE,M3T,0.2,0.5,0.25,0.0,0.1,66.5,1000000,UNSUPPORTED_WITHOUT_REPLAY,0.1,0.0,0.0,False
V3_CANDIDATE_DEVELOPMENT_ONLY_SURFACE,M3T,0.2,0.5,0.25,0.0,0.1,66.5,1000000,UNSUPPORTED_WITHOUT_REPLAY,0.25,0.0,0.0,False
V3_CANDIDATE_DEVELOPMENT_ONLY_SURFACE,M3T,0.2,0.5,0.25,0.0,0.1,77.5,1000000,UNSUPPORTED_WITHOUT_REPLAY,0.0,0.0,0.0,False
V3_CANDIDATE_DEVELOPMENT_ONLY_SURFACE,M3T,0.2,0.5,0.25,0.0,0.1,77.5,1000000,UNSUPPORTED_WITHOUT_REPLAY,0.05,0.0,0.0,False
V3_CANDIDATE_DEVELOPMENT_ONLY_SURFACE,M3T,0.2,0.5,0.25,0.0,0.1,77.5,1000000,UNSUPPORTED_WITHOUT_REPLAY,0.1,0.0,0.0,False
V3_CANDIDATE_DEVELOPMENT_ONLY_SURFACE,M3T,0.2,0.5,0.25,0.0,0.1,77.5,1000000,UNSUPPORTED_WITHOUT_REPLAY,0.25,0.0,0.0,False
V3_CANDIDATE_DEVELOPMENT_ONLY_SURFACE,M3T,0.2,0.5,0.25,0.4,0.0,59.5,1000000,UNSUPPORTED_WITHOUT_REPLAY,0.0,0.0,0.0,False
V3_CANDIDATE_DEVELOPMENT_ONLY_SURFACE,M3T,0.2,0.5,0.25,0.4,0.0,59.5,1000000,UNSUPPORTED_WITHOUT_REPLAY,0.05,0.0,0.0,False
V3_CANDIDATE_DEVELOPMENT_ONLY_SURFACE,M3T,0.2,0.5,0.25,0.4,0.0,59.5,1000000,UNSUPPORTED_WITHOUT_REPLAY,0.1,0.0,0.0,False
V3_CANDIDATE_DEVELOPMENT_ONLY_SURFACE,M3T,0.2,0.5,0.25,0.4,0.0,59.5,1000000,UNSUPPORTED_WITHOUT_REPLAY,0.25,0.0,0.0,False
V3_CANDIDATE_DEVELOPMENT_ONLY_SURFACE,M3T,0.2,0.5,0.25,0.4,0.0,66.5,1000000,UNSUPPORTED_WITHOUT_REPLAY,0.0,0.0,0.0,False
V3_CANDIDATE_DEVELOPMENT_ONLY_SURFACE,M3T,0.2,0.5,0.25,0.4,0.0,66.5,1000000,UNSUPPORTED_WITHOUT_REPLAY,0.05,0.0,0.0,False
V3_CANDIDATE_DEVELOPMENT_ONLY_SURFACE,M3T,0.2,0.5,0.25,0.4,0.0,66.5,1000000,UNSUPPORTED_WITHOUT_REPLAY,0.1,0.0,0.0,False
V3_CANDIDATE_DEVELOPMENT_ONLY_SURFACE,M3T,0.2,0.5,0.25,0.4,0.0,66.5,1000000,UNSUPPORTED_WITHOUT_REPLAY,0.25,0.0,0.0,False
V3_CANDIDATE_DEVELOPMENT_ONLY_SURFACE,M3T,0.2,0.5,0.25,0.4,0.0,77.5,1000000,UNSUPPORTED_WITHOUT_REPLAY,0.0,0.0,0.0,False
V3_CANDIDATE_DEVELOPMENT_ONLY_SURFACE,M3T,0.2,0.5,0.25,0.4,0.0,77.5,1000000,UNSUPPORTED_WITHOUT_REPLAY,0.05,0.0,0.0,False
V3_CANDIDATE_DEVELOPMENT_ONLY_SURFACE,M3T,0.2,0.5,0.25,0.4,0.0,77.5,1000000,UNSUPPORTED_WITHOUT_REPLAY,0.1,0.0,0.0,False
V3_CANDIDATE_DEVELOPMENT_ONLY_SURFACE,M3T,0.2,0.5,0.25,0.4,0.0,77.5,1000000,UNSUPPORTED_WITHOUT_REPLAY,0.25,0.0,0.0,False
V3_CANDIDATE_DEVELOPMENT_ONLY_SURFACE,M3T,0.2,0.5,0.25,0.4,0.05,59.5,1000000,UNSUPPORTED_WITHOUT_REPLAY,0.0,0.0,0.0,False
V3_CANDIDATE_DEVELOPMENT_ONLY_SURFACE,M3T,0.2,0.5,0.25,0.4,0.05,59.5,1000000,UNSUPPORTED_WITHOUT_REPLAY,0.05,0.0,0.0,False
V3_CANDIDATE_DEVELOPMENT_ONLY_SURFACE,M3T,0.2,0.5,0.25,0.4,0.05,59.5,1000000,UNSUPPORTED_WITHOUT_REPLAY,0.1,0.0,0.0,False
V3_CANDIDATE_DEVELOPMENT_ONLY_SURFACE,M3T,0.2,0.5,0.25,0.4,0.05,59.5,1000000,UNSUPPORTED_WITHOUT_REPLAY,0.25,0.0,0.0,False
V3_CANDIDATE_DEVELOPMENT_ONLY_SURFACE,M3T,0.2,0.5,0.25,0.4,0.05,66.5,1000000,UNSUPPORTED_WITHOUT_REPLAY,0.0,0.0,0.0,False
V3_CANDIDATE_DEVELOPMENT_ONLY_SURFACE,M3T,0.2,0.5,0.25,0.4,0.05,66.5,1000000,UNSUPPORTED_WITHOUT_REPLAY,0.05,0.0,0.0,False
V3_CANDIDATE_DEVELOPMENT_ONLY_SURFACE,M3T,0.2,0.5,0.25,0.4,0.05,66.5,1000000,UNSUPPORTED_WITHOUT_REPLAY,0.1,0.0,0.0,False
V3_CANDIDATE_DEVELOPMENT_ONLY_SURFACE,M3T,0.2,0.5,0.25,0.4,0.05,66.5,1000000,UNSUPPORTED_WITHOUT_REPLAY,0.25,0.0,0.0,False
V3_CANDIDATE_DEVELOPMENT_ONLY_SURFACE,M3T,0.2,0.5,0.25,0.4,0.05,77.5,1000000,UNSUPPORTED_WITHOUT_REPLAY,0.0,0.0,0.0,False
V3_CANDIDATE_DEVELOPMENT_ONLY_SURFACE,M3T,0.2,0.5,0.25,0.4,0.05,77.5,1000000,UNSUPPORTED_WITHOUT_REPLAY,0.05,0.0,0.0,False
V3_CANDIDATE_DEVELOPMENT_ONLY_SURFACE,M3T,0.2,0.5,0.25,0.4,0.05,77.5,1000000,UNSUPPORTED_WITHOUT_REPLAY,0.1,0.0,0.0,False
V3_CANDIDATE_DEVELOPMENT_ONLY_SURFACE,M3T,0.2,0.5,0.25,0.4,0.05,77.5,1000000,UNSUPPORTED_WITHOUT_REPLAY,0.25,0.0,0.0,False
V3_CANDIDATE_DEVELOPMENT_ONLY_SURFACE,M3T,0.2,0.5,0.25,0.4,0.1,59.5,1000000,UNSUPPORTED_WITHOUT_REPLAY,0.0,0.0,0.0,False
V3_CANDIDATE_DEVELOPMENT_ONLY_SURFACE,M3T,0.2,0.5,0.25,0.4,0.1,59.5,1000000,UNSUPPORTED_WITHOUT_REPLAY,0.05,0.0,0.0,False
V3_CANDIDATE_DEVELOPMENT_ONLY_SURFACE,M3T,0.2,0.5,0.25,0.4,0.1,59.5,1000000,UNSUPPORTED_WITHOUT_REPLAY,0.1,0.0,0.0,False
V3_CANDIDATE_DEVELOPMENT_ONLY_SURFACE,M3T,0.2,0.5,0.25,0.4,0.1,59.5,1000000,UNSUPPORTED_WITHOUT_REPLAY,0.25,0.0,0.0,False
V3_CANDIDATE_DEVELOPMENT_ONLY_SURFACE,M3T,0.2,0.5,0.25,0.4,0.1,66.5,1000000,UNSUPPORTED_WITHOUT_REPLAY,0.0,0.0,0.0,False
V3_CANDIDATE_DEVELOPMENT_ONLY_SURFACE,M3T,0.2,0.5,0.25,0.4,0.1,66.5,1000000,UNSUPPORTED_WITHOUT_REPLAY,0.05,0.0,0.0,False
V3_CANDIDATE_DEVELOPMENT_ONLY_SURFACE,M3T,0.2,0.5,0.25,0.4,0.1,66.5,1000000,UNSUPPORTED_WITHOUT_REPLAY,0.1,0.0,0.0,False
V3_CANDIDATE_DEVELOPMENT_ONLY_SURFACE,M3T,0.2,0.5,0.25,0.4,0.1,66.5,1000000,UNSUPPORTED_WITHOUT_REPLAY,0.25,0.0,0.0,False
V3_CANDIDATE_DEVELOPMENT_ONLY_SURFACE,M3T,0.2,0.5,0.25,0.4,0.1,77.5,1000000,UNSUPPORTED_WITHOUT_REPLAY,0.0,0.0,0.0,False
V3_CANDIDATE_DEVELOPMENT_ONLY_SURFACE,M3T,0.2,0.5,0.25,0.4,0.1,77.5,1000000,UNSUPPORTED_WITHOUT_REPLAY,0.05,0.0,0.0,False
V3_CANDIDATE_DEVELOPMENT_ONLY_SURFACE,M3T,0.2,0.5,0.25,0.4,0.1,77.5,1000000,UNSUPPORTED_WITHOUT_REPLAY,0.1,0.0,0.0,False
V3_CANDIDATE_DEVELOPMENT_ONLY_SURFACE,M3T,0.2,0.5,0.25,0.4,0.1,77.5,1000000,UNSUPPORTED_WITHOUT_REPLAY,0.25,0.0,0.0,False
V3_CANDIDATE_DEVELOPMENT_ONLY_SURFACE,M3T,0.2,0.5,0.25,0.6,0.0,59.5,1000000,UNSUPPORTED_WITHOUT_REPLAY,0.0,0.0,0.0,False
V3_CANDIDATE_DEVELOPMENT_ONLY_SURFACE,M3T,0.2,0.5,0.25,0.6,0.0,59.5,1000000,UNSUPPORTED_WITHOUT_REPLAY,0.05,0.0,0.0,False
V3_CANDIDATE_DEVELOPMENT_ONLY_SURFACE,M3T,0.2,0.5,0.25,0.6,0.0,59.5,1000000,UNSUPPORTED_WITHOUT_REPLAY,0.1,0.0,0.0,False
V3_CANDIDATE_DEVELOPMENT_ONLY_SURFACE,M3T,0.2,0.5,0.25,0.6,0.0,59.5,1000000,UNSUPPORTED_WITHOUT_REPLAY,0.25,0.0,0.0,False
V3_CANDIDATE_DEVELOPMENT_ONLY_SURFACE,M3T,0.2,0.5,0.25,0.6,0.0,66.5,1000000,UNSUPPORTED_WITHOUT_REPLAY,0.0,0.0,0.0,False
V3_CANDIDATE_DEVELOPMENT_ONLY_SURFACE,M3T,0.2,0.5,0.25,0.6,0.0,66.5,1000000,UNSUPPORTED_WITHOUT_REPLAY,0.05,0.0,0.0,False
V3_CANDIDATE_DEVELOPMENT_ONLY_SURFACE,M3T,0.2,0.5,0.25,0.6,0.0,66.5,1000000,UNSUPPORTED_WITHOUT_REPLAY,0.1,0.0,0.0,False
V3_CANDIDATE_DEVELOPMENT_ONLY_SURFACE,M3T,0.2,0.5,0.25,0.6,0.0,66.5,1000000,UNSUPPORTED_WITHOUT_REPLAY,0.25,0.0,0.0,False
V3_CANDIDATE_DEVELOPMENT_ONLY_SURFACE,M3T,0.2,0.5,0.25,0.6,0.0,77.5,1000000,UNSUPPORTED_WITHOUT_REPLAY,0.0,0.0,0.0,False
V3_CANDIDATE_DEVELOPMENT_ONLY_SURFACE,M3T,0.2,0.5,0.25,0.6,0.0,77.5,1000000,UNSUPPORTED_WITHOUT_REPLAY,0.05,0.0,0.0,False
V3_CANDIDATE_DEVELOPMENT_ONLY_SURFACE,M3T,0.2,0.5,0.25,0.6,0.0,77.5,1000000,UNSUPPORTED_WITHOUT_REPLAY,0.1,0.0,0.0,False
V3_CANDIDATE_DEVELOPMENT_ONLY_SURFACE,M3T,0.2,0.5,0.25,0.6,0.0,77.5,1000000,UNSUPPORTED_WITHOUT_REPLAY,0.25,0.0,0.0,False
V3_CANDIDATE_DEVELOPMENT_ONLY_SURFACE,M3T,0.2,0.5,0.25,0.6,0.05,59.5,1000000,UNSUPPORTED_WITHOUT_REPLAY,0.0,0.0,0.0,False
V3_CANDIDATE_DEVELOPMENT_ONLY_SURFACE,M3T,0.2,0.5,0.25,0.6,0.05,59.5,1000000,UNSUPPORTED_WITHOUT_REPLAY,0.05,0.0,0.0,False
V3_CANDIDATE_DEVELOPMENT_ONLY_SURFACE,M3T,0.2,0.5,0.25,0.6,0.05,59.5,1000000,UNSUPPORTED_WITHOUT_REPLAY,0.1,0.0,0.0,False
V3_CANDIDATE_DEVELOPMENT_ONLY_SURFACE,M3T,0.2,0.5,0.25,0.6,0.05,59.5,1000000,UNSUPPORTED_WITHOUT_REPLAY,0.25,0.0,0.0,False
V3_CANDIDATE_DEVELOPMENT_ONLY_SURFACE,M3T,0.2,0.5,0.25,0.6,0.05,66.5,1000000,UNSUPPORTED_WITHOUT_REPLAY,0.0,0.0,0.0,False
V3_CANDIDATE_DEVELOPMENT_ONLY_SURFACE,M3T,0.2,0.5,0.25,0.6,0.05,66.5,1000000,UNSUPPORTED_WITHOUT_REPLAY,0.05,0.0,0.0,False
V3_CANDIDATE_DEVELOPMENT_ONLY_SURFACE,M3T,0.2,0.5,0.25,0.6,0.05,66.5,1000000,UNSUPPORTED_WITHOUT_REPLAY,0.1,0.0,0.0,False
V3_CANDIDATE_DEVELOPMENT_ONLY_SURFACE,M3T,0.2,0.5,0.25,0.6,0.05,66.5,1000000,UNSUPPORTED_WITHOUT_REPLAY,0.25,0.0,0.0,False
V3_CANDIDATE_DEVELOPMENT_ONLY_SURFACE,M3T,0.2,0.5,0.25,0.6,0.05,77.5,1000000,UNSUPPORTED_WITHOUT_REPLAY,0.0,0.0,0.0,False
V3_CANDIDATE_DEVELOPMENT_ONLY_SURFACE,M3T,0.2,0.5,0.25,0.6,0.05,77.5,1000000,UNSUPPORTED_WITHOUT_REPLAY,0.05,0.0,0.0,False
V3_CANDIDATE_DEVELOPMENT_ONLY_SURFACE,M3T,0.2,0.5,0.25,0.6,0.05,77.5,1000000,UNSUPPORTED_WITHOUT_REPLAY,0.1,0.0,0.0,False
V3_CANDIDATE_DEVELOPMENT_ONLY_SURFACE,M3T,0.2,0.5,0.25,0.6,0.05,77.5,1000000,UNSUPPORTED_WITHOUT_REPLAY,0.25,0.0,0.0,False
V3_CANDIDATE_DEVELOPMENT_ONLY_SURFACE,M3T,0.2,0.5,0.25,0.6,0.1,59.5,1000000,UNSUPPORTED_WITHOUT_REPLAY,0.0,0.0,0.0,False
V3_CANDIDATE_DEVELOPMENT_ONLY_SURFACE,M3T,0.2,0.5,0.25,0.6,0.1,59.5,1000000,UNSUPPORTED_WITHOUT_REPLAY,0.05,0.0,0.0,False
V3_CANDIDATE_DEVELOPMENT_ONLY_SURFACE,M3T,0.2,0.5,0.25,0.6,0.1,59.5,1000000,UNSUPPORTED_WITHOUT_REPLAY,0.1,0.0,0.0,False
V3_CANDIDATE_DEVELOPMENT_ONLY_SURFACE,M3T,0.2,0.5,0.25,0.6,0.1,59.5,1000000,UNSUPPORTED_WITHOUT_REPLAY,0.25,0.0,0.0,False
V3_CANDIDATE_DEVELOPMENT_ONLY_SURFACE,M3T,0.2,0.5,0.25,0.6,0.1,66.5,1000000,UNSUPPORTED_WITHOUT_REPLAY,0.0,0.0,0.0,False
V3_CANDIDATE_DEVELOPMENT_ONLY_SURFACE,M3T,0.2,0.5,0.25,0.6,0.1,66.5,1000000,UNSUPPORTED_WITHOUT_REPLAY,0.05,0.0,0.0,False
V3_CANDIDATE_DEVELOPMENT_ONLY_SURFACE,M3T,0.2,0.5,0.25,0.6,0.1,66.5,1000000,UNSUPPORTED_WITHOUT_REPLAY,0.1,0.0,0.0,False
V3_CANDIDATE_DEVELOPMENT_ONLY_SURFACE,M3T,0.2,0.5,0.25,0.6,0.1,66.5,1000000,UNSUPPORTED_WITHOUT_REPLAY,0.25,0.0,0.0,False
V3_CANDIDATE_DEVELOPMENT_ONLY_SURFACE,M3T,0.2,0.5,0.25,0.6,0.1,77.5,1000000,UNSUPPORTED_WITHOUT_REPLAY,0.0,0.0,0.0,False
V3_CANDIDATE_DEVELOPMENT_ONLY_SURFACE,M3T,0.2,0.5,0.25,0.6,0.1,77.5,1000000,UNSUPPORTED_WITHOUT_REPLAY,0.05,0.0,0.0,False
V3_CANDIDATE_DEVELOPMENT_ONLY_SURFACE,M3T,0.2,0.5,0.25,0.6,0.1,77.5,1000000,UNSUPPORTED_WITHOUT_REPLAY,0.1,0.0,0.0,False
V3_CANDIDATE_DEVELOPMENT_ONLY_SURFACE,M3T,0.2,0.5,0.25,0.6,0.1,77.5,1000000,UNSUPPORTED_WITHOUT_REPLAY,0.25,0.0,0.0,False
V3_CANDIDATE_DEVELOPMENT_ONLY_SURFACE,M3T,0.2,0.5,0.25,0.8,0.0,59.5,1000000,UNSUPPORTED_WITHOUT_REPLAY,0.0,0.0,0.0,False
V3_CANDIDATE_DEVELOPMENT_ONLY_SURFACE,M3T,0.2,0.5,0.25,0.8,0.0,59.5,1000000,UNSUPPORTED_WITHOUT_REPLAY,0.05,0.0,0.0,False
V3_CANDIDATE_DEVELOPMENT_ONLY_SURFACE,M3T,0.2,0.5,0.25,0.8,0.0,59.5,1000000,UNSUPPORTED_WITHOUT_REPLAY,0.1,0.0,0.0,False
V3_CANDIDATE_DEVELOPMENT_ONLY_SURFACE,M3T,0.2,0.5,0.25,0.8,0.0,59.5,1000000,UNSUPPORTED_WITHOUT_REPLAY,0.25,0.0,0.0,False
V3_CANDIDATE_DEVELOPMENT_ONLY_SURFACE,M3T,0.2,0.5,0.25,0.8,0.0,66.5,1000000,UNSUPPORTED_WITHOUT_REPLAY,0.0,0.0,0.0,False
V3_CANDIDATE_DEVELOPMENT_ONLY_SURFACE,M3T,0.2,0.5,0.25,0.8,0.0,66.5,1000000,UNSUPPORTED_WITHOUT_REPLAY,0.05,0.0,0.0,False
V3_CANDIDATE_DEVELOPMENT_ONLY_SURFACE,M3T,0.2,0.5,0.25,0.8,0.0,66.5,1000000,UNSUPPORTED_WITHOUT_REPLAY,0.1,0.0,0.0,False
V3_CANDIDATE_DEVELOPMENT_ONLY_SURFACE,M3T,0.2,0.5,0.25,0.8,0.0,66.5,1000000,UNSUPPORTED_WITHOUT_REPLAY,0.25,0.0,0.0,False
V3_CANDIDATE_DEVELOPMENT_ONLY_SURFACE,M3T,0.2,0.5,0.25,0.8,0.0,77.5,1000000,UNSUPPORTED_WITHOUT_REPLAY,0.0,0.0,0.0,False
V3_CANDIDATE_DEVELOPMENT_ONLY_SURFACE,M3T,0.2,0.5,0.25,0.8,0.0,77.5,1000000,UNSUPPORTED_WITHOUT_REPLAY,0.05,0.0,0.0,False
V3_CANDIDATE_DEVELOPMENT_ONLY_SURFACE,M3T,0.2,0.5,0.25,0.8,0.0,77.5,1000000,UNSUPPORTED_WITHOUT_REPLAY,0.1,0.0,0.0,False
V3_CANDIDATE_DEVELOPMENT_ONLY_SURFACE,M3T,0.2,0.5,0.25,0.8,0.0,77.5,1000000,UNSUPPORTED_WITHOUT_REPLAY,0.25,0.0,0.0,False
V3_CANDIDATE_DEVELOPMENT_ONLY_SURFACE,M3T,0.2,0.5,0.25,0.8,0.05,59.5,1000000,UNSUPPORTED_WITHOUT_REPLAY,0.0,0.0,0.0,False
V3_CANDIDATE_DEVELOPMENT_ONLY_SURFACE,M3T,0.2,0.5,0.25,0.8,0.05,59.5,1000000,UNSUPPORTED_WITHOUT_REPLAY,0.05,0.0,0.0,False
V3_CANDIDATE_DEVELOPMENT_ONLY_SURFACE,M3T,0.2,0.5,0.25,0.8,0.05,59.5,1000000,UNSUPPORTED_WITHOUT_REPLAY,0.1,0.0,0.0,False
V3_CANDIDATE_DEVELOPMENT_ONLY_SURFACE,M3T,0.2,0.5,0.25,0.8,0.05,59.5,1000000,UNSUPPORTED_WITHOUT_REPLAY,0.25,0.0,0.0,False
V3_CANDIDATE_DEVELOPMENT_ONLY_SURFACE,M3T,0.2,0.5,0.25,0.8,0.05,66.5,1000000,UNSUPPORTED_WITHOUT_REPLAY,0.0,0.0,0.0,False
V3_CANDIDATE_DEVELOPMENT_ONLY_SURFACE,M3T,0.2,0.5,0.25,0.8,0.05,66.5,1000000,UNSUPPORTED_WITHOUT_REPLAY,0.05,0.0,0.0,False
V3_CANDIDATE_DEVELOPMENT_ONLY_SURFACE,M3T,0.2,0.5,0.25,0.8,0.05,66.5,1000000,UNSUPPORTED_WITHOUT_REPLAY,0.1,0.0,0.0,False
V3_CANDIDATE_DEVELOPMENT_ONLY_SURFACE,M3T,0.2,0.5,0.25,0.8,0.05,66.5,1000000,UNSUPPORTED_WITHOUT_REPLAY,0.25,0.0,0.0,False
V3_CANDIDATE_DEVELOPMENT_ONLY_SURFACE,M3T,0.2,0.5,0.25,0.8,0.05,77.5,1000000,UNSUPPORTED_WITHOUT_REPLAY,0.0,0.0,0.0,False
V3_CANDIDATE_DEVELOPMENT_ONLY_SURFACE,M3T,0.2,0.5,0.25,0.8,0.05,77.5,1000000,UNSUPPORTED_WITHOUT_REPLAY,0.05,0.0,0.0,False
V3_CANDIDATE_DEVELOPMENT_ONLY_SURFACE,M3T,0.2,0.5,0.25,0.8,0.05,77.5,1000000,UNSUPPORTED_WITHOUT_REPLAY,0.1,0.0,0.0,False
V3_CANDIDATE_DEVELOPMENT_ONLY_SURFACE,M3T,0.2,0.5,0.25,0.8,0.05,77.5,1000000,UNSUPPORTED_WITHOUT_REPLAY,0.25,0.0,0.0,False
V3_CANDIDATE_DEVELOPMENT_ONLY_SURFACE,M3T,0.2,0.5,0.25,0.8,0.1,59.5,1000000,UNSUPPORTED_WITHOUT_REPLAY,0.0,0.0,0.0,False
V3_CANDIDATE_DEVELOPMENT_ONLY_SURFACE,M3T,0.2,0.5,0.25,0.8,0.1,59.5,1000000,UNSUPPORTED_WITHOUT_REPLAY,0.05,0.0,0.0,False
V3_CANDIDATE_DEVELOPMENT_ONLY_SURFACE,M3T,0.2,0.5,0.25,0.8,0.1,59.5,1000000,UNSUPPORTED_WITHOUT_REPLAY,0.1,0.0,0.0,False
V3_CANDIDATE_DEVELOPMENT_ONLY_SURFACE,M3T,0.2,0.5,0.25,0.8,0.1,59.5,1000000,UNSUPPORTED_WITHOUT_REPLAY,0.25,0.0,0.0,False
V3_CANDIDATE_DEVELOPMENT_ONLY_SURFACE,M3T,0.2,0.5,0.25,0.8,0.1,66.5,1000000,UNSUPPORTED_WITHOUT_REPLAY,0.0,0.0,0.0,False
V3_CANDIDATE_DEVELOPMENT_ONLY_SURFACE,M3T,0.2,0.5,0.25,0.8,0.1,66.5,1000000,UNSUPPORTED_WITHOUT_REPLAY,0.05,0.0,0.0,False
V3_CANDIDATE_DEVELOPMENT_ONLY_SURFACE,M3T,0.2,0.5,0.25,0.8,0.1,66.5,1000000,UNSUPPORTED_WITHOUT_REPLAY,0.1,0.0,0.0,False
V3_CANDIDATE_DEVELOPMENT_ONLY_SURFACE,M3T,0.2,0.5,0.25,0.8,0.1,66.5,1000000,UNSUPPORTED_WITHOUT_REPLAY,0.25,0.0,0.0,False
V3_CANDIDATE_DEVELOPMENT_ONLY_SURFACE,M3T,0.2,0.5,0.25,0.8,0.1,77.5,1000000,UNSUPPORTED_WITHOUT_REPLAY,0.0,0.0,0.0,False
V3_CANDIDATE_DEVELOPMENT_ONLY_SURFACE,M3T,0.2,0.5,0.25,0.8,0.1,77.5,1000000,UNSUPPORTED_WITHOUT_REPLAY,0.05,0.0,0.0,False
V3_CANDIDATE_DEVELOPMENT_ONLY_SURFACE,M3T,0.2,0.5,0.25,0.8,0.1,77.5,1000000,UNSUPPORTED_WITHOUT_REPLAY,0.1,0.0,0.0,False
V3_CANDIDATE_DEVELOPMENT_ONLY_SURFACE,M3T,0.2,0.5,0.25,0.8,0.1,77.5,1000000,UNSUPPORTED_WITHOUT_REPLAY,0.25,0.0,0.0,False
V3_CANDIDATE_DEVELOPMENT_ONLY_SURFACE,M3T,0.2,0.5,0.5,0.0,0.0,59.5,1000000,UNSUPPORTED_WITHOUT_REPLAY,0.0,0.0,0.0,False
V3_CANDIDATE_DEVELOPMENT_ONLY_SURFACE,M3T,0.2,0.5,0.5,0.0,0.0,59.5,1000000,UNSUPPORTED_WITHOUT_REPLAY,0.05,0.0,0.0,False
V3_CANDIDATE_DEVELOPMENT_ONLY_SURFACE,M3T,0.2,0.5,0.5,0.0,0.0,59.5,1000000,UNSUPPORTED_WITHOUT_REPLAY,0.1,0.0,0.0,False
V3_CANDIDATE_DEVELOPMENT_ONLY_SURFACE,M3T,0.2,0.5,0.5,0.0,0.0,59.5,1000000,UNSUPPORTED_WITHOUT_REPLAY,0.25,0.0,0.0,False
V3_CANDIDATE_DEVELOPMENT_ONLY_SURFACE,M3T,0.2,0.5,0.5,0.0,0.0,66.5,1000000,UNSUPPORTED_WITHOUT_REPLAY,0.0,0.0,0.0,False
V3_CANDIDATE_DEVELOPMENT_ONLY_SURFACE,M3T,0.2,0.5,0.5,0.0,0.0,66.5,1000000,UNSUPPORTED_WITHOUT_REPLAY,0.05,0.0,0.0,False
V3_CANDIDATE_DEVELOPMENT_ONLY_SURFACE,M3T,0.2,0.5,0.5,0.0,0.0,66.5,1000000,UNSUPPORTED_WITHOUT_REPLAY,0.1,0.0,0.0,False
V3_CANDIDATE_DEVELOPMENT_ONLY_SURFACE,M3T,0.2,0.5,0.5,0.0,0.0,66.5,1000000,UNSUPPORTED_WITHOUT_REPLAY,0.25,0.0,0.0,False
V3_CANDIDATE_DEVELOPMENT_ONLY_SURFACE,M3T,0.2,0.5,0.5,0.0,0.0,77.5,1000000,UNSUPPORTED_WITHOUT_REPLAY,0.0,0.0,0.0,False
V3_CANDIDATE_DEVELOPMENT_ONLY_SURFACE,M3T,0.2,0.5,0.5,0.0,0.0,77.5,1000000,UNSUPPORTED_WITHOUT_REPLAY,0.05,0.0,0.0,False
V3_CANDIDATE_DEVELOPMENT_ONLY_SURFACE,M3T,0.2,0.5,0.5,0.0,0.0,77.5,1000000,UNSUPPORTED_WITHOUT_REPLAY,0.1,0.0,0.0,False
V3_CANDIDATE_DEVELOPMENT_ONLY_SURFACE,M3T,0.2,0.5,0.5,0.0,0.0,77.5,1000000,UNSUPPORTED_WITHOUT_REPLAY,0.25,0.0,0.0,False
V3_CANDIDATE_DEVELOPMENT_ONLY_SURFACE,M3T,0.2,0.5,0.5,0.0,0.05,59.5,1000000,UNSUPPORTED_WITHOUT_REPLAY,0.0,0.0,0.0,False
V3_CANDIDATE_DEVELOPMENT_ONLY_SURFACE,M3T,0.2,0.5,0.5,0.0,0.05,59.5,1000000,UNSUPPORTED_WITHOUT_REPLAY,0.05,0.0,0.0,False
V3_CANDIDATE_DEVELOPMENT_ONLY_SURFACE,M3T,0.2,0.5,0.5,0.0,0.05,59.5,1000000,UNSUPPORTED_WITHOUT_REPLAY,0.1,0.0,0.0,False
V3_CANDIDATE_DEVELOPMENT_ONLY_SURFACE,M3T,0.2,0.5,0.5,0.0,0.05,59.5,1000000,UNSUPPORTED_WITHOUT_REPLAY,0.25,0.0,0.0,False
V3_CANDIDATE_DEVELOPMENT_ONLY_SURFACE,M3T,0.2,0.5,0.5,0.0,0.05,66.5,1000000,UNSUPPORTED_WITHOUT_REPLAY,0.0,0.0,0.0,False
V3_CANDIDATE_DEVELOPMENT_ONLY_SURFACE,M3T,0.2,0.5,0.5,0.0,0.05,66.5,1000000,UNSUPPORTED_WITHOUT_REPLAY,0.05,0.0,0.0,False
V3_CANDIDATE_DEVELOPMENT_ONLY_SURFACE,M3T,0.2,0.5,0.5,0.0,0.05,66.5,1000000,UNSUPPORTED_WITHOUT_REPLAY,0.1,0.0,0.0,False
V3_CANDIDATE_DEVELOPMENT_ONLY_SURFACE,M3T,0.2,0.5,0.5,0.0,0.05,66.5,1000000,UNSUPPORTED_WITHOUT_REPLAY,0.25,0.0,0.0,False
V3_CANDIDATE_DEVELOPMENT_ONLY_SURFACE,M3T,0.2,0.5,0.5,0.0,0.05,77.5,1000000,UNSUPPORTED_WITHOUT_REPLAY,0.0,0.0,0.0,False
V3_CANDIDATE_DEVELOPMENT_ONLY_SURFACE,M3T,0.2,0.5,0.5,0.0,0.05,77.5,1000000,UNSUPPORTED_WITHOUT_REPLAY,0.05,0.0,0.0,False
V3_CANDIDATE_DEVELOPMENT_ONLY_SURFACE,M3T,0.2,0.5,0.5,0.0,0.05,77.5,1000000,UNSUPPORTED_WITHOUT_REPLAY,0.1,0.0,0.0,False
V3_CANDIDATE_DEVELOPMENT_ONLY_SURFACE,M3T,0.2,0.5,0.5,0.0,0.05,77.5,1000000,UNSUPPORTED_WITHOUT_REPLAY,0.25,0.0,0.0,False
V3_CANDIDATE_DEVELOPMENT_ONLY_SURFACE,M3T,0.2,0.5,0.5,0.0,0.1,59.5,1000000,UNSUPPORTED_WITHOUT_REPLAY,0.0,0.0,0.0,False
V3_CANDIDATE_DEVELOPMENT_ONLY_SURFACE,M3T,0.2,0.5,0.5,0.0,0.1,59.5,1000000,UNSUPPORTED_WITHOUT_REPLAY,0.05,0.0,0.0,False
V3_CANDIDATE_DEVELOPMENT_ONLY_SURFACE,M3T,0.2,0.5,0.5,0.0,0.1,59.5,1000000,UNSUPPORTED_WITHOUT_REPLAY,0.1,0.0,0.0,False
V3_CANDIDATE_DEVELOPMENT_ONLY_SURFACE,M3T,0.2,0.5,0.5,0.0,0.1,59.5,1000000,UNSUPPORTED_WITHOUT_REPLAY,0.25,0.0,0.0,False
V3_CANDIDATE_DEVELOPMENT_ONLY_SURFACE,M3T,0.2,0.5,0.5,0.0,0.1,66.5,1000000,UNSUPPORTED_WITHOUT_REPLAY,0.0,0.0,0.0,False
V3_CANDIDATE_DEVELOPMENT_ONLY_SURFACE,M3T,0.2,0.5,0.5,0.0,0.1,66.5,1000000,UNSUPPORTED_WITHOUT_REPLAY,0.05,0.0,0.0,False
V3_CANDIDATE_DEVELOPMENT_ONLY_SURFACE,M3T,0.2,0.5,0.5,0.0,0.1,66.5,1000000,UNSUPPORTED_WITHOUT_REPLAY,0.1,0.0,0.0,False
V3_CANDIDATE_DEVELOPMENT_ONLY_SURFACE,M3T,0.2,0.5,0.5,0.0,0.1,66.5,1000000,UNSUPPORTED_WITHOUT_REPLAY,0.25,0.0,0.0,False
V3_CANDIDATE_DEVELOPMENT_ONLY_SURFACE,M3T,0.2,0.5,0.5,0.0,0.1,77.5,1000000,UNSUPPORTED_WITHOUT_REPLAY,0.0,0.0,0.0,False
V3_CANDIDATE_DEVELOPMENT_ONLY_SURFACE,M3T,0.2,0.5,0.5,0.0,0.1,77.5,1000000,UNSUPPORTED_WITHOUT_REPLAY,0.05,0.0,0.0,False
V3_CANDIDATE_DEVELOPMENT_ONLY_SURFACE,M3T,0.2,0.5,0.5,0.0,0.1,77.5,1000000,UNSUPPORTED_WITHOUT_REPLAY,0.1,0.0,0.0,False
V3_CANDIDATE_DEVELOPMENT_ONLY_SURFACE,M3T,0.2,0.5,0.5,0.0,0.1,77.5,1000000,UNSUPPORTED_WITHOUT_REPLAY,0.25,0.0,0.0,False
V3_CANDIDATE_DEVELOPMENT_ONLY_SURFACE,M3T,0.2,0.5,0.5,0.4,0.0,59.5,1000000,UNSUPPORTED_WITHOUT_REPLAY,0.0,0.0,0.0,False
V3_CANDIDATE_DEVELOPMENT_ONLY_SURFACE,M3T,0.2,0.5,0.5,0.4,0.0,59.5,1000000,UNSUPPORTED_WITHOUT_REPLAY,0.05,0.0,0.0,False
V3_CANDIDATE_DEVELOPMENT_ONLY_SURFACE,M3T,0.2,0.5,0.5,0.4,0.0,59.5,1000000,UNSUPPORTED_WITHOUT_REPLAY,0.1,0.0,0.0,False
V3_CANDIDATE_DEVELOPMENT_ONLY_SURFACE,M3T,0.2,0.5,0.5,0.4,0.0,59.5,1000000,UNSUPPORTED_WITHOUT_REPLAY,0.25,0.0,0.0,False
V3_CANDIDATE_DEVELOPMENT_ONLY_SURFACE,M3T,0.2,0.5,0.5,0.4,0.0,66.5,1000000,UNSUPPORTED_WITHOUT_REPLAY,0.0,0.0,0.0,False
V3_CANDIDATE_DEVELOPMENT_ONLY_SURFACE,M3T,0.2,0.5,0.5,0.4,0.0,66.5,1000000,UNSUPPORTED_WITHOUT_REPLAY,0.05,0.0,0.0,False
V3_CANDIDATE_DEVELOPMENT_ONLY_SURFACE,M3T,0.2,0.5,0.5,0.4,0.0,66.5,1000000,UNSUPPORTED_WITHOUT_REPLAY,0.1,0.0,0.0,False
V3_CANDIDATE_DEVELOPMENT_ONLY_SURFACE,M3T,0.2,0.5,0.5,0.4,0.0,66.5,1000000,UNSUPPORTED_WITHOUT_REPLAY,0.25,0.0,0.0,False
V3_CANDIDATE_DEVELOPMENT_ONLY_SURFACE,M3T,0.2,0.5,0.5,0.4,0.0,77.5,1000000,UNSUPPORTED_WITHOUT_REPLAY,0.0,0.0,0.0,False
V3_CANDIDATE_DEVELOPMENT_ONLY_SURFACE,M3T,0.2,0.5,0.5,0.4,0.0,77.5,1000000,UNSUPPORTED_WITHOUT_REPLAY,0.05,0.0,0.0,False
V3_CANDIDATE_DEVELOPMENT_ONLY_SURFACE,M3T,0.2,0.5,0.5,0.4,0.0,77.5,1000000,UNSUPPORTED_WITHOUT_REPLAY,0.1,0.0,0.0,False
V3_CANDIDATE_DEVELOPMENT_ONLY_SURFACE,M3T,0.2,0.5,0.5,0.4,0.0,77.5,1000000,UNSUPPORTED_WITHOUT_REPLAY,0.25,0.0,0.0,False
V3_CANDIDATE_DEVELOPMENT_ONLY_SURFACE,M3T,0.2,0.5,0.5,0.4,0.05,59.5,1000000,UNSUPPORTED_WITHOUT_REPLAY,0.0,0.0,0.0,False
V3_CANDIDATE_DEVELOPMENT_ONLY_SURFACE,M3T,0.2,0.5,0.5,0.4,0.05,59.5,1000000,UNSUPPORTED_WITHOUT_REPLAY,0.05,0.0,0.0,False
V3_CANDIDATE_DEVELOPMENT_ONLY_SURFACE,M3T,0.2,0.5,0.5,0.4,0.05,59.5,1000000,UNSUPPORTED_WITHOUT_REPLAY,0.1,0.0,0.0,False
V3_CANDIDATE_DEVELOPMENT_ONLY_SURFACE,M3T,0.2,0.5,0.5,0.4,0.05,59.5,1000000,UNSUPPORTED_WITHOUT_REPLAY,0.25,0.0,0.0,False
V3_CANDIDATE_DEVELOPMENT_ONLY_SURFACE,M3T,0.2,0.5,0.5,0.4,0.05,66.5,1000000,UNSUPPORTED_WITHOUT_REPLAY,0.0,0.0,0.0,False
V3_CANDIDATE_DEVELOPMENT_ONLY_SURFACE,M3T,0.2,0.5,0.5,0.4,0.05,66.5,1000000,UNSUPPORTED_WITHOUT_REPLAY,0.05,0.0,0.0,False
V3_CANDIDATE_DEVELOPMENT_ONLY_SURFACE,M3T,0.2,0.5,0.5,0.4,0.05,66.5,1000000,UNSUPPORTED_WITHOUT_REPLAY,0.1,0.0,0.0,False
V3_CANDIDATE_DEVELOPMENT_ONLY_SURFACE,M3T,0.2,0.5,0.5,0.4,0.05,66.5,1000000,UNSUPPORTED_WITHOUT_REPLAY,0.25,0.0,0.0,False
V3_CANDIDATE_DEVELOPMENT_ONLY_SURFACE,M3T,0.2,0.5,0.5,0.4,0.05,77.5,1000000,UNSUPPORTED_WITHOUT_REPLAY,0.0,0.0,0.0,False
V3_CANDIDATE_DEVELOPMENT_ONLY_SURFACE,M3T,0.2,0.5,0.5,0.4,0.05,77.5,1000000,UNSUPPORTED_WITHOUT_REPLAY,0.05,0.0,0.0,False
V3_CANDIDATE_DEVELOPMENT_ONLY_SURFACE,M3T,0.2,0.5,0.5,0.4,0.05,77.5,1000000,UNSUPPORTED_WITHOUT_REPLAY,0.1,0.0,0.0,False
V3_CANDIDATE_DEVELOPMENT_ONLY_SURFACE,M3T,0.2,0.5,0.5,0.4,0.05,77.5,1000000,UNSUPPORTED_WITHOUT_REPLAY,0.25,0.0,0.0,False
V3_CANDIDATE_DEVELOPMENT_ONLY_SURFACE,M3T,0.2,0.5,0.5,0.4,0.1,59.5,1000000,UNSUPPORTED_WITHOUT_REPLAY,0.0,0.0,0.0,False
V3_CANDIDATE_DEVELOPMENT_ONLY_SURFACE,M3T,0.2,0.5,0.5,0.4,0.1,59.5,1000000,UNSUPPORTED_WITHOUT_REPLAY,0.05,0.0,0.0,False
V3_CANDIDATE_DEVELOPMENT_ONLY_SURFACE,M3T,0.2,0.5,0.5,0.4,0.1,59.5,1000000,UNSUPPORTED_WITHOUT_REPLAY,0.1,0.0,0.0,False
V3_CANDIDATE_DEVELOPMENT_ONLY_SURFACE,M3T,0.2,0.5,0.5,0.4,0.1,59.5,1000000,UNSUPPORTED_WITHOUT_REPLAY,0.25,0.0,0.0,False
V3_CANDIDATE_DEVELOPMENT_ONLY_SURFACE,M3T,0.2,0.5,0.5,0.4,0.1,66.5,1000000,UNSUPPORTED_WITHOUT_REPLAY,0.0,0.0,0.0,False
V3_CANDIDATE_DEVELOPMENT_ONLY_SURFACE,M3T,0.2,0.5,0.5,0.4,0.1,66.5,1000000,UNSUPPORTED_WITHOUT_REPLAY,0.05,0.0,0.0,False
V3_CANDIDATE_DEVELOPMENT_ONLY_SURFACE,M3T,0.2,0.5,0.5,0.4,0.1,66.5,1000000,UNSUPPORTED_WITHOUT_REPLAY,0.1,0.0,0.0,False
V3_CANDIDATE_DEVELOPMENT_ONLY_SURFACE,M3T,0.2,0.5,0.5,0.4,0.1,66.5,1000000,UNSUPPORTED_WITHOUT_REPLAY,0.25,0.0,0.0,False
V3_CANDIDATE_DEVELOPMENT_ONLY_SURFACE,M3T,0.2,0.5,0.5,0.4,0.1,77.5,1000000,UNSUPPORTED_WITHOUT_REPLAY,0.0,0.0,0.0,False
V3_CANDIDATE_DEVELOPMENT_ONLY_SURFACE,M3T,0.2,0.5,0.5,0.4,0.1,77.5,1000000,UNSUPPORTED_WITHOUT_REPLAY,0.05,0.0,0.0,False
V3_CANDIDATE_DEVELOPMENT_ONLY_SURFACE,M3T,0.2,0.5,0.5,0.4,0.1,77.5,1000000,UNSUPPORTED_WITHOUT_REPLAY,0.1,0.0,0.0,False
V3_CANDIDATE_DEVELOPMENT_ONLY_SURFACE,M3T,0.2,0.5,0.5,0.4,0.1,77.5,1000000,UNSUPPORTED_WITHOUT_REPLAY,0.25,0.0,0.0,False
V3_CANDIDATE_DEVELOPMENT_ONLY_SURFACE,M3T,0.2,0.5,0.5,0.6,0.0,59.5,1000000,UNSUPPORTED_WITHOUT_REPLAY,0.0,0.0,0.0,False
V3_CANDIDATE_DEVELOPMENT_ONLY_SURFACE,M3T,0.2,0.5,0.5,0.6,0.0,59.5,1000000,UNSUPPORTED_WITHOUT_REPLAY,0.05,0.0,0.0,False
V3_CANDIDATE_DEVELOPMENT_ONLY_SURFACE,M3T,0.2,0.5,0.5,0.6,0.0,59.5,1000000,UNSUPPORTED_WITHOUT_REPLAY,0.1,0.0,0.0,False
V3_CANDIDATE_DEVELOPMENT_ONLY_SURFACE,M3T,0.2,0.5,0.5,0.6,0.0,59.5,1000000,UNSUPPORTED_WITHOUT_REPLAY,0.25,0.0,0.0,False
V3_CANDIDATE_DEVELOPMENT_ONLY_SURFACE,M3T,0.2,0.5,0.5,0.6,0.0,66.5,1000000,UNSUPPORTED_WITHOUT_REPLAY,0.0,0.0,0.0,False
V3_CANDIDATE_DEVELOPMENT_ONLY_SURFACE,M3T,0.2,0.5,0.5,0.6,0.0,66.5,1000000,UNSUPPORTED_WITHOUT_REPLAY,0.05,0.0,0.0,False
V3_CANDIDATE_DEVELOPMENT_ONLY_SURFACE,M3T,0.2,0.5,0.5,0.6,0.0,66.5,1000000,UNSUPPORTED_WITHOUT_REPLAY,0.1,0.0,0.0,False
V3_CANDIDATE_DEVELOPMENT_ONLY_SURFACE,M3T,0.2,0.5,0.5,0.6,0.0,66.5,1000000,UNSUPPORTED_WITHOUT_REPLAY,0.25,0.0,0.0,False
V3_CANDIDATE_DEVELOPMENT_ONLY_SURFACE,M3T,0.2,0.5,0.5,0.6,0.0,77.5,1000000,UNSUPPORTED_WITHOUT_REPLAY,0.0,0.0,0.0,False
V3_CANDIDATE_DEVELOPMENT_ONLY_SURFACE,M3T,0.2,0.5,0.5,0.6,0.0,77.5,1000000,UNSUPPORTED_WITHOUT_REPLAY,0.05,0.0,0.0,False
V3_CANDIDATE_DEVELOPMENT_ONLY_SURFACE,M3T,0.2,0.5,0.5,0.6,0.0,77.5,1000000,UNSUPPORTED_WITHOUT_REPLAY,0.1,0.0,0.0,False
V3_CANDIDATE_DEVELOPMENT_ONLY_SURFACE,M3T,0.2,0.5,0.5,0.6,0.0,77.5,1000000,UNSUPPORTED_WITHOUT_REPLAY,0.25,0.0,0.0,False
V3_CANDIDATE_DEVELOPMENT_ONLY_SURFACE,M3T,0.2,0.5,0.5,0.6,0.05,59.5,1000000,UNSUPPORTED_WITHOUT_REPLAY,0.0,0.0,0.0,False
V3_CANDIDATE_DEVELOPMENT_ONLY_SURFACE,M3T,0.2,0.5,0.5,0.6,0.05,59.5,1000000,UNSUPPORTED_WITHOUT_REPLAY,0.05,0.0,0.0,False
V3_CANDIDATE_DEVELOPMENT_ONLY_SURFACE,M3T,0.2,0.5,0.5,0.6,0.05,59.5,1000000,UNSUPPORTED_WITHOUT_REPLAY,0.1,0.0,0.0,False
V3_CANDIDATE_DEVELOPMENT_ONLY_SURFACE,M3T,0.2,0.5,0.5,0.6,0.05,59.5,1000000,UNSUPPORTED_WITHOUT_REPLAY,0.25,0.0,0.0,False
V3_CANDIDATE_DEVELOPMENT_ONLY_SURFACE,M3T,0.2,0.5,0.5,0.6,0.05,66.5,1000000,UNSUPPORTED_WITHOUT_REPLAY,0.0,0.0,0.0,False
V3_CANDIDATE_DEVELOPMENT_ONLY_SURFACE,M3T,0.2,0.5,0.5,0.6,0.05,66.5,1000000,UNSUPPORTED_WITHOUT_REPLAY,0.05,0.0,0.0,False
V3_CANDIDATE_DEVELOPMENT_ONLY_SURFACE,M3T,0.2,0.5,0.5,0.6,0.05,66.5,1000000,UNSUPPORTED_WITHOUT_REPLAY,0.1,0.0,0.0,False
V3_CANDIDATE_DEVELOPMENT_ONLY_SURFACE,M3T,0.2,0.5,0.5,0.6,0.05,66.5,1000000,UNSUPPORTED_WITHOUT_REPLAY,0.25,0.0,0.0,False
V3_CANDIDATE_DEVELOPMENT_ONLY_SURFACE,M3T,0.2,0.5,0.5,0.6,0.05,77.5,1000000,UNSUPPORTED_WITHOUT_REPLAY,0.0,0.0,0.0,False
V3_CANDIDATE_DEVELOPMENT_ONLY_SURFACE,M3T,0.2,0.5,0.5,0.6,0.05,77.5,1000000,UNSUPPORTED_WITHOUT_REPLAY,0.05,0.0,0.0,False
V3_CANDIDATE_DEVELOPMENT_ONLY_SURFACE,M3T,0.2,0.5,0.5,0.6,0.05,77.5,1000000,UNSUPPORTED_WITHOUT_REPLAY,0.1,0.0,0.0,False
V3_CANDIDATE_DEVELOPMENT_ONLY_SURFACE,M3T,0.2,0.5,0.5,0.6,0.05,77.5,1000000,UNSUPPORTED_WITHOUT_REPLAY,0.25,0.0,0.0,False
V3_CANDIDATE_DEVELOPMENT_ONLY_SURFACE,M3T,0.2,0.5,0.5,0.6,0.1,59.5,1000000,UNSUPPORTED_WITHOUT_REPLAY,0.0,0.0,0.0,False
V3_CANDIDATE_DEVELOPMENT_ONLY_SURFACE,M3T,0.2,0.5,0.5,0.6,0.1,59.5,1000000,UNSUPPORTED_WITHOUT_REPLAY,0.05,0.0,0.0,False
V3_CANDIDATE_DEVELOPMENT_ONLY_SURFACE,M3T,0.2,0.5,0.5,0.6,0.1,59.5,1000000,UNSUPPORTED_WITHOUT_REPLAY,0.1,0.0,0.0,False
V3_CANDIDATE_DEVELOPMENT_ONLY_SURFACE,M3T,0.2,0.5,0.5,0.6,0.1,59.5,1000000,UNSUPPORTED_WITHOUT_REPLAY,0.25,0.0,0.0,False
V3_CANDIDATE_DEVELOPMENT_ONLY_SURFACE,M3T,0.2,0.5,0.5,0.6,0.1,66.5,1000000,UNSUPPORTED_WITHOUT_REPLAY,0.0,0.0,0.0,False
V3_CANDIDATE_DEVELOPMENT_ONLY_SURFACE,M3T,0.2,0.5,0.5,0.6,0.1,66.5,1000000,UNSUPPORTED_WITHOUT_REPLAY,0.05,0.0,0.0,False
V3_CANDIDATE_DEVELOPMENT_ONLY_SURFACE,M3T,0.2,0.5,0.5,0.6,0.1,66.5,1000000,UNSUPPORTED_WITHOUT_REPLAY,0.1,0.0,0.0,False
V3_CANDIDATE_DEVELOPMENT_ONLY_SURFACE,M3T,0.2,0.5,0.5,0.6,0.1,66.5,1000000,UNSUPPORTED_WITHOUT_REPLAY,0.25,0.0,0.0,False
V3_CANDIDATE_DEVELOPMENT_ONLY_SURFACE,M3T,0.2,0.5,0.5,0.6,0.1,77.5,1000000,UNSUPPORTED_WITHOUT_REPLAY,0.0,0.0,0.0,False
V3_CANDIDATE_DEVELOPMENT_ONLY_SURFACE,M3T,0.2,0.5,0.5,0.6,0.1,77.5,1000000,UNSUPPORTED_WITHOUT_REPLAY,0.05,0.0,0.0,False
V3_CANDIDATE_DEVELOPMENT_ONLY_SURFACE,M3T,0.2,0.5,0.5,0.6,0.1,77.5,1000000,UNSUPPORTED_WITHOUT_REPLAY,0.1,0.0,0.0,False
V3_CANDIDATE_DEVELOPMENT_ONLY_SURFACE,M3T,0.2,0.5,0.5,0.6,0.1,77.5,1000000,UNSUPPORTED_WITHOUT_REPLAY,0.25,0.0,0.0,False
V3_CANDIDATE_DEVELOPMENT_ONLY_SURFACE,M3T,0.2,0.5,0.5,0.8,0.0,59.5,1000000,UNSUPPORTED_WITHOUT_REPLAY,0.0,0.0,0.0,False
V3_CANDIDATE_DEVELOPMENT_ONLY_SURFACE,M3T,0.2,0.5,0.5,0.8,0.0,59.5,1000000,UNSUPPORTED_WITHOUT_REPLAY,0.05,0.0,0.0,False
V3_CANDIDATE_DEVELOPMENT_ONLY_SURFACE,M3T,0.2,0.5,0.5,0.8,0.0,59.5,1000000,UNSUPPORTED_WITHOUT_REPLAY,0.1,0.0,0.0,False
V3_CANDIDATE_DEVELOPMENT_ONLY_SURFACE,M3T,0.2,0.5,0.5,0.8,0.0,59.5,1000000,UNSUPPORTED_WITHOUT_REPLAY,0.25,0.0,0.0,False
V3_CANDIDATE_DEVELOPMENT_ONLY_SURFACE,M3T,0.2,0.5,0.5,0.8,0.0,66.5,1000000,UNSUPPORTED_WITHOUT_REPLAY,0.0,0.0,0.0,False
V3_CANDIDATE_DEVELOPMENT_ONLY_SURFACE,M3T,0.2,0.5,0.5,0.8,0.0,66.5,1000000,UNSUPPORTED_WITHOUT_REPLAY,0.05,0.0,0.0,False
V3_CANDIDATE_DEVELOPMENT_ONLY_SURFACE,M3T,0.2,0.5,0.5,0.8,0.0,66.5,1000000,UNSUPPORTED_WITHOUT_REPLAY,0.1,0.0,0.0,False
V3_CANDIDATE_DEVELOPMENT_ONLY_SURFACE,M3T,0.2,0.5,0.5,0.8,0.0,66.5,1000000,UNSUPPORTED_WITHOUT_REPLAY,0.25,0.0,0.0,False
V3_CANDIDATE_DEVELOPMENT_ONLY_SURFACE,M3T,0.2,0.5,0.5,0.8,0.0,77.5,1000000,UNSUPPORTED_WITHOUT_REPLAY,0.0,0.0,0.0,False
V3_CANDIDATE_DEVELOPMENT_ONLY_SURFACE,M3T,0.2,0.5,0.5,0.8,0.0,77.5,1000000,UNSUPPORTED_WITHOUT_REPLAY,0.05,0.0,0.0,False
V3_CANDIDATE_DEVELOPMENT_ONLY_SURFACE,M3T,0.2,0.5,0.5,0.8,0.0,77.5,1000000,UNSUPPORTED_WITHOUT_REPLAY,0.1,0.0,0.0,False
V3_CANDIDATE_DEVELOPMENT_ONLY_SURFACE,M3T,0.2,0.5,0.5,0.8,0.0,77.5,1000000,UNSUPPORTED_WITHOUT_REPLAY,0.25,0.0,0.0,False
V3_CANDIDATE_DEVELOPMENT_ONLY_SURFACE,M3T,0.2,0.5,0.5,0.8,0.05,59.5,1000000,UNSUPPORTED_WITHOUT_REPLAY,0.0,0.0,0.0,False
V3_CANDIDATE_DEVELOPMENT_ONLY_SURFACE,M3T,0.2,0.5,0.5,0.8,0.05,59.5,1000000,UNSUPPORTED_WITHOUT_REPLAY,0.05,0.0,0.0,False
V3_CANDIDATE_DEVELOPMENT_ONLY_SURFACE,M3T,0.2,0.5,0.5,0.8,0.05,59.5,1000000,UNSUPPORTED_WITHOUT_REPLAY,0.1,0.0,0.0,False
V3_CANDIDATE_DEVELOPMENT_ONLY_SURFACE,M3T,0.2,0.5,0.5,0.8,0.05,59.5,1000000,UNSUPPORTED_WITHOUT_REPLAY,0.25,0.0,0.0,False
V3_CANDIDATE_DEVELOPMENT_ONLY_SURFACE,M3T,0.2,0.5,0.5,0.8,0.05,66.5,1000000,UNSUPPORTED_WITHOUT_REPLAY,0.0,0.0,0.0,False
V3_CANDIDATE_DEVELOPMENT_ONLY_SURFACE,M3T,0.2,0.5,0.5,0.8,0.05,66.5,1000000,UNSUPPORTED_WITHOUT_REPLAY,0.05,0.0,0.0,False
V3_CANDIDATE_DEVELOPMENT_ONLY_SURFACE,M3T,0.2,0.5,0.5,0.8,0.05,66.5,1000000,UNSUPPORTED_WITHOUT_REPLAY,0.1,0.0,0.0,False
V3_CANDIDATE_DEVELOPMENT_ONLY_SURFACE,M3T,0.2,0.5,0.5,0.8,0.05,66.5,1000000,UNSUPPORTED_WITHOUT_REPLAY,0.25,0.0,0.0,False
V3_CANDIDATE_DEVELOPMENT_ONLY_SURFACE,M3T,0.2,0.5,0.5,0.8,0.05,77.5,1000000,UNSUPPORTED_WITHOUT_REPLAY,0.0,0.0,0.0,False
V3_CANDIDATE_DEVELOPMENT_ONLY_SURFACE,M3T,0.2,0.5,0.5,0.8,0.05,77.5,1000000,UNSUPPORTED_WITHOUT_REPLAY,0.05,0.0,0.0,False
V3_CANDIDATE_DEVELOPMENT_ONLY_SURFACE,M3T,0.2,0.5,0.5,0.8,0.05,77.5,1000000,UNSUPPORTED_WITHOUT_REPLAY,0.1,0.0,0.0,False
V3_CANDIDATE_DEVELOPMENT_ONLY_SURFACE,M3T,0.2,0.5,0.5,0.8,0.05,77.5,1000000,UNSUPPORTED_WITHOUT_REPLAY,0.25,0.0,0.0,False
V3_CANDIDATE_DEVELOPMENT_ONLY_SURFACE,M3T,0.2,0.5,0.5,0.8,0.1,59.5,1000000,UNSUPPORTED_WITHOUT_REPLAY,0.0,0.0,0.0,False
V3_CANDIDATE_DEVELOPMENT_ONLY_SURFACE,M3T,0.2,0.5,0.5,0.8,0.1,59.5,1000000,UNSUPPORTED_WITHOUT_REPLAY,0.05,0.0,0.0,False
V3_CANDIDATE_DEVELOPMENT_ONLY_SURFACE,M3T,0.2,0.5,0.5,0.8,0.1,59.5,1000000,UNSUPPORTED_WITHOUT_REPLAY,0.1,0.0,0.0,False
V3_CANDIDATE_DEVELOPMENT_ONLY_SURFACE,M3T,0.2,0.5,0.5,0.8,0.1,59.5,1000000,UNSUPPORTED_WITHOUT_REPLAY,0.25,0.0,0.0,False
V3_CANDIDATE_DEVELOPMENT_ONLY_SURFACE,M3T,0.2,0.5,0.5,0.8,0.1,66.5,1000000,UNSUPPORTED_WITHOUT_REPLAY,0.0,0.0,0.0,False
V3_CANDIDATE_DEVELOPMENT_ONLY_SURFACE,M3T,0.2,0.5,0.5,0.8,0.1,66.5,1000000,UNSUPPORTED_WITHOUT_REPLAY,0.05,0.0,0.0,False
V3_CANDIDATE_DEVELOPMENT_ONLY_SURFACE,M3T,0.2,0.5,0.5,0.8,0.1,66.5,1000000,UNSUPPORTED_WITHOUT_REPLAY,0.1,0.0,0.0,False
V3_CANDIDATE_DEVELOPMENT_ONLY_SURFACE,M3T,0.2,0.5,0.5,0.8,0.1,66.5,1000000,UNSUPPORTED_WITHOUT_REPLAY,0.25,0.0,0.0,False
V3_CANDIDATE_DEVELOPMENT_ONLY_SURFACE,M3T,0.2,0.5,0.5,0.8,0.1,77.5,1000000,UNSUPPORTED_WITHOUT_REPLAY,0.0,0.0,0.0,False
V3_CANDIDATE_DEVELOPMENT_ONLY_SURFACE,M3T,0.2,0.5,0.5,0.8,0.1,77.5,1000000,UNSUPPORTED_WITHOUT_REPLAY,0.05,0.0,0.0,False
V3_CANDIDATE_DEVELOPMENT_ONLY_SURFACE,M3T,0.2,0.5,0.5,0.8,0.1,77.5,1000000,UNSUPPORTED_WITHOUT_REPLAY,0.1,0.0,0.0,False
V3_CANDIDATE_DEVELOPMENT_ONLY_SURFACE,M3T,0.2,0.5,0.5,0.8,0.1,77.5,1000000,UNSUPPORTED_WITHOUT_REPLAY,0.25,0.0,0.0,False
V3_CANDIDATE_DEVELOPMENT_ONLY_SURFACE,M3T,0.2,0.5,1.0,0.0,0.0,59.5,1000000,UNSUPPORTED_WITHOUT_REPLAY,0.0,0.0,0.0,False
V3_CANDIDATE_DEVELOPMENT_ONLY_SURFACE,M3T,0.2,0.5,1.0,0.0,0.0,59.5,1000000,UNSUPPORTED_WITHOUT_REPLAY,0.05,0.0,0.0,False
V3_CANDIDATE_DEVELOPMENT_ONLY_SURFACE,M3T,0.2,0.5,1.0,0.0,0.0,59.5,1000000,UNSUPPORTED_WITHOUT_REPLAY,0.1,0.0,0.0,False
V3_CANDIDATE_DEVELOPMENT_ONLY_SURFACE,M3T,0.2,0.5,1.0,0.0,0.0,59.5,1000000,UNSUPPORTED_WITHOUT_REPLAY,0.25,0.0,0.0,False
V3_CANDIDATE_DEVELOPMENT_ONLY_SURFACE,M3T,0.2,0.5,1.0,0.0,0.0,66.5,1000000,UNSUPPORTED_WITHOUT_REPLAY,0.0,0.0,0.0,False
V3_CANDIDATE_DEVELOPMENT_ONLY_SURFACE,M3T,0.2,0.5,1.0,0.0,0.0,66.5,1000000,UNSUPPORTED_WITHOUT_REPLAY,0.05,0.0,0.0,False
V3_CANDIDATE_DEVELOPMENT_ONLY_SURFACE,M3T,0.2,0.5,1.0,0.0,0.0,66.5,1000000,UNSUPPORTED_WITHOUT_REPLAY,0.1,0.0,0.0,False
V3_CANDIDATE_DEVELOPMENT_ONLY_SURFACE,M3T,0.2,0.5,1.0,0.0,0.0,66.5,1000000,UNSUPPORTED_WITHOUT_REPLAY,0.25,0.0,0.0,False
V3_CANDIDATE_DEVELOPMENT_ONLY_SURFACE,M3T,0.2,0.5,1.0,0.0,0.0,77.5,1000000,UNSUPPORTED_WITHOUT_REPLAY,0.0,0.0,0.0,False
V3_CANDIDATE_DEVELOPMENT_ONLY_SURFACE,M3T,0.2,0.5,1.0,0.0,0.0,77.5,1000000,UNSUPPORTED_WITHOUT_REPLAY,0.05,0.0,0.0,False
V3_CANDIDATE_DEVELOPMENT_ONLY_SURFACE,M3T,0.2,0.5,1.0,0.0,0.0,77.5,1000000,UNSUPPORTED_WITHOUT_REPLAY,0.1,0.0,0.0,False
V3_CANDIDATE_DEVELOPMENT_ONLY_SURFACE,M3T,0.2,0.5,1.0,0.0,0.0,77.5,1000000,UNSUPPORTED_WITHOUT_REPLAY,0.25,0.0,0.0,False
V3_CANDIDATE_DEVELOPMENT_ONLY_SURFACE,M3T,0.2,0.5,1.0,0.0,0.05,59.5,1000000,UNSUPPORTED_WITHOUT_REPLAY,0.0,0.0,0.0,False
V3_CANDIDATE_DEVELOPMENT_ONLY_SURFACE,M3T,0.2,0.5,1.0,0.0,0.05,59.5,1000000,UNSUPPORTED_WITHOUT_REPLAY,0.05,0.0,0.0,False
V3_CANDIDATE_DEVELOPMENT_ONLY_SURFACE,M3T,0.2,0.5,1.0,0.0,0.05,59.5,1000000,UNSUPPORTED_WITHOUT_REPLAY,0.1,0.0,0.0,False
V3_CANDIDATE_DEVELOPMENT_ONLY_SURFACE,M3T,0.2,0.5,1.0,0.0,0.05,59.5,1000000,UNSUPPORTED_WITHOUT_REPLAY,0.25,0.0,0.0,False
V3_CANDIDATE_DEVELOPMENT_ONLY_SURFACE,M3T,0.2,0.5,1.0,0.0,0.05,66.5,1000000,UNSUPPORTED_WITHOUT_REPLAY,0.0,0.0,0.0,False
V3_CANDIDATE_DEVELOPMENT_ONLY_SURFACE,M3T,0.2,0.5,1.0,0.0,0.05,66.5,1000000,UNSUPPORTED_WITHOUT_REPLAY,0.05,0.0,0.0,False
V3_CANDIDATE_DEVELOPMENT_ONLY_SURFACE,M3T,0.2,0.5,1.0,0.0,0.05,66.5,1000000,UNSUPPORTED_WITHOUT_REPLAY,0.1,0.0,0.0,False
V3_CANDIDATE_DEVELOPMENT_ONLY_SURFACE,M3T,0.2,0.5,1.0,0.0,0.05,66.5,1000000,UNSUPPORTED_WITHOUT_REPLAY,0.25,0.0,0.0,False
V3_CANDIDATE_DEVELOPMENT_ONLY_SURFACE,M3T,0.2,0.5,1.0,0.0,0.05,77.5,1000000,UNSUPPORTED_WITHOUT_REPLAY,0.0,0.0,0.0,False
V3_CANDIDATE_DEVELOPMENT_ONLY_SURFACE,M3T,0.2,0.5,1.0,0.0,0.05,77.5,1000000,UNSUPPORTED_WITHOUT_REPLAY,0.05,0.0,0.0,False
V3_CANDIDATE_DEVELOPMENT_ONLY_SURFACE,M3T,0.2,0.5,1.0,0.0,0.05,77.5,1000000,UNSUPPORTED_WITHOUT_REPLAY,0.1,0.0,0.0,False
V3_CANDIDATE_DEVELOPMENT_ONLY_SURFACE,M3T,0.2,0.5,1.0,0.0,0.05,77.5,1000000,UNSUPPORTED_WITHOUT_REPLAY,0.25,0.0,0.0,False
V3_CANDIDATE_DEVELOPMENT_ONLY_SURFACE,M3T,0.2,0.5,1.0,0.0,0.1,59.5,1000000,UNSUPPORTED_WITHOUT_REPLAY,0.0,0.0,0.0,False
V3_CANDIDATE_DEVELOPMENT_ONLY_SURFACE,M3T,0.2,0.5,1.0,0.0,0.1,59.5,1000000,UNSUPPORTED_WITHOUT_REPLAY,0.05,0.0,0.0,False
V3_CANDIDATE_DEVELOPMENT_ONLY_SURFACE,M3T,0.2,0.5,1.0,0.0,0.1,59.5,1000000,UNSUPPORTED_WITHOUT_REPLAY,0.1,0.0,0.0,False
V3_CANDIDATE_DEVELOPMENT_ONLY_SURFACE,M3T,0.2,0.5,1.0,0.0,0.1,59.5,1000000,UNSUPPORTED_WITHOUT_REPLAY,0.25,0.0,0.0,False
V3_CANDIDATE_DEVELOPMENT_ONLY_SURFACE,M3T,0.2,0.5,1.0,0.0,0.1,66.5,1000000,UNSUPPORTED_WITHOUT_REPLAY,0.0,0.0,0.0,False
V3_CANDIDATE_DEVELOPMENT_ONLY_SURFACE,M3T,0.2,0.5,1.0,0.0,0.1,66.5,1000000,UNSUPPORTED_WITHOUT_REPLAY,0.05,0.0,0.0,False
V3_CANDIDATE_DEVELOPMENT_ONLY_SURFACE,M3T,0.2,0.5,1.0,0.0,0.1,66.5,1000000,UNSUPPORTED_WITHOUT_REPLAY,0.1,0.0,0.0,False
V3_CANDIDATE_DEVELOPMENT_ONLY_SURFACE,M3T,0.2,0.5,1.0,0.0,0.1,66.5,1000000,UNSUPPORTED_WITHOUT_REPLAY,0.25,0.0,0.0,False
V3_CANDIDATE_DEVELOPMENT_ONLY_SURFACE,M3T,0.2,0.5,1.0,0.0,0.1,77.5,1000000,UNSUPPORTED_WITHOUT_REPLAY,0.0,0.0,0.0,False
V3_CANDIDATE_DEVELOPMENT_ONLY_SURFACE,M3T,0.2,0.5,1.0,0.0,0.1,77.5,1000000,UNSUPPORTED_WITHOUT_REPLAY,0.05,0.0,0.0,False
V3_CANDIDATE_DEVELOPMENT_ONLY_SURFACE,M3T,0.2,0.5,1.0,0.0,0.1,77.5,1000000,UNSUPPORTED_WITHOUT_REPLAY,0.1,0.0,0.0,False
V3_CANDIDATE_DEVELOPMENT_ONLY_SURFACE,M3T,0.2,0.5,1.0,0.0,0.1,77.5,1000000,UNSUPPORTED_WITHOUT_REPLAY,0.25,0.0,0.0,False
V3_CANDIDATE_DEVELOPMENT_ONLY_SURFACE,M3T,0.2,0.5,1.0,0.4,0.0,59.5,1000000,UNSUPPORTED_WITHOUT_REPLAY,0.0,0.0,0.0,False
V3_CANDIDATE_DEVELOPMENT_ONLY_SURFACE,M3T,0.2,0.5,1.0,0.4,0.0,59.5,1000000,UNSUPPORTED_WITHOUT_REPLAY,0.05,0.0,0.0,False
V3_CANDIDATE_DEVELOPMENT_ONLY_SURFACE,M3T,0.2,0.5,1.0,0.4,0.0,59.5,1000000,UNSUPPORTED_WITHOUT_REPLAY,0.1,0.0,0.0,False
V3_CANDIDATE_DEVELOPMENT_ONLY_SURFACE,M3T,0.2,0.5,1.0,0.4,0.0,59.5,1000000,UNSUPPORTED_WITHOUT_REPLAY,0.25,0.0,0.0,False
V3_CANDIDATE_DEVELOPMENT_ONLY_SURFACE,M3T,0.2,0.5,1.0,0.4,0.0,66.5,1000000,UNSUPPORTED_WITHOUT_REPLAY,0.0,0.0,0.0,False
V3_CANDIDATE_DEVELOPMENT_ONLY_SURFACE,M3T,0.2,0.5,1.0,0.4,0.0,66.5,1000000,UNSUPPORTED_WITHOUT_REPLAY,0.05,0.0,0.0,False
V3_CANDIDATE_DEVELOPMENT_ONLY_SURFACE,M3T,0.2,0.5,1.0,0.4,0.0,66.5,1000000,UNSUPPORTED_WITHOUT_REPLAY,0.1,0.0,0.0,False
V3_CANDIDATE_DEVELOPMENT_ONLY_SURFACE,M3T,0.2,0.5,1.0,0.4,0.0,66.5,1000000,UNSUPPORTED_WITHOUT_REPLAY,0.25,0.0,0.0,False
V3_CANDIDATE_DEVELOPMENT_ONLY_SURFACE,M3T,0.2,0.5,1.0,0.4,0.0,77.5,1000000,UNSUPPORTED_WITHOUT_REPLAY,0.0,0.0,0.0,False
V3_CANDIDATE_DEVELOPMENT_ONLY_SURFACE,M3T,0.2,0.5,1.0,0.4,0.0,77.5,1000000,UNSUPPORTED_WITHOUT_REPLAY,0.05,0.0,0.0,False
V3_CANDIDATE_DEVELOPMENT_ONLY_SURFACE,M3T,0.2,0.5,1.0,0.4,0.0,77.5,1000000,UNSUPPORTED_WITHOUT_REPLAY,0.1,0.0,0.0,False
V3_CANDIDATE_DEVELOPMENT_ONLY_SURFACE,M3T,0.2,0.5,1.0,0.4,0.0,77.5,1000000,UNSUPPORTED_WITHOUT_REPLAY,0.25,0.0,0.0,False
V3_CANDIDATE_DEVELOPMENT_ONLY_SURFACE,M3T,0.2,0.5,1.0,0.4,0.05,59.5,1000000,UNSUPPORTED_WITHOUT_REPLAY,0.0,0.0,0.0,False
V3_CANDIDATE_DEVELOPMENT_ONLY_SURFACE,M3T,0.2,0.5,1.0,0.4,0.05,59.5,1000000,UNSUPPORTED_WITHOUT_REPLAY,0.05,0.0,0.0,False
V3_CANDIDATE_DEVELOPMENT_ONLY_SURFACE,M3T,0.2,0.5,1.0,0.4,0.05,59.5,1000000,UNSUPPORTED_WITHOUT_REPLAY,0.1,0.0,0.0,False
V3_CANDIDATE_DEVELOPMENT_ONLY_SURFACE,M3T,0.2,0.5,1.0,0.4,0.05,59.5,1000000,UNSUPPORTED_WITHOUT_REPLAY,0.25,0.0,0.0,False
V3_CANDIDATE_DEVELOPMENT_ONLY_SURFACE,M3T,0.2,0.5,1.0,0.4,0.05,66.5,1000000,UNSUPPORTED_WITHOUT_REPLAY,0.0,0.0,0.0,False
V3_CANDIDATE_DEVELOPMENT_ONLY_SURFACE,M3T,0.2,0.5,1.0,0.4,0.05,66.5,1000000,UNSUPPORTED_WITHOUT_REPLAY,0.05,0.0,0.0,False
V3_CANDIDATE_DEVELOPMENT_ONLY_SURFACE,M3T,0.2,0.5,1.0,0.4,0.05,66.5,1000000,UNSUPPORTED_WITHOUT_REPLAY,0.1,0.0,0.0,False
V3_CANDIDATE_DEVELOPMENT_ONLY_SURFACE,M3T,0.2,0.5,1.0,0.4,0.05,66.5,1000000,UNSUPPORTED_WITHOUT_REPLAY,0.25,0.0,0.0,False
V3_CANDIDATE_DEVELOPMENT_ONLY_SURFACE,M3T,0.2,0.5,1.0,0.4,0.05,77.5,1000000,UNSUPPORTED_WITHOUT_REPLAY,0.0,0.0,0.0,False
V3_CANDIDATE_DEVELOPMENT_ONLY_SURFACE,M3T,0.2,0.5,1.0,0.4,0.05,77.5,1000000,UNSUPPORTED_WITHOUT_REPLAY,0.05,0.0,0.0,False
V3_CANDIDATE_DEVELOPMENT_ONLY_SURFACE,M3T,0.2,0.5,1.0,0.4,0.05,77.5,1000000,UNSUPPORTED_WITHOUT_REPLAY,0.1,0.0,0.0,False
V3_CANDIDATE_DEVELOPMENT_ONLY_SURFACE,M3T,0.2,0.5,1.0,0.4,0.05,77.5,1000000,UNSUPPORTED_WITHOUT_REPLAY,0.25,0.0,0.0,False
V3_CANDIDATE_DEVELOPMENT_ONLY_SURFACE,M3T,0.2,0.5,1.0,0.4,0.1,59.5,1000000,UNSUPPORTED_WITHOUT_REPLAY,0.0,0.0,0.0,False
V3_CANDIDATE_DEVELOPMENT_ONLY_SURFACE,M3T,0.2,0.5,1.0,0.4,0.1,59.5,1000000,UNSUPPORTED_WITHOUT_REPLAY,0.05,0.0,0.0,False
V3_CANDIDATE_DEVELOPMENT_ONLY_SURFACE,M3T,0.2,0.5,1.0,0.4,0.1,59.5,1000000,UNSUPPORTED_WITHOUT_REPLAY,0.1,0.0,0.0,False
V3_CANDIDATE_DEVELOPMENT_ONLY_SURFACE,M3T,0.2,0.5,1.0,0.4,0.1,59.5,1000000,UNSUPPORTED_WITHOUT_REPLAY,0.25,0.0,0.0,False
V3_CANDIDATE_DEVELOPMENT_ONLY_SURFACE,M3T,0.2,0.5,1.0,0.4,0.1,66.5,1000000,UNSUPPORTED_WITHOUT_REPLAY,0.0,0.0,0.0,False
V3_CANDIDATE_DEVELOPMENT_ONLY_SURFACE,M3T,0.2,0.5,1.0,0.4,0.1,66.5,1000000,UNSUPPORTED_WITHOUT_REPLAY,0.05,0.0,0.0,False
V3_CANDIDATE_DEVELOPMENT_ONLY_SURFACE,M3T,0.2,0.5,1.0,0.4,0.1,66.5,1000000,UNSUPPORTED_WITHOUT_REPLAY,0.1,0.0,0.0,False
V3_CANDIDATE_DEVELOPMENT_ONLY_SURFACE,M3T,0.2,0.5,1.0,0.4,0.1,66.5,1000000,UNSUPPORTED_WITHOUT_REPLAY,0.25,0.0,0.0,False
V3_CANDIDATE_DEVELOPMENT_ONLY_SURFACE,M3T,0.2,0.5,1.0,0.4,0.1,77.5,1000000,UNSUPPORTED_WITHOUT_REPLAY,0.0,0.0,0.0,False
V3_CANDIDATE_DEVELOPMENT_ONLY_SURFACE,M3T,0.2,0.5,1.0,0.4,0.1,77.5,1000000,UNSUPPORTED_WITHOUT_REPLAY,0.05,0.0,0.0,False
V3_CANDIDATE_DEVELOPMENT_ONLY_SURFACE,M3T,0.2,0.5,1.0,0.4,0.1,77.5,1000000,UNSUPPORTED_WITHOUT_REPLAY,0.1,0.0,0.0,False
V3_CANDIDATE_DEVELOPMENT_ONLY_SURFACE,M3T,0.2,0.5,1.0,0.4,0.1,77.5,1000000,UNSUPPORTED_WITHOUT_REPLAY,0.25,0.0,0.0,False
V3_CANDIDATE_DEVELOPMENT_ONLY_SURFACE,M3T,0.2,0.5,1.0,0.6,0.0,59.5,1000000,UNSUPPORTED_WITHOUT_REPLAY,0.0,0.0,0.0,False
V3_CANDIDATE_DEVELOPMENT_ONLY_SURFACE,M3T,0.2,0.5,1.0,0.6,0.0,59.5,1000000,UNSUPPORTED_WITHOUT_REPLAY,0.05,0.0,0.0,False
V3_CANDIDATE_DEVELOPMENT_ONLY_SURFACE,M3T,0.2,0.5,1.0,0.6,0.0,59.5,1000000,UNSUPPORTED_WITHOUT_REPLAY,0.1,0.0,0.0,False
V3_CANDIDATE_DEVELOPMENT_ONLY_SURFACE,M3T,0.2,0.5,1.0,0.6,0.0,59.5,1000000,UNSUPPORTED_WITHOUT_REPLAY,0.25,0.0,0.0,False
V3_CANDIDATE_DEVELOPMENT_ONLY_SURFACE,M3T,0.2,0.5,1.0,0.6,0.0,66.5,1000000,UNSUPPORTED_WITHOUT_REPLAY,0.0,0.0,0.0,False
V3_CANDIDATE_DEVELOPMENT_ONLY_SURFACE,M3T,0.2,0.5,1.0,0.6,0.0,66.5,1000000,UNSUPPORTED_WITHOUT_REPLAY,0.05,0.0,0.0,False
V3_CANDIDATE_DEVELOPMENT_ONLY_SURFACE,M3T,0.2,0.5,1.0,0.6,0.0,66.5,1000000,UNSUPPORTED_WITHOUT_REPLAY,0.1,0.0,0.0,False
V3_CANDIDATE_DEVELOPMENT_ONLY_SURFACE,M3T,0.2,0.5,1.0,0.6,0.0,66.5,1000000,UNSUPPORTED_WITHOUT_REPLAY,0.25,0.0,0.0,False
V3_CANDIDATE_DEVELOPMENT_ONLY_SURFACE,M3T,0.2,0.5,1.0,0.6,0.0,77.5,1000000,UNSUPPORTED_WITHOUT_REPLAY,0.0,0.0,0.0,False
V3_CANDIDATE_DEVELOPMENT_ONLY_SURFACE,M3T,0.2,0.5,1.0,0.6,0.0,77.5,1000000,UNSUPPORTED_WITHOUT_REPLAY,0.05,0.0,0.0,False
V3_CANDIDATE_DEVELOPMENT_ONLY_SURFACE,M3T,0.2,0.5,1.0,0.6,0.0,77.5,1000000,UNSUPPORTED_WITHOUT_REPLAY,0.1,0.0,0.0,False
V3_CANDIDATE_DEVELOPMENT_ONLY_SURFACE,M3T,0.2,0.5,1.0,0.6,0.0,77.5,1000000,UNSUPPORTED_WITHOUT_REPLAY,0.25,0.0,0.0,False
V3_CANDIDATE_DEVELOPMENT_ONLY_SURFACE,M3T,0.2,0.5,1.0,0.6,0.05,59.5,1000000,UNSUPPORTED_WITHOUT_REPLAY,0.0,0.0,0.0,False
V3_CANDIDATE_DEVELOPMENT_ONLY_SURFACE,M3T,0.2,0.5,1.0,0.6,0.05,59.5,1000000,UNSUPPORTED_WITHOUT_REPLAY,0.05,0.0,0.0,False
V3_CANDIDATE_DEVELOPMENT_ONLY_SURFACE,M3T,0.2,0.5,1.0,0.6,0.05,59.5,1000000,UNSUPPORTED_WITHOUT_REPLAY,0.1,0.0,0.0,False
V3_CANDIDATE_DEVELOPMENT_ONLY_SURFACE,M3T,0.2,0.5,1.0,0.6,0.05,59.5,1000000,UNSUPPORTED_WITHOUT_REPLAY,0.25,0.0,0.0,False
V3_CANDIDATE_DEVELOPMENT_ONLY_SURFACE,M3T,0.2,0.5,1.0,0.6,0.05,66.5,1000000,UNSUPPORTED_WITHOUT_REPLAY,0.0,0.0,0.0,False
V3_CANDIDATE_DEVELOPMENT_ONLY_SURFACE,M3T,0.2,0.5,1.0,0.6,0.05,66.5,1000000,UNSUPPORTED_WITHOUT_REPLAY,0.05,0.0,0.0,False
V3_CANDIDATE_DEVELOPMENT_ONLY_SURFACE,M3T,0.2,0.5,1.0,0.6,0.05,66.5,1000000,UNSUPPORTED_WITHOUT_REPLAY,0.1,0.0,0.0,False
V3_CANDIDATE_DEVELOPMENT_ONLY_SURFACE,M3T,0.2,0.5,1.0,0.6,0.05,66.5,1000000,UNSUPPORTED_WITHOUT_REPLAY,0.25,0.0,0.0,False
V3_CANDIDATE_DEVELOPMENT_ONLY_SURFACE,M3T,0.2,0.5,1.0,0.6,0.05,77.5,1000000,UNSUPPORTED_WITHOUT_REPLAY,0.0,0.0,0.0,False
V3_CANDIDATE_DEVELOPMENT_ONLY_SURFACE,M3T,0.2,0.5,1.0,0.6,0.05,77.5,1000000,UNSUPPORTED_WITHOUT_REPLAY,0.05,0.0,0.0,False
V3_CANDIDATE_DEVELOPMENT_ONLY_SURFACE,M3T,0.2,0.5,1.0,0.6,0.05,77.5,1000000,UNSUPPORTED_WITHOUT_REPLAY,0.1,0.0,0.0,False
V3_CANDIDATE_DEVELOPMENT_ONLY_SURFACE,M3T,0.2,0.5,1.0,0.6,0.05,77.5,1000000,UNSUPPORTED_WITHOUT_REPLAY,0.25,0.0,0.0,False
V3_CANDIDATE_DEVELOPMENT_ONLY_SURFACE,M3T,0.2,0.5,1.0,0.6,0.1,59.5,1000000,UNSUPPORTED_WITHOUT_REPLAY,0.0,0.0,0.0,False
V3_CANDIDATE_DEVELOPMENT_ONLY_SURFACE,M3T,0.2,0.5,1.0,0.6,0.1,59.5,1000000,UNSUPPORTED_WITHOUT_REPLAY,0.05,0.0,0.0,False
V3_CANDIDATE_DEVELOPMENT_ONLY_SURFACE,M3T,0.2,0.5,1.0,0.6,0.1,59.5,1000000,UNSUPPORTED_WITHOUT_REPLAY,0.1,0.0,0.0,False
V3_CANDIDATE_DEVELOPMENT_ONLY_SURFACE,M3T,0.2,0.5,1.0,0.6,0.1,59.5,1000000,UNSUPPORTED_WITHOUT_REPLAY,0.25,0.0,0.0,False
V3_CANDIDATE_DEVELOPMENT_ONLY_SURFACE,M3T,0.2,0.5,1.0,0.6,0.1,66.5,1000000,UNSUPPORTED_WITHOUT_REPLAY,0.0,0.0,0.0,False
V3_CANDIDATE_DEVELOPMENT_ONLY_SURFACE,M3T,0.2,0.5,1.0,0.6,0.1,66.5,1000000,UNSUPPORTED_WITHOUT_REPLAY,0.05,0.0,0.0,False
V3_CANDIDATE_DEVELOPMENT_ONLY_SURFACE,M3T,0.2,0.5,1.0,0.6,0.1,66.5,1000000,UNSUPPORTED_WITHOUT_REPLAY,0.1,0.0,0.0,False
V3_CANDIDATE_DEVELOPMENT_ONLY_SURFACE,M3T,0.2,0.5,1.0,0.6,0.1,66.5,1000000,UNSUPPORTED_WITHOUT_REPLAY,0.25,0.0,0.0,False
V3_CANDIDATE_DEVELOPMENT_ONLY_SURFACE,M3T,0.2,0.5,1.0,0.6,0.1,77.5,1000000,UNSUPPORTED_WITHOUT_REPLAY,0.0,0.0,0.0,False
V3_CANDIDATE_DEVELOPMENT_ONLY_SURFACE,M3T,0.2,0.5,1.0,0.6,0.1,77.5,1000000,UNSUPPORTED_WITHOUT_REPLAY,0.05,0.0,0.0,False
V3_CANDIDATE_DEVELOPMENT_ONLY_SURFACE,M3T,0.2,0.5,1.0,0.6,0.1,77.5,1000000,UNSUPPORTED_WITHOUT_REPLAY,0.1,0.0,0.0,False
V3_CANDIDATE_DEVELOPMENT_ONLY_SURFACE,M3T,0.2,0.5,1.0,0.6,0.1,77.5,1000000,UNSUPPORTED_WITHOUT_REPLAY,0.25,0.0,0.0,False
V3_CANDIDATE_DEVELOPMENT_ONLY_SURFACE,M3T,0.2,0.5,1.0,0.8,0.0,59.5,1000000,UNSUPPORTED_WITHOUT_REPLAY,0.0,0.0,0.0,False
V3_CANDIDATE_DEVELOPMENT_ONLY_SURFACE,M3T,0.2,0.5,1.0,0.8,0.0,59.5,1000000,UNSUPPORTED_WITHOUT_REPLAY,0.05,0.0,0.0,False
V3_CANDIDATE_DEVELOPMENT_ONLY_SURFACE,M3T,0.2,0.5,1.0,0.8,0.0,59.5,1000000,UNSUPPORTED_WITHOUT_REPLAY,0.1,0.0,0.0,False
V3_CANDIDATE_DEVELOPMENT_ONLY_SURFACE,M3T,0.2,0.5,1.0,0.8,0.0,59.5,1000000,UNSUPPORTED_WITHOUT_REPLAY,0.25,0.0,0.0,False
V3_CANDIDATE_DEVELOPMENT_ONLY_SURFACE,M3T,0.2,0.5,1.0,0.8,0.0,66.5,1000000,UNSUPPORTED_WITHOUT_REPLAY,0.0,0.0,0.0,False
V3_CANDIDATE_DEVELOPMENT_ONLY_SURFACE,M3T,0.2,0.5,1.0,0.8,0.0,66.5,1000000,UNSUPPORTED_WITHOUT_REPLAY,0.05,0.0,0.0,False
V3_CANDIDATE_DEVELOPMENT_ONLY_SURFACE,M3T,0.2,0.5,1.0,0.8,0.0,66.5,1000000,UNSUPPORTED_WITHOUT_REPLAY,0.1,0.0,0.0,False
V3_CANDIDATE_DEVELOPMENT_ONLY_SURFACE,M3T,0.2,0.5,1.0,0.8,0.0,66.5,1000000,UNSUPPORTED_WITHOUT_REPLAY,0.25,0.0,0.0,False
V3_CANDIDATE_DEVELOPMENT_ONLY_SURFACE,M3T,0.2,0.5,1.0,0.8,0.0,77.5,1000000,UNSUPPORTED_WITHOUT_REPLAY,0.0,0.0,0.0,False
V3_CANDIDATE_DEVELOPMENT_ONLY_SURFACE,M3T,0.2,0.5,1.0,0.8,0.0,77.5,1000000,UNSUPPORTED_WITHOUT_REPLAY,0.05,0.0,0.0,False
V3_CANDIDATE_DEVELOPMENT_ONLY_SURFACE,M3T,0.2,0.5,1.0,0.8,0.0,77.5,1000000,UNSUPPORTED_WITHOUT_REPLAY,0.1,0.0,0.0,False
V3_CANDIDATE_DEVELOPMENT_ONLY_SURFACE,M3T,0.2,0.5,1.0,0.8,0.0,77.5,1000000,UNSUPPORTED_WITHOUT_REPLAY,0.25,0.0,0.0,False
V3_CANDIDATE_DEVELOPMENT_ONLY_SURFACE,M3T,0.2,0.5,1.0,0.8,0.05,59.5,1000000,UNSUPPORTED_WITHOUT_REPLAY,0.0,0.0,0.0,False
V3_CANDIDATE_DEVELOPMENT_ONLY_SURFACE,M3T,0.2,0.5,1.0,0.8,0.05,59.5,1000000,UNSUPPORTED_WITHOUT_REPLAY,0.05,0.0,0.0,False
V3_CANDIDATE_DEVELOPMENT_ONLY_SURFACE,M3T,0.2,0.5,1.0,0.8,0.05,59.5,1000000,UNSUPPORTED_WITHOUT_REPLAY,0.1,0.0,0.0,False
V3_CANDIDATE_DEVELOPMENT_ONLY_SURFACE,M3T,0.2,0.5,1.0,0.8,0.05,59.5,1000000,UNSUPPORTED_WITHOUT_REPLAY,0.25,0.0,0.0,False
V3_CANDIDATE_DEVELOPMENT_ONLY_SURFACE,M3T,0.2,0.5,1.0,0.8,0.05,66.5,1000000,UNSUPPORTED_WITHOUT_REPLAY,0.0,0.0,0.0,False
V3_CANDIDATE_DEVELOPMENT_ONLY_SURFACE,M3T,0.2,0.5,1.0,0.8,0.05,66.5,1000000,UNSUPPORTED_WITHOUT_REPLAY,0.05,0.0,0.0,False
V3_CANDIDATE_DEVELOPMENT_ONLY_SURFACE,M3T,0.2,0.5,1.0,0.8,0.05,66.5,1000000,UNSUPPORTED_WITHOUT_REPLAY,0.1,0.0,0.0,False
V3_CANDIDATE_DEVELOPMENT_ONLY_SURFACE,M3T,0.2,0.5,1.0,0.8,0.05,66.5,1000000,UNSUPPORTED_WITHOUT_REPLAY,0.25,0.0,0.0,False
V3_CANDIDATE_DEVELOPMENT_ONLY_SURFACE,M3T,0.2,0.5,1.0,0.8,0.05,77.5,1000000,UNSUPPORTED_WITHOUT_REPLAY,0.0,0.0,0.0,False
V3_CANDIDATE_DEVELOPMENT_ONLY_SURFACE,M3T,0.2,0.5,1.0,0.8,0.05,77.5,1000000,UNSUPPORTED_WITHOUT_REPLAY,0.05,0.0,0.0,False
V3_CANDIDATE_DEVELOPMENT_ONLY_SURFACE,M3T,0.2,0.5,1.0,0.8,0.05,77.5,1000000,UNSUPPORTED_WITHOUT_REPLAY,0.1,0.0,0.0,False
V3_CANDIDATE_DEVELOPMENT_ONLY_SURFACE,M3T,0.2,0.5,1.0,0.8,0.05,77.5,1000000,UNSUPPORTED_WITHOUT_REPLAY,0.25,0.0,0.0,False
V3_CANDIDATE_DEVELOPMENT_ONLY_SURFACE,M3T,0.2,0.5,1.0,0.8,0.1,59.5,1000000,UNSUPPORTED_WITHOUT_REPLAY,0.0,0.0,0.0,False
V3_CANDIDATE_DEVELOPMENT_ONLY_SURFACE,M3T,0.2,0.5,1.0,0.8,0.1,59.5,1000000,UNSUPPORTED_WITHOUT_REPLAY,0.05,0.0,0.0,False
V3_CANDIDATE_DEVELOPMENT_ONLY_SURFACE,M3T,0.2,0.5,1.0,0.8,0.1,59.5,1000000,UNSUPPORTED_WITHOUT_REPLAY,0.1,0.0,0.0,False
V3_CANDIDATE_DEVELOPMENT_ONLY_SURFACE,M3T,0.2,0.5,1.0,0.8,0.1,59.5,1000000,UNSUPPORTED_WITHOUT_REPLAY,0.25,0.0,0.0,False
V3_CANDIDATE_DEVELOPMENT_ONLY_SURFACE,M3T,0.2,0.5,1.0,0.8,0.1,66.5,1000000,UNSUPPORTED_WITHOUT_REPLAY,0.0,0.0,0.0,False
V3_CANDIDATE_DEVELOPMENT_ONLY_SURFACE,M3T,0.2,0.5,1.0,0.8,0.1,66.5,1000000,UNSUPPORTED_WITHOUT_REPLAY,0.05,0.0,0.0,False
V3_CANDIDATE_DEVELOPMENT_ONLY_SURFACE,M3T,0.2,0.5,1.0,0.8,0.1,66.5,1000000,UNSUPPORTED_WITHOUT_REPLAY,0.1,0.0,0.0,False
V3_CANDIDATE_DEVELOPMENT_ONLY_SURFACE,M3T,0.2,0.5,1.0,0.8,0.1,66.5,1000000,UNSUPPORTED_WITHOUT_REPLAY,0.25,0.0,0.0,False
V3_CANDIDATE_DEVELOPMENT_ONLY_SURFACE,M3T,0.2,0.5,1.0,0.8,0.1,77.5,1000000,UNSUPPORTED_WITHOUT_REPLAY,0.0,0.0,0.0,False
V3_CANDIDATE_DEVELOPMENT_ONLY_SURFACE,M3T,0.2,0.5,1.0,0.8,0.1,77.5,1000000,UNSUPPORTED_WITHOUT_REPLAY,0.05,0.0,0.0,False
V3_CANDIDATE_DEVELOPMENT_ONLY_SURFACE,M3T,0.2,0.5,1.0,0.8,0.1,77.5,1000000,UNSUPPORTED_WITHOUT_REPLAY,0.1,0.0,0.0,False
V3_CANDIDATE_DEVELOPMENT_ONLY_SURFACE,M3T,0.2,0.5,1.0,0.8,0.1,77.5,1000000,UNSUPPORTED_WITHOUT_REPLAY,0.25,0.0,0.0,False
V3_CANDIDATE_DEVELOPMENT_ONLY_SURFACE,M3T,0.2,1.0,0.0,0.0,0.0,59.5,1000000,UNSUPPORTED_WITHOUT_REPLAY,0.0,0.0,0.0,False
V3_CANDIDATE_DEVELOPMENT_ONLY_SURFACE,M3T,0.2,1.0,0.0,0.0,0.0,59.5,1000000,UNSUPPORTED_WITHOUT_REPLAY,0.05,0.0,0.0,False
V3_CANDIDATE_DEVELOPMENT_ONLY_SURFACE,M3T,0.2,1.0,0.0,0.0,0.0,59.5,1000000,UNSUPPORTED_WITHOUT_REPLAY,0.1,0.0,0.0,False
V3_CANDIDATE_DEVELOPMENT_ONLY_SURFACE,M3T,0.2,1.0,0.0,0.0,0.0,59.5,1000000,UNSUPPORTED_WITHOUT_REPLAY,0.25,0.0,0.0,False
V3_CANDIDATE_DEVELOPMENT_ONLY_SURFACE,M3T,0.2,1.0,0.0,0.0,0.0,66.5,1000000,UNSUPPORTED_WITHOUT_REPLAY,0.0,0.0,0.0,False
V3_CANDIDATE_DEVELOPMENT_ONLY_SURFACE,M3T,0.2,1.0,0.0,0.0,0.0,66.5,1000000,UNSUPPORTED_WITHOUT_REPLAY,0.05,0.0,0.0,False
V3_CANDIDATE_DEVELOPMENT_ONLY_SURFACE,M3T,0.2,1.0,0.0,0.0,0.0,66.5,1000000,UNSUPPORTED_WITHOUT_REPLAY,0.1,0.0,0.0,False
V3_CANDIDATE_DEVELOPMENT_ONLY_SURFACE,M3T,0.2,1.0,0.0,0.0,0.0,66.5,1000000,UNSUPPORTED_WITHOUT_REPLAY,0.25,0.0,0.0,False
V3_CANDIDATE_DEVELOPMENT_ONLY_SURFACE,M3T,0.2,1.0,0.0,0.0,0.0,77.5,1000000,UNSUPPORTED_WITHOUT_REPLAY,0.0,0.0,0.0,False
V3_CANDIDATE_DEVELOPMENT_ONLY_SURFACE,M3T,0.2,1.0,0.0,0.0,0.0,77.5,1000000,UNSUPPORTED_WITHOUT_REPLAY,0.05,0.0,0.0,False
V3_CANDIDATE_DEVELOPMENT_ONLY_SURFACE,M3T,0.2,1.0,0.0,0.0,0.0,77.5,1000000,UNSUPPORTED_WITHOUT_REPLAY,0.1,0.0,0.0,False
V3_CANDIDATE_DEVELOPMENT_ONLY_SURFACE,M3T,0.2,1.0,0.0,0.0,0.0,77.5,1000000,UNSUPPORTED_WITHOUT_REPLAY,0.25,0.0,0.0,False
V3_CANDIDATE_DEVELOPMENT_ONLY_SURFACE,M3T,0.2,1.0,0.0,0.0,0.05,59.5,1000000,UNSUPPORTED_WITHOUT_REPLAY,0.0,0.0,0.0,False
V3_CANDIDATE_DEVELOPMENT_ONLY_SURFACE,M3T,0.2,1.0,0.0,0.0,0.05,59.5,1000000,UNSUPPORTED_WITHOUT_REPLAY,0.05,0.0,0.0,False
V3_CANDIDATE_DEVELOPMENT_ONLY_SURFACE,M3T,0.2,1.0,0.0,0.0,0.05,59.5,1000000,UNSUPPORTED_WITHOUT_REPLAY,0.1,0.0,0.0,False
V3_CANDIDATE_DEVELOPMENT_ONLY_SURFACE,M3T,0.2,1.0,0.0,0.0,0.05,59.5,1000000,UNSUPPORTED_WITHOUT_REPLAY,0.25,0.0,0.0,False
V3_CANDIDATE_DEVELOPMENT_ONLY_SURFACE,M3T,0.2,1.0,0.0,0.0,0.05,66.5,1000000,UNSUPPORTED_WITHOUT_REPLAY,0.0,0.0,0.0,False
V3_CANDIDATE_DEVELOPMENT_ONLY_SURFACE,M3T,0.2,1.0,0.0,0.0,0.05,66.5,1000000,UNSUPPORTED_WITHOUT_REPLAY,0.05,0.0,0.0,False
V3_CANDIDATE_DEVELOPMENT_ONLY_SURFACE,M3T,0.2,1.0,0.0,0.0,0.05,66.5,1000000,UNSUPPORTED_WITHOUT_REPLAY,0.1,0.0,0.0,False
V3_CANDIDATE_DEVELOPMENT_ONLY_SURFACE,M3T,0.2,1.0,0.0,0.0,0.05,66.5,1000000,UNSUPPORTED_WITHOUT_REPLAY,0.25,0.0,0.0,False
V3_CANDIDATE_DEVELOPMENT_ONLY_SURFACE,M3T,0.2,1.0,0.0,0.0,0.05,77.5,1000000,UNSUPPORTED_WITHOUT_REPLAY,0.0,0.0,0.0,False
V3_CANDIDATE_DEVELOPMENT_ONLY_SURFACE,M3T,0.2,1.0,0.0,0.0,0.05,77.5,1000000,UNSUPPORTED_WITHOUT_REPLAY,0.05,0.0,0.0,False
V3_CANDIDATE_DEVELOPMENT_ONLY_SURFACE,M3T,0.2,1.0,0.0,0.0,0.05,77.5,1000000,UNSUPPORTED_WITHOUT_REPLAY,0.1,0.0,0.0,False
V3_CANDIDATE_DEVELOPMENT_ONLY_SURFACE,M3T,0.2,1.0,0.0,0.0,0.05,77.5,1000000,UNSUPPORTED_WITHOUT_REPLAY,0.25,0.0,0.0,False
V3_CANDIDATE_DEVELOPMENT_ONLY_SURFACE,M3T,0.2,1.0,0.0,0.0,0.1,59.5,1000000,UNSUPPORTED_WITHOUT_REPLAY,0.0,0.0,0.0,False
V3_CANDIDATE_DEVELOPMENT_ONLY_SURFACE,M3T,0.2,1.0,0.0,0.0,0.1,59.5,1000000,UNSUPPORTED_WITHOUT_REPLAY,0.05,0.0,0.0,False
V3_CANDIDATE_DEVELOPMENT_ONLY_SURFACE,M3T,0.2,1.0,0.0,0.0,0.1,59.5,1000000,UNSUPPORTED_WITHOUT_REPLAY,0.1,0.0,0.0,False
V3_CANDIDATE_DEVELOPMENT_ONLY_SURFACE,M3T,0.2,1.0,0.0,0.0,0.1,59.5,1000000,UNSUPPORTED_WITHOUT_REPLAY,0.25,0.0,0.0,False
V3_CANDIDATE_DEVELOPMENT_ONLY_SURFACE,M3T,0.2,1.0,0.0,0.0,0.1,66.5,1000000,UNSUPPORTED_WITHOUT_REPLAY,0.0,0.0,0.0,False
V3_CANDIDATE_DEVELOPMENT_ONLY_SURFACE,M3T,0.2,1.0,0.0,0.0,0.1,66.5,1000000,UNSUPPORTED_WITHOUT_REPLAY,0.05,0.0,0.0,False
V3_CANDIDATE_DEVELOPMENT_ONLY_SURFACE,M3T,0.2,1.0,0.0,0.0,0.1,66.5,1000000,UNSUPPORTED_WITHOUT_REPLAY,0.1,0.0,0.0,False
V3_CANDIDATE_DEVELOPMENT_ONLY_SURFACE,M3T,0.2,1.0,0.0,0.0,0.1,66.5,1000000,UNSUPPORTED_WITHOUT_REPLAY,0.25,0.0,0.0,False
V3_CANDIDATE_DEVELOPMENT_ONLY_SURFACE,M3T,0.2,1.0,0.0,0.0,0.1,77.5,1000000,UNSUPPORTED_WITHOUT_REPLAY,0.0,0.0,0.0,False
V3_CANDIDATE_DEVELOPMENT_ONLY_SURFACE,M3T,0.2,1.0,0.0,0.0,0.1,77.5,1000000,UNSUPPORTED_WITHOUT_REPLAY,0.05,0.0,0.0,False
V3_CANDIDATE_DEVELOPMENT_ONLY_SURFACE,M3T,0.2,1.0,0.0,0.0,0.1,77.5,1000000,UNSUPPORTED_WITHOUT_REPLAY,0.1,0.0,0.0,False
V3_CANDIDATE_DEVELOPMENT_ONLY_SURFACE,M3T,0.2,1.0,0.0,0.0,0.1,77.5,1000000,UNSUPPORTED_WITHOUT_REPLAY,0.25,0.0,0.0,False
V3_CANDIDATE_DEVELOPMENT_ONLY_SURFACE,M3T,0.2,1.0,0.0,0.4,0.0,59.5,1000000,UNSUPPORTED_WITHOUT_REPLAY,0.0,0.0,0.0,False
V3_CANDIDATE_DEVELOPMENT_ONLY_SURFACE,M3T,0.2,1.0,0.0,0.4,0.0,59.5,1000000,UNSUPPORTED_WITHOUT_REPLAY,0.05,0.0,0.0,False
V3_CANDIDATE_DEVELOPMENT_ONLY_SURFACE,M3T,0.2,1.0,0.0,0.4,0.0,59.5,1000000,UNSUPPORTED_WITHOUT_REPLAY,0.1,0.0,0.0,False
V3_CANDIDATE_DEVELOPMENT_ONLY_SURFACE,M3T,0.2,1.0,0.0,0.4,0.0,59.5,1000000,UNSUPPORTED_WITHOUT_REPLAY,0.25,0.0,0.0,False
V3_CANDIDATE_DEVELOPMENT_ONLY_SURFACE,M3T,0.2,1.0,0.0,0.4,0.0,66.5,1000000,UNSUPPORTED_WITHOUT_REPLAY,0.0,0.0,0.0,False
V3_CANDIDATE_DEVELOPMENT_ONLY_SURFACE,M3T,0.2,1.0,0.0,0.4,0.0,66.5,1000000,UNSUPPORTED_WITHOUT_REPLAY,0.05,0.0,0.0,False
V3_CANDIDATE_DEVELOPMENT_ONLY_SURFACE,M3T,0.2,1.0,0.0,0.4,0.0,66.5,1000000,UNSUPPORTED_WITHOUT_REPLAY,0.1,0.0,0.0,False
V3_CANDIDATE_DEVELOPMENT_ONLY_SURFACE,M3T,0.2,1.0,0.0,0.4,0.0,66.5,1000000,UNSUPPORTED_WITHOUT_REPLAY,0.25,0.0,0.0,False
V3_CANDIDATE_DEVELOPMENT_ONLY_SURFACE,M3T,0.2,1.0,0.0,0.4,0.0,77.5,1000000,UNSUPPORTED_WITHOUT_REPLAY,0.0,0.0,0.0,False
V3_CANDIDATE_DEVELOPMENT_ONLY_SURFACE,M3T,0.2,1.0,0.0,0.4,0.0,77.5,1000000,UNSUPPORTED_WITHOUT_REPLAY,0.05,0.0,0.0,False
V3_CANDIDATE_DEVELOPMENT_ONLY_SURFACE,M3T,0.2,1.0,0.0,0.4,0.0,77.5,1000000,UNSUPPORTED_WITHOUT_REPLAY,0.1,0.0,0.0,False
V3_CANDIDATE_DEVELOPMENT_ONLY_SURFACE,M3T,0.2,1.0,0.0,0.4,0.0,77.5,1000000,UNSUPPORTED_WITHOUT_REPLAY,0.25,0.0,0.0,False
V3_CANDIDATE_DEVELOPMENT_ONLY_SURFACE,M3T,0.2,1.0,0.0,0.4,0.05,59.5,1000000,UNSUPPORTED_WITHOUT_REPLAY,0.0,0.0,0.0,False
V3_CANDIDATE_DEVELOPMENT_ONLY_SURFACE,M3T,0.2,1.0,0.0,0.4,0.05,59.5,1000000,UNSUPPORTED_WITHOUT_REPLAY,0.05,0.0,0.0,False
V3_CANDIDATE_DEVELOPMENT_ONLY_SURFACE,M3T,0.2,1.0,0.0,0.4,0.05,59.5,1000000,UNSUPPORTED_WITHOUT_REPLAY,0.1,0.0,0.0,False
V3_CANDIDATE_DEVELOPMENT_ONLY_SURFACE,M3T,0.2,1.0,0.0,0.4,0.05,59.5,1000000,UNSUPPORTED_WITHOUT_REPLAY,0.25,0.0,0.0,False
V3_CANDIDATE_DEVELOPMENT_ONLY_SURFACE,M3T,0.2,1.0,0.0,0.4,0.05,66.5,1000000,UNSUPPORTED_WITHOUT_REPLAY,0.0,0.0,0.0,False
V3_CANDIDATE_DEVELOPMENT_ONLY_SURFACE,M3T,0.2,1.0,0.0,0.4,0.05,66.5,1000000,UNSUPPORTED_WITHOUT_REPLAY,0.05,0.0,0.0,False
V3_CANDIDATE_DEVELOPMENT_ONLY_SURFACE,M3T,0.2,1.0,0.0,0.4,0.05,66.5,1000000,UNSUPPORTED_WITHOUT_REPLAY,0.1,0.0,0.0,False
V3_CANDIDATE_DEVELOPMENT_ONLY_SURFACE,M3T,0.2,1.0,0.0,0.4,0.05,66.5,1000000,UNSUPPORTED_WITHOUT_REPLAY,0.25,0.0,0.0,False
V3_CANDIDATE_DEVELOPMENT_ONLY_SURFACE,M3T,0.2,1.0,0.0,0.4,0.05,77.5,1000000,UNSUPPORTED_WITHOUT_REPLAY,0.0,0.0,0.0,False
V3_CANDIDATE_DEVELOPMENT_ONLY_SURFACE,M3T,0.2,1.0,0.0,0.4,0.05,77.5,1000000,UNSUPPORTED_WITHOUT_REPLAY,0.05,0.0,0.0,False
V3_CANDIDATE_DEVELOPMENT_ONLY_SURFACE,M3T,0.2,1.0,0.0,0.4,0.05,77.5,1000000,UNSUPPORTED_WITHOUT_REPLAY,0.1,0.0,0.0,False
V3_CANDIDATE_DEVELOPMENT_ONLY_SURFACE,M3T,0.2,1.0,0.0,0.4,0.05,77.5,1000000,UNSUPPORTED_WITHOUT_REPLAY,0.25,0.0,0.0,False
V3_CANDIDATE_DEVELOPMENT_ONLY_SURFACE,M3T,0.2,1.0,0.0,0.4,0.1,59.5,1000000,UNSUPPORTED_WITHOUT_REPLAY,0.0,0.0,0.0,False
V3_CANDIDATE_DEVELOPMENT_ONLY_SURFACE,M3T,0.2,1.0,0.0,0.4,0.1,59.5,1000000,UNSUPPORTED_WITHOUT_REPLAY,0.05,0.0,0.0,False
V3_CANDIDATE_DEVELOPMENT_ONLY_SURFACE,M3T,0.2,1.0,0.0,0.4,0.1,59.5,1000000,UNSUPPORTED_WITHOUT_REPLAY,0.1,0.0,0.0,False
V3_CANDIDATE_DEVELOPMENT_ONLY_SURFACE,M3T,0.2,1.0,0.0,0.4,0.1,59.5,1000000,UNSUPPORTED_WITHOUT_REPLAY,0.25,0.0,0.0,False
V3_CANDIDATE_DEVELOPMENT_ONLY_SURFACE,M3T,0.2,1.0,0.0,0.4,0.1,66.5,1000000,UNSUPPORTED_WITHOUT_REPLAY,0.0,0.0,0.0,False
V3_CANDIDATE_DEVELOPMENT_ONLY_SURFACE,M3T,0.2,1.0,0.0,0.4,0.1,66.5,1000000,UNSUPPORTED_WITHOUT_REPLAY,0.05,0.0,0.0,False
V3_CANDIDATE_DEVELOPMENT_ONLY_SURFACE,M3T,0.2,1.0,0.0,0.4,0.1,66.5,1000000,UNSUPPORTED_WITHOUT_REPLAY,0.1,0.0,0.0,False
V3_CANDIDATE_DEVELOPMENT_ONLY_SURFACE,M3T,0.2,1.0,0.0,0.4,0.1,66.5,1000000,UNSUPPORTED_WITHOUT_REPLAY,0.25,0.0,0.0,False
V3_CANDIDATE_DEVELOPMENT_ONLY_SURFACE,M3T,0.2,1.0,0.0,0.4,0.1,77.5,1000000,UNSUPPORTED_WITHOUT_REPLAY,0.0,0.0,0.0,False
V3_CANDIDATE_DEVELOPMENT_ONLY_SURFACE,M3T,0.2,1.0,0.0,0.4,0.1,77.5,1000000,UNSUPPORTED_WITHOUT_REPLAY,0.05,0.0,0.0,False
V3_CANDIDATE_DEVELOPMENT_ONLY_SURFACE,M3T,0.2,1.0,0.0,0.4,0.1,77.5,1000000,UNSUPPORTED_WITHOUT_REPLAY,0.1,0.0,0.0,False
V3_CANDIDATE_DEVELOPMENT_ONLY_SURFACE,M3T,0.2,1.0,0.0,0.4,0.1,77.5,1000000,UNSUPPORTED_WITHOUT_REPLAY,0.25,0.0,0.0,False
V3_CANDIDATE_DEVELOPMENT_ONLY_SURFACE,M3T,0.2,1.0,0.0,0.6,0.0,59.5,1000000,UNSUPPORTED_WITHOUT_REPLAY,0.0,0.0,0.0,False
V3_CANDIDATE_DEVELOPMENT_ONLY_SURFACE,M3T,0.2,1.0,0.0,0.6,0.0,59.5,1000000,UNSUPPORTED_WITHOUT_REPLAY,0.05,0.0,0.0,False
V3_CANDIDATE_DEVELOPMENT_ONLY_SURFACE,M3T,0.2,1.0,0.0,0.6,0.0,59.5,1000000,UNSUPPORTED_WITHOUT_REPLAY,0.1,0.0,0.0,False
V3_CANDIDATE_DEVELOPMENT_ONLY_SURFACE,M3T,0.2,1.0,0.0,0.6,0.0,59.5,1000000,UNSUPPORTED_WITHOUT_REPLAY,0.25,0.0,0.0,False
V3_CANDIDATE_DEVELOPMENT_ONLY_SURFACE,M3T,0.2,1.0,0.0,0.6,0.0,66.5,1000000,UNSUPPORTED_WITHOUT_REPLAY,0.0,0.0,0.0,False
V3_CANDIDATE_DEVELOPMENT_ONLY_SURFACE,M3T,0.2,1.0,0.0,0.6,0.0,66.5,1000000,UNSUPPORTED_WITHOUT_REPLAY,0.05,0.0,0.0,False
V3_CANDIDATE_DEVELOPMENT_ONLY_SURFACE,M3T,0.2,1.0,0.0,0.6,0.0,66.5,1000000,UNSUPPORTED_WITHOUT_REPLAY,0.1,0.0,0.0,False
V3_CANDIDATE_DEVELOPMENT_ONLY_SURFACE,M3T,0.2,1.0,0.0,0.6,0.0,66.5,1000000,UNSUPPORTED_WITHOUT_REPLAY,0.25,0.0,0.0,False
V3_CANDIDATE_DEVELOPMENT_ONLY_SURFACE,M3T,0.2,1.0,0.0,0.6,0.0,77.5,1000000,UNSUPPORTED_WITHOUT_REPLAY,0.0,0.0,0.0,False
V3_CANDIDATE_DEVELOPMENT_ONLY_SURFACE,M3T,0.2,1.0,0.0,0.6,0.0,77.5,1000000,UNSUPPORTED_WITHOUT_REPLAY,0.05,0.0,0.0,False
V3_CANDIDATE_DEVELOPMENT_ONLY_SURFACE,M3T,0.2,1.0,0.0,0.6,0.0,77.5,1000000,UNSUPPORTED_WITHOUT_REPLAY,0.1,0.0,0.0,False
V3_CANDIDATE_DEVELOPMENT_ONLY_SURFACE,M3T,0.2,1.0,0.0,0.6,0.0,77.5,1000000,UNSUPPORTED_WITHOUT_REPLAY,0.25,0.0,0.0,False
V3_CANDIDATE_DEVELOPMENT_ONLY_SURFACE,M3T,0.2,1.0,0.0,0.6,0.05,59.5,1000000,UNSUPPORTED_WITHOUT_REPLAY,0.0,0.0,0.0,False
V3_CANDIDATE_DEVELOPMENT_ONLY_SURFACE,M3T,0.2,1.0,0.0,0.6,0.05,59.5,1000000,UNSUPPORTED_WITHOUT_REPLAY,0.05,0.0,0.0,False
V3_CANDIDATE_DEVELOPMENT_ONLY_SURFACE,M3T,0.2,1.0,0.0,0.6,0.05,59.5,1000000,UNSUPPORTED_WITHOUT_REPLAY,0.1,0.0,0.0,False
V3_CANDIDATE_DEVELOPMENT_ONLY_SURFACE,M3T,0.2,1.0,0.0,0.6,0.05,59.5,1000000,UNSUPPORTED_WITHOUT_REPLAY,0.25,0.0,0.0,False
V3_CANDIDATE_DEVELOPMENT_ONLY_SURFACE,M3T,0.2,1.0,0.0,0.6,0.05,66.5,1000000,UNSUPPORTED_WITHOUT_REPLAY,0.0,0.0,0.0,False
V3_CANDIDATE_DEVELOPMENT_ONLY_SURFACE,M3T,0.2,1.0,0.0,0.6,0.05,66.5,1000000,UNSUPPORTED_WITHOUT_REPLAY,0.05,0.0,0.0,False
V3_CANDIDATE_DEVELOPMENT_ONLY_SURFACE,M3T,0.2,1.0,0.0,0.6,0.05,66.5,1000000,UNSUPPORTED_WITHOUT_REPLAY,0.1,0.0,0.0,False
V3_CANDIDATE_DEVELOPMENT_ONLY_SURFACE,M3T,0.2,1.0,0.0,0.6,0.05,66.5,1000000,UNSUPPORTED_WITHOUT_REPLAY,0.25,0.0,0.0,False
V3_CANDIDATE_DEVELOPMENT_ONLY_SURFACE,M3T,0.2,1.0,0.0,0.6,0.05,77.5,1000000,UNSUPPORTED_WITHOUT_REPLAY,0.0,0.0,0.0,False
V3_CANDIDATE_DEVELOPMENT_ONLY_SURFACE,M3T,0.2,1.0,0.0,0.6,0.05,77.5,1000000,UNSUPPORTED_WITHOUT_REPLAY,0.05,0.0,0.0,False
V3_CANDIDATE_DEVELOPMENT_ONLY_SURFACE,M3T,0.2,1.0,0.0,0.6,0.05,77.5,1000000,UNSUPPORTED_WITHOUT_REPLAY,0.1,0.0,0.0,False
V3_CANDIDATE_DEVELOPMENT_ONLY_SURFACE,M3T,0.2,1.0,0.0,0.6,0.05,77.5,1000000,UNSUPPORTED_WITHOUT_REPLAY,0.25,0.0,0.0,False
V3_CANDIDATE_DEVELOPMENT_ONLY_SURFACE,M3T,0.2,1.0,0.0,0.6,0.1,59.5,1000000,UNSUPPORTED_WITHOUT_REPLAY,0.0,0.0,0.0,False
V3_CANDIDATE_DEVELOPMENT_ONLY_SURFACE,M3T,0.2,1.0,0.0,0.6,0.1,59.5,1000000,UNSUPPORTED_WITHOUT_REPLAY,0.05,0.0,0.0,False
V3_CANDIDATE_DEVELOPMENT_ONLY_SURFACE,M3T,0.2,1.0,0.0,0.6,0.1,59.5,1000000,UNSUPPORTED_WITHOUT_REPLAY,0.1,0.0,0.0,False
V3_CANDIDATE_DEVELOPMENT_ONLY_SURFACE,M3T,0.2,1.0,0.0,0.6,0.1,59.5,1000000,UNSUPPORTED_WITHOUT_REPLAY,0.25,0.0,0.0,False
V3_CANDIDATE_DEVELOPMENT_ONLY_SURFACE,M3T,0.2,1.0,0.0,0.6,0.1,66.5,1000000,UNSUPPORTED_WITHOUT_REPLAY,0.0,0.0,0.0,False
V3_CANDIDATE_DEVELOPMENT_ONLY_SURFACE,M3T,0.2,1.0,0.0,0.6,0.1,66.5,1000000,UNSUPPORTED_WITHOUT_REPLAY,0.05,0.0,0.0,False
V3_CANDIDATE_DEVELOPMENT_ONLY_SURFACE,M3T,0.2,1.0,0.0,0.6,0.1,66.5,1000000,UNSUPPORTED_WITHOUT_REPLAY,0.1,0.0,0.0,False
V3_CANDIDATE_DEVELOPMENT_ONLY_SURFACE,M3T,0.2,1.0,0.0,0.6,0.1,66.5,1000000,UNSUPPORTED_WITHOUT_REPLAY,0.25,0.0,0.0,False
V3_CANDIDATE_DEVELOPMENT_ONLY_SURFACE,M3T,0.2,1.0,0.0,0.6,0.1,77.5,1000000,UNSUPPORTED_WITHOUT_REPLAY,0.0,0.0,0.0,False
V3_CANDIDATE_DEVELOPMENT_ONLY_SURFACE,M3T,0.2,1.0,0.0,0.6,0.1,77.5,1000000,UNSUPPORTED_WITHOUT_REPLAY,0.05,0.0,0.0,False
V3_CANDIDATE_DEVELOPMENT_ONLY_SURFACE,M3T,0.2,1.0,0.0,0.6,0.1,77.5,1000000,UNSUPPORTED_WITHOUT_REPLAY,0.1,0.0,0.0,False
V3_CANDIDATE_DEVELOPMENT_ONLY_SURFACE,M3T,0.2,1.0,0.0,0.6,0.1,77.5,1000000,UNSUPPORTED_WITHOUT_REPLAY,0.25,0.0,0.0,False
V3_CANDIDATE_DEVELOPMENT_ONLY_SURFACE,M3T,0.2,1.0,0.0,0.8,0.0,59.5,1000000,UNSUPPORTED_WITHOUT_REPLAY,0.0,0.0,0.0,False
V3_CANDIDATE_DEVELOPMENT_ONLY_SURFACE,M3T,0.2,1.0,0.0,0.8,0.0,59.5,1000000,UNSUPPORTED_WITHOUT_REPLAY,0.05,0.0,0.0,False
V3_CANDIDATE_DEVELOPMENT_ONLY_SURFACE,M3T,0.2,1.0,0.0,0.8,0.0,59.5,1000000,UNSUPPORTED_WITHOUT_REPLAY,0.1,0.0,0.0,False
V3_CANDIDATE_DEVELOPMENT_ONLY_SURFACE,M3T,0.2,1.0,0.0,0.8,0.0,59.5,1000000,UNSUPPORTED_WITHOUT_REPLAY,0.25,0.0,0.0,False
V3_CANDIDATE_DEVELOPMENT_ONLY_SURFACE,M3T,0.2,1.0,0.0,0.8,0.0,66.5,1000000,UNSUPPORTED_WITHOUT_REPLAY,0.0,0.0,0.0,False
V3_CANDIDATE_DEVELOPMENT_ONLY_SURFACE,M3T,0.2,1.0,0.0,0.8,0.0,66.5,1000000,UNSUPPORTED_WITHOUT_REPLAY,0.05,0.0,0.0,False
V3_CANDIDATE_DEVELOPMENT_ONLY_SURFACE,M3T,0.2,1.0,0.0,0.8,0.0,66.5,1000000,UNSUPPORTED_WITHOUT_REPLAY,0.1,0.0,0.0,False
V3_CANDIDATE_DEVELOPMENT_ONLY_SURFACE,M3T,0.2,1.0,0.0,0.8,0.0,66.5,1000000,UNSUPPORTED_WITHOUT_REPLAY,0.25,0.0,0.0,False
V3_CANDIDATE_DEVELOPMENT_ONLY_SURFACE,M3T,0.2,1.0,0.0,0.8,0.0,77.5,1000000,UNSUPPORTED_WITHOUT_REPLAY,0.0,0.0,0.0,False
V3_CANDIDATE_DEVELOPMENT_ONLY_SURFACE,M3T,0.2,1.0,0.0,0.8,0.0,77.5,1000000,UNSUPPORTED_WITHOUT_REPLAY,0.05,0.0,0.0,False
V3_CANDIDATE_DEVELOPMENT_ONLY_SURFACE,M3T,0.2,1.0,0.0,0.8,0.0,77.5,1000000,UNSUPPORTED_WITHOUT_REPLAY,0.1,0.0,0.0,False
V3_CANDIDATE_DEVELOPMENT_ONLY_SURFACE,M3T,0.2,1.0,0.0,0.8,0.0,77.5,1000000,UNSUPPORTED_WITHOUT_REPLAY,0.25,0.0,0.0,False
V3_CANDIDATE_DEVELOPMENT_ONLY_SURFACE,M3T,0.2,1.0,0.0,0.8,0.05,59.5,1000000,UNSUPPORTED_WITHOUT_REPLAY,0.0,0.0,0.0,False
V3_CANDIDATE_DEVELOPMENT_ONLY_SURFACE,M3T,0.2,1.0,0.0,0.8,0.05,59.5,1000000,UNSUPPORTED_WITHOUT_REPLAY,0.05,0.0,0.0,False
V3_CANDIDATE_DEVELOPMENT_ONLY_SURFACE,M3T,0.2,1.0,0.0,0.8,0.05,59.5,1000000,UNSUPPORTED_WITHOUT_REPLAY,0.1,0.0,0.0,False
V3_CANDIDATE_DEVELOPMENT_ONLY_SURFACE,M3T,0.2,1.0,0.0,0.8,0.05,59.5,1000000,UNSUPPORTED_WITHOUT_REPLAY,0.25,0.0,0.0,False
V3_CANDIDATE_DEVELOPMENT_ONLY_SURFACE,M3T,0.2,1.0,0.0,0.8,0.05,66.5,1000000,UNSUPPORTED_WITHOUT_REPLAY,0.0,0.0,0.0,False
V3_CANDIDATE_DEVELOPMENT_ONLY_SURFACE,M3T,0.2,1.0,0.0,0.8,0.05,66.5,1000000,UNSUPPORTED_WITHOUT_REPLAY,0.05,0.0,0.0,False
V3_CANDIDATE_DEVELOPMENT_ONLY_SURFACE,M3T,0.2,1.0,0.0,0.8,0.05,66.5,1000000,UNSUPPORTED_WITHOUT_REPLAY,0.1,0.0,0.0,False
V3_CANDIDATE_DEVELOPMENT_ONLY_SURFACE,M3T,0.2,1.0,0.0,0.8,0.05,66.5,1000000,UNSUPPORTED_WITHOUT_REPLAY,0.25,0.0,0.0,False
V3_CANDIDATE_DEVELOPMENT_ONLY_SURFACE,M3T,0.2,1.0,0.0,0.8,0.05,77.5,1000000,UNSUPPORTED_WITHOUT_REPLAY,0.0,0.0,0.0,False
V3_CANDIDATE_DEVELOPMENT_ONLY_SURFACE,M3T,0.2,1.0,0.0,0.8,0.05,77.5,1000000,UNSUPPORTED_WITHOUT_REPLAY,0.05,0.0,0.0,False
V3_CANDIDATE_DEVELOPMENT_ONLY_SURFACE,M3T,0.2,1.0,0.0,0.8,0.05,77.5,1000000,UNSUPPORTED_WITHOUT_REPLAY,0.1,0.0,0.0,False
V3_CANDIDATE_DEVELOPMENT_ONLY_SURFACE,M3T,0.2,1.0,0.0,0.8,0.05,77.5,1000000,UNSUPPORTED_WITHOUT_REPLAY,0.25,0.0,0.0,False
V3_CANDIDATE_DEVELOPMENT_ONLY_SURFACE,M3T,0.2,1.0,0.0,0.8,0.1,59.5,1000000,UNSUPPORTED_WITHOUT_REPLAY,0.0,0.0,0.0,False
V3_CANDIDATE_DEVELOPMENT_ONLY_SURFACE,M3T,0.2,1.0,0.0,0.8,0.1,59.5,1000000,UNSUPPORTED_WITHOUT_REPLAY,0.05,0.0,0.0,False
V3_CANDIDATE_DEVELOPMENT_ONLY_SURFACE,M3T,0.2,1.0,0.0,0.8,0.1,59.5,1000000,UNSUPPORTED_WITHOUT_REPLAY,0.1,0.0,0.0,False
V3_CANDIDATE_DEVELOPMENT_ONLY_SURFACE,M3T,0.2,1.0,0.0,0.8,0.1,59.5,1000000,UNSUPPORTED_WITHOUT_REPLAY,0.25,0.0,0.0,False
V3_CANDIDATE_DEVELOPMENT_ONLY_SURFACE,M3T,0.2,1.0,0.0,0.8,0.1,66.5,1000000,UNSUPPORTED_WITHOUT_REPLAY,0.0,0.0,0.0,False
V3_CANDIDATE_DEVELOPMENT_ONLY_SURFACE,M3T,0.2,1.0,0.0,0.8,0.1,66.5,1000000,UNSUPPORTED_WITHOUT_REPLAY,0.05,0.0,0.0,False
V3_CANDIDATE_DEVELOPMENT_ONLY_SURFACE,M3T,0.2,1.0,0.0,0.8,0.1,66.5,1000000,UNSUPPORTED_WITHOUT_REPLAY,0.1,0.0,0.0,False
V3_CANDIDATE_DEVELOPMENT_ONLY_SURFACE,M3T,0.2,1.0,0.0,0.8,0.1,66.5,1000000,UNSUPPORTED_WITHOUT_REPLAY,0.25,0.0,0.0,False
V3_CANDIDATE_DEVELOPMENT_ONLY_SURFACE,M3T,0.2,1.0,0.0,0.8,0.1,77.5,1000000,UNSUPPORTED_WITHOUT_REPLAY,0.0,0.0,0.0,False
V3_CANDIDATE_DEVELOPMENT_ONLY_SURFACE,M3T,0.2,1.0,0.0,0.8,0.1,77.5,1000000,UNSUPPORTED_WITHOUT_REPLAY,0.05,0.0,0.0,False
V3_CANDIDATE_DEVELOPMENT_ONLY_SURFACE,M3T,0.2,1.0,0.0,0.8,0.1,77.5,1000000,UNSUPPORTED_WITHOUT_REPLAY,0.1,0.0,0.0,False
V3_CANDIDATE_DEVELOPMENT_ONLY_SURFACE,M3T,0.2,1.0,0.0,0.8,0.1,77.5,1000000,UNSUPPORTED_WITHOUT_REPLAY,0.25,0.0,0.0,False
V3_CANDIDATE_DEVELOPMENT_ONLY_SURFACE,M3T,0.2,1.0,0.25,0.0,0.0,59.5,1000000,UNSUPPORTED_WITHOUT_REPLAY,0.0,0.0,0.0,False
V3_CANDIDATE_DEVELOPMENT_ONLY_SURFACE,M3T,0.2,1.0,0.25,0.0,0.0,59.5,1000000,UNSUPPORTED_WITHOUT_REPLAY,0.05,0.0,0.0,False
V3_CANDIDATE_DEVELOPMENT_ONLY_SURFACE,M3T,0.2,1.0,0.25,0.0,0.0,59.5,1000000,UNSUPPORTED_WITHOUT_REPLAY,0.1,0.0,0.0,False
V3_CANDIDATE_DEVELOPMENT_ONLY_SURFACE,M3T,0.2,1.0,0.25,0.0,0.0,59.5,1000000,UNSUPPORTED_WITHOUT_REPLAY,0.25,0.0,0.0,False
V3_CANDIDATE_DEVELOPMENT_ONLY_SURFACE,M3T,0.2,1.0,0.25,0.0,0.0,66.5,1000000,UNSUPPORTED_WITHOUT_REPLAY,0.0,0.0,0.0,False
V3_CANDIDATE_DEVELOPMENT_ONLY_SURFACE,M3T,0.2,1.0,0.25,0.0,0.0,66.5,1000000,UNSUPPORTED_WITHOUT_REPLAY,0.05,0.0,0.0,False
V3_CANDIDATE_DEVELOPMENT_ONLY_SURFACE,M3T,0.2,1.0,0.25,0.0,0.0,66.5,1000000,UNSUPPORTED_WITHOUT_REPLAY,0.1,0.0,0.0,False
V3_CANDIDATE_DEVELOPMENT_ONLY_SURFACE,M3T,0.2,1.0,0.25,0.0,0.0,66.5,1000000,UNSUPPORTED_WITHOUT_REPLAY,0.25,0.0,0.0,False
V3_CANDIDATE_DEVELOPMENT_ONLY_SURFACE,M3T,0.2,1.0,0.25,0.0,0.0,77.5,1000000,UNSUPPORTED_WITHOUT_REPLAY,0.0,0.0,0.0,False
V3_CANDIDATE_DEVELOPMENT_ONLY_SURFACE,M3T,0.2,1.0,0.25,0.0,0.0,77.5,1000000,UNSUPPORTED_WITHOUT_REPLAY,0.05,0.0,0.0,False
V3_CANDIDATE_DEVELOPMENT_ONLY_SURFACE,M3T,0.2,1.0,0.25,0.0,0.0,77.5,1000000,UNSUPPORTED_WITHOUT_REPLAY,0.1,0.0,0.0,False
V3_CANDIDATE_DEVELOPMENT_ONLY_SURFACE,M3T,0.2,1.0,0.25,0.0,0.0,77.5,1000000,UNSUPPORTED_WITHOUT_REPLAY,0.25,0.0,0.0,False
V3_CANDIDATE_DEVELOPMENT_ONLY_SURFACE,M3T,0.2,1.0,0.25,0.0,0.05,59.5,1000000,UNSUPPORTED_WITHOUT_REPLAY,0.0,0.0,0.0,False
V3_CANDIDATE_DEVELOPMENT_ONLY_SURFACE,M3T,0.2,1.0,0.25,0.0,0.05,59.5,1000000,UNSUPPORTED_WITHOUT_REPLAY,0.05,0.0,0.0,False
V3_CANDIDATE_DEVELOPMENT_ONLY_SURFACE,M3T,0.2,1.0,0.25,0.0,0.05,59.5,1000000,UNSUPPORTED_WITHOUT_REPLAY,0.1,0.0,0.0,False
V3_CANDIDATE_DEVELOPMENT_ONLY_SURFACE,M3T,0.2,1.0,0.25,0.0,0.05,59.5,1000000,UNSUPPORTED_WITHOUT_REPLAY,0.25,0.0,0.0,False
V3_CANDIDATE_DEVELOPMENT_ONLY_SURFACE,M3T,0.2,1.0,0.25,0.0,0.05,66.5,1000000,UNSUPPORTED_WITHOUT_REPLAY,0.0,0.0,0.0,False
V3_CANDIDATE_DEVELOPMENT_ONLY_SURFACE,M3T,0.2,1.0,0.25,0.0,0.05,66.5,1000000,UNSUPPORTED_WITHOUT_REPLAY,0.05,0.0,0.0,False
V3_CANDIDATE_DEVELOPMENT_ONLY_SURFACE,M3T,0.2,1.0,0.25,0.0,0.05,66.5,1000000,UNSUPPORTED_WITHOUT_REPLAY,0.1,0.0,0.0,False
V3_CANDIDATE_DEVELOPMENT_ONLY_SURFACE,M3T,0.2,1.0,0.25,0.0,0.05,66.5,1000000,UNSUPPORTED_WITHOUT_REPLAY,0.25,0.0,0.0,False
V3_CANDIDATE_DEVELOPMENT_ONLY_SURFACE,M3T,0.2,1.0,0.25,0.0,0.05,77.5,1000000,UNSUPPORTED_WITHOUT_REPLAY,0.0,0.0,0.0,False
V3_CANDIDATE_DEVELOPMENT_ONLY_SURFACE,M3T,0.2,1.0,0.25,0.0,0.05,77.5,1000000,UNSUPPORTED_WITHOUT_REPLAY,0.05,0.0,0.0,False
V3_CANDIDATE_DEVELOPMENT_ONLY_SURFACE,M3T,0.2,1.0,0.25,0.0,0.05,77.5,1000000,UNSUPPORTED_WITHOUT_REPLAY,0.1,0.0,0.0,False
V3_CANDIDATE_DEVELOPMENT_ONLY_SURFACE,M3T,0.2,1.0,0.25,0.0,0.05,77.5,1000000,UNSUPPORTED_WITHOUT_REPLAY,0.25,0.0,0.0,False
V3_CANDIDATE_DEVELOPMENT_ONLY_SURFACE,M3T,0.2,1.0,0.25,0.0,0.1,59.5,1000000,UNSUPPORTED_WITHOUT_REPLAY,0.0,0.0,0.0,False
V3_CANDIDATE_DEVELOPMENT_ONLY_SURFACE,M3T,0.2,1.0,0.25,0.0,0.1,59.5,1000000,UNSUPPORTED_WITHOUT_REPLAY,0.05,0.0,0.0,False
V3_CANDIDATE_DEVELOPMENT_ONLY_SURFACE,M3T,0.2,1.0,0.25,0.0,0.1,59.5,1000000,UNSUPPORTED_WITHOUT_REPLAY,0.1,0.0,0.0,False
V3_CANDIDATE_DEVELOPMENT_ONLY_SURFACE,M3T,0.2,1.0,0.25,0.0,0.1,59.5,1000000,UNSUPPORTED_WITHOUT_REPLAY,0.25,0.0,0.0,False
V3_CANDIDATE_DEVELOPMENT_ONLY_SURFACE,M3T,0.2,1.0,0.25,0.0,0.1,66.5,1000000,UNSUPPORTED_WITHOUT_REPLAY,0.0,0.0,0.0,False
V3_CANDIDATE_DEVELOPMENT_ONLY_SURFACE,M3T,0.2,1.0,0.25,0.0,0.1,66.5,1000000,UNSUPPORTED_WITHOUT_REPLAY,0.05,0.0,0.0,False
V3_CANDIDATE_DEVELOPMENT_ONLY_SURFACE,M3T,0.2,1.0,0.25,0.0,0.1,66.5,1000000,UNSUPPORTED_WITHOUT_REPLAY,0.1,0.0,0.0,False
V3_CANDIDATE_DEVELOPMENT_ONLY_SURFACE,M3T,0.2,1.0,0.25,0.0,0.1,66.5,1000000,UNSUPPORTED_WITHOUT_REPLAY,0.25,0.0,0.0,False
V3_CANDIDATE_DEVELOPMENT_ONLY_SURFACE,M3T,0.2,1.0,0.25,0.0,0.1,77.5,1000000,UNSUPPORTED_WITHOUT_REPLAY,0.0,0.0,0.0,False
V3_CANDIDATE_DEVELOPMENT_ONLY_SURFACE,M3T,0.2,1.0,0.25,0.0,0.1,77.5,1000000,UNSUPPORTED_WITHOUT_REPLAY,0.05,0.0,0.0,False
V3_CANDIDATE_DEVELOPMENT_ONLY_SURFACE,M3T,0.2,1.0,0.25,0.0,0.1,77.5,1000000,UNSUPPORTED_WITHOUT_REPLAY,0.1,0.0,0.0,False
V3_CANDIDATE_DEVELOPMENT_ONLY_SURFACE,M3T,0.2,1.0,0.25,0.0,0.1,77.5,1000000,UNSUPPORTED_WITHOUT_REPLAY,0.25,0.0,0.0,False
V3_CANDIDATE_DEVELOPMENT_ONLY_SURFACE,M3T,0.2,1.0,0.25,0.4,0.0,59.5,1000000,UNSUPPORTED_WITHOUT_REPLAY,0.0,0.0,0.0,False
V3_CANDIDATE_DEVELOPMENT_ONLY_SURFACE,M3T,0.2,1.0,0.25,0.4,0.0,59.5,1000000,UNSUPPORTED_WITHOUT_REPLAY,0.05,0.0,0.0,False
V3_CANDIDATE_DEVELOPMENT_ONLY_SURFACE,M3T,0.2,1.0,0.25,0.4,0.0,59.5,1000000,UNSUPPORTED_WITHOUT_REPLAY,0.1,0.0,0.0,False
V3_CANDIDATE_DEVELOPMENT_ONLY_SURFACE,M3T,0.2,1.0,0.25,0.4,0.0,59.5,1000000,UNSUPPORTED_WITHOUT_REPLAY,0.25,0.0,0.0,False
V3_CANDIDATE_DEVELOPMENT_ONLY_SURFACE,M3T,0.2,1.0,0.25,0.4,0.0,66.5,1000000,UNSUPPORTED_WITHOUT_REPLAY,0.0,0.0,0.0,False
V3_CANDIDATE_DEVELOPMENT_ONLY_SURFACE,M3T,0.2,1.0,0.25,0.4,0.0,66.5,1000000,UNSUPPORTED_WITHOUT_REPLAY,0.05,0.0,0.0,False
V3_CANDIDATE_DEVELOPMENT_ONLY_SURFACE,M3T,0.2,1.0,0.25,0.4,0.0,66.5,1000000,UNSUPPORTED_WITHOUT_REPLAY,0.1,0.0,0.0,False
V3_CANDIDATE_DEVELOPMENT_ONLY_SURFACE,M3T,0.2,1.0,0.25,0.4,0.0,66.5,1000000,UNSUPPORTED_WITHOUT_REPLAY,0.25,0.0,0.0,False
V3_CANDIDATE_DEVELOPMENT_ONLY_SURFACE,M3T,0.2,1.0,0.25,0.4,0.0,77.5,1000000,UNSUPPORTED_WITHOUT_REPLAY,0.0,0.0,0.0,False
V3_CANDIDATE_DEVELOPMENT_ONLY_SURFACE,M3T,0.2,1.0,0.25,0.4,0.0,77.5,1000000,UNSUPPORTED_WITHOUT_REPLAY,0.05,0.0,0.0,False
V3_CANDIDATE_DEVELOPMENT_ONLY_SURFACE,M3T,0.2,1.0,0.25,0.4,0.0,77.5,1000000,UNSUPPORTED_WITHOUT_REPLAY,0.1,0.0,0.0,False
V3_CANDIDATE_DEVELOPMENT_ONLY_SURFACE,M3T,0.2,1.0,0.25,0.4,0.0,77.5,1000000,UNSUPPORTED_WITHOUT_REPLAY,0.25,0.0,0.0,False
V3_CANDIDATE_DEVELOPMENT_ONLY_SURFACE,M3T,0.2,1.0,0.25,0.4,0.05,59.5,1000000,UNSUPPORTED_WITHOUT_REPLAY,0.0,0.0,0.0,False
V3_CANDIDATE_DEVELOPMENT_ONLY_SURFACE,M3T,0.2,1.0,0.25,0.4,0.05,59.5,1000000,UNSUPPORTED_WITHOUT_REPLAY,0.05,0.0,0.0,False
V3_CANDIDATE_DEVELOPMENT_ONLY_SURFACE,M3T,0.2,1.0,0.25,0.4,0.05,59.5,1000000,UNSUPPORTED_WITHOUT_REPLAY,0.1,0.0,0.0,False
V3_CANDIDATE_DEVELOPMENT_ONLY_SURFACE,M3T,0.2,1.0,0.25,0.4,0.05,59.5,1000000,UNSUPPORTED_WITHOUT_REPLAY,0.25,0.0,0.0,False
V3_CANDIDATE_DEVELOPMENT_ONLY_SURFACE,M3T,0.2,1.0,0.25,0.4,0.05,66.5,1000000,UNSUPPORTED_WITHOUT_REPLAY,0.0,0.0,0.0,False
V3_CANDIDATE_DEVELOPMENT_ONLY_SURFACE,M3T,0.2,1.0,0.25,0.4,0.05,66.5,1000000,UNSUPPORTED_WITHOUT_REPLAY,0.05,0.0,0.0,False
V3_CANDIDATE_DEVELOPMENT_ONLY_SURFACE,M3T,0.2,1.0,0.25,0.4,0.05,66.5,1000000,UNSUPPORTED_WITHOUT_REPLAY,0.1,0.0,0.0,False
V3_CANDIDATE_DEVELOPMENT_ONLY_SURFACE,M3T,0.2,1.0,0.25,0.4,0.05,66.5,1000000,UNSUPPORTED_WITHOUT_REPLAY,0.25,0.0,0.0,False
V3_CANDIDATE_DEVELOPMENT_ONLY_SURFACE,M3T,0.2,1.0,0.25,0.4,0.05,77.5,1000000,UNSUPPORTED_WITHOUT_REPLAY,0.0,0.0,0.0,False
V3_CANDIDATE_DEVELOPMENT_ONLY_SURFACE,M3T,0.2,1.0,0.25,0.4,0.05,77.5,1000000,UNSUPPORTED_WITHOUT_REPLAY,0.05,0.0,0.0,False
V3_CANDIDATE_DEVELOPMENT_ONLY_SURFACE,M3T,0.2,1.0,0.25,0.4,0.05,77.5,1000000,UNSUPPORTED_WITHOUT_REPLAY,0.1,0.0,0.0,False
V3_CANDIDATE_DEVELOPMENT_ONLY_SURFACE,M3T,0.2,1.0,0.25,0.4,0.05,77.5,1000000,UNSUPPORTED_WITHOUT_REPLAY,0.25,0.0,0.0,False
V3_CANDIDATE_DEVELOPMENT_ONLY_SURFACE,M3T,0.2,1.0,0.25,0.4,0.1,59.5,1000000,UNSUPPORTED_WITHOUT_REPLAY,0.0,0.0,0.0,False
V3_CANDIDATE_DEVELOPMENT_ONLY_SURFACE,M3T,0.2,1.0,0.25,0.4,0.1,59.5,1000000,UNSUPPORTED_WITHOUT_REPLAY,0.05,0.0,0.0,False
V3_CANDIDATE_DEVELOPMENT_ONLY_SURFACE,M3T,0.2,1.0,0.25,0.4,0.1,59.5,1000000,UNSUPPORTED_WITHOUT_REPLAY,0.1,0.0,0.0,False
V3_CANDIDATE_DEVELOPMENT_ONLY_SURFACE,M3T,0.2,1.0,0.25,0.4,0.1,59.5,1000000,UNSUPPORTED_WITHOUT_REPLAY,0.25,0.0,0.0,False
V3_CANDIDATE_DEVELOPMENT_ONLY_SURFACE,M3T,0.2,1.0,0.25,0.4,0.1,66.5,1000000,UNSUPPORTED_WITHOUT_REPLAY,0.0,0.0,0.0,False
V3_CANDIDATE_DEVELOPMENT_ONLY_SURFACE,M3T,0.2,1.0,0.25,0.4,0.1,66.5,1000000,UNSUPPORTED_WITHOUT_REPLAY,0.05,0.0,0.0,False
V3_CANDIDATE_DEVELOPMENT_ONLY_SURFACE,M3T,0.2,1.0,0.25,0.4,0.1,66.5,1000000,UNSUPPORTED_WITHOUT_REPLAY,0.1,0.0,0.0,False
V3_CANDIDATE_DEVELOPMENT_ONLY_SURFACE,M3T,0.2,1.0,0.25,0.4,0.1,66.5,1000000,UNSUPPORTED_WITHOUT_REPLAY,0.25,0.0,0.0,False
V3_CANDIDATE_DEVELOPMENT_ONLY_SURFACE,M3T,0.2,1.0,0.25,0.4,0.1,77.5,1000000,UNSUPPORTED_WITHOUT_REPLAY,0.0,0.0,0.0,False
V3_CANDIDATE_DEVELOPMENT_ONLY_SURFACE,M3T,0.2,1.0,0.25,0.4,0.1,77.5,1000000,UNSUPPORTED_WITHOUT_REPLAY,0.05,0.0,0.0,False
V3_CANDIDATE_DEVELOPMENT_ONLY_SURFACE,M3T,0.2,1.0,0.25,0.4,0.1,77.5,1000000,UNSUPPORTED_WITHOUT_REPLAY,0.1,0.0,0.0,False
V3_CANDIDATE_DEVELOPMENT_ONLY_SURFACE,M3T,0.2,1.0,0.25,0.4,0.1,77.5,1000000,UNSUPPORTED_WITHOUT_REPLAY,0.25,0.0,0.0,False
V3_CANDIDATE_DEVELOPMENT_ONLY_SURFACE,M3T,0.2,1.0,0.25,0.6,0.0,59.5,1000000,UNSUPPORTED_WITHOUT_REPLAY,0.0,0.0,0.0,False
V3_CANDIDATE_DEVELOPMENT_ONLY_SURFACE,M3T,0.2,1.0,0.25,0.6,0.0,59.5,1000000,UNSUPPORTED_WITHOUT_REPLAY,0.05,0.0,0.0,False
V3_CANDIDATE_DEVELOPMENT_ONLY_SURFACE,M3T,0.2,1.0,0.25,0.6,0.0,59.5,1000000,UNSUPPORTED_WITHOUT_REPLAY,0.1,0.0,0.0,False
V3_CANDIDATE_DEVELOPMENT_ONLY_SURFACE,M3T,0.2,1.0,0.25,0.6,0.0,59.5,1000000,UNSUPPORTED_WITHOUT_REPLAY,0.25,0.0,0.0,False
V3_CANDIDATE_DEVELOPMENT_ONLY_SURFACE,M3T,0.2,1.0,0.25,0.6,0.0,66.5,1000000,UNSUPPORTED_WITHOUT_REPLAY,0.0,0.0,0.0,False
V3_CANDIDATE_DEVELOPMENT_ONLY_SURFACE,M3T,0.2,1.0,0.25,0.6,0.0,66.5,1000000,UNSUPPORTED_WITHOUT_REPLAY,0.05,0.0,0.0,False
V3_CANDIDATE_DEVELOPMENT_ONLY_SURFACE,M3T,0.2,1.0,0.25,0.6,0.0,66.5,1000000,UNSUPPORTED_WITHOUT_REPLAY,0.1,0.0,0.0,False
V3_CANDIDATE_DEVELOPMENT_ONLY_SURFACE,M3T,0.2,1.0,0.25,0.6,0.0,66.5,1000000,UNSUPPORTED_WITHOUT_REPLAY,0.25,0.0,0.0,False
V3_CANDIDATE_DEVELOPMENT_ONLY_SURFACE,M3T,0.2,1.0,0.25,0.6,0.0,77.5,1000000,UNSUPPORTED_WITHOUT_REPLAY,0.0,0.0,0.0,False
V3_CANDIDATE_DEVELOPMENT_ONLY_SURFACE,M3T,0.2,1.0,0.25,0.6,0.0,77.5,1000000,UNSUPPORTED_WITHOUT_REPLAY,0.05,0.0,0.0,False
V3_CANDIDATE_DEVELOPMENT_ONLY_SURFACE,M3T,0.2,1.0,0.25,0.6,0.0,77.5,1000000,UNSUPPORTED_WITHOUT_REPLAY,0.1,0.0,0.0,False
V3_CANDIDATE_DEVELOPMENT_ONLY_SURFACE,M3T,0.2,1.0,0.25,0.6,0.0,77.5,1000000,UNSUPPORTED_WITHOUT_REPLAY,0.25,0.0,0.0,False
V3_CANDIDATE_DEVELOPMENT_ONLY_SURFACE,M3T,0.2,1.0,0.25,0.6,0.05,59.5,1000000,UNSUPPORTED_WITHOUT_REPLAY,0.0,0.0,0.0,False
V3_CANDIDATE_DEVELOPMENT_ONLY_SURFACE,M3T,0.2,1.0,0.25,0.6,0.05,59.5,1000000,UNSUPPORTED_WITHOUT_REPLAY,0.05,0.0,0.0,False
V3_CANDIDATE_DEVELOPMENT_ONLY_SURFACE,M3T,0.2,1.0,0.25,0.6,0.05,59.5,1000000,UNSUPPORTED_WITHOUT_REPLAY,0.1,0.0,0.0,False
V3_CANDIDATE_DEVELOPMENT_ONLY_SURFACE,M3T,0.2,1.0,0.25,0.6,0.05,59.5,1000000,UNSUPPORTED_WITHOUT_REPLAY,0.25,0.0,0.0,False
V3_CANDIDATE_DEVELOPMENT_ONLY_SURFACE,M3T,0.2,1.0,0.25,0.6,0.05,66.5,1000000,UNSUPPORTED_WITHOUT_REPLAY,0.0,0.0,0.0,False
V3_CANDIDATE_DEVELOPMENT_ONLY_SURFACE,M3T,0.2,1.0,0.25,0.6,0.05,66.5,1000000,UNSUPPORTED_WITHOUT_REPLAY,0.05,0.0,0.0,False
V3_CANDIDATE_DEVELOPMENT_ONLY_SURFACE,M3T,0.2,1.0,0.25,0.6,0.05,66.5,1000000,UNSUPPORTED_WITHOUT_REPLAY,0.1,0.0,0.0,False
V3_CANDIDATE_DEVELOPMENT_ONLY_SURFACE,M3T,0.2,1.0,0.25,0.6,0.05,66.5,1000000,UNSUPPORTED_WITHOUT_REPLAY,0.25,0.0,0.0,False
V3_CANDIDATE_DEVELOPMENT_ONLY_SURFACE,M3T,0.2,1.0,0.25,0.6,0.05,77.5,1000000,UNSUPPORTED_WITHOUT_REPLAY,0.0,0.0,0.0,False
V3_CANDIDATE_DEVELOPMENT_ONLY_SURFACE,M3T,0.2,1.0,0.25,0.6,0.05,77.5,1000000,UNSUPPORTED_WITHOUT_REPLAY,0.05,0.0,0.0,False
V3_CANDIDATE_DEVELOPMENT_ONLY_SURFACE,M3T,0.2,1.0,0.25,0.6,0.05,77.5,1000000,UNSUPPORTED_WITHOUT_REPLAY,0.1,0.0,0.0,False
V3_CANDIDATE_DEVELOPMENT_ONLY_SURFACE,M3T,0.2,1.0,0.25,0.6,0.05,77.5,1000000,UNSUPPORTED_WITHOUT_REPLAY,0.25,0.0,0.0,False
V3_CANDIDATE_DEVELOPMENT_ONLY_SURFACE,M3T,0.2,1.0,0.25,0.6,0.1,59.5,1000000,UNSUPPORTED_WITHOUT_REPLAY,0.0,0.0,0.0,False
V3_CANDIDATE_DEVELOPMENT_ONLY_SURFACE,M3T,0.2,1.0,0.25,0.6,0.1,59.5,1000000,UNSUPPORTED_WITHOUT_REPLAY,0.05,0.0,0.0,False
V3_CANDIDATE_DEVELOPMENT_ONLY_SURFACE,M3T,0.2,1.0,0.25,0.6,0.1,59.5,1000000,UNSUPPORTED_WITHOUT_REPLAY,0.1,0.0,0.0,False
V3_CANDIDATE_DEVELOPMENT_ONLY_SURFACE,M3T,0.2,1.0,0.25,0.6,0.1,59.5,1000000,UNSUPPORTED_WITHOUT_REPLAY,0.25,0.0,0.0,False
V3_CANDIDATE_DEVELOPMENT_ONLY_SURFACE,M3T,0.2,1.0,0.25,0.6,0.1,66.5,1000000,UNSUPPORTED_WITHOUT_REPLAY,0.0,0.0,0.0,False
V3_CANDIDATE_DEVELOPMENT_ONLY_SURFACE,M3T,0.2,1.0,0.25,0.6,0.1,66.5,1000000,UNSUPPORTED_WITHOUT_REPLAY,0.05,0.0,0.0,False
V3_CANDIDATE_DEVELOPMENT_ONLY_SURFACE,M3T,0.2,1.0,0.25,0.6,0.1,66.5,1000000,UNSUPPORTED_WITHOUT_REPLAY,0.1,0.0,0.0,False
V3_CANDIDATE_DEVELOPMENT_ONLY_SURFACE,M3T,0.2,1.0,0.25,0.6,0.1,66.5,1000000,UNSUPPORTED_WITHOUT_REPLAY,0.25,0.0,0.0,False
V3_CANDIDATE_DEVELOPMENT_ONLY_SURFACE,M3T,0.2,1.0,0.25,0.6,0.1,77.5,1000000,UNSUPPORTED_WITHOUT_REPLAY,0.0,0.0,0.0,False
V3_CANDIDATE_DEVELOPMENT_ONLY_SURFACE,M3T,0.2,1.0,0.25,0.6,0.1,77.5,1000000,UNSUPPORTED_WITHOUT_REPLAY,0.05,0.0,0.0,False
V3_CANDIDATE_DEVELOPMENT_ONLY_SURFACE,M3T,0.2,1.0,0.25,0.6,0.1,77.5,1000000,UNSUPPORTED_WITHOUT_REPLAY,0.1,0.0,0.0,False
V3_CANDIDATE_DEVELOPMENT_ONLY_SURFACE,M3T,0.2,1.0,0.25,0.6,0.1,77.5,1000000,UNSUPPORTED_WITHOUT_REPLAY,0.25,0.0,0.0,False
V3_CANDIDATE_DEVELOPMENT_ONLY_SURFACE,M3T,0.2,1.0,0.25,0.8,0.0,59.5,1000000,UNSUPPORTED_WITHOUT_REPLAY,0.0,0.0,0.0,False
V3_CANDIDATE_DEVELOPMENT_ONLY_SURFACE,M3T,0.2,1.0,0.25,0.8,0.0,59.5,1000000,UNSUPPORTED_WITHOUT_REPLAY,0.05,0.0,0.0,False
V3_CANDIDATE_DEVELOPMENT_ONLY_SURFACE,M3T,0.2,1.0,0.25,0.8,0.0,59.5,1000000,UNSUPPORTED_WITHOUT_REPLAY,0.1,0.0,0.0,False
V3_CANDIDATE_DEVELOPMENT_ONLY_SURFACE,M3T,0.2,1.0,0.25,0.8,0.0,59.5,1000000,UNSUPPORTED_WITHOUT_REPLAY,0.25,0.0,0.0,False
V3_CANDIDATE_DEVELOPMENT_ONLY_SURFACE,M3T,0.2,1.0,0.25,0.8,0.0,66.5,1000000,UNSUPPORTED_WITHOUT_REPLAY,0.0,0.0,0.0,False
V3_CANDIDATE_DEVELOPMENT_ONLY_SURFACE,M3T,0.2,1.0,0.25,0.8,0.0,66.5,1000000,UNSUPPORTED_WITHOUT_REPLAY,0.05,0.0,0.0,False
V3_CANDIDATE_DEVELOPMENT_ONLY_SURFACE,M3T,0.2,1.0,0.25,0.8,0.0,66.5,1000000,UNSUPPORTED_WITHOUT_REPLAY,0.1,0.0,0.0,False
V3_CANDIDATE_DEVELOPMENT_ONLY_SURFACE,M3T,0.2,1.0,0.25,0.8,0.0,66.5,1000000,UNSUPPORTED_WITHOUT_REPLAY,0.25,0.0,0.0,False
V3_CANDIDATE_DEVELOPMENT_ONLY_SURFACE,M3T,0.2,1.0,0.25,0.8,0.0,77.5,1000000,UNSUPPORTED_WITHOUT_REPLAY,0.0,0.0,0.0,False
V3_CANDIDATE_DEVELOPMENT_ONLY_SURFACE,M3T,0.2,1.0,0.25,0.8,0.0,77.5,1000000,UNSUPPORTED_WITHOUT_REPLAY,0.05,0.0,0.0,False
V3_CANDIDATE_DEVELOPMENT_ONLY_SURFACE,M3T,0.2,1.0,0.25,0.8,0.0,77.5,1000000,UNSUPPORTED_WITHOUT_REPLAY,0.1,0.0,0.0,False
V3_CANDIDATE_DEVELOPMENT_ONLY_SURFACE,M3T,0.2,1.0,0.25,0.8,0.0,77.5,1000000,UNSUPPORTED_WITHOUT_REPLAY,0.25,0.0,0.0,False
V3_CANDIDATE_DEVELOPMENT_ONLY_SURFACE,M3T,0.2,1.0,0.25,0.8,0.05,59.5,1000000,UNSUPPORTED_WITHOUT_REPLAY,0.0,0.0,0.0,False
V3_CANDIDATE_DEVELOPMENT_ONLY_SURFACE,M3T,0.2,1.0,0.25,0.8,0.05,59.5,1000000,UNSUPPORTED_WITHOUT_REPLAY,0.05,0.0,0.0,False
V3_CANDIDATE_DEVELOPMENT_ONLY_SURFACE,M3T,0.2,1.0,0.25,0.8,0.05,59.5,1000000,UNSUPPORTED_WITHOUT_REPLAY,0.1,0.0,0.0,False
V3_CANDIDATE_DEVELOPMENT_ONLY_SURFACE,M3T,0.2,1.0,0.25,0.8,0.05,59.5,1000000,UNSUPPORTED_WITHOUT_REPLAY,0.25,0.0,0.0,False
V3_CANDIDATE_DEVELOPMENT_ONLY_SURFACE,M3T,0.2,1.0,0.25,0.8,0.05,66.5,1000000,UNSUPPORTED_WITHOUT_REPLAY,0.0,0.0,0.0,False
V3_CANDIDATE_DEVELOPMENT_ONLY_SURFACE,M3T,0.2,1.0,0.25,0.8,0.05,66.5,1000000,UNSUPPORTED_WITHOUT_REPLAY,0.05,0.0,0.0,False
V3_CANDIDATE_DEVELOPMENT_ONLY_SURFACE,M3T,0.2,1.0,0.25,0.8,0.05,66.5,1000000,UNSUPPORTED_WITHOUT_REPLAY,0.1,0.0,0.0,False
V3_CANDIDATE_DEVELOPMENT_ONLY_SURFACE,M3T,0.2,1.0,0.25,0.8,0.05,66.5,1000000,UNSUPPORTED_WITHOUT_REPLAY,0.25,0.0,0.0,False
V3_CANDIDATE_DEVELOPMENT_ONLY_SURFACE,M3T,0.2,1.0,0.25,0.8,0.05,77.5,1000000,UNSUPPORTED_WITHOUT_REPLAY,0.0,0.0,0.0,False
V3_CANDIDATE_DEVELOPMENT_ONLY_SURFACE,M3T,0.2,1.0,0.25,0.8,0.05,77.5,1000000,UNSUPPORTED_WITHOUT_REPLAY,0.05,0.0,0.0,False
V3_CANDIDATE_DEVELOPMENT_ONLY_SURFACE,M3T,0.2,1.0,0.25,0.8,0.05,77.5,1000000,UNSUPPORTED_WITHOUT_REPLAY,0.1,0.0,0.0,False
V3_CANDIDATE_DEVELOPMENT_ONLY_SURFACE,M3T,0.2,1.0,0.25,0.8,0.05,77.5,1000000,UNSUPPORTED_WITHOUT_REPLAY,0.25,0.0,0.0,False
V3_CANDIDATE_DEVELOPMENT_ONLY_SURFACE,M3T,0.2,1.0,0.25,0.8,0.1,59.5,1000000,UNSUPPORTED_WITHOUT_REPLAY,0.0,0.0,0.0,False
V3_CANDIDATE_DEVELOPMENT_ONLY_SURFACE,M3T,0.2,1.0,0.25,0.8,0.1,59.5,1000000,UNSUPPORTED_WITHOUT_REPLAY,0.05,0.0,0.0,False
V3_CANDIDATE_DEVELOPMENT_ONLY_SURFACE,M3T,0.2,1.0,0.25,0.8,0.1,59.5,1000000,UNSUPPORTED_WITHOUT_REPLAY,0.1,0.0,0.0,False
V3_CANDIDATE_DEVELOPMENT_ONLY_SURFACE,M3T,0.2,1.0,0.25,0.8,0.1,59.5,1000000,UNSUPPORTED_WITHOUT_REPLAY,0.25,0.0,0.0,False
V3_CANDIDATE_DEVELOPMENT_ONLY_SURFACE,M3T,0.2,1.0,0.25,0.8,0.1,66.5,1000000,UNSUPPORTED_WITHOUT_REPLAY,0.0,0.0,0.0,False
V3_CANDIDATE_DEVELOPMENT_ONLY_SURFACE,M3T,0.2,1.0,0.25,0.8,0.1,66.5,1000000,UNSUPPORTED_WITHOUT_REPLAY,0.05,0.0,0.0,False
V3_CANDIDATE_DEVELOPMENT_ONLY_SURFACE,M3T,0.2,1.0,0.25,0.8,0.1,66.5,1000000,UNSUPPORTED_WITHOUT_REPLAY,0.1,0.0,0.0,False
V3_CANDIDATE_DEVELOPMENT_ONLY_SURFACE,M3T,0.2,1.0,0.25,0.8,0.1,66.5,1000000,UNSUPPORTED_WITHOUT_REPLAY,0.25,0.0,0.0,False
V3_CANDIDATE_DEVELOPMENT_ONLY_SURFACE,M3T,0.2,1.0,0.25,0.8,0.1,77.5,1000000,UNSUPPORTED_WITHOUT_REPLAY,0.0,0.0,0.0,False
V3_CANDIDATE_DEVELOPMENT_ONLY_SURFACE,M3T,0.2,1.0,0.25,0.8,0.1,77.5,1000000,UNSUPPORTED_WITHOUT_REPLAY,0.05,0.0,0.0,False
V3_CANDIDATE_DEVELOPMENT_ONLY_SURFACE,M3T,0.2,1.0,0.25,0.8,0.1,77.5,1000000,UNSUPPORTED_WITHOUT_REPLAY,0.1,0.0,0.0,False
V3_CANDIDATE_DEVELOPMENT_ONLY_SURFACE,M3T,0.2,1.0,0.25,0.8,0.1,77.5,1000000,UNSUPPORTED_WITHOUT_REPLAY,0.25,0.0,0.0,False
V3_CANDIDATE_DEVELOPMENT_ONLY_SURFACE,M3T,0.2,1.0,0.5,0.0,0.0,59.5,1000000,UNSUPPORTED_WITHOUT_REPLAY,0.0,0.0,0.0,False
V3_CANDIDATE_DEVELOPMENT_ONLY_SURFACE,M3T,0.2,1.0,0.5,0.0,0.0,59.5,1000000,UNSUPPORTED_WITHOUT_REPLAY,0.05,0.0,0.0,False
V3_CANDIDATE_DEVELOPMENT_ONLY_SURFACE,M3T,0.2,1.0,0.5,0.0,0.0,59.5,1000000,UNSUPPORTED_WITHOUT_REPLAY,0.1,0.0,0.0,False
V3_CANDIDATE_DEVELOPMENT_ONLY_SURFACE,M3T,0.2,1.0,0.5,0.0,0.0,59.5,1000000,UNSUPPORTED_WITHOUT_REPLAY,0.25,0.0,0.0,False
V3_CANDIDATE_DEVELOPMENT_ONLY_SURFACE,M3T,0.2,1.0,0.5,0.0,0.0,66.5,1000000,UNSUPPORTED_WITHOUT_REPLAY,0.0,0.0,0.0,False
V3_CANDIDATE_DEVELOPMENT_ONLY_SURFACE,M3T,0.2,1.0,0.5,0.0,0.0,66.5,1000000,UNSUPPORTED_WITHOUT_REPLAY,0.05,0.0,0.0,False
V3_CANDIDATE_DEVELOPMENT_ONLY_SURFACE,M3T,0.2,1.0,0.5,0.0,0.0,66.5,1000000,UNSUPPORTED_WITHOUT_REPLAY,0.1,0.0,0.0,False
V3_CANDIDATE_DEVELOPMENT_ONLY_SURFACE,M3T,0.2,1.0,0.5,0.0,0.0,66.5,1000000,UNSUPPORTED_WITHOUT_REPLAY,0.25,0.0,0.0,False
V3_CANDIDATE_DEVELOPMENT_ONLY_SURFACE,M3T,0.2,1.0,0.5,0.0,0.0,77.5,1000000,UNSUPPORTED_WITHOUT_REPLAY,0.0,0.0,0.0,False
V3_CANDIDATE_DEVELOPMENT_ONLY_SURFACE,M3T,0.2,1.0,0.5,0.0,0.0,77.5,1000000,UNSUPPORTED_WITHOUT_REPLAY,0.05,0.0,0.0,False
V3_CANDIDATE_DEVELOPMENT_ONLY_SURFACE,M3T,0.2,1.0,0.5,0.0,0.0,77.5,1000000,UNSUPPORTED_WITHOUT_REPLAY,0.1,0.0,0.0,False
V3_CANDIDATE_DEVELOPMENT_ONLY_SURFACE,M3T,0.2,1.0,0.5,0.0,0.0,77.5,1000000,UNSUPPORTED_WITHOUT_REPLAY,0.25,0.0,0.0,False
V3_CANDIDATE_DEVELOPMENT_ONLY_SURFACE,M3T,0.2,1.0,0.5,0.0,0.05,59.5,1000000,UNSUPPORTED_WITHOUT_REPLAY,0.0,0.0,0.0,False
V3_CANDIDATE_DEVELOPMENT_ONLY_SURFACE,M3T,0.2,1.0,0.5,0.0,0.05,59.5,1000000,UNSUPPORTED_WITHOUT_REPLAY,0.05,0.0,0.0,False
V3_CANDIDATE_DEVELOPMENT_ONLY_SURFACE,M3T,0.2,1.0,0.5,0.0,0.05,59.5,1000000,UNSUPPORTED_WITHOUT_REPLAY,0.1,0.0,0.0,False
V3_CANDIDATE_DEVELOPMENT_ONLY_SURFACE,M3T,0.2,1.0,0.5,0.0,0.05,59.5,1000000,UNSUPPORTED_WITHOUT_REPLAY,0.25,0.0,0.0,False
V3_CANDIDATE_DEVELOPMENT_ONLY_SURFACE,M3T,0.2,1.0,0.5,0.0,0.05,66.5,1000000,UNSUPPORTED_WITHOUT_REPLAY,0.0,0.0,0.0,False
V3_CANDIDATE_DEVELOPMENT_ONLY_SURFACE,M3T,0.2,1.0,0.5,0.0,0.05,66.5,1000000,UNSUPPORTED_WITHOUT_REPLAY,0.05,0.0,0.0,False
V3_CANDIDATE_DEVELOPMENT_ONLY_SURFACE,M3T,0.2,1.0,0.5,0.0,0.05,66.5,1000000,UNSUPPORTED_WITHOUT_REPLAY,0.1,0.0,0.0,False
V3_CANDIDATE_DEVELOPMENT_ONLY_SURFACE,M3T,0.2,1.0,0.5,0.0,0.05,66.5,1000000,UNSUPPORTED_WITHOUT_REPLAY,0.25,0.0,0.0,False
V3_CANDIDATE_DEVELOPMENT_ONLY_SURFACE,M3T,0.2,1.0,0.5,0.0,0.05,77.5,1000000,UNSUPPORTED_WITHOUT_REPLAY,0.0,0.0,0.0,False
V3_CANDIDATE_DEVELOPMENT_ONLY_SURFACE,M3T,0.2,1.0,0.5,0.0,0.05,77.5,1000000,UNSUPPORTED_WITHOUT_REPLAY,0.05,0.0,0.0,False
V3_CANDIDATE_DEVELOPMENT_ONLY_SURFACE,M3T,0.2,1.0,0.5,0.0,0.05,77.5,1000000,UNSUPPORTED_WITHOUT_REPLAY,0.1,0.0,0.0,False
V3_CANDIDATE_DEVELOPMENT_ONLY_SURFACE,M3T,0.2,1.0,0.5,0.0,0.05,77.5,1000000,UNSUPPORTED_WITHOUT_REPLAY,0.25,0.0,0.0,False
V3_CANDIDATE_DEVELOPMENT_ONLY_SURFACE,M3T,0.2,1.0,0.5,0.0,0.1,59.5,1000000,UNSUPPORTED_WITHOUT_REPLAY,0.0,0.0,0.0,False
V3_CANDIDATE_DEVELOPMENT_ONLY_SURFACE,M3T,0.2,1.0,0.5,0.0,0.1,59.5,1000000,UNSUPPORTED_WITHOUT_REPLAY,0.05,0.0,0.0,False
V3_CANDIDATE_DEVELOPMENT_ONLY_SURFACE,M3T,0.2,1.0,0.5,0.0,0.1,59.5,1000000,UNSUPPORTED_WITHOUT_REPLAY,0.1,0.0,0.0,False
V3_CANDIDATE_DEVELOPMENT_ONLY_SURFACE,M3T,0.2,1.0,0.5,0.0,0.1,59.5,1000000,UNSUPPORTED_WITHOUT_REPLAY,0.25,0.0,0.0,False
V3_CANDIDATE_DEVELOPMENT_ONLY_SURFACE,M3T,0.2,1.0,0.5,0.0,0.1,66.5,1000000,UNSUPPORTED_WITHOUT_REPLAY,0.0,0.0,0.0,False
V3_CANDIDATE_DEVELOPMENT_ONLY_SURFACE,M3T,0.2,1.0,0.5,0.0,0.1,66.5,1000000,UNSUPPORTED_WITHOUT_REPLAY,0.05,0.0,0.0,False
V3_CANDIDATE_DEVELOPMENT_ONLY_SURFACE,M3T,0.2,1.0,0.5,0.0,0.1,66.5,1000000,UNSUPPORTED_WITHOUT_REPLAY,0.1,0.0,0.0,False
V3_CANDIDATE_DEVELOPMENT_ONLY_SURFACE,M3T,0.2,1.0,0.5,0.0,0.1,66.5,1000000,UNSUPPORTED_WITHOUT_REPLAY,0.25,0.0,0.0,False
V3_CANDIDATE_DEVELOPMENT_ONLY_SURFACE,M3T,0.2,1.0,0.5,0.0,0.1,77.5,1000000,UNSUPPORTED_WITHOUT_REPLAY,0.0,0.0,0.0,False
V3_CANDIDATE_DEVELOPMENT_ONLY_SURFACE,M3T,0.2,1.0,0.5,0.0,0.1,77.5,1000000,UNSUPPORTED_WITHOUT_REPLAY,0.05,0.0,0.0,False
V3_CANDIDATE_DEVELOPMENT_ONLY_SURFACE,M3T,0.2,1.0,0.5,0.0,0.1,77.5,1000000,UNSUPPORTED_WITHOUT_REPLAY,0.1,0.0,0.0,False
V3_CANDIDATE_DEVELOPMENT_ONLY_SURFACE,M3T,0.2,1.0,0.5,0.0,0.1,77.5,1000000,UNSUPPORTED_WITHOUT_REPLAY,0.25,0.0,0.0,False
V3_CANDIDATE_DEVELOPMENT_ONLY_SURFACE,M3T,0.2,1.0,0.5,0.4,0.0,59.5,1000000,UNSUPPORTED_WITHOUT_REPLAY,0.0,0.0,0.0,False
V3_CANDIDATE_DEVELOPMENT_ONLY_SURFACE,M3T,0.2,1.0,0.5,0.4,0.0,59.5,1000000,UNSUPPORTED_WITHOUT_REPLAY,0.05,0.0,0.0,False
V3_CANDIDATE_DEVELOPMENT_ONLY_SURFACE,M3T,0.2,1.0,0.5,0.4,0.0,59.5,1000000,UNSUPPORTED_WITHOUT_REPLAY,0.1,0.0,0.0,False
V3_CANDIDATE_DEVELOPMENT_ONLY_SURFACE,M3T,0.2,1.0,0.5,0.4,0.0,59.5,1000000,UNSUPPORTED_WITHOUT_REPLAY,0.25,0.0,0.0,False
V3_CANDIDATE_DEVELOPMENT_ONLY_SURFACE,M3T,0.2,1.0,0.5,0.4,0.0,66.5,1000000,UNSUPPORTED_WITHOUT_REPLAY,0.0,0.0,0.0,False
V3_CANDIDATE_DEVELOPMENT_ONLY_SURFACE,M3T,0.2,1.0,0.5,0.4,0.0,66.5,1000000,UNSUPPORTED_WITHOUT_REPLAY,0.05,0.0,0.0,False
V3_CANDIDATE_DEVELOPMENT_ONLY_SURFACE,M3T,0.2,1.0,0.5,0.4,0.0,66.5,1000000,UNSUPPORTED_WITHOUT_REPLAY,0.1,0.0,0.0,False
V3_CANDIDATE_DEVELOPMENT_ONLY_SURFACE,M3T,0.2,1.0,0.5,0.4,0.0,66.5,1000000,UNSUPPORTED_WITHOUT_REPLAY,0.25,0.0,0.0,False
V3_CANDIDATE_DEVELOPMENT_ONLY_SURFACE,M3T,0.2,1.0,0.5,0.4,0.0,77.5,1000000,UNSUPPORTED_WITHOUT_REPLAY,0.0,0.0,0.0,False
V3_CANDIDATE_DEVELOPMENT_ONLY_SURFACE,M3T,0.2,1.0,0.5,0.4,0.0,77.5,1000000,UNSUPPORTED_WITHOUT_REPLAY,0.05,0.0,0.0,False
V3_CANDIDATE_DEVELOPMENT_ONLY_SURFACE,M3T,0.2,1.0,0.5,0.4,0.0,77.5,1000000,UNSUPPORTED_WITHOUT_REPLAY,0.1,0.0,0.0,False
V3_CANDIDATE_DEVELOPMENT_ONLY_SURFACE,M3T,0.2,1.0,0.5,0.4,0.0,77.5,1000000,UNSUPPORTED_WITHOUT_REPLAY,0.25,0.0,0.0,False
V3_CANDIDATE_DEVELOPMENT_ONLY_SURFACE,M3T,0.2,1.0,0.5,0.4,0.05,59.5,1000000,UNSUPPORTED_WITHOUT_REPLAY,0.0,0.0,0.0,False
V3_CANDIDATE_DEVELOPMENT_ONLY_SURFACE,M3T,0.2,1.0,0.5,0.4,0.05,59.5,1000000,UNSUPPORTED_WITHOUT_REPLAY,0.05,0.0,0.0,False
V3_CANDIDATE_DEVELOPMENT_ONLY_SURFACE,M3T,0.2,1.0,0.5,0.4,0.05,59.5,1000000,UNSUPPORTED_WITHOUT_REPLAY,0.1,0.0,0.0,False
V3_CANDIDATE_DEVELOPMENT_ONLY_SURFACE,M3T,0.2,1.0,0.5,0.4,0.05,59.5,1000000,UNSUPPORTED_WITHOUT_REPLAY,0.25,0.0,0.0,False
V3_CANDIDATE_DEVELOPMENT_ONLY_SURFACE,M3T,0.2,1.0,0.5,0.4,0.05,66.5,1000000,UNSUPPORTED_WITHOUT_REPLAY,0.0,0.0,0.0,False
V3_CANDIDATE_DEVELOPMENT_ONLY_SURFACE,M3T,0.2,1.0,0.5,0.4,0.05,66.5,1000000,UNSUPPORTED_WITHOUT_REPLAY,0.05,0.0,0.0,False
V3_CANDIDATE_DEVELOPMENT_ONLY_SURFACE,M3T,0.2,1.0,0.5,0.4,0.05,66.5,1000000,UNSUPPORTED_WITHOUT_REPLAY,0.1,0.0,0.0,False
V3_CANDIDATE_DEVELOPMENT_ONLY_SURFACE,M3T,0.2,1.0,0.5,0.4,0.05,66.5,1000000,UNSUPPORTED_WITHOUT_REPLAY,0.25,0.0,0.0,False
V3_CANDIDATE_DEVELOPMENT_ONLY_SURFACE,M3T,0.2,1.0,0.5,0.4,0.05,77.5,1000000,UNSUPPORTED_WITHOUT_REPLAY,0.0,0.0,0.0,False
V3_CANDIDATE_DEVELOPMENT_ONLY_SURFACE,M3T,0.2,1.0,0.5,0.4,0.05,77.5,1000000,UNSUPPORTED_WITHOUT_REPLAY,0.05,0.0,0.0,False
V3_CANDIDATE_DEVELOPMENT_ONLY_SURFACE,M3T,0.2,1.0,0.5,0.4,0.05,77.5,1000000,UNSUPPORTED_WITHOUT_REPLAY,0.1,0.0,0.0,False
V3_CANDIDATE_DEVELOPMENT_ONLY_SURFACE,M3T,0.2,1.0,0.5,0.4,0.05,77.5,1000000,UNSUPPORTED_WITHOUT_REPLAY,0.25,0.0,0.0,False
V3_CANDIDATE_DEVELOPMENT_ONLY_SURFACE,M3T,0.2,1.0,0.5,0.4,0.1,59.5,1000000,UNSUPPORTED_WITHOUT_REPLAY,0.0,0.0,0.0,False
V3_CANDIDATE_DEVELOPMENT_ONLY_SURFACE,M3T,0.2,1.0,0.5,0.4,0.1,59.5,1000000,UNSUPPORTED_WITHOUT_REPLAY,0.05,0.0,0.0,False
V3_CANDIDATE_DEVELOPMENT_ONLY_SURFACE,M3T,0.2,1.0,0.5,0.4,0.1,59.5,1000000,UNSUPPORTED_WITHOUT_REPLAY,0.1,0.0,0.0,False
V3_CANDIDATE_DEVELOPMENT_ONLY_SURFACE,M3T,0.2,1.0,0.5,0.4,0.1,59.5,1000000,UNSUPPORTED_WITHOUT_REPLAY,0.25,0.0,0.0,False
V3_CANDIDATE_DEVELOPMENT_ONLY_SURFACE,M3T,0.2,1.0,0.5,0.4,0.1,66.5,1000000,UNSUPPORTED_WITHOUT_REPLAY,0.0,0.0,0.0,False
V3_CANDIDATE_DEVELOPMENT_ONLY_SURFACE,M3T,0.2,1.0,0.5,0.4,0.1,66.5,1000000,UNSUPPORTED_WITHOUT_REPLAY,0.05,0.0,0.0,False
V3_CANDIDATE_DEVELOPMENT_ONLY_SURFACE,M3T,0.2,1.0,0.5,0.4,0.1,66.5,1000000,UNSUPPORTED_WITHOUT_REPLAY,0.1,0.0,0.0,False
V3_CANDIDATE_DEVELOPMENT_ONLY_SURFACE,M3T,0.2,1.0,0.5,0.4,0.1,66.5,1000000,UNSUPPORTED_WITHOUT_REPLAY,0.25,0.0,0.0,False
V3_CANDIDATE_DEVELOPMENT_ONLY_SURFACE,M3T,0.2,1.0,0.5,0.4,0.1,77.5,1000000,UNSUPPORTED_WITHOUT_REPLAY,0.0,0.0,0.0,False
V3_CANDIDATE_DEVELOPMENT_ONLY_SURFACE,M3T,0.2,1.0,0.5,0.4,0.1,77.5,1000000,UNSUPPORTED_WITHOUT_REPLAY,0.05,0.0,0.0,False
V3_CANDIDATE_DEVELOPMENT_ONLY_SURFACE,M3T,0.2,1.0,0.5,0.4,0.1,77.5,1000000,UNSUPPORTED_WITHOUT_REPLAY,0.1,0.0,0.0,False
V3_CANDIDATE_DEVELOPMENT_ONLY_SURFACE,M3T,0.2,1.0,0.5,0.4,0.1,77.5,1000000,UNSUPPORTED_WITHOUT_REPLAY,0.25,0.0,0.0,False
V3_CANDIDATE_DEVELOPMENT_ONLY_SURFACE,M3T,0.2,1.0,0.5,0.6,0.0,59.5,1000000,UNSUPPORTED_WITHOUT_REPLAY,0.0,0.0,0.0,False
V3_CANDIDATE_DEVELOPMENT_ONLY_SURFACE,M3T,0.2,1.0,0.5,0.6,0.0,59.5,1000000,UNSUPPORTED_WITHOUT_REPLAY,0.05,0.0,0.0,False
V3_CANDIDATE_DEVELOPMENT_ONLY_SURFACE,M3T,0.2,1.0,0.5,0.6,0.0,59.5,1000000,UNSUPPORTED_WITHOUT_REPLAY,0.1,0.0,0.0,False
V3_CANDIDATE_DEVELOPMENT_ONLY_SURFACE,M3T,0.2,1.0,0.5,0.6,0.0,59.5,1000000,UNSUPPORTED_WITHOUT_REPLAY,0.25,0.0,0.0,False
V3_CANDIDATE_DEVELOPMENT_ONLY_SURFACE,M3T,0.2,1.0,0.5,0.6,0.0,66.5,1000000,UNSUPPORTED_WITHOUT_REPLAY,0.0,0.0,0.0,False
V3_CANDIDATE_DEVELOPMENT_ONLY_SURFACE,M3T,0.2,1.0,0.5,0.6,0.0,66.5,1000000,UNSUPPORTED_WITHOUT_REPLAY,0.05,0.0,0.0,False
V3_CANDIDATE_DEVELOPMENT_ONLY_SURFACE,M3T,0.2,1.0,0.5,0.6,0.0,66.5,1000000,UNSUPPORTED_WITHOUT_REPLAY,0.1,0.0,0.0,False
V3_CANDIDATE_DEVELOPMENT_ONLY_SURFACE,M3T,0.2,1.0,0.5,0.6,0.0,66.5,1000000,UNSUPPORTED_WITHOUT_REPLAY,0.25,0.0,0.0,False
V3_CANDIDATE_DEVELOPMENT_ONLY_SURFACE,M3T,0.2,1.0,0.5,0.6,0.0,77.5,1000000,UNSUPPORTED_WITHOUT_REPLAY,0.0,0.0,0.0,False
V3_CANDIDATE_DEVELOPMENT_ONLY_SURFACE,M3T,0.2,1.0,0.5,0.6,0.0,77.5,1000000,UNSUPPORTED_WITHOUT_REPLAY,0.05,0.0,0.0,False
V3_CANDIDATE_DEVELOPMENT_ONLY_SURFACE,M3T,0.2,1.0,0.5,0.6,0.0,77.5,1000000,UNSUPPORTED_WITHOUT_REPLAY,0.1,0.0,0.0,False
V3_CANDIDATE_DEVELOPMENT_ONLY_SURFACE,M3T,0.2,1.0,0.5,0.6,0.0,77.5,1000000,UNSUPPORTED_WITHOUT_REPLAY,0.25,0.0,0.0,False
V3_CANDIDATE_DEVELOPMENT_ONLY_SURFACE,M3T,0.2,1.0,0.5,0.6,0.05,59.5,1000000,UNSUPPORTED_WITHOUT_REPLAY,0.0,0.0,0.0,False
V3_CANDIDATE_DEVELOPMENT_ONLY_SURFACE,M3T,0.2,1.0,0.5,0.6,0.05,59.5,1000000,UNSUPPORTED_WITHOUT_REPLAY,0.05,0.0,0.0,False
V3_CANDIDATE_DEVELOPMENT_ONLY_SURFACE,M3T,0.2,1.0,0.5,0.6,0.05,59.5,1000000,UNSUPPORTED_WITHOUT_REPLAY,0.1,0.0,0.0,False
V3_CANDIDATE_DEVELOPMENT_ONLY_SURFACE,M3T,0.2,1.0,0.5,0.6,0.05,59.5,1000000,UNSUPPORTED_WITHOUT_REPLAY,0.25,0.0,0.0,False
V3_CANDIDATE_DEVELOPMENT_ONLY_SURFACE,M3T,0.2,1.0,0.5,0.6,0.05,66.5,1000000,UNSUPPORTED_WITHOUT_REPLAY,0.0,0.0,0.0,False
V3_CANDIDATE_DEVELOPMENT_ONLY_SURFACE,M3T,0.2,1.0,0.5,0.6,0.05,66.5,1000000,UNSUPPORTED_WITHOUT_REPLAY,0.05,0.0,0.0,False
V3_CANDIDATE_DEVELOPMENT_ONLY_SURFACE,M3T,0.2,1.0,0.5,0.6,0.05,66.5,1000000,UNSUPPORTED_WITHOUT_REPLAY,0.1,0.0,0.0,False
V3_CANDIDATE_DEVELOPMENT_ONLY_SURFACE,M3T,0.2,1.0,0.5,0.6,0.05,66.5,1000000,UNSUPPORTED_WITHOUT_REPLAY,0.25,0.0,0.0,False
V3_CANDIDATE_DEVELOPMENT_ONLY_SURFACE,M3T,0.2,1.0,0.5,0.6,0.05,77.5,1000000,UNSUPPORTED_WITHOUT_REPLAY,0.0,0.0,0.0,False
V3_CANDIDATE_DEVELOPMENT_ONLY_SURFACE,M3T,0.2,1.0,0.5,0.6,0.05,77.5,1000000,UNSUPPORTED_WITHOUT_REPLAY,0.05,0.0,0.0,False
V3_CANDIDATE_DEVELOPMENT_ONLY_SURFACE,M3T,0.2,1.0,0.5,0.6,0.05,77.5,1000000,UNSUPPORTED_WITHOUT_REPLAY,0.1,0.0,0.0,False
V3_CANDIDATE_DEVELOPMENT_ONLY_SURFACE,M3T,0.2,1.0,0.5,0.6,0.05,77.5,1000000,UNSUPPORTED_WITHOUT_REPLAY,0.25,0.0,0.0,False
V3_CANDIDATE_DEVELOPMENT_ONLY_SURFACE,M3T,0.2,1.0,0.5,0.6,0.1,59.5,1000000,UNSUPPORTED_WITHOUT_REPLAY,0.0,0.0,0.0,False
V3_CANDIDATE_DEVELOPMENT_ONLY_SURFACE,M3T,0.2,1.0,0.5,0.6,0.1,59.5,1000000,UNSUPPORTED_WITHOUT_REPLAY,0.05,0.0,0.0,False
V3_CANDIDATE_DEVELOPMENT_ONLY_SURFACE,M3T,0.2,1.0,0.5,0.6,0.1,59.5,1000000,UNSUPPORTED_WITHOUT_REPLAY,0.1,0.0,0.0,False
V3_CANDIDATE_DEVELOPMENT_ONLY_SURFACE,M3T,0.2,1.0,0.5,0.6,0.1,59.5,1000000,UNSUPPORTED_WITHOUT_REPLAY,0.25,0.0,0.0,False
V3_CANDIDATE_DEVELOPMENT_ONLY_SURFACE,M3T,0.2,1.0,0.5,0.6,0.1,66.5,1000000,UNSUPPORTED_WITHOUT_REPLAY,0.0,0.0,0.0,False
V3_CANDIDATE_DEVELOPMENT_ONLY_SURFACE,M3T,0.2,1.0,0.5,0.6,0.1,66.5,1000000,UNSUPPORTED_WITHOUT_REPLAY,0.05,0.0,0.0,False
V3_CANDIDATE_DEVELOPMENT_ONLY_SURFACE,M3T,0.2,1.0,0.5,0.6,0.1,66.5,1000000,UNSUPPORTED_WITHOUT_REPLAY,0.1,0.0,0.0,False
V3_CANDIDATE_DEVELOPMENT_ONLY_SURFACE,M3T,0.2,1.0,0.5,0.6,0.1,66.5,1000000,UNSUPPORTED_WITHOUT_REPLAY,0.25,0.0,0.0,False
V3_CANDIDATE_DEVELOPMENT_ONLY_SURFACE,M3T,0.2,1.0,0.5,0.6,0.1,77.5,1000000,UNSUPPORTED_WITHOUT_REPLAY,0.0,0.0,0.0,False
V3_CANDIDATE_DEVELOPMENT_ONLY_SURFACE,M3T,0.2,1.0,0.5,0.6,0.1,77.5,1000000,UNSUPPORTED_WITHOUT_REPLAY,0.05,0.0,0.0,False
V3_CANDIDATE_DEVELOPMENT_ONLY_SURFACE,M3T,0.2,1.0,0.5,0.6,0.1,77.5,1000000,UNSUPPORTED_WITHOUT_REPLAY,0.1,0.0,0.0,False
V3_CANDIDATE_DEVELOPMENT_ONLY_SURFACE,M3T,0.2,1.0,0.5,0.6,0.1,77.5,1000000,UNSUPPORTED_WITHOUT_REPLAY,0.25,0.0,0.0,False
V3_CANDIDATE_DEVELOPMENT_ONLY_SURFACE,M3T,0.2,1.0,0.5,0.8,0.0,59.5,1000000,UNSUPPORTED_WITHOUT_REPLAY,0.0,0.0,0.0,False
V3_CANDIDATE_DEVELOPMENT_ONLY_SURFACE,M3T,0.2,1.0,0.5,0.8,0.0,59.5,1000000,UNSUPPORTED_WITHOUT_REPLAY,0.05,0.0,0.0,False
V3_CANDIDATE_DEVELOPMENT_ONLY_SURFACE,M3T,0.2,1.0,0.5,0.8,0.0,59.5,1000000,UNSUPPORTED_WITHOUT_REPLAY,0.1,0.0,0.0,False
V3_CANDIDATE_DEVELOPMENT_ONLY_SURFACE,M3T,0.2,1.0,0.5,0.8,0.0,59.5,1000000,UNSUPPORTED_WITHOUT_REPLAY,0.25,0.0,0.0,False
V3_CANDIDATE_DEVELOPMENT_ONLY_SURFACE,M3T,0.2,1.0,0.5,0.8,0.0,66.5,1000000,UNSUPPORTED_WITHOUT_REPLAY,0.0,0.0,0.0,False
V3_CANDIDATE_DEVELOPMENT_ONLY_SURFACE,M3T,0.2,1.0,0.5,0.8,0.0,66.5,1000000,UNSUPPORTED_WITHOUT_REPLAY,0.05,0.0,0.0,False
V3_CANDIDATE_DEVELOPMENT_ONLY_SURFACE,M3T,0.2,1.0,0.5,0.8,0.0,66.5,1000000,UNSUPPORTED_WITHOUT_REPLAY,0.1,0.0,0.0,False
V3_CANDIDATE_DEVELOPMENT_ONLY_SURFACE,M3T,0.2,1.0,0.5,0.8,0.0,66.5,1000000,UNSUPPORTED_WITHOUT_REPLAY,0.25,0.0,0.0,False
V3_CANDIDATE_DEVELOPMENT_ONLY_SURFACE,M3T,0.2,1.0,0.5,0.8,0.0,77.5,1000000,UNSUPPORTED_WITHOUT_REPLAY,0.0,0.0,0.0,False
V3_CANDIDATE_DEVELOPMENT_ONLY_SURFACE,M3T,0.2,1.0,0.5,0.8,0.0,77.5,1000000,UNSUPPORTED_WITHOUT_REPLAY,0.05,0.0,0.0,False
V3_CANDIDATE_DEVELOPMENT_ONLY_SURFACE,M3T,0.2,1.0,0.5,0.8,0.0,77.5,1000000,UNSUPPORTED_WITHOUT_REPLAY,0.1,0.0,0.0,False
V3_CANDIDATE_DEVELOPMENT_ONLY_SURFACE,M3T,0.2,1.0,0.5,0.8,0.0,77.5,1000000,UNSUPPORTED_WITHOUT_REPLAY,0.25,0.0,0.0,False
V3_CANDIDATE_DEVELOPMENT_ONLY_SURFACE,M3T,0.2,1.0,0.5,0.8,0.05,59.5,1000000,UNSUPPORTED_WITHOUT_REPLAY,0.0,0.0,0.0,False
V3_CANDIDATE_DEVELOPMENT_ONLY_SURFACE,M3T,0.2,1.0,0.5,0.8,0.05,59.5,1000000,UNSUPPORTED_WITHOUT_REPLAY,0.05,0.0,0.0,False
V3_CANDIDATE_DEVELOPMENT_ONLY_SURFACE,M3T,0.2,1.0,0.5,0.8,0.05,59.5,1000000,UNSUPPORTED_WITHOUT_REPLAY,0.1,0.0,0.0,False
V3_CANDIDATE_DEVELOPMENT_ONLY_SURFACE,M3T,0.2,1.0,0.5,0.8,0.05,59.5,1000000,UNSUPPORTED_WITHOUT_REPLAY,0.25,0.0,0.0,False
V3_CANDIDATE_DEVELOPMENT_ONLY_SURFACE,M3T,0.2,1.0,0.5,0.8,0.05,66.5,1000000,UNSUPPORTED_WITHOUT_REPLAY,0.0,0.0,0.0,False
V3_CANDIDATE_DEVELOPMENT_ONLY_SURFACE,M3T,0.2,1.0,0.5,0.8,0.05,66.5,1000000,UNSUPPORTED_WITHOUT_REPLAY,0.05,0.0,0.0,False
V3_CANDIDATE_DEVELOPMENT_ONLY_SURFACE,M3T,0.2,1.0,0.5,0.8,0.05,66.5,1000000,UNSUPPORTED_WITHOUT_REPLAY,0.1,0.0,0.0,False
V3_CANDIDATE_DEVELOPMENT_ONLY_SURFACE,M3T,0.2,1.0,0.5,0.8,0.05,66.5,1000000,UNSUPPORTED_WITHOUT_REPLAY,0.25,0.0,0.0,False
V3_CANDIDATE_DEVELOPMENT_ONLY_SURFACE,M3T,0.2,1.0,0.5,0.8,0.05,77.5,1000000,UNSUPPORTED_WITHOUT_REPLAY,0.0,0.0,0.0,False
V3_CANDIDATE_DEVELOPMENT_ONLY_SURFACE,M3T,0.2,1.0,0.5,0.8,0.05,77.5,1000000,UNSUPPORTED_WITHOUT_REPLAY,0.05,0.0,0.0,False
V3_CANDIDATE_DEVELOPMENT_ONLY_SURFACE,M3T,0.2,1.0,0.5,0.8,0.05,77.5,1000000,UNSUPPORTED_WITHOUT_REPLAY,0.1,0.0,0.0,False
V3_CANDIDATE_DEVELOPMENT_ONLY_SURFACE,M3T,0.2,1.0,0.5,0.8,0.05,77.5,1000000,UNSUPPORTED_WITHOUT_REPLAY,0.25,0.0,0.0,False
V3_CANDIDATE_DEVELOPMENT_ONLY_SURFACE,M3T,0.2,1.0,0.5,0.8,0.1,59.5,1000000,UNSUPPORTED_WITHOUT_REPLAY,0.0,0.0,0.0,False
V3_CANDIDATE_DEVELOPMENT_ONLY_SURFACE,M3T,0.2,1.0,0.5,0.8,0.1,59.5,1000000,UNSUPPORTED_WITHOUT_REPLAY,0.05,0.0,0.0,False
V3_CANDIDATE_DEVELOPMENT_ONLY_SURFACE,M3T,0.2,1.0,0.5,0.8,0.1,59.5,1000000,UNSUPPORTED_WITHOUT_REPLAY,0.1,0.0,0.0,False
V3_CANDIDATE_DEVELOPMENT_ONLY_SURFACE,M3T,0.2,1.0,0.5,0.8,0.1,59.5,1000000,UNSUPPORTED_WITHOUT_REPLAY,0.25,0.0,0.0,False
V3_CANDIDATE_DEVELOPMENT_ONLY_SURFACE,M3T,0.2,1.0,0.5,0.8,0.1,66.5,1000000,UNSUPPORTED_WITHOUT_REPLAY,0.0,0.0,0.0,False
V3_CANDIDATE_DEVELOPMENT_ONLY_SURFACE,M3T,0.2,1.0,0.5,0.8,0.1,66.5,1000000,UNSUPPORTED_WITHOUT_REPLAY,0.05,0.0,0.0,False
V3_CANDIDATE_DEVELOPMENT_ONLY_SURFACE,M3T,0.2,1.0,0.5,0.8,0.1,66.5,1000000,UNSUPPORTED_WITHOUT_REPLAY,0.1,0.0,0.0,False
V3_CANDIDATE_DEVELOPMENT_ONLY_SURFACE,M3T,0.2,1.0,0.5,0.8,0.1,66.5,1000000,UNSUPPORTED_WITHOUT_REPLAY,0.25,0.0,0.0,False
V3_CANDIDATE_DEVELOPMENT_ONLY_SURFACE,M3T,0.2,1.0,0.5,0.8,0.1,77.5,1000000,UNSUPPORTED_WITHOUT_REPLAY,0.0,0.0,0.0,False
V3_CANDIDATE_DEVELOPMENT_ONLY_SURFACE,M3T,0.2,1.0,0.5,0.8,0.1,77.5,1000000,UNSUPPORTED_WITHOUT_REPLAY,0.05,0.0,0.0,False
V3_CANDIDATE_DEVELOPMENT_ONLY_SURFACE,M3T,0.2,1.0,0.5,0.8,0.1,77.5,1000000,UNSUPPORTED_WITHOUT_REPLAY,0.1,0.0,0.0,False
V3_CANDIDATE_DEVELOPMENT_ONLY_SURFACE,M3T,0.2,1.0,0.5,0.8,0.1,77.5,1000000,UNSUPPORTED_WITHOUT_REPLAY,0.25,0.0,0.0,False
V3_CANDIDATE_DEVELOPMENT_ONLY_SURFACE,M3T,0.2,1.0,1.0,0.0,0.0,59.5,1000000,UNSUPPORTED_WITHOUT_REPLAY,0.0,0.0,0.0,False
V3_CANDIDATE_DEVELOPMENT_ONLY_SURFACE,M3T,0.2,1.0,1.0,0.0,0.0,59.5,1000000,UNSUPPORTED_WITHOUT_REPLAY,0.05,0.0,0.0,False
V3_CANDIDATE_DEVELOPMENT_ONLY_SURFACE,M3T,0.2,1.0,1.0,0.0,0.0,59.5,1000000,UNSUPPORTED_WITHOUT_REPLAY,0.1,0.0,0.0,False
V3_CANDIDATE_DEVELOPMENT_ONLY_SURFACE,M3T,0.2,1.0,1.0,0.0,0.0,59.5,1000000,UNSUPPORTED_WITHOUT_REPLAY,0.25,0.0,0.0,False
V3_CANDIDATE_DEVELOPMENT_ONLY_SURFACE,M3T,0.2,1.0,1.0,0.0,0.0,66.5,1000000,UNSUPPORTED_WITHOUT_REPLAY,0.0,0.0,0.0,False
V3_CANDIDATE_DEVELOPMENT_ONLY_SURFACE,M3T,0.2,1.0,1.0,0.0,0.0,66.5,1000000,UNSUPPORTED_WITHOUT_REPLAY,0.05,0.0,0.0,False
V3_CANDIDATE_DEVELOPMENT_ONLY_SURFACE,M3T,0.2,1.0,1.0,0.0,0.0,66.5,1000000,UNSUPPORTED_WITHOUT_REPLAY,0.1,0.0,0.0,False
V3_CANDIDATE_DEVELOPMENT_ONLY_SURFACE,M3T,0.2,1.0,1.0,0.0,0.0,66.5,1000000,UNSUPPORTED_WITHOUT_REPLAY,0.25,0.0,0.0,False
V3_CANDIDATE_DEVELOPMENT_ONLY_SURFACE,M3T,0.2,1.0,1.0,0.0,0.0,77.5,1000000,UNSUPPORTED_WITHOUT_REPLAY,0.0,0.0,0.0,False
V3_CANDIDATE_DEVELOPMENT_ONLY_SURFACE,M3T,0.2,1.0,1.0,0.0,0.0,77.5,1000000,UNSUPPORTED_WITHOUT_REPLAY,0.05,0.0,0.0,False
V3_CANDIDATE_DEVELOPMENT_ONLY_SURFACE,M3T,0.2,1.0,1.0,0.0,0.0,77.5,1000000,UNSUPPORTED_WITHOUT_REPLAY,0.1,0.0,0.0,False
V3_CANDIDATE_DEVELOPMENT_ONLY_SURFACE,M3T,0.2,1.0,1.0,0.0,0.0,77.5,1000000,UNSUPPORTED_WITHOUT_REPLAY,0.25,0.0,0.0,False
V3_CANDIDATE_DEVELOPMENT_ONLY_SURFACE,M3T,0.2,1.0,1.0,0.0,0.05,59.5,1000000,UNSUPPORTED_WITHOUT_REPLAY,0.0,0.0,0.0,False
V3_CANDIDATE_DEVELOPMENT_ONLY_SURFACE,M3T,0.2,1.0,1.0,0.0,0.05,59.5,1000000,UNSUPPORTED_WITHOUT_REPLAY,0.05,0.0,0.0,False
V3_CANDIDATE_DEVELOPMENT_ONLY_SURFACE,M3T,0.2,1.0,1.0,0.0,0.05,59.5,1000000,UNSUPPORTED_WITHOUT_REPLAY,0.1,0.0,0.0,False
V3_CANDIDATE_DEVELOPMENT_ONLY_SURFACE,M3T,0.2,1.0,1.0,0.0,0.05,59.5,1000000,UNSUPPORTED_WITHOUT_REPLAY,0.25,0.0,0.0,False
V3_CANDIDATE_DEVELOPMENT_ONLY_SURFACE,M3T,0.2,1.0,1.0,0.0,0.05,66.5,1000000,UNSUPPORTED_WITHOUT_REPLAY,0.0,0.0,0.0,False
V3_CANDIDATE_DEVELOPMENT_ONLY_SURFACE,M3T,0.2,1.0,1.0,0.0,0.05,66.5,1000000,UNSUPPORTED_WITHOUT_REPLAY,0.05,0.0,0.0,False
V3_CANDIDATE_DEVELOPMENT_ONLY_SURFACE,M3T,0.2,1.0,1.0,0.0,0.05,66.5,1000000,UNSUPPORTED_WITHOUT_REPLAY,0.1,0.0,0.0,False
V3_CANDIDATE_DEVELOPMENT_ONLY_SURFACE,M3T,0.2,1.0,1.0,0.0,0.05,66.5,1000000,UNSUPPORTED_WITHOUT_REPLAY,0.25,0.0,0.0,False
V3_CANDIDATE_DEVELOPMENT_ONLY_SURFACE,M3T,0.2,1.0,1.0,0.0,0.05,77.5,1000000,UNSUPPORTED_WITHOUT_REPLAY,0.0,0.0,0.0,False
V3_CANDIDATE_DEVELOPMENT_ONLY_SURFACE,M3T,0.2,1.0,1.0,0.0,0.05,77.5,1000000,UNSUPPORTED_WITHOUT_REPLAY,0.05,0.0,0.0,False
V3_CANDIDATE_DEVELOPMENT_ONLY_SURFACE,M3T,0.2,1.0,1.0,0.0,0.05,77.5,1000000,UNSUPPORTED_WITHOUT_REPLAY,0.1,0.0,0.0,False
V3_CANDIDATE_DEVELOPMENT_ONLY_SURFACE,M3T,0.2,1.0,1.0,0.0,0.05,77.5,1000000,UNSUPPORTED_WITHOUT_REPLAY,0.25,0.0,0.0,False
V3_CANDIDATE_DEVELOPMENT_ONLY_SURFACE,M3T,0.2,1.0,1.0,0.0,0.1,59.5,1000000,UNSUPPORTED_WITHOUT_REPLAY,0.0,0.0,0.0,False
V3_CANDIDATE_DEVELOPMENT_ONLY_SURFACE,M3T,0.2,1.0,1.0,0.0,0.1,59.5,1000000,UNSUPPORTED_WITHOUT_REPLAY,0.05,0.0,0.0,False
V3_CANDIDATE_DEVELOPMENT_ONLY_SURFACE,M3T,0.2,1.0,1.0,0.0,0.1,59.5,1000000,UNSUPPORTED_WITHOUT_REPLAY,0.1,0.0,0.0,False
V3_CANDIDATE_DEVELOPMENT_ONLY_SURFACE,M3T,0.2,1.0,1.0,0.0,0.1,59.5,1000000,UNSUPPORTED_WITHOUT_REPLAY,0.25,0.0,0.0,False
V3_CANDIDATE_DEVELOPMENT_ONLY_SURFACE,M3T,0.2,1.0,1.0,0.0,0.1,66.5,1000000,UNSUPPORTED_WITHOUT_REPLAY,0.0,0.0,0.0,False
V3_CANDIDATE_DEVELOPMENT_ONLY_SURFACE,M3T,0.2,1.0,1.0,0.0,0.1,66.5,1000000,UNSUPPORTED_WITHOUT_REPLAY,0.05,0.0,0.0,False
V3_CANDIDATE_DEVELOPMENT_ONLY_SURFACE,M3T,0.2,1.0,1.0,0.0,0.1,66.5,1000000,UNSUPPORTED_WITHOUT_REPLAY,0.1,0.0,0.0,False
V3_CANDIDATE_DEVELOPMENT_ONLY_SURFACE,M3T,0.2,1.0,1.0,0.0,0.1,66.5,1000000,UNSUPPORTED_WITHOUT_REPLAY,0.25,0.0,0.0,False
V3_CANDIDATE_DEVELOPMENT_ONLY_SURFACE,M3T,0.2,1.0,1.0,0.0,0.1,77.5,1000000,UNSUPPORTED_WITHOUT_REPLAY,0.0,0.0,0.0,False
V3_CANDIDATE_DEVELOPMENT_ONLY_SURFACE,M3T,0.2,1.0,1.0,0.0,0.1,77.5,1000000,UNSUPPORTED_WITHOUT_REPLAY,0.05,0.0,0.0,False
V3_CANDIDATE_DEVELOPMENT_ONLY_SURFACE,M3T,0.2,1.0,1.0,0.0,0.1,77.5,1000000,UNSUPPORTED_WITHOUT_REPLAY,0.1,0.0,0.0,False
V3_CANDIDATE_DEVELOPMENT_ONLY_SURFACE,M3T,0.2,1.0,1.0,0.0,0.1,77.5,1000000,UNSUPPORTED_WITHOUT_REPLAY,0.25,0.0,0.0,False
V3_CANDIDATE_DEVELOPMENT_ONLY_SURFACE,M3T,0.2,1.0,1.0,0.4,0.0,59.5,1000000,UNSUPPORTED_WITHOUT_REPLAY,0.0,0.0,0.0,False
V3_CANDIDATE_DEVELOPMENT_ONLY_SURFACE,M3T,0.2,1.0,1.0,0.4,0.0,59.5,1000000,UNSUPPORTED_WITHOUT_REPLAY,0.05,0.0,0.0,False
V3_CANDIDATE_DEVELOPMENT_ONLY_SURFACE,M3T,0.2,1.0,1.0,0.4,0.0,59.5,1000000,UNSUPPORTED_WITHOUT_REPLAY,0.1,0.0,0.0,False
V3_CANDIDATE_DEVELOPMENT_ONLY_SURFACE,M3T,0.2,1.0,1.0,0.4,0.0,59.5,1000000,UNSUPPORTED_WITHOUT_REPLAY,0.25,0.0,0.0,False
V3_CANDIDATE_DEVELOPMENT_ONLY_SURFACE,M3T,0.2,1.0,1.0,0.4,0.0,66.5,1000000,UNSUPPORTED_WITHOUT_REPLAY,0.0,0.0,0.0,False
V3_CANDIDATE_DEVELOPMENT_ONLY_SURFACE,M3T,0.2,1.0,1.0,0.4,0.0,66.5,1000000,UNSUPPORTED_WITHOUT_REPLAY,0.05,0.0,0.0,False
V3_CANDIDATE_DEVELOPMENT_ONLY_SURFACE,M3T,0.2,1.0,1.0,0.4,0.0,66.5,1000000,UNSUPPORTED_WITHOUT_REPLAY,0.1,0.0,0.0,False
V3_CANDIDATE_DEVELOPMENT_ONLY_SURFACE,M3T,0.2,1.0,1.0,0.4,0.0,66.5,1000000,UNSUPPORTED_WITHOUT_REPLAY,0.25,0.0,0.0,False
V3_CANDIDATE_DEVELOPMENT_ONLY_SURFACE,M3T,0.2,1.0,1.0,0.4,0.0,77.5,1000000,UNSUPPORTED_WITHOUT_REPLAY,0.0,0.0,0.0,False
V3_CANDIDATE_DEVELOPMENT_ONLY_SURFACE,M3T,0.2,1.0,1.0,0.4,0.0,77.5,1000000,UNSUPPORTED_WITHOUT_REPLAY,0.05,0.0,0.0,False
V3_CANDIDATE_DEVELOPMENT_ONLY_SURFACE,M3T,0.2,1.0,1.0,0.4,0.0,77.5,1000000,UNSUPPORTED_WITHOUT_REPLAY,0.1,0.0,0.0,False
V3_CANDIDATE_DEVELOPMENT_ONLY_SURFACE,M3T,0.2,1.0,1.0,0.4,0.0,77.5,1000000,UNSUPPORTED_WITHOUT_REPLAY,0.25,0.0,0.0,False
V3_CANDIDATE_DEVELOPMENT_ONLY_SURFACE,M3T,0.2,1.0,1.0,0.4,0.05,59.5,1000000,UNSUPPORTED_WITHOUT_REPLAY,0.0,0.0,0.0,False
V3_CANDIDATE_DEVELOPMENT_ONLY_SURFACE,M3T,0.2,1.0,1.0,0.4,0.05,59.5,1000000,UNSUPPORTED_WITHOUT_REPLAY,0.05,0.0,0.0,False
V3_CANDIDATE_DEVELOPMENT_ONLY_SURFACE,M3T,0.2,1.0,1.0,0.4,0.05,59.5,1000000,UNSUPPORTED_WITHOUT_REPLAY,0.1,0.0,0.0,False
V3_CANDIDATE_DEVELOPMENT_ONLY_SURFACE,M3T,0.2,1.0,1.0,0.4,0.05,59.5,1000000,UNSUPPORTED_WITHOUT_REPLAY,0.25,0.0,0.0,False
V3_CANDIDATE_DEVELOPMENT_ONLY_SURFACE,M3T,0.2,1.0,1.0,0.4,0.05,66.5,1000000,UNSUPPORTED_WITHOUT_REPLAY,0.0,0.0,0.0,False
V3_CANDIDATE_DEVELOPMENT_ONLY_SURFACE,M3T,0.2,1.0,1.0,0.4,0.05,66.5,1000000,UNSUPPORTED_WITHOUT_REPLAY,0.05,0.0,0.0,False
V3_CANDIDATE_DEVELOPMENT_ONLY_SURFACE,M3T,0.2,1.0,1.0,0.4,0.05,66.5,1000000,UNSUPPORTED_WITHOUT_REPLAY,0.1,0.0,0.0,False
V3_CANDIDATE_DEVELOPMENT_ONLY_SURFACE,M3T,0.2,1.0,1.0,0.4,0.05,66.5,1000000,UNSUPPORTED_WITHOUT_REPLAY,0.25,0.0,0.0,False
V3_CANDIDATE_DEVELOPMENT_ONLY_SURFACE,M3T,0.2,1.0,1.0,0.4,0.05,77.5,1000000,UNSUPPORTED_WITHOUT_REPLAY,0.0,0.0,0.0,False
V3_CANDIDATE_DEVELOPMENT_ONLY_SURFACE,M3T,0.2,1.0,1.0,0.4,0.05,77.5,1000000,UNSUPPORTED_WITHOUT_REPLAY,0.05,0.0,0.0,False
V3_CANDIDATE_DEVELOPMENT_ONLY_SURFACE,M3T,0.2,1.0,1.0,0.4,0.05,77.5,1000000,UNSUPPORTED_WITHOUT_REPLAY,0.1,0.0,0.0,False
V3_CANDIDATE_DEVELOPMENT_ONLY_SURFACE,M3T,0.2,1.0,1.0,0.4,0.05,77.5,1000000,UNSUPPORTED_WITHOUT_REPLAY,0.25,0.0,0.0,False
V3_CANDIDATE_DEVELOPMENT_ONLY_SURFACE,M3T,0.2,1.0,1.0,0.4,0.1,59.5,1000000,UNSUPPORTED_WITHOUT_REPLAY,0.0,0.0,0.0,False
V3_CANDIDATE_DEVELOPMENT_ONLY_SURFACE,M3T,0.2,1.0,1.0,0.4,0.1,59.5,1000000,UNSUPPORTED_WITHOUT_REPLAY,0.05,0.0,0.0,False
V3_CANDIDATE_DEVELOPMENT_ONLY_SURFACE,M3T,0.2,1.0,1.0,0.4,0.1,59.5,1000000,UNSUPPORTED_WITHOUT_REPLAY,0.1,0.0,0.0,False
V3_CANDIDATE_DEVELOPMENT_ONLY_SURFACE,M3T,0.2,1.0,1.0,0.4,0.1,59.5,1000000,UNSUPPORTED_WITHOUT_REPLAY,0.25,0.0,0.0,False
V3_CANDIDATE_DEVELOPMENT_ONLY_SURFACE,M3T,0.2,1.0,1.0,0.4,0.1,66.5,1000000,UNSUPPORTED_WITHOUT_REPLAY,0.0,0.0,0.0,False
V3_CANDIDATE_DEVELOPMENT_ONLY_SURFACE,M3T,0.2,1.0,1.0,0.4,0.1,66.5,1000000,UNSUPPORTED_WITHOUT_REPLAY,0.05,0.0,0.0,False
V3_CANDIDATE_DEVELOPMENT_ONLY_SURFACE,M3T,0.2,1.0,1.0,0.4,0.1,66.5,1000000,UNSUPPORTED_WITHOUT_REPLAY,0.1,0.0,0.0,False
V3_CANDIDATE_DEVELOPMENT_ONLY_SURFACE,M3T,0.2,1.0,1.0,0.4,0.1,66.5,1000000,UNSUPPORTED_WITHOUT_REPLAY,0.25,0.0,0.0,False
V3_CANDIDATE_DEVELOPMENT_ONLY_SURFACE,M3T,0.2,1.0,1.0,0.4,0.1,77.5,1000000,UNSUPPORTED_WITHOUT_REPLAY,0.0,0.0,0.0,False
V3_CANDIDATE_DEVELOPMENT_ONLY_SURFACE,M3T,0.2,1.0,1.0,0.4,0.1,77.5,1000000,UNSUPPORTED_WITHOUT_REPLAY,0.05,0.0,0.0,False
V3_CANDIDATE_DEVELOPMENT_ONLY_SURFACE,M3T,0.2,1.0,1.0,0.4,0.1,77.5,1000000,UNSUPPORTED_WITHOUT_REPLAY,0.1,0.0,0.0,False
V3_CANDIDATE_DEVELOPMENT_ONLY_SURFACE,M3T,0.2,1.0,1.0,0.4,0.1,77.5,1000000,UNSUPPORTED_WITHOUT_REPLAY,0.25,0.0,0.0,False
V3_CANDIDATE_DEVELOPMENT_ONLY_SURFACE,M3T,0.2,1.0,1.0,0.6,0.0,59.5,1000000,UNSUPPORTED_WITHOUT_REPLAY,0.0,0.0,0.0,False
V3_CANDIDATE_DEVELOPMENT_ONLY_SURFACE,M3T,0.2,1.0,1.0,0.6,0.0,59.5,1000000,UNSUPPORTED_WITHOUT_REPLAY,0.05,0.0,0.0,False
V3_CANDIDATE_DEVELOPMENT_ONLY_SURFACE,M3T,0.2,1.0,1.0,0.6,0.0,59.5,1000000,UNSUPPORTED_WITHOUT_REPLAY,0.1,0.0,0.0,False
V3_CANDIDATE_DEVELOPMENT_ONLY_SURFACE,M3T,0.2,1.0,1.0,0.6,0.0,59.5,1000000,UNSUPPORTED_WITHOUT_REPLAY,0.25,0.0,0.0,False
V3_CANDIDATE_DEVELOPMENT_ONLY_SURFACE,M3T,0.2,1.0,1.0,0.6,0.0,66.5,1000000,UNSUPPORTED_WITHOUT_REPLAY,0.0,0.0,0.0,False
V3_CANDIDATE_DEVELOPMENT_ONLY_SURFACE,M3T,0.2,1.0,1.0,0.6,0.0,66.5,1000000,UNSUPPORTED_WITHOUT_REPLAY,0.05,0.0,0.0,False
V3_CANDIDATE_DEVELOPMENT_ONLY_SURFACE,M3T,0.2,1.0,1.0,0.6,0.0,66.5,1000000,UNSUPPORTED_WITHOUT_REPLAY,0.1,0.0,0.0,False
V3_CANDIDATE_DEVELOPMENT_ONLY_SURFACE,M3T,0.2,1.0,1.0,0.6,0.0,66.5,1000000,UNSUPPORTED_WITHOUT_REPLAY,0.25,0.0,0.0,False
V3_CANDIDATE_DEVELOPMENT_ONLY_SURFACE,M3T,0.2,1.0,1.0,0.6,0.0,77.5,1000000,UNSUPPORTED_WITHOUT_REPLAY,0.0,0.0,0.0,False
V3_CANDIDATE_DEVELOPMENT_ONLY_SURFACE,M3T,0.2,1.0,1.0,0.6,0.0,77.5,1000000,UNSUPPORTED_WITHOUT_REPLAY,0.05,0.0,0.0,False
V3_CANDIDATE_DEVELOPMENT_ONLY_SURFACE,M3T,0.2,1.0,1.0,0.6,0.0,77.5,1000000,UNSUPPORTED_WITHOUT_REPLAY,0.1,0.0,0.0,False
V3_CANDIDATE_DEVELOPMENT_ONLY_SURFACE,M3T,0.2,1.0,1.0,0.6,0.0,77.5,1000000,UNSUPPORTED_WITHOUT_REPLAY,0.25,0.0,0.0,False
V3_CANDIDATE_DEVELOPMENT_ONLY_SURFACE,M3T,0.2,1.0,1.0,0.6,0.05,59.5,1000000,UNSUPPORTED_WITHOUT_REPLAY,0.0,0.0,0.0,False
V3_CANDIDATE_DEVELOPMENT_ONLY_SURFACE,M3T,0.2,1.0,1.0,0.6,0.05,59.5,1000000,UNSUPPORTED_WITHOUT_REPLAY,0.05,0.0,0.0,False
V3_CANDIDATE_DEVELOPMENT_ONLY_SURFACE,M3T,0.2,1.0,1.0,0.6,0.05,59.5,1000000,UNSUPPORTED_WITHOUT_REPLAY,0.1,0.0,0.0,False
V3_CANDIDATE_DEVELOPMENT_ONLY_SURFACE,M3T,0.2,1.0,1.0,0.6,0.05,59.5,1000000,UNSUPPORTED_WITHOUT_REPLAY,0.25,0.0,0.0,False
V3_CANDIDATE_DEVELOPMENT_ONLY_SURFACE,M3T,0.2,1.0,1.0,0.6,0.05,66.5,1000000,UNSUPPORTED_WITHOUT_REPLAY,0.0,0.0,0.0,False
V3_CANDIDATE_DEVELOPMENT_ONLY_SURFACE,M3T,0.2,1.0,1.0,0.6,0.05,66.5,1000000,UNSUPPORTED_WITHOUT_REPLAY,0.05,0.0,0.0,False
V3_CANDIDATE_DEVELOPMENT_ONLY_SURFACE,M3T,0.2,1.0,1.0,0.6,0.05,66.5,1000000,UNSUPPORTED_WITHOUT_REPLAY,0.1,0.0,0.0,False
V3_CANDIDATE_DEVELOPMENT_ONLY_SURFACE,M3T,0.2,1.0,1.0,0.6,0.05,66.5,1000000,UNSUPPORTED_WITHOUT_REPLAY,0.25,0.0,0.0,False
V3_CANDIDATE_DEVELOPMENT_ONLY_SURFACE,M3T,0.2,1.0,1.0,0.6,0.05,77.5,1000000,UNSUPPORTED_WITHOUT_REPLAY,0.0,0.0,0.0,False
V3_CANDIDATE_DEVELOPMENT_ONLY_SURFACE,M3T,0.2,1.0,1.0,0.6,0.05,77.5,1000000,UNSUPPORTED_WITHOUT_REPLAY,0.05,0.0,0.0,False
V3_CANDIDATE_DEVELOPMENT_ONLY_SURFACE,M3T,0.2,1.0,1.0,0.6,0.05,77.5,1000000,UNSUPPORTED_WITHOUT_REPLAY,0.1,0.0,0.0,False
V3_CANDIDATE_DEVELOPMENT_ONLY_SURFACE,M3T,0.2,1.0,1.0,0.6,0.05,77.5,1000000,UNSUPPORTED_WITHOUT_REPLAY,0.25,0.0,0.0,False
V3_CANDIDATE_DEVELOPMENT_ONLY_SURFACE,M3T,0.2,1.0,1.0,0.6,0.1,59.5,1000000,UNSUPPORTED_WITHOUT_REPLAY,0.0,0.0,0.0,False
V3_CANDIDATE_DEVELOPMENT_ONLY_SURFACE,M3T,0.2,1.0,1.0,0.6,0.1,59.5,1000000,UNSUPPORTED_WITHOUT_REPLAY,0.05,0.0,0.0,False
V3_CANDIDATE_DEVELOPMENT_ONLY_SURFACE,M3T,0.2,1.0,1.0,0.6,0.1,59.5,1000000,UNSUPPORTED_WITHOUT_REPLAY,0.1,0.0,0.0,False
V3_CANDIDATE_DEVELOPMENT_ONLY_SURFACE,M3T,0.2,1.0,1.0,0.6,0.1,59.5,1000000,UNSUPPORTED_WITHOUT_REPLAY,0.25,0.0,0.0,False
V3_CANDIDATE_DEVELOPMENT_ONLY_SURFACE,M3T,0.2,1.0,1.0,0.6,0.1,66.5,1000000,UNSUPPORTED_WITHOUT_REPLAY,0.0,0.0,0.0,False
V3_CANDIDATE_DEVELOPMENT_ONLY_SURFACE,M3T,0.2,1.0,1.0,0.6,0.1,66.5,1000000,UNSUPPORTED_WITHOUT_REPLAY,0.05,0.0,0.0,False
V3_CANDIDATE_DEVELOPMENT_ONLY_SURFACE,M3T,0.2,1.0,1.0,0.6,0.1,66.5,1000000,UNSUPPORTED_WITHOUT_REPLAY,0.1,0.0,0.0,False
V3_CANDIDATE_DEVELOPMENT_ONLY_SURFACE,M3T,0.2,1.0,1.0,0.6,0.1,66.5,1000000,UNSUPPORTED_WITHOUT_REPLAY,0.25,0.0,0.0,False
V3_CANDIDATE_DEVELOPMENT_ONLY_SURFACE,M3T,0.2,1.0,1.0,0.6,0.1,77.5,1000000,UNSUPPORTED_WITHOUT_REPLAY,0.0,0.0,0.0,False
V3_CANDIDATE_DEVELOPMENT_ONLY_SURFACE,M3T,0.2,1.0,1.0,0.6,0.1,77.5,1000000,UNSUPPORTED_WITHOUT_REPLAY,0.05,0.0,0.0,False
V3_CANDIDATE_DEVELOPMENT_ONLY_SURFACE,M3T,0.2,1.0,1.0,0.6,0.1,77.5,1000000,UNSUPPORTED_WITHOUT_REPLAY,0.1,0.0,0.0,False
V3_CANDIDATE_DEVELOPMENT_ONLY_SURFACE,M3T,0.2,1.0,1.0,0.6,0.1,77.5,1000000,UNSUPPORTED_WITHOUT_REPLAY,0.25,0.0,0.0,False
V3_CANDIDATE_DEVELOPMENT_ONLY_SURFACE,M3T,0.2,1.0,1.0,0.8,0.0,59.5,1000000,UNSUPPORTED_WITHOUT_REPLAY,0.0,0.0,0.0,False
V3_CANDIDATE_DEVELOPMENT_ONLY_SURFACE,M3T,0.2,1.0,1.0,0.8,0.0,59.5,1000000,UNSUPPORTED_WITHOUT_REPLAY,0.05,0.0,0.0,False
V3_CANDIDATE_DEVELOPMENT_ONLY_SURFACE,M3T,0.2,1.0,1.0,0.8,0.0,59.5,1000000,UNSUPPORTED_WITHOUT_REPLAY,0.1,0.0,0.0,False
V3_CANDIDATE_DEVELOPMENT_ONLY_SURFACE,M3T,0.2,1.0,1.0,0.8,0.0,59.5,1000000,UNSUPPORTED_WITHOUT_REPLAY,0.25,0.0,0.0,False
V3_CANDIDATE_DEVELOPMENT_ONLY_SURFACE,M3T,0.2,1.0,1.0,0.8,0.0,66.5,1000000,UNSUPPORTED_WITHOUT_REPLAY,0.0,0.0,0.0,False
V3_CANDIDATE_DEVELOPMENT_ONLY_SURFACE,M3T,0.2,1.0,1.0,0.8,0.0,66.5,1000000,UNSUPPORTED_WITHOUT_REPLAY,0.05,0.0,0.0,False
V3_CANDIDATE_DEVELOPMENT_ONLY_SURFACE,M3T,0.2,1.0,1.0,0.8,0.0,66.5,1000000,UNSUPPORTED_WITHOUT_REPLAY,0.1,0.0,0.0,False
V3_CANDIDATE_DEVELOPMENT_ONLY_SURFACE,M3T,0.2,1.0,1.0,0.8,0.0,66.5,1000000,UNSUPPORTED_WITHOUT_REPLAY,0.25,0.0,0.0,False
V3_CANDIDATE_DEVELOPMENT_ONLY_SURFACE,M3T,0.2,1.0,1.0,0.8,0.0,77.5,1000000,UNSUPPORTED_WITHOUT_REPLAY,0.0,0.0,0.0,False
V3_CANDIDATE_DEVELOPMENT_ONLY_SURFACE,M3T,0.2,1.0,1.0,0.8,0.0,77.5,1000000,UNSUPPORTED_WITHOUT_REPLAY,0.05,0.0,0.0,False
V3_CANDIDATE_DEVELOPMENT_ONLY_SURFACE,M3T,0.2,1.0,1.0,0.8,0.0,77.5,1000000,UNSUPPORTED_WITHOUT_REPLAY,0.1,0.0,0.0,False
V3_CANDIDATE_DEVELOPMENT_ONLY_SURFACE,M3T,0.2,1.0,1.0,0.8,0.0,77.5,1000000,UNSUPPORTED_WITHOUT_REPLAY,0.25,0.0,0.0,False
V3_CANDIDATE_DEVELOPMENT_ONLY_SURFACE,M3T,0.2,1.0,1.0,0.8,0.05,59.5,1000000,UNSUPPORTED_WITHOUT_REPLAY,0.0,0.0,0.0,False
V3_CANDIDATE_DEVELOPMENT_ONLY_SURFACE,M3T,0.2,1.0,1.0,0.8,0.05,59.5,1000000,UNSUPPORTED_WITHOUT_REPLAY,0.05,0.0,0.0,False
V3_CANDIDATE_DEVELOPMENT_ONLY_SURFACE,M3T,0.2,1.0,1.0,0.8,0.05,59.5,1000000,UNSUPPORTED_WITHOUT_REPLAY,0.1,0.0,0.0,False
V3_CANDIDATE_DEVELOPMENT_ONLY_SURFACE,M3T,0.2,1.0,1.0,0.8,0.05,59.5,1000000,UNSUPPORTED_WITHOUT_REPLAY,0.25,0.0,0.0,False
V3_CANDIDATE_DEVELOPMENT_ONLY_SURFACE,M3T,0.2,1.0,1.0,0.8,0.05,66.5,1000000,UNSUPPORTED_WITHOUT_REPLAY,0.0,0.0,0.0,False
V3_CANDIDATE_DEVELOPMENT_ONLY_SURFACE,M3T,0.2,1.0,1.0,0.8,0.05,66.5,1000000,UNSUPPORTED_WITHOUT_REPLAY,0.05,0.0,0.0,False
V3_CANDIDATE_DEVELOPMENT_ONLY_SURFACE,M3T,0.2,1.0,1.0,0.8,0.05,66.5,1000000,UNSUPPORTED_WITHOUT_REPLAY,0.1,0.0,0.0,False
V3_CANDIDATE_DEVELOPMENT_ONLY_SURFACE,M3T,0.2,1.0,1.0,0.8,0.05,66.5,1000000,UNSUPPORTED_WITHOUT_REPLAY,0.25,0.0,0.0,False
V3_CANDIDATE_DEVELOPMENT_ONLY_SURFACE,M3T,0.2,1.0,1.0,0.8,0.05,77.5,1000000,UNSUPPORTED_WITHOUT_REPLAY,0.0,0.0,0.0,False
V3_CANDIDATE_DEVELOPMENT_ONLY_SURFACE,M3T,0.2,1.0,1.0,0.8,0.05,77.5,1000000,UNSUPPORTED_WITHOUT_REPLAY,0.05,0.0,0.0,False
V3_CANDIDATE_DEVELOPMENT_ONLY_SURFACE,M3T,0.2,1.0,1.0,0.8,0.05,77.5,1000000,UNSUPPORTED_WITHOUT_REPLAY,0.1,0.0,0.0,False
V3_CANDIDATE_DEVELOPMENT_ONLY_SURFACE,M3T,0.2,1.0,1.0,0.8,0.05,77.5,1000000,UNSUPPORTED_WITHOUT_REPLAY,0.25,0.0,0.0,False
V3_CANDIDATE_DEVELOPMENT_ONLY_SURFACE,M3T,0.2,1.0,1.0,0.8,0.1,59.5,1000000,UNSUPPORTED_WITHOUT_REPLAY,0.0,0.0,0.0,False
V3_CANDIDATE_DEVELOPMENT_ONLY_SURFACE,M3T,0.2,1.0,1.0,0.8,0.1,59.5,1000000,UNSUPPORTED_WITHOUT_REPLAY,0.05,0.0,0.0,False
V3_CANDIDATE_DEVELOPMENT_ONLY_SURFACE,M3T,0.2,1.0,1.0,0.8,0.1,59.5,1000000,UNSUPPORTED_WITHOUT_REPLAY,0.1,0.0,0.0,False
V3_CANDIDATE_DEVELOPMENT_ONLY_SURFACE,M3T,0.2,1.0,1.0,0.8,0.1,59.5,1000000,UNSUPPORTED_WITHOUT_REPLAY,0.25,0.0,0.0,False
V3_CANDIDATE_DEVELOPMENT_ONLY_SURFACE,M3T,0.2,1.0,1.0,0.8,0.1,66.5,1000000,UNSUPPORTED_WITHOUT_REPLAY,0.0,0.0,0.0,False
V3_CANDIDATE_DEVELOPMENT_ONLY_SURFACE,M3T,0.2,1.0,1.0,0.8,0.1,66.5,1000000,UNSUPPORTED_WITHOUT_REPLAY,0.05,0.0,0.0,False
V3_CANDIDATE_DEVELOPMENT_ONLY_SURFACE,M3T,0.2,1.0,1.0,0.8,0.1,66.5,1000000,UNSUPPORTED_WITHOUT_REPLAY,0.1,0.0,0.0,False
V3_CANDIDATE_DEVELOPMENT_ONLY_SURFACE,M3T,0.2,1.0,1.0,0.8,0.1,66.5,1000000,UNSUPPORTED_WITHOUT_REPLAY,0.25,0.0,0.0,False
V3_CANDIDATE_DEVELOPMENT_ONLY_SURFACE,M3T,0.2,1.0,1.0,0.8,0.1,77.5,1000000,UNSUPPORTED_WITHOUT_REPLAY,0.0,0.0,0.0,False
V3_CANDIDATE_DEVELOPMENT_ONLY_SURFACE,M3T,0.2,1.0,1.0,0.8,0.1,77.5,1000000,UNSUPPORTED_WITHOUT_REPLAY,0.05,0.0,0.0,False
V3_CANDIDATE_DEVELOPMENT_ONLY_SURFACE,M3T,0.2,1.0,1.0,0.8,0.1,77.5,1000000,UNSUPPORTED_WITHOUT_REPLAY,0.1,0.0,0.0,False
V3_CANDIDATE_DEVELOPMENT_ONLY_SURFACE,M3T,0.2,1.0,1.0,0.8,0.1,77.5,1000000,UNSUPPORTED_WITHOUT_REPLAY,0.25,0.0,0.0,False
V3_CANDIDATE_DEVELOPMENT_ONLY_SURFACE,M3T,0.2,2.0,0.0,0.0,0.0,59.5,1000000,UNSUPPORTED_WITHOUT_REPLAY,0.0,0.0,0.0,False
V3_CANDIDATE_DEVELOPMENT_ONLY_SURFACE,M3T,0.2,2.0,0.0,0.0,0.0,59.5,1000000,UNSUPPORTED_WITHOUT_REPLAY,0.05,0.0,0.0,False
V3_CANDIDATE_DEVELOPMENT_ONLY_SURFACE,M3T,0.2,2.0,0.0,0.0,0.0,59.5,1000000,UNSUPPORTED_WITHOUT_REPLAY,0.1,0.0,0.0,False
V3_CANDIDATE_DEVELOPMENT_ONLY_SURFACE,M3T,0.2,2.0,0.0,0.0,0.0,59.5,1000000,UNSUPPORTED_WITHOUT_REPLAY,0.25,0.0,0.0,False
V3_CANDIDATE_DEVELOPMENT_ONLY_SURFACE,M3T,0.2,2.0,0.0,0.0,0.0,66.5,1000000,UNSUPPORTED_WITHOUT_REPLAY,0.0,0.0,0.0,False
V3_CANDIDATE_DEVELOPMENT_ONLY_SURFACE,M3T,0.2,2.0,0.0,0.0,0.0,66.5,1000000,UNSUPPORTED_WITHOUT_REPLAY,0.05,0.0,0.0,False
V3_CANDIDATE_DEVELOPMENT_ONLY_SURFACE,M3T,0.2,2.0,0.0,0.0,0.0,66.5,1000000,UNSUPPORTED_WITHOUT_REPLAY,0.1,0.0,0.0,False
V3_CANDIDATE_DEVELOPMENT_ONLY_SURFACE,M3T,0.2,2.0,0.0,0.0,0.0,66.5,1000000,UNSUPPORTED_WITHOUT_REPLAY,0.25,0.0,0.0,False
V3_CANDIDATE_DEVELOPMENT_ONLY_SURFACE,M3T,0.2,2.0,0.0,0.0,0.0,77.5,1000000,UNSUPPORTED_WITHOUT_REPLAY,0.0,0.0,0.0,False
V3_CANDIDATE_DEVELOPMENT_ONLY_SURFACE,M3T,0.2,2.0,0.0,0.0,0.0,77.5,1000000,UNSUPPORTED_WITHOUT_REPLAY,0.05,0.0,0.0,False
V3_CANDIDATE_DEVELOPMENT_ONLY_SURFACE,M3T,0.2,2.0,0.0,0.0,0.0,77.5,1000000,UNSUPPORTED_WITHOUT_REPLAY,0.1,0.0,0.0,False
V3_CANDIDATE_DEVELOPMENT_ONLY_SURFACE,M3T,0.2,2.0,0.0,0.0,0.0,77.5,1000000,UNSUPPORTED_WITHOUT_REPLAY,0.25,0.0,0.0,False
V3_CANDIDATE_DEVELOPMENT_ONLY_SURFACE,M3T,0.2,2.0,0.0,0.0,0.05,59.5,1000000,UNSUPPORTED_WITHOUT_REPLAY,0.0,0.0,0.0,False
V3_CANDIDATE_DEVELOPMENT_ONLY_SURFACE,M3T,0.2,2.0,0.0,0.0,0.05,59.5,1000000,UNSUPPORTED_WITHOUT_REPLAY,0.05,0.0,0.0,False
V3_CANDIDATE_DEVELOPMENT_ONLY_SURFACE,M3T,0.2,2.0,0.0,0.0,0.05,59.5,1000000,UNSUPPORTED_WITHOUT_REPLAY,0.1,0.0,0.0,False
V3_CANDIDATE_DEVELOPMENT_ONLY_SURFACE,M3T,0.2,2.0,0.0,0.0,0.05,59.5,1000000,UNSUPPORTED_WITHOUT_REPLAY,0.25,0.0,0.0,False
V3_CANDIDATE_DEVELOPMENT_ONLY_SURFACE,M3T,0.2,2.0,0.0,0.0,0.05,66.5,1000000,UNSUPPORTED_WITHOUT_REPLAY,0.0,0.0,0.0,False
V3_CANDIDATE_DEVELOPMENT_ONLY_SURFACE,M3T,0.2,2.0,0.0,0.0,0.05,66.5,1000000,UNSUPPORTED_WITHOUT_REPLAY,0.05,0.0,0.0,False
V3_CANDIDATE_DEVELOPMENT_ONLY_SURFACE,M3T,0.2,2.0,0.0,0.0,0.05,66.5,1000000,UNSUPPORTED_WITHOUT_REPLAY,0.1,0.0,0.0,False
V3_CANDIDATE_DEVELOPMENT_ONLY_SURFACE,M3T,0.2,2.0,0.0,0.0,0.05,66.5,1000000,UNSUPPORTED_WITHOUT_REPLAY,0.25,0.0,0.0,False
V3_CANDIDATE_DEVELOPMENT_ONLY_SURFACE,M3T,0.2,2.0,0.0,0.0,0.05,77.5,1000000,UNSUPPORTED_WITHOUT_REPLAY,0.0,0.0,0.0,False
V3_CANDIDATE_DEVELOPMENT_ONLY_SURFACE,M3T,0.2,2.0,0.0,0.0,0.05,77.5,1000000,UNSUPPORTED_WITHOUT_REPLAY,0.05,0.0,0.0,False
V3_CANDIDATE_DEVELOPMENT_ONLY_SURFACE,M3T,0.2,2.0,0.0,0.0,0.05,77.5,1000000,UNSUPPORTED_WITHOUT_REPLAY,0.1,0.0,0.0,False
V3_CANDIDATE_DEVELOPMENT_ONLY_SURFACE,M3T,0.2,2.0,0.0,0.0,0.05,77.5,1000000,UNSUPPORTED_WITHOUT_REPLAY,0.25,0.0,0.0,False
V3_CANDIDATE_DEVELOPMENT_ONLY_SURFACE,M3T,0.2,2.0,0.0,0.0,0.1,59.5,1000000,UNSUPPORTED_WITHOUT_REPLAY,0.0,0.0,0.0,False
V3_CANDIDATE_DEVELOPMENT_ONLY_SURFACE,M3T,0.2,2.0,0.0,0.0,0.1,59.5,1000000,UNSUPPORTED_WITHOUT_REPLAY,0.05,0.0,0.0,False
V3_CANDIDATE_DEVELOPMENT_ONLY_SURFACE,M3T,0.2,2.0,0.0,0.0,0.1,59.5,1000000,UNSUPPORTED_WITHOUT_REPLAY,0.1,0.0,0.0,False
V3_CANDIDATE_DEVELOPMENT_ONLY_SURFACE,M3T,0.2,2.0,0.0,0.0,0.1,59.5,1000000,UNSUPPORTED_WITHOUT_REPLAY,0.25,0.0,0.0,False
V3_CANDIDATE_DEVELOPMENT_ONLY_SURFACE,M3T,0.2,2.0,0.0,0.0,0.1,66.5,1000000,UNSUPPORTED_WITHOUT_REPLAY,0.0,0.0,0.0,False
V3_CANDIDATE_DEVELOPMENT_ONLY_SURFACE,M3T,0.2,2.0,0.0,0.0,0.1,66.5,1000000,UNSUPPORTED_WITHOUT_REPLAY,0.05,0.0,0.0,False
V3_CANDIDATE_DEVELOPMENT_ONLY_SURFACE,M3T,0.2,2.0,0.0,0.0,0.1,66.5,1000000,UNSUPPORTED_WITHOUT_REPLAY,0.1,0.0,0.0,False
V3_CANDIDATE_DEVELOPMENT_ONLY_SURFACE,M3T,0.2,2.0,0.0,0.0,0.1,66.5,1000000,UNSUPPORTED_WITHOUT_REPLAY,0.25,0.0,0.0,False
V3_CANDIDATE_DEVELOPMENT_ONLY_SURFACE,M3T,0.2,2.0,0.0,0.0,0.1,77.5,1000000,UNSUPPORTED_WITHOUT_REPLAY,0.0,0.0,0.0,False
V3_CANDIDATE_DEVELOPMENT_ONLY_SURFACE,M3T,0.2,2.0,0.0,0.0,0.1,77.5,1000000,UNSUPPORTED_WITHOUT_REPLAY,0.05,0.0,0.0,False
V3_CANDIDATE_DEVELOPMENT_ONLY_SURFACE,M3T,0.2,2.0,0.0,0.0,0.1,77.5,1000000,UNSUPPORTED_WITHOUT_REPLAY,0.1,0.0,0.0,False
V3_CANDIDATE_DEVELOPMENT_ONLY_SURFACE,M3T,0.2,2.0,0.0,0.0,0.1,77.5,1000000,UNSUPPORTED_WITHOUT_REPLAY,0.25,0.0,0.0,False
V3_CANDIDATE_DEVELOPMENT_ONLY_SURFACE,M3T,0.2,2.0,0.0,0.4,0.0,59.5,1000000,UNSUPPORTED_WITHOUT_REPLAY,0.0,0.0,0.0,False
V3_CANDIDATE_DEVELOPMENT_ONLY_SURFACE,M3T,0.2,2.0,0.0,0.4,0.0,59.5,1000000,UNSUPPORTED_WITHOUT_REPLAY,0.05,0.0,0.0,False
V3_CANDIDATE_DEVELOPMENT_ONLY_SURFACE,M3T,0.2,2.0,0.0,0.4,0.0,59.5,1000000,UNSUPPORTED_WITHOUT_REPLAY,0.1,0.0,0.0,False
V3_CANDIDATE_DEVELOPMENT_ONLY_SURFACE,M3T,0.2,2.0,0.0,0.4,0.0,59.5,1000000,UNSUPPORTED_WITHOUT_REPLAY,0.25,0.0,0.0,False
V3_CANDIDATE_DEVELOPMENT_ONLY_SURFACE,M3T,0.2,2.0,0.0,0.4,0.0,66.5,1000000,UNSUPPORTED_WITHOUT_REPLAY,0.0,0.0,0.0,False
V3_CANDIDATE_DEVELOPMENT_ONLY_SURFACE,M3T,0.2,2.0,0.0,0.4,0.0,66.5,1000000,UNSUPPORTED_WITHOUT_REPLAY,0.05,0.0,0.0,False
V3_CANDIDATE_DEVELOPMENT_ONLY_SURFACE,M3T,0.2,2.0,0.0,0.4,0.0,66.5,1000000,UNSUPPORTED_WITHOUT_REPLAY,0.1,0.0,0.0,False
V3_CANDIDATE_DEVELOPMENT_ONLY_SURFACE,M3T,0.2,2.0,0.0,0.4,0.0,66.5,1000000,UNSUPPORTED_WITHOUT_REPLAY,0.25,0.0,0.0,False
V3_CANDIDATE_DEVELOPMENT_ONLY_SURFACE,M3T,0.2,2.0,0.0,0.4,0.0,77.5,1000000,UNSUPPORTED_WITHOUT_REPLAY,0.0,0.0,0.0,False
V3_CANDIDATE_DEVELOPMENT_ONLY_SURFACE,M3T,0.2,2.0,0.0,0.4,0.0,77.5,1000000,UNSUPPORTED_WITHOUT_REPLAY,0.05,0.0,0.0,False
V3_CANDIDATE_DEVELOPMENT_ONLY_SURFACE,M3T,0.2,2.0,0.0,0.4,0.0,77.5,1000000,UNSUPPORTED_WITHOUT_REPLAY,0.1,0.0,0.0,False
V3_CANDIDATE_DEVELOPMENT_ONLY_SURFACE,M3T,0.2,2.0,0.0,0.4,0.0,77.5,1000000,UNSUPPORTED_WITHOUT_REPLAY,0.25,0.0,0.0,False
V3_CANDIDATE_DEVELOPMENT_ONLY_SURFACE,M3T,0.2,2.0,0.0,0.4,0.05,59.5,1000000,UNSUPPORTED_WITHOUT_REPLAY,0.0,0.0,0.0,False
V3_CANDIDATE_DEVELOPMENT_ONLY_SURFACE,M3T,0.2,2.0,0.0,0.4,0.05,59.5,1000000,UNSUPPORTED_WITHOUT_REPLAY,0.05,0.0,0.0,False
V3_CANDIDATE_DEVELOPMENT_ONLY_SURFACE,M3T,0.2,2.0,0.0,0.4,0.05,59.5,1000000,UNSUPPORTED_WITHOUT_REPLAY,0.1,0.0,0.0,False
V3_CANDIDATE_DEVELOPMENT_ONLY_SURFACE,M3T,0.2,2.0,0.0,0.4,0.05,59.5,1000000,UNSUPPORTED_WITHOUT_REPLAY,0.25,0.0,0.0,False
V3_CANDIDATE_DEVELOPMENT_ONLY_SURFACE,M3T,0.2,2.0,0.0,0.4,0.05,66.5,1000000,UNSUPPORTED_WITHOUT_REPLAY,0.0,0.0,0.0,False
V3_CANDIDATE_DEVELOPMENT_ONLY_SURFACE,M3T,0.2,2.0,0.0,0.4,0.05,66.5,1000000,UNSUPPORTED_WITHOUT_REPLAY,0.05,0.0,0.0,False
V3_CANDIDATE_DEVELOPMENT_ONLY_SURFACE,M3T,0.2,2.0,0.0,0.4,0.05,66.5,1000000,UNSUPPORTED_WITHOUT_REPLAY,0.1,0.0,0.0,False
V3_CANDIDATE_DEVELOPMENT_ONLY_SURFACE,M3T,0.2,2.0,0.0,0.4,0.05,66.5,1000000,UNSUPPORTED_WITHOUT_REPLAY,0.25,0.0,0.0,False
V3_CANDIDATE_DEVELOPMENT_ONLY_SURFACE,M3T,0.2,2.0,0.0,0.4,0.05,77.5,1000000,UNSUPPORTED_WITHOUT_REPLAY,0.0,0.0,0.0,False
V3_CANDIDATE_DEVELOPMENT_ONLY_SURFACE,M3T,0.2,2.0,0.0,0.4,0.05,77.5,1000000,UNSUPPORTED_WITHOUT_REPLAY,0.05,0.0,0.0,False
V3_CANDIDATE_DEVELOPMENT_ONLY_SURFACE,M3T,0.2,2.0,0.0,0.4,0.05,77.5,1000000,UNSUPPORTED_WITHOUT_REPLAY,0.1,0.0,0.0,False
V3_CANDIDATE_DEVELOPMENT_ONLY_SURFACE,M3T,0.2,2.0,0.0,0.4,0.05,77.5,1000000,UNSUPPORTED_WITHOUT_REPLAY,0.25,0.0,0.0,False
V3_CANDIDATE_DEVELOPMENT_ONLY_SURFACE,M3T,0.2,2.0,0.0,0.4,0.1,59.5,1000000,UNSUPPORTED_WITHOUT_REPLAY,0.0,0.0,0.0,False
V3_CANDIDATE_DEVELOPMENT_ONLY_SURFACE,M3T,0.2,2.0,0.0,0.4,0.1,59.5,1000000,UNSUPPORTED_WITHOUT_REPLAY,0.05,0.0,0.0,False
V3_CANDIDATE_DEVELOPMENT_ONLY_SURFACE,M3T,0.2,2.0,0.0,0.4,0.1,59.5,1000000,UNSUPPORTED_WITHOUT_REPLAY,0.1,0.0,0.0,False
V3_CANDIDATE_DEVELOPMENT_ONLY_SURFACE,M3T,0.2,2.0,0.0,0.4,0.1,59.5,1000000,UNSUPPORTED_WITHOUT_REPLAY,0.25,0.0,0.0,False
V3_CANDIDATE_DEVELOPMENT_ONLY_SURFACE,M3T,0.2,2.0,0.0,0.4,0.1,66.5,1000000,UNSUPPORTED_WITHOUT_REPLAY,0.0,0.0,0.0,False
V3_CANDIDATE_DEVELOPMENT_ONLY_SURFACE,M3T,0.2,2.0,0.0,0.4,0.1,66.5,1000000,UNSUPPORTED_WITHOUT_REPLAY,0.05,0.0,0.0,False
V3_CANDIDATE_DEVELOPMENT_ONLY_SURFACE,M3T,0.2,2.0,0.0,0.4,0.1,66.5,1000000,UNSUPPORTED_WITHOUT_REPLAY,0.1,0.0,0.0,False
V3_CANDIDATE_DEVELOPMENT_ONLY_SURFACE,M3T,0.2,2.0,0.0,0.4,0.1,66.5,1000000,UNSUPPORTED_WITHOUT_REPLAY,0.25,0.0,0.0,False
V3_CANDIDATE_DEVELOPMENT_ONLY_SURFACE,M3T,0.2,2.0,0.0,0.4,0.1,77.5,1000000,UNSUPPORTED_WITHOUT_REPLAY,0.0,0.0,0.0,False
V3_CANDIDATE_DEVELOPMENT_ONLY_SURFACE,M3T,0.2,2.0,0.0,0.4,0.1,77.5,1000000,UNSUPPORTED_WITHOUT_REPLAY,0.05,0.0,0.0,False
V3_CANDIDATE_DEVELOPMENT_ONLY_SURFACE,M3T,0.2,2.0,0.0,0.4,0.1,77.5,1000000,UNSUPPORTED_WITHOUT_REPLAY,0.1,0.0,0.0,False
V3_CANDIDATE_DEVELOPMENT_ONLY_SURFACE,M3T,0.2,2.0,0.0,0.4,0.1,77.5,1000000,UNSUPPORTED_WITHOUT_REPLAY,0.25,0.0,0.0,False
V3_CANDIDATE_DEVELOPMENT_ONLY_SURFACE,M3T,0.2,2.0,0.0,0.6,0.0,59.5,1000000,UNSUPPORTED_WITHOUT_REPLAY,0.0,0.0,0.0,False
V3_CANDIDATE_DEVELOPMENT_ONLY_SURFACE,M3T,0.2,2.0,0.0,0.6,0.0,59.5,1000000,UNSUPPORTED_WITHOUT_REPLAY,0.05,0.0,0.0,False
V3_CANDIDATE_DEVELOPMENT_ONLY_SURFACE,M3T,0.2,2.0,0.0,0.6,0.0,59.5,1000000,UNSUPPORTED_WITHOUT_REPLAY,0.1,0.0,0.0,False
V3_CANDIDATE_DEVELOPMENT_ONLY_SURFACE,M3T,0.2,2.0,0.0,0.6,0.0,59.5,1000000,UNSUPPORTED_WITHOUT_REPLAY,0.25,0.0,0.0,False
V3_CANDIDATE_DEVELOPMENT_ONLY_SURFACE,M3T,0.2,2.0,0.0,0.6,0.0,66.5,1000000,UNSUPPORTED_WITHOUT_REPLAY,0.0,0.0,0.0,False
V3_CANDIDATE_DEVELOPMENT_ONLY_SURFACE,M3T,0.2,2.0,0.0,0.6,0.0,66.5,1000000,UNSUPPORTED_WITHOUT_REPLAY,0.05,0.0,0.0,False
V3_CANDIDATE_DEVELOPMENT_ONLY_SURFACE,M3T,0.2,2.0,0.0,0.6,0.0,66.5,1000000,UNSUPPORTED_WITHOUT_REPLAY,0.1,0.0,0.0,False
V3_CANDIDATE_DEVELOPMENT_ONLY_SURFACE,M3T,0.2,2.0,0.0,0.6,0.0,66.5,1000000,UNSUPPORTED_WITHOUT_REPLAY,0.25,0.0,0.0,False
V3_CANDIDATE_DEVELOPMENT_ONLY_SURFACE,M3T,0.2,2.0,0.0,0.6,0.0,77.5,1000000,UNSUPPORTED_WITHOUT_REPLAY,0.0,0.0,0.0,False
V3_CANDIDATE_DEVELOPMENT_ONLY_SURFACE,M3T,0.2,2.0,0.0,0.6,0.0,77.5,1000000,UNSUPPORTED_WITHOUT_REPLAY,0.05,0.0,0.0,False
V3_CANDIDATE_DEVELOPMENT_ONLY_SURFACE,M3T,0.2,2.0,0.0,0.6,0.0,77.5,1000000,UNSUPPORTED_WITHOUT_REPLAY,0.1,0.0,0.0,False
V3_CANDIDATE_DEVELOPMENT_ONLY_SURFACE,M3T,0.2,2.0,0.0,0.6,0.0,77.5,1000000,UNSUPPORTED_WITHOUT_REPLAY,0.25,0.0,0.0,False
V3_CANDIDATE_DEVELOPMENT_ONLY_SURFACE,M3T,0.2,2.0,0.0,0.6,0.05,59.5,1000000,UNSUPPORTED_WITHOUT_REPLAY,0.0,0.0,0.0,False
V3_CANDIDATE_DEVELOPMENT_ONLY_SURFACE,M3T,0.2,2.0,0.0,0.6,0.05,59.5,1000000,UNSUPPORTED_WITHOUT_REPLAY,0.05,0.0,0.0,False
V3_CANDIDATE_DEVELOPMENT_ONLY_SURFACE,M3T,0.2,2.0,0.0,0.6,0.05,59.5,1000000,UNSUPPORTED_WITHOUT_REPLAY,0.1,0.0,0.0,False
V3_CANDIDATE_DEVELOPMENT_ONLY_SURFACE,M3T,0.2,2.0,0.0,0.6,0.05,59.5,1000000,UNSUPPORTED_WITHOUT_REPLAY,0.25,0.0,0.0,False
V3_CANDIDATE_DEVELOPMENT_ONLY_SURFACE,M3T,0.2,2.0,0.0,0.6,0.05,66.5,1000000,UNSUPPORTED_WITHOUT_REPLAY,0.0,0.0,0.0,False
V3_CANDIDATE_DEVELOPMENT_ONLY_SURFACE,M3T,0.2,2.0,0.0,0.6,0.05,66.5,1000000,UNSUPPORTED_WITHOUT_REPLAY,0.05,0.0,0.0,False
V3_CANDIDATE_DEVELOPMENT_ONLY_SURFACE,M3T,0.2,2.0,0.0,0.6,0.05,66.5,1000000,UNSUPPORTED_WITHOUT_REPLAY,0.1,0.0,0.0,False
V3_CANDIDATE_DEVELOPMENT_ONLY_SURFACE,M3T,0.2,2.0,0.0,0.6,0.05,66.5,1000000,UNSUPPORTED_WITHOUT_REPLAY,0.25,0.0,0.0,False
V3_CANDIDATE_DEVELOPMENT_ONLY_SURFACE,M3T,0.2,2.0,0.0,0.6,0.05,77.5,1000000,UNSUPPORTED_WITHOUT_REPLAY,0.0,0.0,0.0,False
V3_CANDIDATE_DEVELOPMENT_ONLY_SURFACE,M3T,0.2,2.0,0.0,0.6,0.05,77.5,1000000,UNSUPPORTED_WITHOUT_REPLAY,0.05,0.0,0.0,False
V3_CANDIDATE_DEVELOPMENT_ONLY_SURFACE,M3T,0.2,2.0,0.0,0.6,0.05,77.5,1000000,UNSUPPORTED_WITHOUT_REPLAY,0.1,0.0,0.0,False
V3_CANDIDATE_DEVELOPMENT_ONLY_SURFACE,M3T,0.2,2.0,0.0,0.6,0.05,77.5,1000000,UNSUPPORTED_WITHOUT_REPLAY,0.25,0.0,0.0,False
V3_CANDIDATE_DEVELOPMENT_ONLY_SURFACE,M3T,0.2,2.0,0.0,0.6,0.1,59.5,1000000,UNSUPPORTED_WITHOUT_REPLAY,0.0,0.0,0.0,False
V3_CANDIDATE_DEVELOPMENT_ONLY_SURFACE,M3T,0.2,2.0,0.0,0.6,0.1,59.5,1000000,UNSUPPORTED_WITHOUT_REPLAY,0.05,0.0,0.0,False
V3_CANDIDATE_DEVELOPMENT_ONLY_SURFACE,M3T,0.2,2.0,0.0,0.6,0.1,59.5,1000000,UNSUPPORTED_WITHOUT_REPLAY,0.1,0.0,0.0,False
V3_CANDIDATE_DEVELOPMENT_ONLY_SURFACE,M3T,0.2,2.0,0.0,0.6,0.1,59.5,1000000,UNSUPPORTED_WITHOUT_REPLAY,0.25,0.0,0.0,False
V3_CANDIDATE_DEVELOPMENT_ONLY_SURFACE,M3T,0.2,2.0,0.0,0.6,0.1,66.5,1000000,UNSUPPORTED_WITHOUT_REPLAY,0.0,0.0,0.0,False
V3_CANDIDATE_DEVELOPMENT_ONLY_SURFACE,M3T,0.2,2.0,0.0,0.6,0.1,66.5,1000000,UNSUPPORTED_WITHOUT_REPLAY,0.05,0.0,0.0,False
V3_CANDIDATE_DEVELOPMENT_ONLY_SURFACE,M3T,0.2,2.0,0.0,0.6,0.1,66.5,1000000,UNSUPPORTED_WITHOUT_REPLAY,0.1,0.0,0.0,False
V3_CANDIDATE_DEVELOPMENT_ONLY_SURFACE,M3T,0.2,2.0,0.0,0.6,0.1,66.5,1000000,UNSUPPORTED_WITHOUT_REPLAY,0.25,0.0,0.0,False
V3_CANDIDATE_DEVELOPMENT_ONLY_SURFACE,M3T,0.2,2.0,0.0,0.6,0.1,77.5,1000000,UNSUPPORTED_WITHOUT_REPLAY,0.0,0.0,0.0,False
V3_CANDIDATE_DEVELOPMENT_ONLY_SURFACE,M3T,0.2,2.0,0.0,0.6,0.1,77.5,1000000,UNSUPPORTED_WITHOUT_REPLAY,0.05,0.0,0.0,False
V3_CANDIDATE_DEVELOPMENT_ONLY_SURFACE,M3T,0.2,2.0,0.0,0.6,0.1,77.5,1000000,UNSUPPORTED_WITHOUT_REPLAY,0.1,0.0,0.0,False
V3_CANDIDATE_DEVELOPMENT_ONLY_SURFACE,M3T,0.2,2.0,0.0,0.6,0.1,77.5,1000000,UNSUPPORTED_WITHOUT_REPLAY,0.25,0.0,0.0,False
V3_CANDIDATE_DEVELOPMENT_ONLY_SURFACE,M3T,0.2,2.0,0.0,0.8,0.0,59.5,1000000,UNSUPPORTED_WITHOUT_REPLAY,0.0,0.0,0.0,False
V3_CANDIDATE_DEVELOPMENT_ONLY_SURFACE,M3T,0.2,2.0,0.0,0.8,0.0,59.5,1000000,UNSUPPORTED_WITHOUT_REPLAY,0.05,0.0,0.0,False
V3_CANDIDATE_DEVELOPMENT_ONLY_SURFACE,M3T,0.2,2.0,0.0,0.8,0.0,59.5,1000000,UNSUPPORTED_WITHOUT_REPLAY,0.1,0.0,0.0,False
V3_CANDIDATE_DEVELOPMENT_ONLY_SURFACE,M3T,0.2,2.0,0.0,0.8,0.0,59.5,1000000,UNSUPPORTED_WITHOUT_REPLAY,0.25,0.0,0.0,False
V3_CANDIDATE_DEVELOPMENT_ONLY_SURFACE,M3T,0.2,2.0,0.0,0.8,0.0,66.5,1000000,UNSUPPORTED_WITHOUT_REPLAY,0.0,0.0,0.0,False
V3_CANDIDATE_DEVELOPMENT_ONLY_SURFACE,M3T,0.2,2.0,0.0,0.8,0.0,66.5,1000000,UNSUPPORTED_WITHOUT_REPLAY,0.05,0.0,0.0,False
V3_CANDIDATE_DEVELOPMENT_ONLY_SURFACE,M3T,0.2,2.0,0.0,0.8,0.0,66.5,1000000,UNSUPPORTED_WITHOUT_REPLAY,0.1,0.0,0.0,False
V3_CANDIDATE_DEVELOPMENT_ONLY_SURFACE,M3T,0.2,2.0,0.0,0.8,0.0,66.5,1000000,UNSUPPORTED_WITHOUT_REPLAY,0.25,0.0,0.0,False
V3_CANDIDATE_DEVELOPMENT_ONLY_SURFACE,M3T,0.2,2.0,0.0,0.8,0.0,77.5,1000000,UNSUPPORTED_WITHOUT_REPLAY,0.0,0.0,0.0,False
V3_CANDIDATE_DEVELOPMENT_ONLY_SURFACE,M3T,0.2,2.0,0.0,0.8,0.0,77.5,1000000,UNSUPPORTED_WITHOUT_REPLAY,0.05,0.0,0.0,False
V3_CANDIDATE_DEVELOPMENT_ONLY_SURFACE,M3T,0.2,2.0,0.0,0.8,0.0,77.5,1000000,UNSUPPORTED_WITHOUT_REPLAY,0.1,0.0,0.0,False
V3_CANDIDATE_DEVELOPMENT_ONLY_SURFACE,M3T,0.2,2.0,0.0,0.8,0.0,77.5,1000000,UNSUPPORTED_WITHOUT_REPLAY,0.25,0.0,0.0,False
V3_CANDIDATE_DEVELOPMENT_ONLY_SURFACE,M3T,0.2,2.0,0.0,0.8,0.05,59.5,1000000,UNSUPPORTED_WITHOUT_REPLAY,0.0,0.0,0.0,False
V3_CANDIDATE_DEVELOPMENT_ONLY_SURFACE,M3T,0.2,2.0,0.0,0.8,0.05,59.5,1000000,UNSUPPORTED_WITHOUT_REPLAY,0.05,0.0,0.0,False
V3_CANDIDATE_DEVELOPMENT_ONLY_SURFACE,M3T,0.2,2.0,0.0,0.8,0.05,59.5,1000000,UNSUPPORTED_WITHOUT_REPLAY,0.1,0.0,0.0,False
V3_CANDIDATE_DEVELOPMENT_ONLY_SURFACE,M3T,0.2,2.0,0.0,0.8,0.05,59.5,1000000,UNSUPPORTED_WITHOUT_REPLAY,0.25,0.0,0.0,False
V3_CANDIDATE_DEVELOPMENT_ONLY_SURFACE,M3T,0.2,2.0,0.0,0.8,0.05,66.5,1000000,UNSUPPORTED_WITHOUT_REPLAY,0.0,0.0,0.0,False
V3_CANDIDATE_DEVELOPMENT_ONLY_SURFACE,M3T,0.2,2.0,0.0,0.8,0.05,66.5,1000000,UNSUPPORTED_WITHOUT_REPLAY,0.05,0.0,0.0,False
V3_CANDIDATE_DEVELOPMENT_ONLY_SURFACE,M3T,0.2,2.0,0.0,0.8,0.05,66.5,1000000,UNSUPPORTED_WITHOUT_REPLAY,0.1,0.0,0.0,False
V3_CANDIDATE_DEVELOPMENT_ONLY_SURFACE,M3T,0.2,2.0,0.0,0.8,0.05,66.5,1000000,UNSUPPORTED_WITHOUT_REPLAY,0.25,0.0,0.0,False
V3_CANDIDATE_DEVELOPMENT_ONLY_SURFACE,M3T,0.2,2.0,0.0,0.8,0.05,77.5,1000000,UNSUPPORTED_WITHOUT_REPLAY,0.0,0.0,0.0,False
V3_CANDIDATE_DEVELOPMENT_ONLY_SURFACE,M3T,0.2,2.0,0.0,0.8,0.05,77.5,1000000,UNSUPPORTED_WITHOUT_REPLAY,0.05,0.0,0.0,False
V3_CANDIDATE_DEVELOPMENT_ONLY_SURFACE,M3T,0.2,2.0,0.0,0.8,0.05,77.5,1000000,UNSUPPORTED_WITHOUT_REPLAY,0.1,0.0,0.0,False
V3_CANDIDATE_DEVELOPMENT_ONLY_SURFACE,M3T,0.2,2.0,0.0,0.8,0.05,77.5,1000000,UNSUPPORTED_WITHOUT_REPLAY,0.25,0.0,0.0,False
V3_CANDIDATE_DEVELOPMENT_ONLY_SURFACE,M3T,0.2,2.0,0.0,0.8,0.1,59.5,1000000,UNSUPPORTED_WITHOUT_REPLAY,0.0,0.0,0.0,False
V3_CANDIDATE_DEVELOPMENT_ONLY_SURFACE,M3T,0.2,2.0,0.0,0.8,0.1,59.5,1000000,UNSUPPORTED_WITHOUT_REPLAY,0.05,0.0,0.0,False
V3_CANDIDATE_DEVELOPMENT_ONLY_SURFACE,M3T,0.2,2.0,0.0,0.8,0.1,59.5,1000000,UNSUPPORTED_WITHOUT_REPLAY,0.1,0.0,0.0,False
V3_CANDIDATE_DEVELOPMENT_ONLY_SURFACE,M3T,0.2,2.0,0.0,0.8,0.1,59.5,1000000,UNSUPPORTED_WITHOUT_REPLAY,0.25,0.0,0.0,False
V3_CANDIDATE_DEVELOPMENT_ONLY_SURFACE,M3T,0.2,2.0,0.0,0.8,0.1,66.5,1000000,UNSUPPORTED_WITHOUT_REPLAY,0.0,0.0,0.0,False
V3_CANDIDATE_DEVELOPMENT_ONLY_SURFACE,M3T,0.2,2.0,0.0,0.8,0.1,66.5,1000000,UNSUPPORTED_WITHOUT_REPLAY,0.05,0.0,0.0,False
V3_CANDIDATE_DEVELOPMENT_ONLY_SURFACE,M3T,0.2,2.0,0.0,0.8,0.1,66.5,1000000,UNSUPPORTED_WITHOUT_REPLAY,0.1,0.0,0.0,False
V3_CANDIDATE_DEVELOPMENT_ONLY_SURFACE,M3T,0.2,2.0,0.0,0.8,0.1,66.5,1000000,UNSUPPORTED_WITHOUT_REPLAY,0.25,0.0,0.0,False
V3_CANDIDATE_DEVELOPMENT_ONLY_SURFACE,M3T,0.2,2.0,0.0,0.8,0.1,77.5,1000000,UNSUPPORTED_WITHOUT_REPLAY,0.0,0.0,0.0,False
V3_CANDIDATE_DEVELOPMENT_ONLY_SURFACE,M3T,0.2,2.0,0.0,0.8,0.1,77.5,1000000,UNSUPPORTED_WITHOUT_REPLAY,0.05,0.0,0.0,False
V3_CANDIDATE_DEVELOPMENT_ONLY_SURFACE,M3T,0.2,2.0,0.0,0.8,0.1,77.5,1000000,UNSUPPORTED_WITHOUT_REPLAY,0.1,0.0,0.0,False
V3_CANDIDATE_DEVELOPMENT_ONLY_SURFACE,M3T,0.2,2.0,0.0,0.8,0.1,77.5,1000000,UNSUPPORTED_WITHOUT_REPLAY,0.25,0.0,0.0,False
V3_CANDIDATE_DEVELOPMENT_ONLY_SURFACE,M3T,0.2,2.0,0.25,0.0,0.0,59.5,1000000,UNSUPPORTED_WITHOUT_REPLAY,0.0,0.0,0.0,False
V3_CANDIDATE_DEVELOPMENT_ONLY_SURFACE,M3T,0.2,2.0,0.25,0.0,0.0,59.5,1000000,UNSUPPORTED_WITHOUT_REPLAY,0.05,0.0,0.0,False
V3_CANDIDATE_DEVELOPMENT_ONLY_SURFACE,M3T,0.2,2.0,0.25,0.0,0.0,59.5,1000000,UNSUPPORTED_WITHOUT_REPLAY,0.1,0.0,0.0,False
V3_CANDIDATE_DEVELOPMENT_ONLY_SURFACE,M3T,0.2,2.0,0.25,0.0,0.0,59.5,1000000,UNSUPPORTED_WITHOUT_REPLAY,0.25,0.0,0.0,False
V3_CANDIDATE_DEVELOPMENT_ONLY_SURFACE,M3T,0.2,2.0,0.25,0.0,0.0,66.5,1000000,UNSUPPORTED_WITHOUT_REPLAY,0.0,0.0,0.0,False
V3_CANDIDATE_DEVELOPMENT_ONLY_SURFACE,M3T,0.2,2.0,0.25,0.0,0.0,66.5,1000000,UNSUPPORTED_WITHOUT_REPLAY,0.05,0.0,0.0,False
V3_CANDIDATE_DEVELOPMENT_ONLY_SURFACE,M3T,0.2,2.0,0.25,0.0,0.0,66.5,1000000,UNSUPPORTED_WITHOUT_REPLAY,0.1,0.0,0.0,False
V3_CANDIDATE_DEVELOPMENT_ONLY_SURFACE,M3T,0.2,2.0,0.25,0.0,0.0,66.5,1000000,UNSUPPORTED_WITHOUT_REPLAY,0.25,0.0,0.0,False
V3_CANDIDATE_DEVELOPMENT_ONLY_SURFACE,M3T,0.2,2.0,0.25,0.0,0.0,77.5,1000000,UNSUPPORTED_WITHOUT_REPLAY,0.0,0.0,0.0,False
V3_CANDIDATE_DEVELOPMENT_ONLY_SURFACE,M3T,0.2,2.0,0.25,0.0,0.0,77.5,1000000,UNSUPPORTED_WITHOUT_REPLAY,0.05,0.0,0.0,False
V3_CANDIDATE_DEVELOPMENT_ONLY_SURFACE,M3T,0.2,2.0,0.25,0.0,0.0,77.5,1000000,UNSUPPORTED_WITHOUT_REPLAY,0.1,0.0,0.0,False
V3_CANDIDATE_DEVELOPMENT_ONLY_SURFACE,M3T,0.2,2.0,0.25,0.0,0.0,77.5,1000000,UNSUPPORTED_WITHOUT_REPLAY,0.25,0.0,0.0,False
V3_CANDIDATE_DEVELOPMENT_ONLY_SURFACE,M3T,0.2,2.0,0.25,0.0,0.05,59.5,1000000,UNSUPPORTED_WITHOUT_REPLAY,0.0,0.0,0.0,False
V3_CANDIDATE_DEVELOPMENT_ONLY_SURFACE,M3T,0.2,2.0,0.25,0.0,0.05,59.5,1000000,UNSUPPORTED_WITHOUT_REPLAY,0.05,0.0,0.0,False
V3_CANDIDATE_DEVELOPMENT_ONLY_SURFACE,M3T,0.2,2.0,0.25,0.0,0.05,59.5,1000000,UNSUPPORTED_WITHOUT_REPLAY,0.1,0.0,0.0,False
V3_CANDIDATE_DEVELOPMENT_ONLY_SURFACE,M3T,0.2,2.0,0.25,0.0,0.05,59.5,1000000,UNSUPPORTED_WITHOUT_REPLAY,0.25,0.0,0.0,False
V3_CANDIDATE_DEVELOPMENT_ONLY_SURFACE,M3T,0.2,2.0,0.25,0.0,0.05,66.5,1000000,UNSUPPORTED_WITHOUT_REPLAY,0.0,0.0,0.0,False
V3_CANDIDATE_DEVELOPMENT_ONLY_SURFACE,M3T,0.2,2.0,0.25,0.0,0.05,66.5,1000000,UNSUPPORTED_WITHOUT_REPLAY,0.05,0.0,0.0,False
V3_CANDIDATE_DEVELOPMENT_ONLY_SURFACE,M3T,0.2,2.0,0.25,0.0,0.05,66.5,1000000,UNSUPPORTED_WITHOUT_REPLAY,0.1,0.0,0.0,False
V3_CANDIDATE_DEVELOPMENT_ONLY_SURFACE,M3T,0.2,2.0,0.25,0.0,0.05,66.5,1000000,UNSUPPORTED_WITHOUT_REPLAY,0.25,0.0,0.0,False
V3_CANDIDATE_DEVELOPMENT_ONLY_SURFACE,M3T,0.2,2.0,0.25,0.0,0.05,77.5,1000000,UNSUPPORTED_WITHOUT_REPLAY,0.0,0.0,0.0,False
V3_CANDIDATE_DEVELOPMENT_ONLY_SURFACE,M3T,0.2,2.0,0.25,0.0,0.05,77.5,1000000,UNSUPPORTED_WITHOUT_REPLAY,0.05,0.0,0.0,False
V3_CANDIDATE_DEVELOPMENT_ONLY_SURFACE,M3T,0.2,2.0,0.25,0.0,0.05,77.5,1000000,UNSUPPORTED_WITHOUT_REPLAY,0.1,0.0,0.0,False
V3_CANDIDATE_DEVELOPMENT_ONLY_SURFACE,M3T,0.2,2.0,0.25,0.0,0.05,77.5,1000000,UNSUPPORTED_WITHOUT_REPLAY,0.25,0.0,0.0,False
V3_CANDIDATE_DEVELOPMENT_ONLY_SURFACE,M3T,0.2,2.0,0.25,0.0,0.1,59.5,1000000,UNSUPPORTED_WITHOUT_REPLAY,0.0,0.0,0.0,False
V3_CANDIDATE_DEVELOPMENT_ONLY_SURFACE,M3T,0.2,2.0,0.25,0.0,0.1,59.5,1000000,UNSUPPORTED_WITHOUT_REPLAY,0.05,0.0,0.0,False
V3_CANDIDATE_DEVELOPMENT_ONLY_SURFACE,M3T,0.2,2.0,0.25,0.0,0.1,59.5,1000000,UNSUPPORTED_WITHOUT_REPLAY,0.1,0.0,0.0,False
V3_CANDIDATE_DEVELOPMENT_ONLY_SURFACE,M3T,0.2,2.0,0.25,0.0,0.1,59.5,1000000,UNSUPPORTED_WITHOUT_REPLAY,0.25,0.0,0.0,False
V3_CANDIDATE_DEVELOPMENT_ONLY_SURFACE,M3T,0.2,2.0,0.25,0.0,0.1,66.5,1000000,UNSUPPORTED_WITHOUT_REPLAY,0.0,0.0,0.0,False
V3_CANDIDATE_DEVELOPMENT_ONLY_SURFACE,M3T,0.2,2.0,0.25,0.0,0.1,66.5,1000000,UNSUPPORTED_WITHOUT_REPLAY,0.05,0.0,0.0,False
V3_CANDIDATE_DEVELOPMENT_ONLY_SURFACE,M3T,0.2,2.0,0.25,0.0,0.1,66.5,1000000,UNSUPPORTED_WITHOUT_REPLAY,0.1,0.0,0.0,False
V3_CANDIDATE_DEVELOPMENT_ONLY_SURFACE,M3T,0.2,2.0,0.25,0.0,0.1,66.5,1000000,UNSUPPORTED_WITHOUT_REPLAY,0.25,0.0,0.0,False
V3_CANDIDATE_DEVELOPMENT_ONLY_SURFACE,M3T,0.2,2.0,0.25,0.0,0.1,77.5,1000000,UNSUPPORTED_WITHOUT_REPLAY,0.0,0.0,0.0,False
V3_CANDIDATE_DEVELOPMENT_ONLY_SURFACE,M3T,0.2,2.0,0.25,0.0,0.1,77.5,1000000,UNSUPPORTED_WITHOUT_REPLAY,0.05,0.0,0.0,False
V3_CANDIDATE_DEVELOPMENT_ONLY_SURFACE,M3T,0.2,2.0,0.25,0.0,0.1,77.5,1000000,UNSUPPORTED_WITHOUT_REPLAY,0.1,0.0,0.0,False
V3_CANDIDATE_DEVELOPMENT_ONLY_SURFACE,M3T,0.2,2.0,0.25,0.0,0.1,77.5,1000000,UNSUPPORTED_WITHOUT_REPLAY,0.25,0.0,0.0,False
V3_CANDIDATE_DEVELOPMENT_ONLY_SURFACE,M3T,0.2,2.0,0.25,0.4,0.0,59.5,1000000,UNSUPPORTED_WITHOUT_REPLAY,0.0,0.0,0.0,False
V3_CANDIDATE_DEVELOPMENT_ONLY_SURFACE,M3T,0.2,2.0,0.25,0.4,0.0,59.5,1000000,UNSUPPORTED_WITHOUT_REPLAY,0.05,0.0,0.0,False
V3_CANDIDATE_DEVELOPMENT_ONLY_SURFACE,M3T,0.2,2.0,0.25,0.4,0.0,59.5,1000000,UNSUPPORTED_WITHOUT_REPLAY,0.1,0.0,0.0,False
V3_CANDIDATE_DEVELOPMENT_ONLY_SURFACE,M3T,0.2,2.0,0.25,0.4,0.0,59.5,1000000,UNSUPPORTED_WITHOUT_REPLAY,0.25,0.0,0.0,False
V3_CANDIDATE_DEVELOPMENT_ONLY_SURFACE,M3T,0.2,2.0,0.25,0.4,0.0,66.5,1000000,UNSUPPORTED_WITHOUT_REPLAY,0.0,0.0,0.0,False
V3_CANDIDATE_DEVELOPMENT_ONLY_SURFACE,M3T,0.2,2.0,0.25,0.4,0.0,66.5,1000000,UNSUPPORTED_WITHOUT_REPLAY,0.05,0.0,0.0,False
V3_CANDIDATE_DEVELOPMENT_ONLY_SURFACE,M3T,0.2,2.0,0.25,0.4,0.0,66.5,1000000,UNSUPPORTED_WITHOUT_REPLAY,0.1,0.0,0.0,False
V3_CANDIDATE_DEVELOPMENT_ONLY_SURFACE,M3T,0.2,2.0,0.25,0.4,0.0,66.5,1000000,UNSUPPORTED_WITHOUT_REPLAY,0.25,0.0,0.0,False
V3_CANDIDATE_DEVELOPMENT_ONLY_SURFACE,M3T,0.2,2.0,0.25,0.4,0.0,77.5,1000000,UNSUPPORTED_WITHOUT_REPLAY,0.0,0.0,0.0,False
V3_CANDIDATE_DEVELOPMENT_ONLY_SURFACE,M3T,0.2,2.0,0.25,0.4,0.0,77.5,1000000,UNSUPPORTED_WITHOUT_REPLAY,0.05,0.0,0.0,False
V3_CANDIDATE_DEVELOPMENT_ONLY_SURFACE,M3T,0.2,2.0,0.25,0.4,0.0,77.5,1000000,UNSUPPORTED_WITHOUT_REPLAY,0.1,0.0,0.0,False
V3_CANDIDATE_DEVELOPMENT_ONLY_SURFACE,M3T,0.2,2.0,0.25,0.4,0.0,77.5,1000000,UNSUPPORTED_WITHOUT_REPLAY,0.25,0.0,0.0,False
V3_CANDIDATE_DEVELOPMENT_ONLY_SURFACE,M3T,0.2,2.0,0.25,0.4,0.05,59.5,1000000,UNSUPPORTED_WITHOUT_REPLAY,0.0,0.0,0.0,False
V3_CANDIDATE_DEVELOPMENT_ONLY_SURFACE,M3T,0.2,2.0,0.25,0.4,0.05,59.5,1000000,UNSUPPORTED_WITHOUT_REPLAY,0.05,0.0,0.0,False
V3_CANDIDATE_DEVELOPMENT_ONLY_SURFACE,M3T,0.2,2.0,0.25,0.4,0.05,59.5,1000000,UNSUPPORTED_WITHOUT_REPLAY,0.1,0.0,0.0,False
V3_CANDIDATE_DEVELOPMENT_ONLY_SURFACE,M3T,0.2,2.0,0.25,0.4,0.05,59.5,1000000,UNSUPPORTED_WITHOUT_REPLAY,0.25,0.0,0.0,False
V3_CANDIDATE_DEVELOPMENT_ONLY_SURFACE,M3T,0.2,2.0,0.25,0.4,0.05,66.5,1000000,UNSUPPORTED_WITHOUT_REPLAY,0.0,0.0,0.0,False
V3_CANDIDATE_DEVELOPMENT_ONLY_SURFACE,M3T,0.2,2.0,0.25,0.4,0.05,66.5,1000000,UNSUPPORTED_WITHOUT_REPLAY,0.05,0.0,0.0,False
V3_CANDIDATE_DEVELOPMENT_ONLY_SURFACE,M3T,0.2,2.0,0.25,0.4,0.05,66.5,1000000,UNSUPPORTED_WITHOUT_REPLAY,0.1,0.0,0.0,False
V3_CANDIDATE_DEVELOPMENT_ONLY_SURFACE,M3T,0.2,2.0,0.25,0.4,0.05,66.5,1000000,UNSUPPORTED_WITHOUT_REPLAY,0.25,0.0,0.0,False
V3_CANDIDATE_DEVELOPMENT_ONLY_SURFACE,M3T,0.2,2.0,0.25,0.4,0.05,77.5,1000000,UNSUPPORTED_WITHOUT_REPLAY,0.0,0.0,0.0,False
V3_CANDIDATE_DEVELOPMENT_ONLY_SURFACE,M3T,0.2,2.0,0.25,0.4,0.05,77.5,1000000,UNSUPPORTED_WITHOUT_REPLAY,0.05,0.0,0.0,False
V3_CANDIDATE_DEVELOPMENT_ONLY_SURFACE,M3T,0.2,2.0,0.25,0.4,0.05,77.5,1000000,UNSUPPORTED_WITHOUT_REPLAY,0.1,0.0,0.0,False
V3_CANDIDATE_DEVELOPMENT_ONLY_SURFACE,M3T,0.2,2.0,0.25,0.4,0.05,77.5,1000000,UNSUPPORTED_WITHOUT_REPLAY,0.25,0.0,0.0,False
V3_CANDIDATE_DEVELOPMENT_ONLY_SURFACE,M3T,0.2,2.0,0.25,0.4,0.1,59.5,1000000,UNSUPPORTED_WITHOUT_REPLAY,0.0,0.0,0.0,False
V3_CANDIDATE_DEVELOPMENT_ONLY_SURFACE,M3T,0.2,2.0,0.25,0.4,0.1,59.5,1000000,UNSUPPORTED_WITHOUT_REPLAY,0.05,0.0,0.0,False
V3_CANDIDATE_DEVELOPMENT_ONLY_SURFACE,M3T,0.2,2.0,0.25,0.4,0.1,59.5,1000000,UNSUPPORTED_WITHOUT_REPLAY,0.1,0.0,0.0,False
V3_CANDIDATE_DEVELOPMENT_ONLY_SURFACE,M3T,0.2,2.0,0.25,0.4,0.1,59.5,1000000,UNSUPPORTED_WITHOUT_REPLAY,0.25,0.0,0.0,False
V3_CANDIDATE_DEVELOPMENT_ONLY_SURFACE,M3T,0.2,2.0,0.25,0.4,0.1,66.5,1000000,UNSUPPORTED_WITHOUT_REPLAY,0.0,0.0,0.0,False
V3_CANDIDATE_DEVELOPMENT_ONLY_SURFACE,M3T,0.2,2.0,0.25,0.4,0.1,66.5,1000000,UNSUPPORTED_WITHOUT_REPLAY,0.05,0.0,0.0,False
V3_CANDIDATE_DEVELOPMENT_ONLY_SURFACE,M3T,0.2,2.0,0.25,0.4,0.1,66.5,1000000,UNSUPPORTED_WITHOUT_REPLAY,0.1,0.0,0.0,False
V3_CANDIDATE_DEVELOPMENT_ONLY_SURFACE,M3T,0.2,2.0,0.25,0.4,0.1,66.5,1000000,UNSUPPORTED_WITHOUT_REPLAY,0.25,0.0,0.0,False
V3_CANDIDATE_DEVELOPMENT_ONLY_SURFACE,M3T,0.2,2.0,0.25,0.4,0.1,77.5,1000000,UNSUPPORTED_WITHOUT_REPLAY,0.0,0.0,0.0,False
V3_CANDIDATE_DEVELOPMENT_ONLY_SURFACE,M3T,0.2,2.0,0.25,0.4,0.1,77.5,1000000,UNSUPPORTED_WITHOUT_REPLAY,0.05,0.0,0.0,False
V3_CANDIDATE_DEVELOPMENT_ONLY_SURFACE,M3T,0.2,2.0,0.25,0.4,0.1,77.5,1000000,UNSUPPORTED_WITHOUT_REPLAY,0.1,0.0,0.0,False
V3_CANDIDATE_DEVELOPMENT_ONLY_SURFACE,M3T,0.2,2.0,0.25,0.4,0.1,77.5,1000000,UNSUPPORTED_WITHOUT_REPLAY,0.25,0.0,0.0,False
V3_CANDIDATE_DEVELOPMENT_ONLY_SURFACE,M3T,0.2,2.0,0.25,0.6,0.0,59.5,1000000,UNSUPPORTED_WITHOUT_REPLAY,0.0,0.0,0.0,False
V3_CANDIDATE_DEVELOPMENT_ONLY_SURFACE,M3T,0.2,2.0,0.25,0.6,0.0,59.5,1000000,UNSUPPORTED_WITHOUT_REPLAY,0.05,0.0,0.0,False
V3_CANDIDATE_DEVELOPMENT_ONLY_SURFACE,M3T,0.2,2.0,0.25,0.6,0.0,59.5,1000000,UNSUPPORTED_WITHOUT_REPLAY,0.1,0.0,0.0,False
V3_CANDIDATE_DEVELOPMENT_ONLY_SURFACE,M3T,0.2,2.0,0.25,0.6,0.0,59.5,1000000,UNSUPPORTED_WITHOUT_REPLAY,0.25,0.0,0.0,False
V3_CANDIDATE_DEVELOPMENT_ONLY_SURFACE,M3T,0.2,2.0,0.25,0.6,0.0,66.5,1000000,UNSUPPORTED_WITHOUT_REPLAY,0.0,0.0,0.0,False
V3_CANDIDATE_DEVELOPMENT_ONLY_SURFACE,M3T,0.2,2.0,0.25,0.6,0.0,66.5,1000000,UNSUPPORTED_WITHOUT_REPLAY,0.05,0.0,0.0,False
V3_CANDIDATE_DEVELOPMENT_ONLY_SURFACE,M3T,0.2,2.0,0.25,0.6,0.0,66.5,1000000,UNSUPPORTED_WITHOUT_REPLAY,0.1,0.0,0.0,False
V3_CANDIDATE_DEVELOPMENT_ONLY_SURFACE,M3T,0.2,2.0,0.25,0.6,0.0,66.5,1000000,UNSUPPORTED_WITHOUT_REPLAY,0.25,0.0,0.0,False
V3_CANDIDATE_DEVELOPMENT_ONLY_SURFACE,M3T,0.2,2.0,0.25,0.6,0.0,77.5,1000000,UNSUPPORTED_WITHOUT_REPLAY,0.0,0.0,0.0,False
V3_CANDIDATE_DEVELOPMENT_ONLY_SURFACE,M3T,0.2,2.0,0.25,0.6,0.0,77.5,1000000,UNSUPPORTED_WITHOUT_REPLAY,0.05,0.0,0.0,False
V3_CANDIDATE_DEVELOPMENT_ONLY_SURFACE,M3T,0.2,2.0,0.25,0.6,0.0,77.5,1000000,UNSUPPORTED_WITHOUT_REPLAY,0.1,0.0,0.0,False
V3_CANDIDATE_DEVELOPMENT_ONLY_SURFACE,M3T,0.2,2.0,0.25,0.6,0.0,77.5,1000000,UNSUPPORTED_WITHOUT_REPLAY,0.25,0.0,0.0,False
V3_CANDIDATE_DEVELOPMENT_ONLY_SURFACE,M3T,0.2,2.0,0.25,0.6,0.05,59.5,1000000,UNSUPPORTED_WITHOUT_REPLAY,0.0,0.0,0.0,False
V3_CANDIDATE_DEVELOPMENT_ONLY_SURFACE,M3T,0.2,2.0,0.25,0.6,0.05,59.5,1000000,UNSUPPORTED_WITHOUT_REPLAY,0.05,0.0,0.0,False
V3_CANDIDATE_DEVELOPMENT_ONLY_SURFACE,M3T,0.2,2.0,0.25,0.6,0.05,59.5,1000000,UNSUPPORTED_WITHOUT_REPLAY,0.1,0.0,0.0,False
V3_CANDIDATE_DEVELOPMENT_ONLY_SURFACE,M3T,0.2,2.0,0.25,0.6,0.05,59.5,1000000,UNSUPPORTED_WITHOUT_REPLAY,0.25,0.0,0.0,False
V3_CANDIDATE_DEVELOPMENT_ONLY_SURFACE,M3T,0.2,2.0,0.25,0.6,0.05,66.5,1000000,UNSUPPORTED_WITHOUT_REPLAY,0.0,0.0,0.0,False
V3_CANDIDATE_DEVELOPMENT_ONLY_SURFACE,M3T,0.2,2.0,0.25,0.6,0.05,66.5,1000000,UNSUPPORTED_WITHOUT_REPLAY,0.05,0.0,0.0,False
V3_CANDIDATE_DEVELOPMENT_ONLY_SURFACE,M3T,0.2,2.0,0.25,0.6,0.05,66.5,1000000,UNSUPPORTED_WITHOUT_REPLAY,0.1,0.0,0.0,False
V3_CANDIDATE_DEVELOPMENT_ONLY_SURFACE,M3T,0.2,2.0,0.25,0.6,0.05,66.5,1000000,UNSUPPORTED_WITHOUT_REPLAY,0.25,0.0,0.0,False
V3_CANDIDATE_DEVELOPMENT_ONLY_SURFACE,M3T,0.2,2.0,0.25,0.6,0.05,77.5,1000000,UNSUPPORTED_WITHOUT_REPLAY,0.0,0.0,0.0,False
V3_CANDIDATE_DEVELOPMENT_ONLY_SURFACE,M3T,0.2,2.0,0.25,0.6,0.05,77.5,1000000,UNSUPPORTED_WITHOUT_REPLAY,0.05,0.0,0.0,False
V3_CANDIDATE_DEVELOPMENT_ONLY_SURFACE,M3T,0.2,2.0,0.25,0.6,0.05,77.5,1000000,UNSUPPORTED_WITHOUT_REPLAY,0.1,0.0,0.0,False
V3_CANDIDATE_DEVELOPMENT_ONLY_SURFACE,M3T,0.2,2.0,0.25,0.6,0.05,77.5,1000000,UNSUPPORTED_WITHOUT_REPLAY,0.25,0.0,0.0,False
V3_CANDIDATE_DEVELOPMENT_ONLY_SURFACE,M3T,0.2,2.0,0.25,0.6,0.1,59.5,1000000,UNSUPPORTED_WITHOUT_REPLAY,0.0,0.0,0.0,False
V3_CANDIDATE_DEVELOPMENT_ONLY_SURFACE,M3T,0.2,2.0,0.25,0.6,0.1,59.5,1000000,UNSUPPORTED_WITHOUT_REPLAY,0.05,0.0,0.0,False
V3_CANDIDATE_DEVELOPMENT_ONLY_SURFACE,M3T,0.2,2.0,0.25,0.6,0.1,59.5,1000000,UNSUPPORTED_WITHOUT_REPLAY,0.1,0.0,0.0,False
V3_CANDIDATE_DEVELOPMENT_ONLY_SURFACE,M3T,0.2,2.0,0.25,0.6,0.1,59.5,1000000,UNSUPPORTED_WITHOUT_REPLAY,0.25,0.0,0.0,False
V3_CANDIDATE_DEVELOPMENT_ONLY_SURFACE,M3T,0.2,2.0,0.25,0.6,0.1,66.5,1000000,UNSUPPORTED_WITHOUT_REPLAY,0.0,0.0,0.0,False
V3_CANDIDATE_DEVELOPMENT_ONLY_SURFACE,M3T,0.2,2.0,0.25,0.6,0.1,66.5,1000000,UNSUPPORTED_WITHOUT_REPLAY,0.05,0.0,0.0,False
V3_CANDIDATE_DEVELOPMENT_ONLY_SURFACE,M3T,0.2,2.0,0.25,0.6,0.1,66.5,1000000,UNSUPPORTED_WITHOUT_REPLAY,0.1,0.0,0.0,False
V3_CANDIDATE_DEVELOPMENT_ONLY_SURFACE,M3T,0.2,2.0,0.25,0.6,0.1,66.5,1000000,UNSUPPORTED_WITHOUT_REPLAY,0.25,0.0,0.0,False
V3_CANDIDATE_DEVELOPMENT_ONLY_SURFACE,M3T,0.2,2.0,0.25,0.6,0.1,77.5,1000000,UNSUPPORTED_WITHOUT_REPLAY,0.0,0.0,0.0,False
V3_CANDIDATE_DEVELOPMENT_ONLY_SURFACE,M3T,0.2,2.0,0.25,0.6,0.1,77.5,1000000,UNSUPPORTED_WITHOUT_REPLAY,0.05,0.0,0.0,False
V3_CANDIDATE_DEVELOPMENT_ONLY_SURFACE,M3T,0.2,2.0,0.25,0.6,0.1,77.5,1000000,UNSUPPORTED_WITHOUT_REPLAY,0.1,0.0,0.0,False
V3_CANDIDATE_DEVELOPMENT_ONLY_SURFACE,M3T,0.2,2.0,0.25,0.6,0.1,77.5,1000000,UNSUPPORTED_WITHOUT_REPLAY,0.25,0.0,0.0,False
V3_CANDIDATE_DEVELOPMENT_ONLY_SURFACE,M3T,0.2,2.0,0.25,0.8,0.0,59.5,1000000,UNSUPPORTED_WITHOUT_REPLAY,0.0,0.0,0.0,False
V3_CANDIDATE_DEVELOPMENT_ONLY_SURFACE,M3T,0.2,2.0,0.25,0.8,0.0,59.5,1000000,UNSUPPORTED_WITHOUT_REPLAY,0.05,0.0,0.0,False
V3_CANDIDATE_DEVELOPMENT_ONLY_SURFACE,M3T,0.2,2.0,0.25,0.8,0.0,59.5,1000000,UNSUPPORTED_WITHOUT_REPLAY,0.1,0.0,0.0,False
V3_CANDIDATE_DEVELOPMENT_ONLY_SURFACE,M3T,0.2,2.0,0.25,0.8,0.0,59.5,1000000,UNSUPPORTED_WITHOUT_REPLAY,0.25,0.0,0.0,False
V3_CANDIDATE_DEVELOPMENT_ONLY_SURFACE,M3T,0.2,2.0,0.25,0.8,0.0,66.5,1000000,UNSUPPORTED_WITHOUT_REPLAY,0.0,0.0,0.0,False
V3_CANDIDATE_DEVELOPMENT_ONLY_SURFACE,M3T,0.2,2.0,0.25,0.8,0.0,66.5,1000000,UNSUPPORTED_WITHOUT_REPLAY,0.05,0.0,0.0,False
V3_CANDIDATE_DEVELOPMENT_ONLY_SURFACE,M3T,0.2,2.0,0.25,0.8,0.0,66.5,1000000,UNSUPPORTED_WITHOUT_REPLAY,0.1,0.0,0.0,False
V3_CANDIDATE_DEVELOPMENT_ONLY_SURFACE,M3T,0.2,2.0,0.25,0.8,0.0,66.5,1000000,UNSUPPORTED_WITHOUT_REPLAY,0.25,0.0,0.0,False
V3_CANDIDATE_DEVELOPMENT_ONLY_SURFACE,M3T,0.2,2.0,0.25,0.8,0.0,77.5,1000000,UNSUPPORTED_WITHOUT_REPLAY,0.0,0.0,0.0,False
V3_CANDIDATE_DEVELOPMENT_ONLY_SURFACE,M3T,0.2,2.0,0.25,0.8,0.0,77.5,1000000,UNSUPPORTED_WITHOUT_REPLAY,0.05,0.0,0.0,False
V3_CANDIDATE_DEVELOPMENT_ONLY_SURFACE,M3T,0.2,2.0,0.25,0.8,0.0,77.5,1000000,UNSUPPORTED_WITHOUT_REPLAY,0.1,0.0,0.0,False
V3_CANDIDATE_DEVELOPMENT_ONLY_SURFACE,M3T,0.2,2.0,0.25,0.8,0.0,77.5,1000000,UNSUPPORTED_WITHOUT_REPLAY,0.25,0.0,0.0,False
V3_CANDIDATE_DEVELOPMENT_ONLY_SURFACE,M3T,0.2,2.0,0.25,0.8,0.05,59.5,1000000,UNSUPPORTED_WITHOUT_REPLAY,0.0,0.0,0.0,False
V3_CANDIDATE_DEVELOPMENT_ONLY_SURFACE,M3T,0.2,2.0,0.25,0.8,0.05,59.5,1000000,UNSUPPORTED_WITHOUT_REPLAY,0.05,0.0,0.0,False
V3_CANDIDATE_DEVELOPMENT_ONLY_SURFACE,M3T,0.2,2.0,0.25,0.8,0.05,59.5,1000000,UNSUPPORTED_WITHOUT_REPLAY,0.1,0.0,0.0,False
V3_CANDIDATE_DEVELOPMENT_ONLY_SURFACE,M3T,0.2,2.0,0.25,0.8,0.05,59.5,1000000,UNSUPPORTED_WITHOUT_REPLAY,0.25,0.0,0.0,False
V3_CANDIDATE_DEVELOPMENT_ONLY_SURFACE,M3T,0.2,2.0,0.25,0.8,0.05,66.5,1000000,UNSUPPORTED_WITHOUT_REPLAY,0.0,0.0,0.0,False
V3_CANDIDATE_DEVELOPMENT_ONLY_SURFACE,M3T,0.2,2.0,0.25,0.8,0.05,66.5,1000000,UNSUPPORTED_WITHOUT_REPLAY,0.05,0.0,0.0,False
V3_CANDIDATE_DEVELOPMENT_ONLY_SURFACE,M3T,0.2,2.0,0.25,0.8,0.05,66.5,1000000,UNSUPPORTED_WITHOUT_REPLAY,0.1,0.0,0.0,False
V3_CANDIDATE_DEVELOPMENT_ONLY_SURFACE,M3T,0.2,2.0,0.25,0.8,0.05,66.5,1000000,UNSUPPORTED_WITHOUT_REPLAY,0.25,0.0,0.0,False
V3_CANDIDATE_DEVELOPMENT_ONLY_SURFACE,M3T,0.2,2.0,0.25,0.8,0.05,77.5,1000000,UNSUPPORTED_WITHOUT_REPLAY,0.0,0.0,0.0,False
V3_CANDIDATE_DEVELOPMENT_ONLY_SURFACE,M3T,0.2,2.0,0.25,0.8,0.05,77.5,1000000,UNSUPPORTED_WITHOUT_REPLAY,0.05,0.0,0.0,False
V3_CANDIDATE_DEVELOPMENT_ONLY_SURFACE,M3T,0.2,2.0,0.25,0.8,0.05,77.5,1000000,UNSUPPORTED_WITHOUT_REPLAY,0.1,0.0,0.0,False
V3_CANDIDATE_DEVELOPMENT_ONLY_SURFACE,M3T,0.2,2.0,0.25,0.8,0.05,77.5,1000000,UNSUPPORTED_WITHOUT_REPLAY,0.25,0.0,0.0,False
V3_CANDIDATE_DEVELOPMENT_ONLY_SURFACE,M3T,0.2,2.0,0.25,0.8,0.1,59.5,1000000,UNSUPPORTED_WITHOUT_REPLAY,0.0,0.0,0.0,False
V3_CANDIDATE_DEVELOPMENT_ONLY_SURFACE,M3T,0.2,2.0,0.25,0.8,0.1,59.5,1000000,UNSUPPORTED_WITHOUT_REPLAY,0.05,0.0,0.0,False
V3_CANDIDATE_DEVELOPMENT_ONLY_SURFACE,M3T,0.2,2.0,0.25,0.8,0.1,59.5,1000000,UNSUPPORTED_WITHOUT_REPLAY,0.1,0.0,0.0,False
V3_CANDIDATE_DEVELOPMENT_ONLY_SURFACE,M3T,0.2,2.0,0.25,0.8,0.1,59.5,1000000,UNSUPPORTED_WITHOUT_REPLAY,0.25,0.0,0.0,False
V3_CANDIDATE_DEVELOPMENT_ONLY_SURFACE,M3T,0.2,2.0,0.25,0.8,0.1,66.5,1000000,UNSUPPORTED_WITHOUT_REPLAY,0.0,0.0,0.0,False
V3_CANDIDATE_DEVELOPMENT_ONLY_SURFACE,M3T,0.2,2.0,0.25,0.8,0.1,66.5,1000000,UNSUPPORTED_WITHOUT_REPLAY,0.05,0.0,0.0,False
V3_CANDIDATE_DEVELOPMENT_ONLY_SURFACE,M3T,0.2,2.0,0.25,0.8,0.1,66.5,1000000,UNSUPPORTED_WITHOUT_REPLAY,0.1,0.0,0.0,False
V3_CANDIDATE_DEVELOPMENT_ONLY_SURFACE,M3T,0.2,2.0,0.25,0.8,0.1,66.5,1000000,UNSUPPORTED_WITHOUT_REPLAY,0.25,0.0,0.0,False
V3_CANDIDATE_DEVELOPMENT_ONLY_SURFACE,M3T,0.2,2.0,0.25,0.8,0.1,77.5,1000000,UNSUPPORTED_WITHOUT_REPLAY,0.0,0.0,0.0,False
V3_CANDIDATE_DEVELOPMENT_ONLY_SURFACE,M3T,0.2,2.0,0.25,0.8,0.1,77.5,1000000,UNSUPPORTED_WITHOUT_REPLAY,0.05,0.0,0.0,False
V3_CANDIDATE_DEVELOPMENT_ONLY_SURFACE,M3T,0.2,2.0,0.25,0.8,0.1,77.5,1000000,UNSUPPORTED_WITHOUT_REPLAY,0.1,0.0,0.0,False
V3_CANDIDATE_DEVELOPMENT_ONLY_SURFACE,M3T,0.2,2.0,0.25,0.8,0.1,77.5,1000000,UNSUPPORTED_WITHOUT_REPLAY,0.25,0.0,0.0,False
V3_CANDIDATE_DEVELOPMENT_ONLY_SURFACE,M3T,0.2,2.0,0.5,0.0,0.0,59.5,1000000,UNSUPPORTED_WITHOUT_REPLAY,0.0,0.0,0.0,False
V3_CANDIDATE_DEVELOPMENT_ONLY_SURFACE,M3T,0.2,2.0,0.5,0.0,0.0,59.5,1000000,UNSUPPORTED_WITHOUT_REPLAY,0.05,0.0,0.0,False
V3_CANDIDATE_DEVELOPMENT_ONLY_SURFACE,M3T,0.2,2.0,0.5,0.0,0.0,59.5,1000000,UNSUPPORTED_WITHOUT_REPLAY,0.1,0.0,0.0,False
V3_CANDIDATE_DEVELOPMENT_ONLY_SURFACE,M3T,0.2,2.0,0.5,0.0,0.0,59.5,1000000,UNSUPPORTED_WITHOUT_REPLAY,0.25,0.0,0.0,False
V3_CANDIDATE_DEVELOPMENT_ONLY_SURFACE,M3T,0.2,2.0,0.5,0.0,0.0,66.5,1000000,UNSUPPORTED_WITHOUT_REPLAY,0.0,0.0,0.0,False
V3_CANDIDATE_DEVELOPMENT_ONLY_SURFACE,M3T,0.2,2.0,0.5,0.0,0.0,66.5,1000000,UNSUPPORTED_WITHOUT_REPLAY,0.05,0.0,0.0,False
V3_CANDIDATE_DEVELOPMENT_ONLY_SURFACE,M3T,0.2,2.0,0.5,0.0,0.0,66.5,1000000,UNSUPPORTED_WITHOUT_REPLAY,0.1,0.0,0.0,False
V3_CANDIDATE_DEVELOPMENT_ONLY_SURFACE,M3T,0.2,2.0,0.5,0.0,0.0,66.5,1000000,UNSUPPORTED_WITHOUT_REPLAY,0.25,0.0,0.0,False
V3_CANDIDATE_DEVELOPMENT_ONLY_SURFACE,M3T,0.2,2.0,0.5,0.0,0.0,77.5,1000000,UNSUPPORTED_WITHOUT_REPLAY,0.0,0.0,0.0,False
V3_CANDIDATE_DEVELOPMENT_ONLY_SURFACE,M3T,0.2,2.0,0.5,0.0,0.0,77.5,1000000,UNSUPPORTED_WITHOUT_REPLAY,0.05,0.0,0.0,False
V3_CANDIDATE_DEVELOPMENT_ONLY_SURFACE,M3T,0.2,2.0,0.5,0.0,0.0,77.5,1000000,UNSUPPORTED_WITHOUT_REPLAY,0.1,0.0,0.0,False
V3_CANDIDATE_DEVELOPMENT_ONLY_SURFACE,M3T,0.2,2.0,0.5,0.0,0.0,77.5,1000000,UNSUPPORTED_WITHOUT_REPLAY,0.25,0.0,0.0,False
V3_CANDIDATE_DEVELOPMENT_ONLY_SURFACE,M3T,0.2,2.0,0.5,0.0,0.05,59.5,1000000,UNSUPPORTED_WITHOUT_REPLAY,0.0,0.0,0.0,False
V3_CANDIDATE_DEVELOPMENT_ONLY_SURFACE,M3T,0.2,2.0,0.5,0.0,0.05,59.5,1000000,UNSUPPORTED_WITHOUT_REPLAY,0.05,0.0,0.0,False
V3_CANDIDATE_DEVELOPMENT_ONLY_SURFACE,M3T,0.2,2.0,0.5,0.0,0.05,59.5,1000000,UNSUPPORTED_WITHOUT_REPLAY,0.1,0.0,0.0,False
V3_CANDIDATE_DEVELOPMENT_ONLY_SURFACE,M3T,0.2,2.0,0.5,0.0,0.05,59.5,1000000,UNSUPPORTED_WITHOUT_REPLAY,0.25,0.0,0.0,False
V3_CANDIDATE_DEVELOPMENT_ONLY_SURFACE,M3T,0.2,2.0,0.5,0.0,0.05,66.5,1000000,UNSUPPORTED_WITHOUT_REPLAY,0.0,0.0,0.0,False
V3_CANDIDATE_DEVELOPMENT_ONLY_SURFACE,M3T,0.2,2.0,0.5,0.0,0.05,66.5,1000000,UNSUPPORTED_WITHOUT_REPLAY,0.05,0.0,0.0,False
V3_CANDIDATE_DEVELOPMENT_ONLY_SURFACE,M3T,0.2,2.0,0.5,0.0,0.05,66.5,1000000,UNSUPPORTED_WITHOUT_REPLAY,0.1,0.0,0.0,False
V3_CANDIDATE_DEVELOPMENT_ONLY_SURFACE,M3T,0.2,2.0,0.5,0.0,0.05,66.5,1000000,UNSUPPORTED_WITHOUT_REPLAY,0.25,0.0,0.0,False
V3_CANDIDATE_DEVELOPMENT_ONLY_SURFACE,M3T,0.2,2.0,0.5,0.0,0.05,77.5,1000000,UNSUPPORTED_WITHOUT_REPLAY,0.0,0.0,0.0,False
V3_CANDIDATE_DEVELOPMENT_ONLY_SURFACE,M3T,0.2,2.0,0.5,0.0,0.05,77.5,1000000,UNSUPPORTED_WITHOUT_REPLAY,0.05,0.0,0.0,False
V3_CANDIDATE_DEVELOPMENT_ONLY_SURFACE,M3T,0.2,2.0,0.5,0.0,0.05,77.5,1000000,UNSUPPORTED_WITHOUT_REPLAY,0.1,0.0,0.0,False
V3_CANDIDATE_DEVELOPMENT_ONLY_SURFACE,M3T,0.2,2.0,0.5,0.0,0.05,77.5,1000000,UNSUPPORTED_WITHOUT_REPLAY,0.25,0.0,0.0,False
V3_CANDIDATE_DEVELOPMENT_ONLY_SURFACE,M3T,0.2,2.0,0.5,0.0,0.1,59.5,1000000,UNSUPPORTED_WITHOUT_REPLAY,0.0,0.0,0.0,False
V3_CANDIDATE_DEVELOPMENT_ONLY_SURFACE,M3T,0.2,2.0,0.5,0.0,0.1,59.5,1000000,UNSUPPORTED_WITHOUT_REPLAY,0.05,0.0,0.0,False
V3_CANDIDATE_DEVELOPMENT_ONLY_SURFACE,M3T,0.2,2.0,0.5,0.0,0.1,59.5,1000000,UNSUPPORTED_WITHOUT_REPLAY,0.1,0.0,0.0,False
V3_CANDIDATE_DEVELOPMENT_ONLY_SURFACE,M3T,0.2,2.0,0.5,0.0,0.1,59.5,1000000,UNSUPPORTED_WITHOUT_REPLAY,0.25,0.0,0.0,False
V3_CANDIDATE_DEVELOPMENT_ONLY_SURFACE,M3T,0.2,2.0,0.5,0.0,0.1,66.5,1000000,UNSUPPORTED_WITHOUT_REPLAY,0.0,0.0,0.0,False
V3_CANDIDATE_DEVELOPMENT_ONLY_SURFACE,M3T,0.2,2.0,0.5,0.0,0.1,66.5,1000000,UNSUPPORTED_WITHOUT_REPLAY,0.05,0.0,0.0,False
V3_CANDIDATE_DEVELOPMENT_ONLY_SURFACE,M3T,0.2,2.0,0.5,0.0,0.1,66.5,1000000,UNSUPPORTED_WITHOUT_REPLAY,0.1,0.0,0.0,False
V3_CANDIDATE_DEVELOPMENT_ONLY_SURFACE,M3T,0.2,2.0,0.5,0.0,0.1,66.5,1000000,UNSUPPORTED_WITHOUT_REPLAY,0.25,0.0,0.0,False
V3_CANDIDATE_DEVELOPMENT_ONLY_SURFACE,M3T,0.2,2.0,0.5,0.0,0.1,77.5,1000000,UNSUPPORTED_WITHOUT_REPLAY,0.0,0.0,0.0,False
V3_CANDIDATE_DEVELOPMENT_ONLY_SURFACE,M3T,0.2,2.0,0.5,0.0,0.1,77.5,1000000,UNSUPPORTED_WITHOUT_REPLAY,0.05,0.0,0.0,False
V3_CANDIDATE_DEVELOPMENT_ONLY_SURFACE,M3T,0.2,2.0,0.5,0.0,0.1,77.5,1000000,UNSUPPORTED_WITHOUT_REPLAY,0.1,0.0,0.0,False
V3_CANDIDATE_DEVELOPMENT_ONLY_SURFACE,M3T,0.2,2.0,0.5,0.0,0.1,77.5,1000000,UNSUPPORTED_WITHOUT_REPLAY,0.25,0.0,0.0,False
V3_CANDIDATE_DEVELOPMENT_ONLY_SURFACE,M3T,0.2,2.0,0.5,0.4,0.0,59.5,1000000,UNSUPPORTED_WITHOUT_REPLAY,0.0,0.0,0.0,False
V3_CANDIDATE_DEVELOPMENT_ONLY_SURFACE,M3T,0.2,2.0,0.5,0.4,0.0,59.5,1000000,UNSUPPORTED_WITHOUT_REPLAY,0.05,0.0,0.0,False
V3_CANDIDATE_DEVELOPMENT_ONLY_SURFACE,M3T,0.2,2.0,0.5,0.4,0.0,59.5,1000000,UNSUPPORTED_WITHOUT_REPLAY,0.1,0.0,0.0,False
V3_CANDIDATE_DEVELOPMENT_ONLY_SURFACE,M3T,0.2,2.0,0.5,0.4,0.0,59.5,1000000,UNSUPPORTED_WITHOUT_REPLAY,0.25,0.0,0.0,False
V3_CANDIDATE_DEVELOPMENT_ONLY_SURFACE,M3T,0.2,2.0,0.5,0.4,0.0,66.5,1000000,UNSUPPORTED_WITHOUT_REPLAY,0.0,0.0,0.0,False
V3_CANDIDATE_DEVELOPMENT_ONLY_SURFACE,M3T,0.2,2.0,0.5,0.4,0.0,66.5,1000000,UNSUPPORTED_WITHOUT_REPLAY,0.05,0.0,0.0,False
V3_CANDIDATE_DEVELOPMENT_ONLY_SURFACE,M3T,0.2,2.0,0.5,0.4,0.0,66.5,1000000,UNSUPPORTED_WITHOUT_REPLAY,0.1,0.0,0.0,False
V3_CANDIDATE_DEVELOPMENT_ONLY_SURFACE,M3T,0.2,2.0,0.5,0.4,0.0,66.5,1000000,UNSUPPORTED_WITHOUT_REPLAY,0.25,0.0,0.0,False
V3_CANDIDATE_DEVELOPMENT_ONLY_SURFACE,M3T,0.2,2.0,0.5,0.4,0.0,77.5,1000000,UNSUPPORTED_WITHOUT_REPLAY,0.0,0.0,0.0,False
V3_CANDIDATE_DEVELOPMENT_ONLY_SURFACE,M3T,0.2,2.0,0.5,0.4,0.0,77.5,1000000,UNSUPPORTED_WITHOUT_REPLAY,0.05,0.0,0.0,False
V3_CANDIDATE_DEVELOPMENT_ONLY_SURFACE,M3T,0.2,2.0,0.5,0.4,0.0,77.5,1000000,UNSUPPORTED_WITHOUT_REPLAY,0.1,0.0,0.0,False
V3_CANDIDATE_DEVELOPMENT_ONLY_SURFACE,M3T,0.2,2.0,0.5,0.4,0.0,77.5,1000000,UNSUPPORTED_WITHOUT_REPLAY,0.25,0.0,0.0,False
V3_CANDIDATE_DEVELOPMENT_ONLY_SURFACE,M3T,0.2,2.0,0.5,0.4,0.05,59.5,1000000,UNSUPPORTED_WITHOUT_REPLAY,0.0,0.0,0.0,False
V3_CANDIDATE_DEVELOPMENT_ONLY_SURFACE,M3T,0.2,2.0,0.5,0.4,0.05,59.5,1000000,UNSUPPORTED_WITHOUT_REPLAY,0.05,0.0,0.0,False
V3_CANDIDATE_DEVELOPMENT_ONLY_SURFACE,M3T,0.2,2.0,0.5,0.4,0.05,59.5,1000000,UNSUPPORTED_WITHOUT_REPLAY,0.1,0.0,0.0,False
V3_CANDIDATE_DEVELOPMENT_ONLY_SURFACE,M3T,0.2,2.0,0.5,0.4,0.05,59.5,1000000,UNSUPPORTED_WITHOUT_REPLAY,0.25,0.0,0.0,False
V3_CANDIDATE_DEVELOPMENT_ONLY_SURFACE,M3T,0.2,2.0,0.5,0.4,0.05,66.5,1000000,UNSUPPORTED_WITHOUT_REPLAY,0.0,0.0,0.0,False
V3_CANDIDATE_DEVELOPMENT_ONLY_SURFACE,M3T,0.2,2.0,0.5,0.4,0.05,66.5,1000000,UNSUPPORTED_WITHOUT_REPLAY,0.05,0.0,0.0,False
V3_CANDIDATE_DEVELOPMENT_ONLY_SURFACE,M3T,0.2,2.0,0.5,0.4,0.05,66.5,1000000,UNSUPPORTED_WITHOUT_REPLAY,0.1,0.0,0.0,False
V3_CANDIDATE_DEVELOPMENT_ONLY_SURFACE,M3T,0.2,2.0,0.5,0.4,0.05,66.5,1000000,UNSUPPORTED_WITHOUT_REPLAY,0.25,0.0,0.0,False
V3_CANDIDATE_DEVELOPMENT_ONLY_SURFACE,M3T,0.2,2.0,0.5,0.4,0.05,77.5,1000000,UNSUPPORTED_WITHOUT_REPLAY,0.0,0.0,0.0,False
V3_CANDIDATE_DEVELOPMENT_ONLY_SURFACE,M3T,0.2,2.0,0.5,0.4,0.05,77.5,1000000,UNSUPPORTED_WITHOUT_REPLAY,0.05,0.0,0.0,False
V3_CANDIDATE_DEVELOPMENT_ONLY_SURFACE,M3T,0.2,2.0,0.5,0.4,0.05,77.5,1000000,UNSUPPORTED_WITHOUT_REPLAY,0.1,0.0,0.0,False
V3_CANDIDATE_DEVELOPMENT_ONLY_SURFACE,M3T,0.2,2.0,0.5,0.4,0.05,77.5,1000000,UNSUPPORTED_WITHOUT_REPLAY,0.25,0.0,0.0,False
V3_CANDIDATE_DEVELOPMENT_ONLY_SURFACE,M3T,0.2,2.0,0.5,0.4,0.1,59.5,1000000,UNSUPPORTED_WITHOUT_REPLAY,0.0,0.0,0.0,False
V3_CANDIDATE_DEVELOPMENT_ONLY_SURFACE,M3T,0.2,2.0,0.5,0.4,0.1,59.5,1000000,UNSUPPORTED_WITHOUT_REPLAY,0.05,0.0,0.0,False
V3_CANDIDATE_DEVELOPMENT_ONLY_SURFACE,M3T,0.2,2.0,0.5,0.4,0.1,59.5,1000000,UNSUPPORTED_WITHOUT_REPLAY,0.1,0.0,0.0,False
V3_CANDIDATE_DEVELOPMENT_ONLY_SURFACE,M3T,0.2,2.0,0.5,0.4,0.1,59.5,1000000,UNSUPPORTED_WITHOUT_REPLAY,0.25,0.0,0.0,False
V3_CANDIDATE_DEVELOPMENT_ONLY_SURFACE,M3T,0.2,2.0,0.5,0.4,0.1,66.5,1000000,UNSUPPORTED_WITHOUT_REPLAY,0.0,0.0,0.0,False
V3_CANDIDATE_DEVELOPMENT_ONLY_SURFACE,M3T,0.2,2.0,0.5,0.4,0.1,66.5,1000000,UNSUPPORTED_WITHOUT_REPLAY,0.05,0.0,0.0,False
V3_CANDIDATE_DEVELOPMENT_ONLY_SURFACE,M3T,0.2,2.0,0.5,0.4,0.1,66.5,1000000,UNSUPPORTED_WITHOUT_REPLAY,0.1,0.0,0.0,False
V3_CANDIDATE_DEVELOPMENT_ONLY_SURFACE,M3T,0.2,2.0,0.5,0.4,0.1,66.5,1000000,UNSUPPORTED_WITHOUT_REPLAY,0.25,0.0,0.0,False
V3_CANDIDATE_DEVELOPMENT_ONLY_SURFACE,M3T,0.2,2.0,0.5,0.4,0.1,77.5,1000000,UNSUPPORTED_WITHOUT_REPLAY,0.0,0.0,0.0,False
V3_CANDIDATE_DEVELOPMENT_ONLY_SURFACE,M3T,0.2,2.0,0.5,0.4,0.1,77.5,1000000,UNSUPPORTED_WITHOUT_REPLAY,0.05,0.0,0.0,False
V3_CANDIDATE_DEVELOPMENT_ONLY_SURFACE,M3T,0.2,2.0,0.5,0.4,0.1,77.5,1000000,UNSUPPORTED_WITHOUT_REPLAY,0.1,0.0,0.0,False
V3_CANDIDATE_DEVELOPMENT_ONLY_SURFACE,M3T,0.2,2.0,0.5,0.4,0.1,77.5,1000000,UNSUPPORTED_WITHOUT_REPLAY,0.25,0.0,0.0,False
V3_CANDIDATE_DEVELOPMENT_ONLY_SURFACE,M3T,0.2,2.0,0.5,0.6,0.0,59.5,1000000,UNSUPPORTED_WITHOUT_REPLAY,0.0,0.0,0.0,False
V3_CANDIDATE_DEVELOPMENT_ONLY_SURFACE,M3T,0.2,2.0,0.5,0.6,0.0,59.5,1000000,UNSUPPORTED_WITHOUT_REPLAY,0.05,0.0,0.0,False
V3_CANDIDATE_DEVELOPMENT_ONLY_SURFACE,M3T,0.2,2.0,0.5,0.6,0.0,59.5,1000000,UNSUPPORTED_WITHOUT_REPLAY,0.1,0.0,0.0,False
V3_CANDIDATE_DEVELOPMENT_ONLY_SURFACE,M3T,0.2,2.0,0.5,0.6,0.0,59.5,1000000,UNSUPPORTED_WITHOUT_REPLAY,0.25,0.0,0.0,False
V3_CANDIDATE_DEVELOPMENT_ONLY_SURFACE,M3T,0.2,2.0,0.5,0.6,0.0,66.5,1000000,UNSUPPORTED_WITHOUT_REPLAY,0.0,0.0,0.0,False
V3_CANDIDATE_DEVELOPMENT_ONLY_SURFACE,M3T,0.2,2.0,0.5,0.6,0.0,66.5,1000000,UNSUPPORTED_WITHOUT_REPLAY,0.05,0.0,0.0,False
V3_CANDIDATE_DEVELOPMENT_ONLY_SURFACE,M3T,0.2,2.0,0.5,0.6,0.0,66.5,1000000,UNSUPPORTED_WITHOUT_REPLAY,0.1,0.0,0.0,False
V3_CANDIDATE_DEVELOPMENT_ONLY_SURFACE,M3T,0.2,2.0,0.5,0.6,0.0,66.5,1000000,UNSUPPORTED_WITHOUT_REPLAY,0.25,0.0,0.0,False
V3_CANDIDATE_DEVELOPMENT_ONLY_SURFACE,M3T,0.2,2.0,0.5,0.6,0.0,77.5,1000000,UNSUPPORTED_WITHOUT_REPLAY,0.0,0.0,0.0,False
V3_CANDIDATE_DEVELOPMENT_ONLY_SURFACE,M3T,0.2,2.0,0.5,0.6,0.0,77.5,1000000,UNSUPPORTED_WITHOUT_REPLAY,0.05,0.0,0.0,False
V3_CANDIDATE_DEVELOPMENT_ONLY_SURFACE,M3T,0.2,2.0,0.5,0.6,0.0,77.5,1000000,UNSUPPORTED_WITHOUT_REPLAY,0.1,0.0,0.0,False
V3_CANDIDATE_DEVELOPMENT_ONLY_SURFACE,M3T,0.2,2.0,0.5,0.6,0.0,77.5,1000000,UNSUPPORTED_WITHOUT_REPLAY,0.25,0.0,0.0,False
V3_CANDIDATE_DEVELOPMENT_ONLY_SURFACE,M3T,0.2,2.0,0.5,0.6,0.05,59.5,1000000,UNSUPPORTED_WITHOUT_REPLAY,0.0,0.0,0.0,False
V3_CANDIDATE_DEVELOPMENT_ONLY_SURFACE,M3T,0.2,2.0,0.5,0.6,0.05,59.5,1000000,UNSUPPORTED_WITHOUT_REPLAY,0.05,0.0,0.0,False
V3_CANDIDATE_DEVELOPMENT_ONLY_SURFACE,M3T,0.2,2.0,0.5,0.6,0.05,59.5,1000000,UNSUPPORTED_WITHOUT_REPLAY,0.1,0.0,0.0,False
V3_CANDIDATE_DEVELOPMENT_ONLY_SURFACE,M3T,0.2,2.0,0.5,0.6,0.05,59.5,1000000,UNSUPPORTED_WITHOUT_REPLAY,0.25,0.0,0.0,False
V3_CANDIDATE_DEVELOPMENT_ONLY_SURFACE,M3T,0.2,2.0,0.5,0.6,0.05,66.5,1000000,UNSUPPORTED_WITHOUT_REPLAY,0.0,0.0,0.0,False
V3_CANDIDATE_DEVELOPMENT_ONLY_SURFACE,M3T,0.2,2.0,0.5,0.6,0.05,66.5,1000000,UNSUPPORTED_WITHOUT_REPLAY,0.05,0.0,0.0,False
V3_CANDIDATE_DEVELOPMENT_ONLY_SURFACE,M3T,0.2,2.0,0.5,0.6,0.05,66.5,1000000,UNSUPPORTED_WITHOUT_REPLAY,0.1,0.0,0.0,False
V3_CANDIDATE_DEVELOPMENT_ONLY_SURFACE,M3T,0.2,2.0,0.5,0.6,0.05,66.5,1000000,UNSUPPORTED_WITHOUT_REPLAY,0.25,0.0,0.0,False
V3_CANDIDATE_DEVELOPMENT_ONLY_SURFACE,M3T,0.2,2.0,0.5,0.6,0.05,77.5,1000000,UNSUPPORTED_WITHOUT_REPLAY,0.0,0.0,0.0,False
V3_CANDIDATE_DEVELOPMENT_ONLY_SURFACE,M3T,0.2,2.0,0.5,0.6,0.05,77.5,1000000,UNSUPPORTED_WITHOUT_REPLAY,0.05,0.0,0.0,False
V3_CANDIDATE_DEVELOPMENT_ONLY_SURFACE,M3T,0.2,2.0,0.5,0.6,0.05,77.5,1000000,UNSUPPORTED_WITHOUT_REPLAY,0.1,0.0,0.0,False
V3_CANDIDATE_DEVELOPMENT_ONLY_SURFACE,M3T,0.2,2.0,0.5,0.6,0.05,77.5,1000000,UNSUPPORTED_WITHOUT_REPLAY,0.25,0.0,0.0,False
V3_CANDIDATE_DEVELOPMENT_ONLY_SURFACE,M3T,0.2,2.0,0.5,0.6,0.1,59.5,1000000,UNSUPPORTED_WITHOUT_REPLAY,0.0,0.0,0.0,False
V3_CANDIDATE_DEVELOPMENT_ONLY_SURFACE,M3T,0.2,2.0,0.5,0.6,0.1,59.5,1000000,UNSUPPORTED_WITHOUT_REPLAY,0.05,0.0,0.0,False
V3_CANDIDATE_DEVELOPMENT_ONLY_SURFACE,M3T,0.2,2.0,0.5,0.6,0.1,59.5,1000000,UNSUPPORTED_WITHOUT_REPLAY,0.1,0.0,0.0,False
V3_CANDIDATE_DEVELOPMENT_ONLY_SURFACE,M3T,0.2,2.0,0.5,0.6,0.1,59.5,1000000,UNSUPPORTED_WITHOUT_REPLAY,0.25,0.0,0.0,False
V3_CANDIDATE_DEVELOPMENT_ONLY_SURFACE,M3T,0.2,2.0,0.5,0.6,0.1,66.5,1000000,UNSUPPORTED_WITHOUT_REPLAY,0.0,0.0,0.0,False
V3_CANDIDATE_DEVELOPMENT_ONLY_SURFACE,M3T,0.2,2.0,0.5,0.6,0.1,66.5,1000000,UNSUPPORTED_WITHOUT_REPLAY,0.05,0.0,0.0,False
V3_CANDIDATE_DEVELOPMENT_ONLY_SURFACE,M3T,0.2,2.0,0.5,0.6,0.1,66.5,1000000,UNSUPPORTED_WITHOUT_REPLAY,0.1,0.0,0.0,False
V3_CANDIDATE_DEVELOPMENT_ONLY_SURFACE,M3T,0.2,2.0,0.5,0.6,0.1,66.5,1000000,UNSUPPORTED_WITHOUT_REPLAY,0.25,0.0,0.0,False
V3_CANDIDATE_DEVELOPMENT_ONLY_SURFACE,M3T,0.2,2.0,0.5,0.6,0.1,77.5,1000000,UNSUPPORTED_WITHOUT_REPLAY,0.0,0.0,0.0,False
V3_CANDIDATE_DEVELOPMENT_ONLY_SURFACE,M3T,0.2,2.0,0.5,0.6,0.1,77.5,1000000,UNSUPPORTED_WITHOUT_REPLAY,0.05,0.0,0.0,False
V3_CANDIDATE_DEVELOPMENT_ONLY_SURFACE,M3T,0.2,2.0,0.5,0.6,0.1,77.5,1000000,UNSUPPORTED_WITHOUT_REPLAY,0.1,0.0,0.0,False
V3_CANDIDATE_DEVELOPMENT_ONLY_SURFACE,M3T,0.2,2.0,0.5,0.6,0.1,77.5,1000000,UNSUPPORTED_WITHOUT_REPLAY,0.25,0.0,0.0,False
V3_CANDIDATE_DEVELOPMENT_ONLY_SURFACE,M3T,0.2,2.0,0.5,0.8,0.0,59.5,1000000,UNSUPPORTED_WITHOUT_REPLAY,0.0,0.0,0.0,False
V3_CANDIDATE_DEVELOPMENT_ONLY_SURFACE,M3T,0.2,2.0,0.5,0.8,0.0,59.5,1000000,UNSUPPORTED_WITHOUT_REPLAY,0.05,0.0,0.0,False
V3_CANDIDATE_DEVELOPMENT_ONLY_SURFACE,M3T,0.2,2.0,0.5,0.8,0.0,59.5,1000000,UNSUPPORTED_WITHOUT_REPLAY,0.1,0.0,0.0,False
V3_CANDIDATE_DEVELOPMENT_ONLY_SURFACE,M3T,0.2,2.0,0.5,0.8,0.0,59.5,1000000,UNSUPPORTED_WITHOUT_REPLAY,0.25,0.0,0.0,False
V3_CANDIDATE_DEVELOPMENT_ONLY_SURFACE,M3T,0.2,2.0,0.5,0.8,0.0,66.5,1000000,UNSUPPORTED_WITHOUT_REPLAY,0.0,0.0,0.0,False
V3_CANDIDATE_DEVELOPMENT_ONLY_SURFACE,M3T,0.2,2.0,0.5,0.8,0.0,66.5,1000000,UNSUPPORTED_WITHOUT_REPLAY,0.05,0.0,0.0,False
V3_CANDIDATE_DEVELOPMENT_ONLY_SURFACE,M3T,0.2,2.0,0.5,0.8,0.0,66.5,1000000,UNSUPPORTED_WITHOUT_REPLAY,0.1,0.0,0.0,False
V3_CANDIDATE_DEVELOPMENT_ONLY_SURFACE,M3T,0.2,2.0,0.5,0.8,0.0,66.5,1000000,UNSUPPORTED_WITHOUT_REPLAY,0.25,0.0,0.0,False
V3_CANDIDATE_DEVELOPMENT_ONLY_SURFACE,M3T,0.2,2.0,0.5,0.8,0.0,77.5,1000000,UNSUPPORTED_WITHOUT_REPLAY,0.0,0.0,0.0,False
V3_CANDIDATE_DEVELOPMENT_ONLY_SURFACE,M3T,0.2,2.0,0.5,0.8,0.0,77.5,1000000,UNSUPPORTED_WITHOUT_REPLAY,0.05,0.0,0.0,False
V3_CANDIDATE_DEVELOPMENT_ONLY_SURFACE,M3T,0.2,2.0,0.5,0.8,0.0,77.5,1000000,UNSUPPORTED_WITHOUT_REPLAY,0.1,0.0,0.0,False
V3_CANDIDATE_DEVELOPMENT_ONLY_SURFACE,M3T,0.2,2.0,0.5,0.8,0.0,77.5,1000000,UNSUPPORTED_WITHOUT_REPLAY,0.25,0.0,0.0,False
V3_CANDIDATE_DEVELOPMENT_ONLY_SURFACE,M3T,0.2,2.0,0.5,0.8,0.05,59.5,1000000,UNSUPPORTED_WITHOUT_REPLAY,0.0,0.0,0.0,False
V3_CANDIDATE_DEVELOPMENT_ONLY_SURFACE,M3T,0.2,2.0,0.5,0.8,0.05,59.5,1000000,UNSUPPORTED_WITHOUT_REPLAY,0.05,0.0,0.0,False
V3_CANDIDATE_DEVELOPMENT_ONLY_SURFACE,M3T,0.2,2.0,0.5,0.8,0.05,59.5,1000000,UNSUPPORTED_WITHOUT_REPLAY,0.1,0.0,0.0,False
V3_CANDIDATE_DEVELOPMENT_ONLY_SURFACE,M3T,0.2,2.0,0.5,0.8,0.05,59.5,1000000,UNSUPPORTED_WITHOUT_REPLAY,0.25,0.0,0.0,False
V3_CANDIDATE_DEVELOPMENT_ONLY_SURFACE,M3T,0.2,2.0,0.5,0.8,0.05,66.5,1000000,UNSUPPORTED_WITHOUT_REPLAY,0.0,0.0,0.0,False
V3_CANDIDATE_DEVELOPMENT_ONLY_SURFACE,M3T,0.2,2.0,0.5,0.8,0.05,66.5,1000000,UNSUPPORTED_WITHOUT_REPLAY,0.05,0.0,0.0,False
V3_CANDIDATE_DEVELOPMENT_ONLY_SURFACE,M3T,0.2,2.0,0.5,0.8,0.05,66.5,1000000,UNSUPPORTED_WITHOUT_REPLAY,0.1,0.0,0.0,False
V3_CANDIDATE_DEVELOPMENT_ONLY_SURFACE,M3T,0.2,2.0,0.5,0.8,0.05,66.5,1000000,UNSUPPORTED_WITHOUT_REPLAY,0.25,0.0,0.0,False
V3_CANDIDATE_DEVELOPMENT_ONLY_SURFACE,M3T,0.2,2.0,0.5,0.8,0.05,77.5,1000000,UNSUPPORTED_WITHOUT_REPLAY,0.0,0.0,0.0,False
V3_CANDIDATE_DEVELOPMENT_ONLY_SURFACE,M3T,0.2,2.0,0.5,0.8,0.05,77.5,1000000,UNSUPPORTED_WITHOUT_REPLAY,0.05,0.0,0.0,False
V3_CANDIDATE_DEVELOPMENT_ONLY_SURFACE,M3T,0.2,2.0,0.5,0.8,0.05,77.5,1000000,UNSUPPORTED_WITHOUT_REPLAY,0.1,0.0,0.0,False
V3_CANDIDATE_DEVELOPMENT_ONLY_SURFACE,M3T,0.2,2.0,0.5,0.8,0.05,77.5,1000000,UNSUPPORTED_WITHOUT_REPLAY,0.25,0.0,0.0,False
V3_CANDIDATE_DEVELOPMENT_ONLY_SURFACE,M3T,0.2,2.0,0.5,0.8,0.1,59.5,1000000,UNSUPPORTED_WITHOUT_REPLAY,0.0,0.0,0.0,False
V3_CANDIDATE_DEVELOPMENT_ONLY_SURFACE,M3T,0.2,2.0,0.5,0.8,0.1,59.5,1000000,UNSUPPORTED_WITHOUT_REPLAY,0.05,0.0,0.0,False
V3_CANDIDATE_DEVELOPMENT_ONLY_SURFACE,M3T,0.2,2.0,0.5,0.8,0.1,59.5,1000000,UNSUPPORTED_WITHOUT_REPLAY,0.1,0.0,0.0,False
V3_CANDIDATE_DEVELOPMENT_ONLY_SURFACE,M3T,0.2,2.0,0.5,0.8,0.1,59.5,1000000,UNSUPPORTED_WITHOUT_REPLAY,0.25,0.0,0.0,False
V3_CANDIDATE_DEVELOPMENT_ONLY_SURFACE,M3T,0.2,2.0,0.5,0.8,0.1,66.5,1000000,UNSUPPORTED_WITHOUT_REPLAY,0.0,0.0,0.0,False
V3_CANDIDATE_DEVELOPMENT_ONLY_SURFACE,M3T,0.2,2.0,0.5,0.8,0.1,66.5,1000000,UNSUPPORTED_WITHOUT_REPLAY,0.05,0.0,0.0,False
V3_CANDIDATE_DEVELOPMENT_ONLY_SURFACE,M3T,0.2,2.0,0.5,0.8,0.1,66.5,1000000,UNSUPPORTED_WITHOUT_REPLAY,0.1,0.0,0.0,False
V3_CANDIDATE_DEVELOPMENT_ONLY_SURFACE,M3T,0.2,2.0,0.5,0.8,0.1,66.5,1000000,UNSUPPORTED_WITHOUT_REPLAY,0.25,0.0,0.0,False
V3_CANDIDATE_DEVELOPMENT_ONLY_SURFACE,M3T,0.2,2.0,0.5,0.8,0.1,77.5,1000000,UNSUPPORTED_WITHOUT_REPLAY,0.0,0.0,0.0,False
V3_CANDIDATE_DEVELOPMENT_ONLY_SURFACE,M3T,0.2,2.0,0.5,0.8,0.1,77.5,1000000,UNSUPPORTED_WITHOUT_REPLAY,0.05,0.0,0.0,False
V3_CANDIDATE_DEVELOPMENT_ONLY_SURFACE,M3T,0.2,2.0,0.5,0.8,0.1,77.5,1000000,UNSUPPORTED_WITHOUT_REPLAY,0.1,0.0,0.0,False
V3_CANDIDATE_DEVELOPMENT_ONLY_SURFACE,M3T,0.2,2.0,0.5,0.8,0.1,77.5,1000000,UNSUPPORTED_WITHOUT_REPLAY,0.25,0.0,0.0,False
V3_CANDIDATE_DEVELOPMENT_ONLY_SURFACE,M3T,0.2,2.0,1.0,0.0,0.0,59.5,1000000,UNSUPPORTED_WITHOUT_REPLAY,0.0,0.0,0.0,False
V3_CANDIDATE_DEVELOPMENT_ONLY_SURFACE,M3T,0.2,2.0,1.0,0.0,0.0,59.5,1000000,UNSUPPORTED_WITHOUT_REPLAY,0.05,0.0,0.0,False
V3_CANDIDATE_DEVELOPMENT_ONLY_SURFACE,M3T,0.2,2.0,1.0,0.0,0.0,59.5,1000000,UNSUPPORTED_WITHOUT_REPLAY,0.1,0.0,0.0,False
V3_CANDIDATE_DEVELOPMENT_ONLY_SURFACE,M3T,0.2,2.0,1.0,0.0,0.0,59.5,1000000,UNSUPPORTED_WITHOUT_REPLAY,0.25,0.0,0.0,False
V3_CANDIDATE_DEVELOPMENT_ONLY_SURFACE,M3T,0.2,2.0,1.0,0.0,0.0,66.5,1000000,UNSUPPORTED_WITHOUT_REPLAY,0.0,0.0,0.0,False
V3_CANDIDATE_DEVELOPMENT_ONLY_SURFACE,M3T,0.2,2.0,1.0,0.0,0.0,66.5,1000000,UNSUPPORTED_WITHOUT_REPLAY,0.05,0.0,0.0,False
V3_CANDIDATE_DEVELOPMENT_ONLY_SURFACE,M3T,0.2,2.0,1.0,0.0,0.0,66.5,1000000,UNSUPPORTED_WITHOUT_REPLAY,0.1,0.0,0.0,False
V3_CANDIDATE_DEVELOPMENT_ONLY_SURFACE,M3T,0.2,2.0,1.0,0.0,0.0,66.5,1000000,UNSUPPORTED_WITHOUT_REPLAY,0.25,0.0,0.0,False
V3_CANDIDATE_DEVELOPMENT_ONLY_SURFACE,M3T,0.2,2.0,1.0,0.0,0.0,77.5,1000000,UNSUPPORTED_WITHOUT_REPLAY,0.0,0.0,0.0,False
V3_CANDIDATE_DEVELOPMENT_ONLY_SURFACE,M3T,0.2,2.0,1.0,0.0,0.0,77.5,1000000,UNSUPPORTED_WITHOUT_REPLAY,0.05,0.0,0.0,False
V3_CANDIDATE_DEVELOPMENT_ONLY_SURFACE,M3T,0.2,2.0,1.0,0.0,0.0,77.5,1000000,UNSUPPORTED_WITHOUT_REPLAY,0.1,0.0,0.0,False
V3_CANDIDATE_DEVELOPMENT_ONLY_SURFACE,M3T,0.2,2.0,1.0,0.0,0.0,77.5,1000000,UNSUPPORTED_WITHOUT_REPLAY,0.25,0.0,0.0,False
V3_CANDIDATE_DEVELOPMENT_ONLY_SURFACE,M3T,0.2,2.0,1.0,0.0,0.05,59.5,1000000,UNSUPPORTED_WITHOUT_REPLAY,0.0,0.0,0.0,False
V3_CANDIDATE_DEVELOPMENT_ONLY_SURFACE,M3T,0.2,2.0,1.0,0.0,0.05,59.5,1000000,UNSUPPORTED_WITHOUT_REPLAY,0.05,0.0,0.0,False
V3_CANDIDATE_DEVELOPMENT_ONLY_SURFACE,M3T,0.2,2.0,1.0,0.0,0.05,59.5,1000000,UNSUPPORTED_WITHOUT_REPLAY,0.1,0.0,0.0,False
V3_CANDIDATE_DEVELOPMENT_ONLY_SURFACE,M3T,0.2,2.0,1.0,0.0,0.05,59.5,1000000,UNSUPPORTED_WITHOUT_REPLAY,0.25,0.0,0.0,False
V3_CANDIDATE_DEVELOPMENT_ONLY_SURFACE,M3T,0.2,2.0,1.0,0.0,0.05,66.5,1000000,UNSUPPORTED_WITHOUT_REPLAY,0.0,0.0,0.0,False
V3_CANDIDATE_DEVELOPMENT_ONLY_SURFACE,M3T,0.2,2.0,1.0,0.0,0.05,66.5,1000000,UNSUPPORTED_WITHOUT_REPLAY,0.05,0.0,0.0,False
V3_CANDIDATE_DEVELOPMENT_ONLY_SURFACE,M3T,0.2,2.0,1.0,0.0,0.05,66.5,1000000,UNSUPPORTED_WITHOUT_REPLAY,0.1,0.0,0.0,False
V3_CANDIDATE_DEVELOPMENT_ONLY_SURFACE,M3T,0.2,2.0,1.0,0.0,0.05,66.5,1000000,UNSUPPORTED_WITHOUT_REPLAY,0.25,0.0,0.0,False
V3_CANDIDATE_DEVELOPMENT_ONLY_SURFACE,M3T,0.2,2.0,1.0,0.0,0.05,77.5,1000000,UNSUPPORTED_WITHOUT_REPLAY,0.0,0.0,0.0,False
V3_CANDIDATE_DEVELOPMENT_ONLY_SURFACE,M3T,0.2,2.0,1.0,0.0,0.05,77.5,1000000,UNSUPPORTED_WITHOUT_REPLAY,0.05,0.0,0.0,False
V3_CANDIDATE_DEVELOPMENT_ONLY_SURFACE,M3T,0.2,2.0,1.0,0.0,0.05,77.5,1000000,UNSUPPORTED_WITHOUT_REPLAY,0.1,0.0,0.0,False
V3_CANDIDATE_DEVELOPMENT_ONLY_SURFACE,M3T,0.2,2.0,1.0,0.0,0.05,77.5,1000000,UNSUPPORTED_WITHOUT_REPLAY,0.25,0.0,0.0,False
V3_CANDIDATE_DEVELOPMENT_ONLY_SURFACE,M3T,0.2,2.0,1.0,0.0,0.1,59.5,1000000,UNSUPPORTED_WITHOUT_REPLAY,0.0,0.0,0.0,False
V3_CANDIDATE_DEVELOPMENT_ONLY_SURFACE,M3T,0.2,2.0,1.0,0.0,0.1,59.5,1000000,UNSUPPORTED_WITHOUT_REPLAY,0.05,0.0,0.0,False
V3_CANDIDATE_DEVELOPMENT_ONLY_SURFACE,M3T,0.2,2.0,1.0,0.0,0.1,59.5,1000000,UNSUPPORTED_WITHOUT_REPLAY,0.1,0.0,0.0,False
V3_CANDIDATE_DEVELOPMENT_ONLY_SURFACE,M3T,0.2,2.0,1.0,0.0,0.1,59.5,1000000,UNSUPPORTED_WITHOUT_REPLAY,0.25,0.0,0.0,False
V3_CANDIDATE_DEVELOPMENT_ONLY_SURFACE,M3T,0.2,2.0,1.0,0.0,0.1,66.5,1000000,UNSUPPORTED_WITHOUT_REPLAY,0.0,0.0,0.0,False
V3_CANDIDATE_DEVELOPMENT_ONLY_SURFACE,M3T,0.2,2.0,1.0,0.0,0.1,66.5,1000000,UNSUPPORTED_WITHOUT_REPLAY,0.05,0.0,0.0,False
V3_CANDIDATE_DEVELOPMENT_ONLY_SURFACE,M3T,0.2,2.0,1.0,0.0,0.1,66.5,1000000,UNSUPPORTED_WITHOUT_REPLAY,0.1,0.0,0.0,False
V3_CANDIDATE_DEVELOPMENT_ONLY_SURFACE,M3T,0.2,2.0,1.0,0.0,0.1,66.5,1000000,UNSUPPORTED_WITHOUT_REPLAY,0.25,0.0,0.0,False
V3_CANDIDATE_DEVELOPMENT_ONLY_SURFACE,M3T,0.2,2.0,1.0,0.0,0.1,77.5,1000000,UNSUPPORTED_WITHOUT_REPLAY,0.0,0.0,0.0,False
V3_CANDIDATE_DEVELOPMENT_ONLY_SURFACE,M3T,0.2,2.0,1.0,0.0,0.1,77.5,1000000,UNSUPPORTED_WITHOUT_REPLAY,0.05,0.0,0.0,False
V3_CANDIDATE_DEVELOPMENT_ONLY_SURFACE,M3T,0.2,2.0,1.0,0.0,0.1,77.5,1000000,UNSUPPORTED_WITHOUT_REPLAY,0.1,0.0,0.0,False
V3_CANDIDATE_DEVELOPMENT_ONLY_SURFACE,M3T,0.2,2.0,1.0,0.0,0.1,77.5,1000000,UNSUPPORTED_WITHOUT_REPLAY,0.25,0.0,0.0,False
V3_CANDIDATE_DEVELOPMENT_ONLY_SURFACE,M3T,0.2,2.0,1.0,0.4,0.0,59.5,1000000,UNSUPPORTED_WITHOUT_REPLAY,0.0,0.0,0.0,False
V3_CANDIDATE_DEVELOPMENT_ONLY_SURFACE,M3T,0.2,2.0,1.0,0.4,0.0,59.5,1000000,UNSUPPORTED_WITHOUT_REPLAY,0.05,0.0,0.0,False
V3_CANDIDATE_DEVELOPMENT_ONLY_SURFACE,M3T,0.2,2.0,1.0,0.4,0.0,59.5,1000000,UNSUPPORTED_WITHOUT_REPLAY,0.1,0.0,0.0,False
V3_CANDIDATE_DEVELOPMENT_ONLY_SURFACE,M3T,0.2,2.0,1.0,0.4,0.0,59.5,1000000,UNSUPPORTED_WITHOUT_REPLAY,0.25,0.0,0.0,False
V3_CANDIDATE_DEVELOPMENT_ONLY_SURFACE,M3T,0.2,2.0,1.0,0.4,0.0,66.5,1000000,UNSUPPORTED_WITHOUT_REPLAY,0.0,0.0,0.0,False
V3_CANDIDATE_DEVELOPMENT_ONLY_SURFACE,M3T,0.2,2.0,1.0,0.4,0.0,66.5,1000000,UNSUPPORTED_WITHOUT_REPLAY,0.05,0.0,0.0,False
V3_CANDIDATE_DEVELOPMENT_ONLY_SURFACE,M3T,0.2,2.0,1.0,0.4,0.0,66.5,1000000,UNSUPPORTED_WITHOUT_REPLAY,0.1,0.0,0.0,False
V3_CANDIDATE_DEVELOPMENT_ONLY_SURFACE,M3T,0.2,2.0,1.0,0.4,0.0,66.5,1000000,UNSUPPORTED_WITHOUT_REPLAY,0.25,0.0,0.0,False
V3_CANDIDATE_DEVELOPMENT_ONLY_SURFACE,M3T,0.2,2.0,1.0,0.4,0.0,77.5,1000000,UNSUPPORTED_WITHOUT_REPLAY,0.0,0.0,0.0,False
V3_CANDIDATE_DEVELOPMENT_ONLY_SURFACE,M3T,0.2,2.0,1.0,0.4,0.0,77.5,1000000,UNSUPPORTED_WITHOUT_REPLAY,0.05,0.0,0.0,False
V3_CANDIDATE_DEVELOPMENT_ONLY_SURFACE,M3T,0.2,2.0,1.0,0.4,0.0,77.5,1000000,UNSUPPORTED_WITHOUT_REPLAY,0.1,0.0,0.0,False
V3_CANDIDATE_DEVELOPMENT_ONLY_SURFACE,M3T,0.2,2.0,1.0,0.4,0.0,77.5,1000000,UNSUPPORTED_WITHOUT_REPLAY,0.25,0.0,0.0,False
V3_CANDIDATE_DEVELOPMENT_ONLY_SURFACE,M3T,0.2,2.0,1.0,0.4,0.05,59.5,1000000,UNSUPPORTED_WITHOUT_REPLAY,0.0,0.0,0.0,False
V3_CANDIDATE_DEVELOPMENT_ONLY_SURFACE,M3T,0.2,2.0,1.0,0.4,0.05,59.5,1000000,UNSUPPORTED_WITHOUT_REPLAY,0.05,0.0,0.0,False
V3_CANDIDATE_DEVELOPMENT_ONLY_SURFACE,M3T,0.2,2.0,1.0,0.4,0.05,59.5,1000000,UNSUPPORTED_WITHOUT_REPLAY,0.1,0.0,0.0,False
V3_CANDIDATE_DEVELOPMENT_ONLY_SURFACE,M3T,0.2,2.0,1.0,0.4,0.05,59.5,1000000,UNSUPPORTED_WITHOUT_REPLAY,0.25,0.0,0.0,False
V3_CANDIDATE_DEVELOPMENT_ONLY_SURFACE,M3T,0.2,2.0,1.0,0.4,0.05,66.5,1000000,UNSUPPORTED_WITHOUT_REPLAY,0.0,0.0,0.0,False
V3_CANDIDATE_DEVELOPMENT_ONLY_SURFACE,M3T,0.2,2.0,1.0,0.4,0.05,66.5,1000000,UNSUPPORTED_WITHOUT_REPLAY,0.05,0.0,0.0,False
V3_CANDIDATE_DEVELOPMENT_ONLY_SURFACE,M3T,0.2,2.0,1.0,0.4,0.05,66.5,1000000,UNSUPPORTED_WITHOUT_REPLAY,0.1,0.0,0.0,False
V3_CANDIDATE_DEVELOPMENT_ONLY_SURFACE,M3T,0.2,2.0,1.0,0.4,0.05,66.5,1000000,UNSUPPORTED_WITHOUT_REPLAY,0.25,0.0,0.0,False
V3_CANDIDATE_DEVELOPMENT_ONLY_SURFACE,M3T,0.2,2.0,1.0,0.4,0.05,77.5,1000000,UNSUPPORTED_WITHOUT_REPLAY,0.0,0.0,0.0,False
V3_CANDIDATE_DEVELOPMENT_ONLY_SURFACE,M3T,0.2,2.0,1.0,0.4,0.05,77.5,1000000,UNSUPPORTED_WITHOUT_REPLAY,0.05,0.0,0.0,False
V3_CANDIDATE_DEVELOPMENT_ONLY_SURFACE,M3T,0.2,2.0,1.0,0.4,0.05,77.5,1000000,UNSUPPORTED_WITHOUT_REPLAY,0.1,0.0,0.0,False
V3_CANDIDATE_DEVELOPMENT_ONLY_SURFACE,M3T,0.2,2.0,1.0,0.4,0.05,77.5,1000000,UNSUPPORTED_WITHOUT_REPLAY,0.25,0.0,0.0,False
V3_CANDIDATE_DEVELOPMENT_ONLY_SURFACE,M3T,0.2,2.0,1.0,0.4,0.1,59.5,1000000,UNSUPPORTED_WITHOUT_REPLAY,0.0,0.0,0.0,False
V3_CANDIDATE_DEVELOPMENT_ONLY_SURFACE,M3T,0.2,2.0,1.0,0.4,0.1,59.5,1000000,UNSUPPORTED_WITHOUT_REPLAY,0.05,0.0,0.0,False
V3_CANDIDATE_DEVELOPMENT_ONLY_SURFACE,M3T,0.2,2.0,1.0,0.4,0.1,59.5,1000000,UNSUPPORTED_WITHOUT_REPLAY,0.1,0.0,0.0,False
V3_CANDIDATE_DEVELOPMENT_ONLY_SURFACE,M3T,0.2,2.0,1.0,0.4,0.1,59.5,1000000,UNSUPPORTED_WITHOUT_REPLAY,0.25,0.0,0.0,False
V3_CANDIDATE_DEVELOPMENT_ONLY_SURFACE,M3T,0.2,2.0,1.0,0.4,0.1,66.5,1000000,UNSUPPORTED_WITHOUT_REPLAY,0.0,0.0,0.0,False
V3_CANDIDATE_DEVELOPMENT_ONLY_SURFACE,M3T,0.2,2.0,1.0,0.4,0.1,66.5,1000000,UNSUPPORTED_WITHOUT_REPLAY,0.05,0.0,0.0,False
V3_CANDIDATE_DEVELOPMENT_ONLY_SURFACE,M3T,0.2,2.0,1.0,0.4,0.1,66.5,1000000,UNSUPPORTED_WITHOUT_REPLAY,0.1,0.0,0.0,False
V3_CANDIDATE_DEVELOPMENT_ONLY_SURFACE,M3T,0.2,2.0,1.0,0.4,0.1,66.5,1000000,UNSUPPORTED_WITHOUT_REPLAY,0.25,0.0,0.0,False
V3_CANDIDATE_DEVELOPMENT_ONLY_SURFACE,M3T,0.2,2.0,1.0,0.4,0.1,77.5,1000000,UNSUPPORTED_WITHOUT_REPLAY,0.0,0.0,0.0,False
V3_CANDIDATE_DEVELOPMENT_ONLY_SURFACE,M3T,0.2,2.0,1.0,0.4,0.1,77.5,1000000,UNSUPPORTED_WITHOUT_REPLAY,0.05,0.0,0.0,False
V3_CANDIDATE_DEVELOPMENT_ONLY_SURFACE,M3T,0.2,2.0,1.0,0.4,0.1,77.5,1000000,UNSUPPORTED_WITHOUT_REPLAY,0.1,0.0,0.0,False
V3_CANDIDATE_DEVELOPMENT_ONLY_SURFACE,M3T,0.2,2.0,1.0,0.4,0.1,77.5,1000000,UNSUPPORTED_WITHOUT_REPLAY,0.25,0.0,0.0,False
V3_CANDIDATE_DEVELOPMENT_ONLY_SURFACE,M3T,0.2,2.0,1.0,0.6,0.0,59.5,1000000,UNSUPPORTED_WITHOUT_REPLAY,0.0,0.0,0.0,False
V3_CANDIDATE_DEVELOPMENT_ONLY_SURFACE,M3T,0.2,2.0,1.0,0.6,0.0,59.5,1000000,UNSUPPORTED_WITHOUT_REPLAY,0.05,0.0,0.0,False
V3_CANDIDATE_DEVELOPMENT_ONLY_SURFACE,M3T,0.2,2.0,1.0,0.6,0.0,59.5,1000000,UNSUPPORTED_WITHOUT_REPLAY,0.1,0.0,0.0,False
V3_CANDIDATE_DEVELOPMENT_ONLY_SURFACE,M3T,0.2,2.0,1.0,0.6,0.0,59.5,1000000,UNSUPPORTED_WITHOUT_REPLAY,0.25,0.0,0.0,False
V3_CANDIDATE_DEVELOPMENT_ONLY_SURFACE,M3T,0.2,2.0,1.0,0.6,0.0,66.5,1000000,UNSUPPORTED_WITHOUT_REPLAY,0.0,0.0,0.0,False
V3_CANDIDATE_DEVELOPMENT_ONLY_SURFACE,M3T,0.2,2.0,1.0,0.6,0.0,66.5,1000000,UNSUPPORTED_WITHOUT_REPLAY,0.05,0.0,0.0,False
V3_CANDIDATE_DEVELOPMENT_ONLY_SURFACE,M3T,0.2,2.0,1.0,0.6,0.0,66.5,1000000,UNSUPPORTED_WITHOUT_REPLAY,0.1,0.0,0.0,False
V3_CANDIDATE_DEVELOPMENT_ONLY_SURFACE,M3T,0.2,2.0,1.0,0.6,0.0,66.5,1000000,UNSUPPORTED_WITHOUT_REPLAY,0.25,0.0,0.0,False
V3_CANDIDATE_DEVELOPMENT_ONLY_SURFACE,M3T,0.2,2.0,1.0,0.6,0.0,77.5,1000000,UNSUPPORTED_WITHOUT_REPLAY,0.0,0.0,0.0,False
V3_CANDIDATE_DEVELOPMENT_ONLY_SURFACE,M3T,0.2,2.0,1.0,0.6,0.0,77.5,1000000,UNSUPPORTED_WITHOUT_REPLAY,0.05,0.0,0.0,False
V3_CANDIDATE_DEVELOPMENT_ONLY_SURFACE,M3T,0.2,2.0,1.0,0.6,0.0,77.5,1000000,UNSUPPORTED_WITHOUT_REPLAY,0.1,0.0,0.0,False
V3_CANDIDATE_DEVELOPMENT_ONLY_SURFACE,M3T,0.2,2.0,1.0,0.6,0.0,77.5,1000000,UNSUPPORTED_WITHOUT_REPLAY,0.25,0.0,0.0,False
V3_CANDIDATE_DEVELOPMENT_ONLY_SURFACE,M3T,0.2,2.0,1.0,0.6,0.05,59.5,1000000,UNSUPPORTED_WITHOUT_REPLAY,0.0,0.0,0.0,False
V3_CANDIDATE_DEVELOPMENT_ONLY_SURFACE,M3T,0.2,2.0,1.0,0.6,0.05,59.5,1000000,UNSUPPORTED_WITHOUT_REPLAY,0.05,0.0,0.0,False
V3_CANDIDATE_DEVELOPMENT_ONLY_SURFACE,M3T,0.2,2.0,1.0,0.6,0.05,59.5,1000000,UNSUPPORTED_WITHOUT_REPLAY,0.1,0.0,0.0,False
V3_CANDIDATE_DEVELOPMENT_ONLY_SURFACE,M3T,0.2,2.0,1.0,0.6,0.05,59.5,1000000,UNSUPPORTED_WITHOUT_REPLAY,0.25,0.0,0.0,False
V3_CANDIDATE_DEVELOPMENT_ONLY_SURFACE,M3T,0.2,2.0,1.0,0.6,0.05,66.5,1000000,UNSUPPORTED_WITHOUT_REPLAY,0.0,0.0,0.0,False
V3_CANDIDATE_DEVELOPMENT_ONLY_SURFACE,M3T,0.2,2.0,1.0,0.6,0.05,66.5,1000000,UNSUPPORTED_WITHOUT_REPLAY,0.05,0.0,0.0,False
V3_CANDIDATE_DEVELOPMENT_ONLY_SURFACE,M3T,0.2,2.0,1.0,0.6,0.05,66.5,1000000,UNSUPPORTED_WITHOUT_REPLAY,0.1,0.0,0.0,False
V3_CANDIDATE_DEVELOPMENT_ONLY_SURFACE,M3T,0.2,2.0,1.0,0.6,0.05,66.5,1000000,UNSUPPORTED_WITHOUT_REPLAY,0.25,0.0,0.0,False
V3_CANDIDATE_DEVELOPMENT_ONLY_SURFACE,M3T,0.2,2.0,1.0,0.6,0.05,77.5,1000000,UNSUPPORTED_WITHOUT_REPLAY,0.0,0.0,0.0,False
V3_CANDIDATE_DEVELOPMENT_ONLY_SURFACE,M3T,0.2,2.0,1.0,0.6,0.05,77.5,1000000,UNSUPPORTED_WITHOUT_REPLAY,0.05,0.0,0.0,False
V3_CANDIDATE_DEVELOPMENT_ONLY_SURFACE,M3T,0.2,2.0,1.0,0.6,0.05,77.5,1000000,UNSUPPORTED_WITHOUT_REPLAY,0.1,0.0,0.0,False
V3_CANDIDATE_DEVELOPMENT_ONLY_SURFACE,M3T,0.2,2.0,1.0,0.6,0.05,77.5,1000000,UNSUPPORTED_WITHOUT_REPLAY,0.25,0.0,0.0,False
V3_CANDIDATE_DEVELOPMENT_ONLY_SURFACE,M3T,0.2,2.0,1.0,0.6,0.1,59.5,1000000,UNSUPPORTED_WITHOUT_REPLAY,0.0,0.0,0.0,False
V3_CANDIDATE_DEVELOPMENT_ONLY_SURFACE,M3T,0.2,2.0,1.0,0.6,0.1,59.5,1000000,UNSUPPORTED_WITHOUT_REPLAY,0.05,0.0,0.0,False
V3_CANDIDATE_DEVELOPMENT_ONLY_SURFACE,M3T,0.2,2.0,1.0,0.6,0.1,59.5,1000000,UNSUPPORTED_WITHOUT_REPLAY,0.1,0.0,0.0,False
V3_CANDIDATE_DEVELOPMENT_ONLY_SURFACE,M3T,0.2,2.0,1.0,0.6,0.1,59.5,1000000,UNSUPPORTED_WITHOUT_REPLAY,0.25,0.0,0.0,False
V3_CANDIDATE_DEVELOPMENT_ONLY_SURFACE,M3T,0.2,2.0,1.0,0.6,0.1,66.5,1000000,UNSUPPORTED_WITHOUT_REPLAY,0.0,0.0,0.0,False
V3_CANDIDATE_DEVELOPMENT_ONLY_SURFACE,M3T,0.2,2.0,1.0,0.6,0.1,66.5,1000000,UNSUPPORTED_WITHOUT_REPLAY,0.05,0.0,0.0,False
V3_CANDIDATE_DEVELOPMENT_ONLY_SURFACE,M3T,0.2,2.0,1.0,0.6,0.1,66.5,1000000,UNSUPPORTED_WITHOUT_REPLAY,0.1,0.0,0.0,False
V3_CANDIDATE_DEVELOPMENT_ONLY_SURFACE,M3T,0.2,2.0,1.0,0.6,0.1,66.5,1000000,UNSUPPORTED_WITHOUT_REPLAY,0.25,0.0,0.0,False
V3_CANDIDATE_DEVELOPMENT_ONLY_SURFACE,M3T,0.2,2.0,1.0,0.6,0.1,77.5,1000000,UNSUPPORTED_WITHOUT_REPLAY,0.0,0.0,0.0,False
V3_CANDIDATE_DEVELOPMENT_ONLY_SURFACE,M3T,0.2,2.0,1.0,0.6,0.1,77.5,1000000,UNSUPPORTED_WITHOUT_REPLAY,0.05,0.0,0.0,False
V3_CANDIDATE_DEVELOPMENT_ONLY_SURFACE,M3T,0.2,2.0,1.0,0.6,0.1,77.5,1000000,UNSUPPORTED_WITHOUT_REPLAY,0.1,0.0,0.0,False
V3_CANDIDATE_DEVELOPMENT_ONLY_SURFACE,M3T,0.2,2.0,1.0,0.6,0.1,77.5,1000000,UNSUPPORTED_WITHOUT_REPLAY,0.25,0.0,0.0,False
V3_CANDIDATE_DEVELOPMENT_ONLY_SURFACE,M3T,0.2,2.0,1.0,0.8,0.0,59.5,1000000,UNSUPPORTED_WITHOUT_REPLAY,0.0,0.0,0.0,False
V3_CANDIDATE_DEVELOPMENT_ONLY_SURFACE,M3T,0.2,2.0,1.0,0.8,0.0,59.5,1000000,UNSUPPORTED_WITHOUT_REPLAY,0.05,0.0,0.0,False
V3_CANDIDATE_DEVELOPMENT_ONLY_SURFACE,M3T,0.2,2.0,1.0,0.8,0.0,59.5,1000000,UNSUPPORTED_WITHOUT_REPLAY,0.1,0.0,0.0,False
V3_CANDIDATE_DEVELOPMENT_ONLY_SURFACE,M3T,0.2,2.0,1.0,0.8,0.0,59.5,1000000,UNSUPPORTED_WITHOUT_REPLAY,0.25,0.0,0.0,False
V3_CANDIDATE_DEVELOPMENT_ONLY_SURFACE,M3T,0.2,2.0,1.0,0.8,0.0,66.5,1000000,UNSUPPORTED_WITHOUT_REPLAY,0.0,0.0,0.0,False
V3_CANDIDATE_DEVELOPMENT_ONLY_SURFACE,M3T,0.2,2.0,1.0,0.8,0.0,66.5,1000000,UNSUPPORTED_WITHOUT_REPLAY,0.05,0.0,0.0,False
V3_CANDIDATE_DEVELOPMENT_ONLY_SURFACE,M3T,0.2,2.0,1.0,0.8,0.0,66.5,1000000,UNSUPPORTED_WITHOUT_REPLAY,0.1,0.0,0.0,False
V3_CANDIDATE_DEVELOPMENT_ONLY_SURFACE,M3T,0.2,2.0,1.0,0.8,0.0,66.5,1000000,UNSUPPORTED_WITHOUT_REPLAY,0.25,0.0,0.0,False
V3_CANDIDATE_DEVELOPMENT_ONLY_SURFACE,M3T,0.2,2.0,1.0,0.8,0.0,77.5,1000000,UNSUPPORTED_WITHOUT_REPLAY,0.0,0.0,0.0,False
V3_CANDIDATE_DEVELOPMENT_ONLY_SURFACE,M3T,0.2,2.0,1.0,0.8,0.0,77.5,1000000,UNSUPPORTED_WITHOUT_REPLAY,0.05,0.0,0.0,False
V3_CANDIDATE_DEVELOPMENT_ONLY_SURFACE,M3T,0.2,2.0,1.0,0.8,0.0,77.5,1000000,UNSUPPORTED_WITHOUT_REPLAY,0.1,0.0,0.0,False
V3_CANDIDATE_DEVELOPMENT_ONLY_SURFACE,M3T,0.2,2.0,1.0,0.8,0.0,77.5,1000000,UNSUPPORTED_WITHOUT_REPLAY,0.25,0.0,0.0,False
V3_CANDIDATE_DEVELOPMENT_ONLY_SURFACE,M3T,0.2,2.0,1.0,0.8,0.05,59.5,1000000,UNSUPPORTED_WITHOUT_REPLAY,0.0,0.0,0.0,False
V3_CANDIDATE_DEVELOPMENT_ONLY_SURFACE,M3T,0.2,2.0,1.0,0.8,0.05,59.5,1000000,UNSUPPORTED_WITHOUT_REPLAY,0.05,0.0,0.0,False
V3_CANDIDATE_DEVELOPMENT_ONLY_SURFACE,M3T,0.2,2.0,1.0,0.8,0.05,59.5,1000000,UNSUPPORTED_WITHOUT_REPLAY,0.1,0.0,0.0,False
V3_CANDIDATE_DEVELOPMENT_ONLY_SURFACE,M3T,0.2,2.0,1.0,0.8,0.05,59.5,1000000,UNSUPPORTED_WITHOUT_REPLAY,0.25,0.0,0.0,False
V3_CANDIDATE_DEVELOPMENT_ONLY_SURFACE,M3T,0.2,2.0,1.0,0.8,0.05,66.5,1000000,UNSUPPORTED_WITHOUT_REPLAY,0.0,0.0,0.0,False
V3_CANDIDATE_DEVELOPMENT_ONLY_SURFACE,M3T,0.2,2.0,1.0,0.8,0.05,66.5,1000000,UNSUPPORTED_WITHOUT_REPLAY,0.05,0.0,0.0,False
V3_CANDIDATE_DEVELOPMENT_ONLY_SURFACE,M3T,0.2,2.0,1.0,0.8,0.05,66.5,1000000,UNSUPPORTED_WITHOUT_REPLAY,0.1,0.0,0.0,False
V3_CANDIDATE_DEVELOPMENT_ONLY_SURFACE,M3T,0.2,2.0,1.0,0.8,0.05,66.5,1000000,UNSUPPORTED_WITHOUT_REPLAY,0.25,0.0,0.0,False
V3_CANDIDATE_DEVELOPMENT_ONLY_SURFACE,M3T,0.2,2.0,1.0,0.8,0.05,77.5,1000000,UNSUPPORTED_WITHOUT_REPLAY,0.0,0.0,0.0,False
V3_CANDIDATE_DEVELOPMENT_ONLY_SURFACE,M3T,0.2,2.0,1.0,0.8,0.05,77.5,1000000,UNSUPPORTED_WITHOUT_REPLAY,0.05,0.0,0.0,False
V3_CANDIDATE_DEVELOPMENT_ONLY_SURFACE,M3T,0.2,2.0,1.0,0.8,0.05,77.5,1000000,UNSUPPORTED_WITHOUT_REPLAY,0.1,0.0,0.0,False
V3_CANDIDATE_DEVELOPMENT_ONLY_SURFACE,M3T,0.2,2.0,1.0,0.8,0.05,77.5,1000000,UNSUPPORTED_WITHOUT_REPLAY,0.25,0.0,0.0,False
V3_CANDIDATE_DEVELOPMENT_ONLY_SURFACE,M3T,0.2,2.0,1.0,0.8,0.1,59.5,1000000,UNSUPPORTED_WITHOUT_REPLAY,0.0,0.0,0.0,False
V3_CANDIDATE_DEVELOPMENT_ONLY_SURFACE,M3T,0.2,2.0,1.0,0.8,0.1,59.5,1000000,UNSUPPORTED_WITHOUT_REPLAY,0.05,0.0,0.0,False
V3_CANDIDATE_DEVELOPMENT_ONLY_SURFACE,M3T,0.2,2.0,1.0,0.8,0.1,59.5,1000000,UNSUPPORTED_WITHOUT_REPLAY,0.1,0.0,0.0,False
V3_CANDIDATE_DEVELOPMENT_ONLY_SURFACE,M3T,0.2,2.0,1.0,0.8,0.1,59.5,1000000,UNSUPPORTED_WITHOUT_REPLAY,0.25,0.0,0.0,False
V3_CANDIDATE_DEVELOPMENT_ONLY_SURFACE,M3T,0.2,2.0,1.0,0.8,0.1,66.5,1000000,UNSUPPORTED_WITHOUT_REPLAY,0.0,0.0,0.0,False
V3_CANDIDATE_DEVELOPMENT_ONLY_SURFACE,M3T,0.2,2.0,1.0,0.8,0.1,66.5,1000000,UNSUPPORTED_WITHOUT_REPLAY,0.05,0.0,0.0,False
V3_CANDIDATE_DEVELOPMENT_ONLY_SURFACE,M3T,0.2,2.0,1.0,0.8,0.1,66.5,1000000,UNSUPPORTED_WITHOUT_REPLAY,0.1,0.0,0.0,False
V3_CANDIDATE_DEVELOPMENT_ONLY_SURFACE,M3T,0.2,2.0,1.0,0.8,0.1,66.5,1000000,UNSUPPORTED_WITHOUT_REPLAY,0.25,0.0,0.0,False
V3_CANDIDATE_DEVELOPMENT_ONLY_SURFACE,M3T,0.2,2.0,1.0,0.8,0.1,77.5,1000000,UNSUPPORTED_WITHOUT_REPLAY,0.0,0.0,0.0,False
V3_CANDIDATE_DEVELOPMENT_ONLY_SURFACE,M3T,0.2,2.0,1.0,0.8,0.1,77.5,1000000,UNSUPPORTED_WITHOUT_REPLAY,0.05,0.0,0.0,False
V3_CANDIDATE_DEVELOPMENT_ONLY_SURFACE,M3T,0.2,2.0,1.0,0.8,0.1,77.5,1000000,UNSUPPORTED_WITHOUT_REPLAY,0.1,0.0,0.0,False
V3_CANDIDATE_DEVELOPMENT_ONLY_SURFACE,M3T,0.2,2.0,1.0,0.8,0.1,77.5,1000000,UNSUPPORTED_WITHOUT_REPLAY,0.25,0.0,0.0,False
V3_CANDIDATE_DEVELOPMENT_ONLY_SURFACE,XGBOOST,0.2,0.0,0.0,0.0,0.0,59.5,1000000,UNSUPPORTED_WITHOUT_REPLAY,0.0,0.025034953846958072,0.20987654320987653,False
V3_CANDIDATE_DEVELOPMENT_ONLY_SURFACE,XGBOOST,0.2,0.0,0.0,0.0,0.0,59.5,1000000,UNSUPPORTED_WITHOUT_REPLAY,0.05,0.014541126686464246,0.16049382716049382,False
V3_CANDIDATE_DEVELOPMENT_ONLY_SURFACE,XGBOOST,0.2,0.0,0.0,0.0,0.0,59.5,1000000,UNSUPPORTED_WITHOUT_REPLAY,0.1,0.004047299525970419,0.12139917695473251,False
V3_CANDIDATE_DEVELOPMENT_ONLY_SURFACE,XGBOOST,0.2,0.0,0.0,0.0,0.0,59.5,1000000,UNSUPPORTED_WITHOUT_REPLAY,0.25,-0.027434181955511065,0.01646090534979424,False
V3_CANDIDATE_DEVELOPMENT_ONLY_SURFACE,XGBOOST,0.2,0.0,0.0,0.0,0.0,66.5,1000000,UNSUPPORTED_WITHOUT_REPLAY,0.0,0.033569034773668606,0.2654320987654321,False
V3_CANDIDATE_DEVELOPMENT_ONLY_SURFACE,XGBOOST,0.2,0.0,0.0,0.0,0.0,66.5,1000000,UNSUPPORTED_WITHOUT_REPLAY,0.05,0.020297429835396997,0.19958847736625515,False
V3_CANDIDATE_DEVELOPMENT_ONLY_SURFACE,XGBOOST,0.2,0.0,0.0,0.0,0.0,66.5,1000000,UNSUPPORTED_WITHOUT_REPLAY,0.1,0.007025824897125394,0.15020576131687244,False
V3_CANDIDATE_DEVELOPMENT_ONLY_SURFACE,XGBOOST,0.2,0.0,0.0,0.0,0.0,66.5,1000000,UNSUPPORTED_WITHOUT_REPLAY,0.25,-0.03278898991768942,0.02880658436213992,False
V3_CANDIDATE_DEVELOPMENT_ONLY_SURFACE,XGBOOST,0.2,0.0,0.0,0.0,0.0,77.5,1000000,UNSUPPORTED_WITHOUT_REPLAY,0.0,0.04164114196887127,0.3374485596707819,False
V3_CANDIDATE_DEVELOPMENT_ONLY_SURFACE,XGBOOST,0.2,0.0,0.0,0.0,0.0,77.5,1000000,UNSUPPORTED_WITHOUT_REPLAY,0.05,0.02476871398533217,0.25102880658436216,False
V3_CANDIDATE_DEVELOPMENT_ONLY_SURFACE,XGBOOST,0.2,0.0,0.0,0.0,0.0,77.5,1000000,UNSUPPORTED_WITHOUT_REPLAY,0.1,0.007896286001793078,0.1831275720164609,False
V3_CANDIDATE_DEVELOPMENT_ONLY_SURFACE,XGBOOST,0.2,0.0,0.0,0.0,0.0,77.5,1000000,UNSUPPORTED_WITHOUT_REPLAY,0.25,-0.0427209979488242,0.03292181069958848,False
V3_CANDIDATE_DEVELOPMENT_ONLY_SURFACE,XGBOOST,0.2,0.0,0.0,0.0,0.05,59.5,1000000,UNSUPPORTED_WITHOUT_REPLAY,0.0,0.023833982747765426,0.16049382716049382,False
V3_CANDIDATE_DEVELOPMENT_ONLY_SURFACE,XGBOOST,0.2,0.0,0.0,0.0,0.05,59.5,1000000,UNSUPPORTED_WITHOUT_REPLAY,0.05,0.015809291389740736,0.16049382716049382,False
V3_CANDIDATE_DEVELOPMENT_ONLY_SURFACE,XGBOOST,0.2,0.0,0.0,0.0,0.05,59.5,1000000,UNSUPPORTED_WITHOUT_REPLAY,0.1,0.007784600031716048,0.12139917695473251,False
V3_CANDIDATE_DEVELOPMENT_ONLY_SURFACE,XGBOOST,0.2,0.0,0.0,0.0,0.05,59.5,1000000,UNSUPPORTED_WITHOUT_REPLAY,0.25,-0.016289474042358025,0.01646090534979424,False
V3_CANDIDATE_DEVELOPMENT_ONLY_SURFACE,XGBOOST,0.2,0.0,0.0,0.0,0.05,66.5,1000000,UNSUPPORTED_WITHOUT_REPLAY,0.0,0.03200208442882237,0.19958847736625515,False
V3_CANDIDATE_DEVELOPMENT_ONLY_SURFACE,XGBOOST,0.2,0.0,0.0,0.0,0.05,66.5,1000000,UNSUPPORTED_WITHOUT_REPLAY,0.05,0.022022660560509607,0.19958847736625515,False
V3_CANDIDATE_DEVELOPMENT_ONLY_SURFACE,XGBOOST,0.2,0.0,0.0,0.0,0.05,66.5,1000000,UNSUPPORTED_WITHOUT_REPLAY,0.1,0.01204323669219685,0.15020576131687244,False
V3_CANDIDATE_DEVELOPMENT_ONLY_SURFACE,XGBOOST,0.2,0.0,0.0,0.0,0.05,66.5,1000000,UNSUPPORTED_WITHOUT_REPLAY,0.25,-0.01789503491274142,0.02880658436213992,False
V3_CANDIDATE_DEVELOPMENT_ONLY_SURFACE,XGBOOST,0.2,0.0,0.0,0.0,0.05,77.5,1000000,UNSUPPORTED_WITHOUT_REPLAY,0.0,0.03952723982341462,0.25102880658436216,False
V3_CANDIDATE_DEVELOPMENT_ONLY_SURFACE,XGBOOST,0.2,0.0,0.0,0.0,0.05,77.5,1000000,UNSUPPORTED_WITHOUT_REPLAY,0.05,0.026975799494196515,0.25102880658436216,False
V3_CANDIDATE_DEVELOPMENT_ONLY_SURFACE,XGBOOST,0.2,0.0,0.0,0.0,0.05,77.5,1000000,UNSUPPORTED_WITHOUT_REPLAY,0.1,0.014424359164978407,0.1831275720164609,False
V3_CANDIDATE_DEVELOPMENT_ONLY_SURFACE,XGBOOST,0.2,0.0,0.0,0.0,0.05,77.5,1000000,UNSUPPORTED_WITHOUT_REPLAY,0.25,-0.02322996182267591,0.03292181069958848,False
V3_CANDIDATE_DEVELOPMENT_ONLY_SURFACE,XGBOOST,0.2,0.0,0.0,0.0,0.1,59.5,1000000,UNSUPPORTED_WITHOUT_REPLAY,0.0,0.02057980514056997,0.12139917695473251,False
V3_CANDIDATE_DEVELOPMENT_ONLY_SURFACE,XGBOOST,0.2,0.0,0.0,0.0,0.1,59.5,1000000,UNSUPPORTED_WITHOUT_REPLAY,0.05,0.01450984629283334,0.12139917695473251,False
V3_CANDIDATE_DEVELOPMENT_ONLY_SURFACE,XGBOOST,0.2,0.0,0.0,0.0,0.1,59.5,1000000,UNSUPPORTED_WITHOUT_REPLAY,0.1,0.008439887445096715,0.12139917695473251,False
V3_CANDIDATE_DEVELOPMENT_ONLY_SURFACE,XGBOOST,0.2,0.0,0.0,0.0,0.1,59.5,1000000,UNSUPPORTED_WITHOUT_REPLAY,0.25,-0.009769989098113158,0.01646090534979424,False
V3_CANDIDATE_DEVELOPMENT_ONLY_SURFACE,XGBOOST,0.2,0.0,0.0,0.0,0.1,66.5,1000000,UNSUPPORTED_WITHOUT_REPLAY,0.0,0.027992310939557927,0.15020576131687244,False
V3_CANDIDATE_DEVELOPMENT_ONLY_SURFACE,XGBOOST,0.2,0.0,0.0,0.0,0.1,66.5,1000000,UNSUPPORTED_WITHOUT_REPLAY,0.05,0.02048202287371431,0.15020576131687244,False
V3_CANDIDATE_DEVELOPMENT_ONLY_SURFACE,XGBOOST,0.2,0.0,0.0,0.0,0.1,66.5,1000000,UNSUPPORTED_WITHOUT_REPLAY,0.1,0.012971734807870686,0.15020576131687244,False
V3_CANDIDATE_DEVELOPMENT_ONLY_SURFACE,XGBOOST,0.2,0.0,0.0,0.0,0.1,66.5,1000000,UNSUPPORTED_WITHOUT_REPLAY,0.25,-0.009559129389660179,0.02880658436213992,False
V3_CANDIDATE_DEVELOPMENT_ONLY_SURFACE,XGBOOST,0.2,0.0,0.0,0.0,0.1,77.5,1000000,UNSUPPORTED_WITHOUT_REPLAY,0.0,0.03408021151209655,0.1831275720164609,False
V3_CANDIDATE_DEVELOPMENT_ONLY_SURFACE,XGBOOST,0.2,0.0,0.0,0.0,0.1,77.5,1000000,UNSUPPORTED_WITHOUT_REPLAY,0.05,0.02492383291127351,0.1831275720164609,False
V3_CANDIDATE_DEVELOPMENT_ONLY_SURFACE,XGBOOST,0.2,0.0,0.0,0.0,0.1,77.5,1000000,UNSUPPORTED_WITHOUT_REPLAY,0.1,0.01576745431045046,0.1831275720164609,False
V3_CANDIDATE_DEVELOPMENT_ONLY_SURFACE,XGBOOST,0.2,0.0,0.0,0.0,0.1,77.5,1000000,UNSUPPORTED_WITHOUT_REPLAY,0.25,-0.011701681492018673,0.03292181069958848,False
V3_CANDIDATE_DEVELOPMENT_ONLY_SURFACE,XGBOOST,0.2,0.0,0.0,0.4,0.0,59.5,1000000,UNSUPPORTED_WITHOUT_REPLAY,0.0,0.025034953846958072,0.20987654320987653,False
V3_CANDIDATE_DEVELOPMENT_ONLY_SURFACE,XGBOOST,0.2,0.0,0.0,0.4,0.0,59.5,1000000,UNSUPPORTED_WITHOUT_REPLAY,0.05,0.014541126686464246,0.16049382716049382,False
V3_CANDIDATE_DEVELOPMENT_ONLY_SURFACE,XGBOOST,0.2,0.0,0.0,0.4,0.0,59.5,1000000,UNSUPPORTED_WITHOUT_REPLAY,0.1,0.004047299525970419,0.12139917695473251,False
V3_CANDIDATE_DEVELOPMENT_ONLY_SURFACE,XGBOOST,0.2,0.0,0.0,0.4,0.0,59.5,1000000,UNSUPPORTED_WITHOUT_REPLAY,0.25,-0.027434181955511065,0.01646090534979424,False
V3_CANDIDATE_DEVELOPMENT_ONLY_SURFACE,XGBOOST,0.2,0.0,0.0,0.4,0.0,66.5,1000000,UNSUPPORTED_WITHOUT_REPLAY,0.0,0.033569034773668606,0.2654320987654321,False
V3_CANDIDATE_DEVELOPMENT_ONLY_SURFACE,XGBOOST,0.2,0.0,0.0,0.4,0.0,66.5,1000000,UNSUPPORTED_WITHOUT_REPLAY,0.05,0.020297429835396997,0.19958847736625515,False
V3_CANDIDATE_DEVELOPMENT_ONLY_SURFACE,XGBOOST,0.2,0.0,0.0,0.4,0.0,66.5,1000000,UNSUPPORTED_WITHOUT_REPLAY,0.1,0.007025824897125394,0.15020576131687244,False
V3_CANDIDATE_DEVELOPMENT_ONLY_SURFACE,XGBOOST,0.2,0.0,0.0,0.4,0.0,66.5,1000000,UNSUPPORTED_WITHOUT_REPLAY,0.25,-0.03278898991768942,0.02880658436213992,False
V3_CANDIDATE_DEVELOPMENT_ONLY_SURFACE,XGBOOST,0.2,0.0,0.0,0.4,0.0,77.5,1000000,UNSUPPORTED_WITHOUT_REPLAY,0.0,0.04164114196887127,0.3374485596707819,False
V3_CANDIDATE_DEVELOPMENT_ONLY_SURFACE,XGBOOST,0.2,0.0,0.0,0.4,0.0,77.5,1000000,UNSUPPORTED_WITHOUT_REPLAY,0.05,0.02476871398533217,0.25102880658436216,False
V3_CANDIDATE_DEVELOPMENT_ONLY_SURFACE,XGBOOST,0.2,0.0,0.0,0.4,0.0,77.5,1000000,UNSUPPORTED_WITHOUT_REPLAY,0.1,0.007896286001793078,0.1831275720164609,False
V3_CANDIDATE_DEVELOPMENT_ONLY_SURFACE,XGBOOST,0.2,0.0,0.0,0.4,0.0,77.5,1000000,UNSUPPORTED_WITHOUT_REPLAY,0.25,-0.0427209979488242,0.03292181069958848,False
V3_CANDIDATE_DEVELOPMENT_ONLY_SURFACE,XGBOOST,0.2,0.0,0.0,0.4,0.05,59.5,1000000,UNSUPPORTED_WITHOUT_REPLAY,0.0,0.023833982747765426,0.16049382716049382,False
V3_CANDIDATE_DEVELOPMENT_ONLY_SURFACE,XGBOOST,0.2,0.0,0.0,0.4,0.05,59.5,1000000,UNSUPPORTED_WITHOUT_REPLAY,0.05,0.015809291389740736,0.16049382716049382,False
V3_CANDIDATE_DEVELOPMENT_ONLY_SURFACE,XGBOOST,0.2,0.0,0.0,0.4,0.05,59.5,1000000,UNSUPPORTED_WITHOUT_REPLAY,0.1,0.007784600031716048,0.12139917695473251,False
V3_CANDIDATE_DEVELOPMENT_ONLY_SURFACE,XGBOOST,0.2,0.0,0.0,0.4,0.05,59.5,1000000,UNSUPPORTED_WITHOUT_REPLAY,0.25,-0.016289474042358025,0.01646090534979424,False
V3_CANDIDATE_DEVELOPMENT_ONLY_SURFACE,XGBOOST,0.2,0.0,0.0,0.4,0.05,66.5,1000000,UNSUPPORTED_WITHOUT_REPLAY,0.0,0.03200208442882237,0.19958847736625515,False
V3_CANDIDATE_DEVELOPMENT_ONLY_SURFACE,XGBOOST,0.2,0.0,0.0,0.4,0.05,66.5,1000000,UNSUPPORTED_WITHOUT_REPLAY,0.05,0.022022660560509607,0.19958847736625515,False
V3_CANDIDATE_DEVELOPMENT_ONLY_SURFACE,XGBOOST,0.2,0.0,0.0,0.4,0.05,66.5,1000000,UNSUPPORTED_WITHOUT_REPLAY,0.1,0.01204323669219685,0.15020576131687244,False
V3_CANDIDATE_DEVELOPMENT_ONLY_SURFACE,XGBOOST,0.2,0.0,0.0,0.4,0.05,66.5,1000000,UNSUPPORTED_WITHOUT_REPLAY,0.25,-0.01789503491274142,0.02880658436213992,False
V3_CANDIDATE_DEVELOPMENT_ONLY_SURFACE,XGBOOST,0.2,0.0,0.0,0.4,0.05,77.5,1000000,UNSUPPORTED_WITHOUT_REPLAY,0.0,0.03952723982341462,0.25102880658436216,False
V3_CANDIDATE_DEVELOPMENT_ONLY_SURFACE,XGBOOST,0.2,0.0,0.0,0.4,0.05,77.5,1000000,UNSUPPORTED_WITHOUT_REPLAY,0.05,0.026975799494196515,0.25102880658436216,False
V3_CANDIDATE_DEVELOPMENT_ONLY_SURFACE,XGBOOST,0.2,0.0,0.0,0.4,0.05,77.5,1000000,UNSUPPORTED_WITHOUT_REPLAY,0.1,0.014424359164978407,0.1831275720164609,False
V3_CANDIDATE_DEVELOPMENT_ONLY_SURFACE,XGBOOST,0.2,0.0,0.0,0.4,0.05,77.5,1000000,UNSUPPORTED_WITHOUT_REPLAY,0.25,-0.02322996182267591,0.03292181069958848,False
V3_CANDIDATE_DEVELOPMENT_ONLY_SURFACE,XGBOOST,0.2,0.0,0.0,0.4,0.1,59.5,1000000,UNSUPPORTED_WITHOUT_REPLAY,0.0,0.02057980514056997,0.12139917695473251,False
V3_CANDIDATE_DEVELOPMENT_ONLY_SURFACE,XGBOOST,0.2,0.0,0.0,0.4,0.1,59.5,1000000,UNSUPPORTED_WITHOUT_REPLAY,0.05,0.01450984629283334,0.12139917695473251,False
V3_CANDIDATE_DEVELOPMENT_ONLY_SURFACE,XGBOOST,0.2,0.0,0.0,0.4,0.1,59.5,1000000,UNSUPPORTED_WITHOUT_REPLAY,0.1,0.008439887445096715,0.12139917695473251,False
V3_CANDIDATE_DEVELOPMENT_ONLY_SURFACE,XGBOOST,0.2,0.0,0.0,0.4,0.1,59.5,1000000,UNSUPPORTED_WITHOUT_REPLAY,0.25,-0.009769989098113158,0.01646090534979424,False
V3_CANDIDATE_DEVELOPMENT_ONLY_SURFACE,XGBOOST,0.2,0.0,0.0,0.4,0.1,66.5,1000000,UNSUPPORTED_WITHOUT_REPLAY,0.0,0.027992310939557927,0.15020576131687244,False
V3_CANDIDATE_DEVELOPMENT_ONLY_SURFACE,XGBOOST,0.2,0.0,0.0,0.4,0.1,66.5,1000000,UNSUPPORTED_WITHOUT_REPLAY,0.05,0.02048202287371431,0.15020576131687244,False
V3_CANDIDATE_DEVELOPMENT_ONLY_SURFACE,XGBOOST,0.2,0.0,0.0,0.4,0.1,66.5,1000000,UNSUPPORTED_WITHOUT_REPLAY,0.1,0.012971734807870686,0.15020576131687244,False
V3_CANDIDATE_DEVELOPMENT_ONLY_SURFACE,XGBOOST,0.2,0.0,0.0,0.4,0.1,66.5,1000000,UNSUPPORTED_WITHOUT_REPLAY,0.25,-0.009559129389660179,0.02880658436213992,False
V3_CANDIDATE_DEVELOPMENT_ONLY_SURFACE,XGBOOST,0.2,0.0,0.0,0.4,0.1,77.5,1000000,UNSUPPORTED_WITHOUT_REPLAY,0.0,0.03408021151209655,0.1831275720164609,False
V3_CANDIDATE_DEVELOPMENT_ONLY_SURFACE,XGBOOST,0.2,0.0,0.0,0.4,0.1,77.5,1000000,UNSUPPORTED_WITHOUT_REPLAY,0.05,0.02492383291127351,0.1831275720164609,False
V3_CANDIDATE_DEVELOPMENT_ONLY_SURFACE,XGBOOST,0.2,0.0,0.0,0.4,0.1,77.5,1000000,UNSUPPORTED_WITHOUT_REPLAY,0.1,0.01576745431045046,0.1831275720164609,False
V3_CANDIDATE_DEVELOPMENT_ONLY_SURFACE,XGBOOST,0.2,0.0,0.0,0.4,0.1,77.5,1000000,UNSUPPORTED_WITHOUT_REPLAY,0.25,-0.011701681492018673,0.03292181069958848,False
V3_CANDIDATE_DEVELOPMENT_ONLY_SURFACE,XGBOOST,0.2,0.0,0.0,0.6,0.0,59.5,1000000,UNSUPPORTED_WITHOUT_REPLAY,0.0,0.01603782754307764,0.1440329218106996,False
V3_CANDIDATE_DEVELOPMENT_ONLY_SURFACE,XGBOOST,0.2,0.0,0.0,0.6,0.0,59.5,1000000,UNSUPPORTED_WITHOUT_REPLAY,0.05,0.00883618145254266,0.10699588477366255,False
V3_CANDIDATE_DEVELOPMENT_ONLY_SURFACE,XGBOOST,0.2,0.0,0.0,0.6,0.0,59.5,1000000,UNSUPPORTED_WITHOUT_REPLAY,0.1,0.0016345353620076794,0.08436213991769548,False
V3_CANDIDATE_DEVELOPMENT_ONLY_SURFACE,XGBOOST,0.2,0.0,0.0,0.6,0.0,59.5,1000000,UNSUPPORTED_WITHOUT_REPLAY,0.25,-0.019970402909597257,0.006172839506172839,False
V3_CANDIDATE_DEVELOPMENT_ONLY_SURFACE,XGBOOST,0.2,0.0,0.0,0.6,0.0,66.5,1000000,UNSUPPORTED_WITHOUT_REPLAY,0.0,0.023011275697788502,0.17901234567901234,False
V3_CANDIDATE_DEVELOPMENT_ONLY_SURFACE,XGBOOST,0.2,0.0,0.0,0.6,0.0,66.5,1000000,UNSUPPORTED_WITHOUT_REPLAY,0.05,0.014060658413837883,0.1337448559670782,False
V3_CANDIDATE_DEVELOPMENT_ONLY_SURFACE,XGBOOST,0.2,0.0,0.0,0.6,0.0,66.5,1000000,UNSUPPORTED_WITHOUT_REPLAY,0.1,0.005110041129887265,0.10699588477366255,False
V3_CANDIDATE_DEVELOPMENT_ONLY_SURFACE,XGBOOST,0.2,0.0,0.0,0.6,0.0,66.5,1000000,UNSUPPORTED_WITHOUT_REPLAY,0.25,-0.02174181072196459,0.018518518518518517,False
V3_CANDIDATE_DEVELOPMENT_ONLY_SURFACE,XGBOOST,0.2,0.0,0.0,0.6,0.0,77.5,1000000,UNSUPPORTED_WITHOUT_REPLAY,0.0,0.027234203469335604,0.2139917695473251,False
V3_CANDIDATE_DEVELOPMENT_ONLY_SURFACE,XGBOOST,0.2,0.0,0.0,0.6,0.0,77.5,1000000,UNSUPPORTED_WITHOUT_REPLAY,0.05,0.016534614991969353,0.16049382716049382,False
V3_CANDIDATE_DEVELOPMENT_ONLY_SURFACE,XGBOOST,0.2,0.0,0.0,0.6,0.0,77.5,1000000,UNSUPPORTED_WITHOUT_REPLAY,0.1,0.005835026514603096,0.12345679012345678,False
V3_CANDIDATE_DEVELOPMENT_ONLY_SURFACE,XGBOOST,0.2,0.0,0.0,0.6,0.0,77.5,1000000,UNSUPPORTED_WITHOUT_REPLAY,0.25,-0.026263738917495668,0.0205761316872428,False
V3_CANDIDATE_DEVELOPMENT_ONLY_SURFACE,XGBOOST,0.2,0.0,0.0,0.6,0.05,59.5,1000000,UNSUPPORTED_WITHOUT_REPLAY,0.0,0.015200466472487538,0.10699588477366255,False
V3_CANDIDATE_DEVELOPMENT_ONLY_SURFACE,XGBOOST,0.2,0.0,0.0,0.6,0.05,59.5,1000000,UNSUPPORTED_WITHOUT_REPLAY,0.05,0.00985067223380441,0.10699588477366255,False
V3_CANDIDATE_DEVELOPMENT_ONLY_SURFACE,XGBOOST,0.2,0.0,0.0,0.6,0.05,59.5,1000000,UNSUPPORTED_WITHOUT_REPLAY,0.1,0.004500877995121283,0.08436213991769548,False
V3_CANDIDATE_DEVELOPMENT_ONLY_SURFACE,XGBOOST,0.2,0.0,0.0,0.6,0.05,59.5,1000000,UNSUPPORTED_WITHOUT_REPLAY,0.25,-0.0115485047209281,0.006172839506172839,False
V3_CANDIDATE_DEVELOPMENT_ONLY_SURFACE,XGBOOST,0.2,0.0,0.0,0.6,0.05,66.5,1000000,UNSUPPORTED_WITHOUT_REPLAY,0.0,0.02196467393034589,0.1337448559670782,False
V3_CANDIDATE_DEVELOPMENT_ONLY_SURFACE,XGBOOST,0.2,0.0,0.0,0.6,0.05,66.5,1000000,UNSUPPORTED_WITHOUT_REPLAY,0.05,0.015277431131991977,0.1337448559670782,False
V3_CANDIDATE_DEVELOPMENT_ONLY_SURFACE,XGBOOST,0.2,0.0,0.0,0.6,0.05,66.5,1000000,UNSUPPORTED_WITHOUT_REPLAY,0.1,0.008590188333638069,0.10699588477366255,False
V3_CANDIDATE_DEVELOPMENT_ONLY_SURFACE,XGBOOST,0.2,0.0,0.0,0.6,0.05,66.5,1000000,UNSUPPORTED_WITHOUT_REPLAY,0.25,-0.01147154006142366,0.018518518518518517,False
V3_CANDIDATE_DEVELOPMENT_ONLY_SURFACE,XGBOOST,0.2,0.0,0.0,0.6,0.05,77.5,1000000,UNSUPPORTED_WITHOUT_REPLAY,0.0,0.02604720071746575,0.16049382716049382,False
V3_CANDIDATE_DEVELOPMENT_ONLY_SURFACE,XGBOOST,0.2,0.0,0.0,0.6,0.05,77.5,1000000,UNSUPPORTED_WITHOUT_REPLAY,0.05,0.018022509359441056,0.16049382716049382,False
V3_CANDIDATE_DEVELOPMENT_ONLY_SURFACE,XGBOOST,0.2,0.0,0.0,0.6,0.05,77.5,1000000,UNSUPPORTED_WITHOUT_REPLAY,0.1,0.009997818001416366,0.12345679012345678,False
V3_CANDIDATE_DEVELOPMENT_ONLY_SURFACE,XGBOOST,0.2,0.0,0.0,0.6,0.05,77.5,1000000,UNSUPPORTED_WITHOUT_REPLAY,0.25,-0.014076256072657709,0.0205761316872428,False
V3_CANDIDATE_DEVELOPMENT_ONLY_SURFACE,XGBOOST,0.2,0.0,0.0,0.6,0.1,59.5,1000000,UNSUPPORTED_WITHOUT_REPLAY,0.0,0.013318688161209754,0.08436213991769548,False
V3_CANDIDATE_DEVELOPMENT_ONLY_SURFACE,XGBOOST,0.2,0.0,0.0,0.6,0.1,59.5,1000000,UNSUPPORTED_WITHOUT_REPLAY,0.05,0.00910058116532498,0.08436213991769548,False
V3_CANDIDATE_DEVELOPMENT_ONLY_SURFACE,XGBOOST,0.2,0.0,0.0,0.6,0.1,59.5,1000000,UNSUPPORTED_WITHOUT_REPLAY,0.1,0.004882474169440207,0.08436213991769548,False
V3_CANDIDATE_DEVELOPMENT_ONLY_SURFACE,XGBOOST,0.2,0.0,0.0,0.6,0.1,59.5,1000000,UNSUPPORTED_WITHOUT_REPLAY,0.25,-0.007771846818214114,0.006172839506172839,False
V3_CANDIDATE_DEVELOPMENT_ONLY_SURFACE,XGBOOST,0.2,0.0,0.0,0.6,0.1,66.5,1000000,UNSUPPORTED_WITHOUT_REPLAY,0.0,0.019751518199586333,0.10699588477366255,False
V3_CANDIDATE_DEVELOPMENT_ONLY_SURFACE,XGBOOST,0.2,0.0,0.0,0.6,0.1,66.5,1000000,UNSUPPORTED_WITHOUT_REPLAY,0.05,0.014401723960903204,0.10699588477366255,False
V3_CANDIDATE_DEVELOPMENT_ONLY_SURFACE,XGBOOST,0.2,0.0,0.0,0.6,0.1,66.5,1000000,UNSUPPORTED_WITHOUT_REPLAY,0.1,0.009051929722220077,0.10699588477366255,False
V3_CANDIDATE_DEVELOPMENT_ONLY_SURFACE,XGBOOST,0.2,0.0,0.0,0.6,0.1,66.5,1000000,UNSUPPORTED_WITHOUT_REPLAY,0.25,-0.006997452993829306,0.018518518518518517,False
V3_CANDIDATE_DEVELOPMENT_ONLY_SURFACE,XGBOOST,0.2,0.0,0.0,0.6,0.1,77.5,1000000,UNSUPPORTED_WITHOUT_REPLAY,0.0,0.023008741092345717,0.12345679012345678,False
V3_CANDIDATE_DEVELOPMENT_ONLY_SURFACE,XGBOOST,0.2,0.0,0.0,0.6,0.1,77.5,1000000,UNSUPPORTED_WITHOUT_REPLAY,0.05,0.01683590158617288,0.12345679012345678,False
V3_CANDIDATE_DEVELOPMENT_ONLY_SURFACE,XGBOOST,0.2,0.0,0.0,0.6,0.1,77.5,1000000,UNSUPPORTED_WITHOUT_REPLAY,0.1,0.01066306208000004,0.12345679012345678,False
V3_CANDIDATE_DEVELOPMENT_ONLY_SURFACE,XGBOOST,0.2,0.0,0.0,0.6,0.1,77.5,1000000,UNSUPPORTED_WITHOUT_REPLAY,0.25,-0.007855456438518477,0.0205761316872428,False
V3_CANDIDATE_DEVELOPMENT_ONLY_SURFACE,XGBOOST,0.2,0.0,0.0,0.8,0.0,59.5,1000000,UNSUPPORTED_WITHOUT_REPLAY,0.0,0.0011579854162190029,0.00823045267489712,False
V3_CANDIDATE_DEVELOPMENT_ONLY_SURFACE,XGBOOST,0.2,0.0,0.0,0.8,0.0,59.5,1000000,UNSUPPORTED_WITHOUT_REPLAY,0.05,0.0007464627824741468,0.00823045267489712,False
V3_CANDIDATE_DEVELOPMENT_ONLY_SURFACE,XGBOOST,0.2,0.0,0.0,0.8,0.0,59.5,1000000,UNSUPPORTED_WITHOUT_REPLAY,0.1,0.00033494014872929097,0.00823045267489712,False
V3_CANDIDATE_DEVELOPMENT_ONLY_SURFACE,XGBOOST,0.2,0.0,0.0,0.8,0.0,59.5,1000000,UNSUPPORTED_WITHOUT_REPLAY,0.25,-0.0008996277525052769,0.0,False
V3_CANDIDATE_DEVELOPMENT_ONLY_SURFACE,XGBOOST,0.2,0.0,0.0,0.8,0.0,66.5,1000000,UNSUPPORTED_WITHOUT_REPLAY,0.0,0.0011579854162190029,0.00823045267489712,False
V3_CANDIDATE_DEVELOPMENT_ONLY_SURFACE,XGBOOST,0.2,0.0,0.0,0.8,0.0,66.5,1000000,UNSUPPORTED_WITHOUT_REPLAY,0.05,0.0007464627824741468,0.00823045267489712,False
V3_CANDIDATE_DEVELOPMENT_ONLY_SURFACE,XGBOOST,0.2,0.0,0.0,0.8,0.0,66.5,1000000,UNSUPPORTED_WITHOUT_REPLAY,0.1,0.00033494014872929097,0.00823045267489712,False
V3_CANDIDATE_DEVELOPMENT_ONLY_SURFACE,XGBOOST,0.2,0.0,0.0,0.8,0.0,66.5,1000000,UNSUPPORTED_WITHOUT_REPLAY,0.25,-0.0008996277525052769,0.0,False
V3_CANDIDATE_DEVELOPMENT_ONLY_SURFACE,XGBOOST,0.2,0.0,0.0,0.8,0.0,77.5,1000000,UNSUPPORTED_WITHOUT_REPLAY,0.0,0.0011579854162190029,0.00823045267489712,False
V3_CANDIDATE_DEVELOPMENT_ONLY_SURFACE,XGBOOST,0.2,0.0,0.0,0.8,0.0,77.5,1000000,UNSUPPORTED_WITHOUT_REPLAY,0.05,0.0007464627824741468,0.00823045267489712,False
V3_CANDIDATE_DEVELOPMENT_ONLY_SURFACE,XGBOOST,0.2,0.0,0.0,0.8,0.0,77.5,1000000,UNSUPPORTED_WITHOUT_REPLAY,0.1,0.00033494014872929097,0.00823045267489712,False
V3_CANDIDATE_DEVELOPMENT_ONLY_SURFACE,XGBOOST,0.2,0.0,0.0,0.8,0.0,77.5,1000000,UNSUPPORTED_WITHOUT_REPLAY,0.25,-0.0008996277525052769,0.0,False
V3_CANDIDATE_DEVELOPMENT_ONLY_SURFACE,XGBOOST,0.2,0.0,0.0,0.8,0.05,59.5,1000000,UNSUPPORTED_WITHOUT_REPLAY,0.0,0.0011579854162190029,0.00823045267489712,False
V3_CANDIDATE_DEVELOPMENT_ONLY_SURFACE,XGBOOST,0.2,0.0,0.0,0.8,0.05,59.5,1000000,UNSUPPORTED_WITHOUT_REPLAY,0.05,0.0007464627824741468,0.00823045267489712,False
V3_CANDIDATE_DEVELOPMENT_ONLY_SURFACE,XGBOOST,0.2,0.0,0.0,0.8,0.05,59.5,1000000,UNSUPPORTED_WITHOUT_REPLAY,0.1,0.00033494014872929097,0.00823045267489712,False
V3_CANDIDATE_DEVELOPMENT_ONLY_SURFACE,XGBOOST,0.2,0.0,0.0,0.8,0.05,59.5,1000000,UNSUPPORTED_WITHOUT_REPLAY,0.25,-0.0008996277525052769,0.0,False
V3_CANDIDATE_DEVELOPMENT_ONLY_SURFACE,XGBOOST,0.2,0.0,0.0,0.8,0.05,66.5,1000000,UNSUPPORTED_WITHOUT_REPLAY,0.0,0.0011579854162190029,0.00823045267489712,False
V3_CANDIDATE_DEVELOPMENT_ONLY_SURFACE,XGBOOST,0.2,0.0,0.0,0.8,0.05,66.5,1000000,UNSUPPORTED_WITHOUT_REPLAY,0.05,0.0007464627824741468,0.00823045267489712,False
V3_CANDIDATE_DEVELOPMENT_ONLY_SURFACE,XGBOOST,0.2,0.0,0.0,0.8,0.05,66.5,1000000,UNSUPPORTED_WITHOUT_REPLAY,0.1,0.00033494014872929097,0.00823045267489712,False
V3_CANDIDATE_DEVELOPMENT_ONLY_SURFACE,XGBOOST,0.2,0.0,0.0,0.8,0.05,66.5,1000000,UNSUPPORTED_WITHOUT_REPLAY,0.25,-0.0008996277525052769,0.0,False
V3_CANDIDATE_DEVELOPMENT_ONLY_SURFACE,XGBOOST,0.2,0.0,0.0,0.8,0.05,77.5,1000000,UNSUPPORTED_WITHOUT_REPLAY,0.0,0.0011579854162190029,0.00823045267489712,False
V3_CANDIDATE_DEVELOPMENT_ONLY_SURFACE,XGBOOST,0.2,0.0,0.0,0.8,0.05,77.5,1000000,UNSUPPORTED_WITHOUT_REPLAY,0.05,0.0007464627824741468,0.00823045267489712,False
V3_CANDIDATE_DEVELOPMENT_ONLY_SURFACE,XGBOOST,0.2,0.0,0.0,0.8,0.05,77.5,1000000,UNSUPPORTED_WITHOUT_REPLAY,0.1,0.00033494014872929097,0.00823045267489712,False
V3_CANDIDATE_DEVELOPMENT_ONLY_SURFACE,XGBOOST,0.2,0.0,0.0,0.8,0.05,77.5,1000000,UNSUPPORTED_WITHOUT_REPLAY,0.25,-0.0008996277525052769,0.0,False
V3_CANDIDATE_DEVELOPMENT_ONLY_SURFACE,XGBOOST,0.2,0.0,0.0,0.8,0.1,59.5,1000000,UNSUPPORTED_WITHOUT_REPLAY,0.0,0.0011579854162190029,0.00823045267489712,False
V3_CANDIDATE_DEVELOPMENT_ONLY_SURFACE,XGBOOST,0.2,0.0,0.0,0.8,0.1,59.5,1000000,UNSUPPORTED_WITHOUT_REPLAY,0.05,0.0007464627824741468,0.00823045267489712,False
V3_CANDIDATE_DEVELOPMENT_ONLY_SURFACE,XGBOOST,0.2,0.0,0.0,0.8,0.1,59.5,1000000,UNSUPPORTED_WITHOUT_REPLAY,0.1,0.00033494014872929097,0.00823045267489712,False
V3_CANDIDATE_DEVELOPMENT_ONLY_SURFACE,XGBOOST,0.2,0.0,0.0,0.8,0.1,59.5,1000000,UNSUPPORTED_WITHOUT_REPLAY,0.25,-0.0008996277525052769,0.0,False
V3_CANDIDATE_DEVELOPMENT_ONLY_SURFACE,XGBOOST,0.2,0.0,0.0,0.8,0.1,66.5,1000000,UNSUPPORTED_WITHOUT_REPLAY,0.0,0.0011579854162190029,0.00823045267489712,False
V3_CANDIDATE_DEVELOPMENT_ONLY_SURFACE,XGBOOST,0.2,0.0,0.0,0.8,0.1,66.5,1000000,UNSUPPORTED_WITHOUT_REPLAY,0.05,0.0007464627824741468,0.00823045267489712,False
V3_CANDIDATE_DEVELOPMENT_ONLY_SURFACE,XGBOOST,0.2,0.0,0.0,0.8,0.1,66.5,1000000,UNSUPPORTED_WITHOUT_REPLAY,0.1,0.00033494014872929097,0.00823045267489712,False
V3_CANDIDATE_DEVELOPMENT_ONLY_SURFACE,XGBOOST,0.2,0.0,0.0,0.8,0.1,66.5,1000000,UNSUPPORTED_WITHOUT_REPLAY,0.25,-0.0008996277525052769,0.0,False
V3_CANDIDATE_DEVELOPMENT_ONLY_SURFACE,XGBOOST,0.2,0.0,0.0,0.8,0.1,77.5,1000000,UNSUPPORTED_WITHOUT_REPLAY,0.0,0.0011579854162190029,0.00823045267489712,False
V3_CANDIDATE_DEVELOPMENT_ONLY_SURFACE,XGBOOST,0.2,0.0,0.0,0.8,0.1,77.5,1000000,UNSUPPORTED_WITHOUT_REPLAY,0.05,0.0007464627824741468,0.00823045267489712,False
V3_CANDIDATE_DEVELOPMENT_ONLY_SURFACE,XGBOOST,0.2,0.0,0.0,0.8,0.1,77.5,1000000,UNSUPPORTED_WITHOUT_REPLAY,0.1,0.00033494014872929097,0.00823045267489712,False
V3_CANDIDATE_DEVELOPMENT_ONLY_SURFACE,XGBOOST,0.2,0.0,0.0,0.8,0.1,77.5,1000000,UNSUPPORTED_WITHOUT_REPLAY,0.25,-0.0008996277525052769,0.0,False
V3_CANDIDATE_DEVELOPMENT_ONLY_SURFACE,XGBOOST,0.2,0.0,0.25,0.0,0.0,59.5,1000000,UNSUPPORTED_WITHOUT_REPLAY,0.0,0.009367163163998545,0.12551440329218108,False
V3_CANDIDATE_DEVELOPMENT_ONLY_SURFACE,XGBOOST,0.2,0.0,0.25,0.0,0.0,59.5,1000000,UNSUPPORTED_WITHOUT_REPLAY,0.05,0.0030914429993894915,0.08641975308641975,False
V3_CANDIDATE_DEVELOPMENT_ONLY_SURFACE,XGBOOST,0.2,0.0,0.25,0.0,0.0,59.5,1000000,UNSUPPORTED_WITHOUT_REPLAY,0.1,-0.0031842771652195625,0.030864197530864196,False
V3_CANDIDATE_DEVELOPMENT_ONLY_SURFACE,XGBOOST,0.2,0.0,0.25,0.0,0.0,59.5,1000000,UNSUPPORTED_WITHOUT_REPLAY,0.25,-0.02201143765904672,0.0,False
V3_CANDIDATE_DEVELOPMENT_ONLY_SURFACE,XGBOOST,0.2,0.0,0.25,0.0,0.0,66.5,1000000,UNSUPPORTED_WITHOUT_REPLAY,0.0,0.014369655574510963,0.17078189300411523,False
V3_CANDIDATE_DEVELOPMENT_ONLY_SURFACE,XGBOOST,0.2,0.0,0.25,0.0,0.0,66.5,1000000,UNSUPPORTED_WITHOUT_REPLAY,0.05,0.005830560924305198,0.11522633744855967,False
V3_CANDIDATE_DEVELOPMENT_ONLY_SURFACE,XGBOOST,0.2,0.0,0.25,0.0,0.0,66.5,1000000,UNSUPPORTED_WITHOUT_REPLAY,0.1,-0.002708533725900563,0.05555555555555555,False
V3_CANDIDATE_DEVELOPMENT_ONLY_SURFACE,XGBOOST,0.2,0.0,0.25,0.0,0.0,66.5,1000000,UNSUPPORTED_WITHOUT_REPLAY,0.25,-0.02832581767651785,0.00411522633744856,False
V3_CANDIDATE_DEVELOPMENT_ONLY_SURFACE,XGBOOST,0.2,0.0,0.25,0.0,0.0,77.5,1000000,UNSUPPORTED_WITHOUT_REPLAY,0.0,0.01915864122467277,0.22839506172839505,False
V3_CANDIDATE_DEVELOPMENT_ONLY_SURFACE,XGBOOST,0.2,0.0,0.25,0.0,0.0,77.5,1000000,UNSUPPORTED_WITHOUT_REPLAY,0.05,0.007738888138253016,0.15432098765432098,False
V3_CANDIDATE_DEVELOPMENT_ONLY_SURFACE,XGBOOST,0.2,0.0,0.25,0.0,0.0,77.5,1000000,UNSUPPORTED_WITHOUT_REPLAY,0.1,-0.0036808649481667372,0.07407407407407407,False
V3_CANDIDATE_DEVELOPMENT_ONLY_SURFACE,XGBOOST,0.2,0.0,0.25,0.0,0.0,77.5,1000000,UNSUPPORTED_WITHOUT_REPLAY,0.25,-0.037940124207426,0.00411522633744856,False
V3_CANDIDATE_DEVELOPMENT_ONLY_SURFACE,XGBOOST,0.2,0.0,0.25,0.0,0.05,59.5,1000000,UNSUPPORTED_WITHOUT_REPLAY,0.0,0.008645023741433756,0.08641975308641975,False
V3_CANDIDATE_DEVELOPMENT_ONLY_SURFACE,XGBOOST,0.2,0.0,0.25,0.0,0.05,59.5,1000000,UNSUPPORTED_WITHOUT_REPLAY,0.05,0.004324036087112768,0.08641975308641975,False
V3_CANDIDATE_DEVELOPMENT_ONLY_SURFACE,XGBOOST,0.2,0.0,0.25,0.0,0.05,59.5,1000000,UNSUPPORTED_WITHOUT_REPLAY,0.1,3.048432791781188e-06,0.030864197530864196,False
V3_CANDIDATE_DEVELOPMENT_ONLY_SURFACE,XGBOOST,0.2,0.0,0.25,0.0,0.05,59.5,1000000,UNSUPPORTED_WITHOUT_REPLAY,0.25,-0.012959914530171182,0.0,False
V3_CANDIDATE_DEVELOPMENT_ONLY_SURFACE,XGBOOST,0.2,0.0,0.25,0.0,0.05,66.5,1000000,UNSUPPORTED_WITHOUT_REPLAY,0.0,0.013309580700856688,0.11522633744855967,False
V3_CANDIDATE_DEVELOPMENT_ONLY_SURFACE,XGBOOST,0.2,0.0,0.25,0.0,0.05,66.5,1000000,UNSUPPORTED_WITHOUT_REPLAY,0.05,0.0075482638284287045,0.11522633744855967,False
V3_CANDIDATE_DEVELOPMENT_ONLY_SURFACE,XGBOOST,0.2,0.0,0.25,0.0,0.05,66.5,1000000,UNSUPPORTED_WITHOUT_REPLAY,0.1,0.001786946956000721,0.05555555555555555,False
V3_CANDIDATE_DEVELOPMENT_ONLY_SURFACE,XGBOOST,0.2,0.0,0.25,0.0,0.05,66.5,1000000,UNSUPPORTED_WITHOUT_REPLAY,0.25,-0.015497003661283228,0.00411522633744856,False
V3_CANDIDATE_DEVELOPMENT_ONLY_SURFACE,XGBOOST,0.2,0.0,0.25,0.0,0.05,77.5,1000000,UNSUPPORTED_WITHOUT_REPLAY,0.0,0.017602027008358345,0.15432098765432098,False
V3_CANDIDATE_DEVELOPMENT_ONLY_SURFACE,XGBOOST,0.2,0.0,0.25,0.0,0.05,77.5,1000000,UNSUPPORTED_WITHOUT_REPLAY,0.05,0.009885977625642297,0.15432098765432098,False
V3_CANDIDATE_DEVELOPMENT_ONLY_SURFACE,XGBOOST,0.2,0.0,0.25,0.0,0.05,77.5,1000000,UNSUPPORTED_WITHOUT_REPLAY,0.1,0.0021699282429262488,0.07407407407407407,False
V3_CANDIDATE_DEVELOPMENT_ONLY_SURFACE,XGBOOST,0.2,0.0,0.25,0.0,0.05,77.5,1000000,UNSUPPORTED_WITHOUT_REPLAY,0.25,-0.020978219905221897,0.00411522633744856,False
V3_CANDIDATE_DEVELOPMENT_ONLY_SURFACE,XGBOOST,0.2,0.0,0.25,0.0,0.1,59.5,1000000,UNSUPPORTED_WITHOUT_REPLAY,0.0,0.004776377796545398,0.030864197530864196,False
V3_CANDIDATE_DEVELOPMENT_ONLY_SURFACE,XGBOOST,0.2,0.0,0.25,0.0,0.1,59.5,1000000,UNSUPPORTED_WITHOUT_REPLAY,0.05,0.0032331679200021876,0.030864197530864196,False
V3_CANDIDATE_DEVELOPMENT_ONLY_SURFACE,XGBOOST,0.2,0.0,0.25,0.0,0.1,59.5,1000000,UNSUPPORTED_WITHOUT_REPLAY,0.1,0.0016899580434589776,0.030864197530864196,False
V3_CANDIDATE_DEVELOPMENT_ONLY_SURFACE,XGBOOST,0.2,0.0,0.25,0.0,0.1,59.5,1000000,UNSUPPORTED_WITHOUT_REPLAY,0.25,-0.0029396715861706516,0.0,False
V3_CANDIDATE_DEVELOPMENT_ONLY_SURFACE,XGBOOST,0.2,0.0,0.25,0.0,0.1,66.5,1000000,UNSUPPORTED_WITHOUT_REPLAY,0.0,0.009169041763153368,0.05555555555555555,False
V3_CANDIDATE_DEVELOPMENT_ONLY_SURFACE,XGBOOST,0.2,0.0,0.25,0.0,0.1,66.5,1000000,UNSUPPORTED_WITHOUT_REPLAY,0.05,0.006391263985375591,0.05555555555555555,False
V3_CANDIDATE_DEVELOPMENT_ONLY_SURFACE,XGBOOST,0.2,0.0,0.25,0.0,0.1,66.5,1000000,UNSUPPORTED_WITHOUT_REPLAY,0.1,0.0036134862075978135,0.05555555555555555,False
V3_CANDIDATE_DEVELOPMENT_ONLY_SURFACE,XGBOOST,0.2,0.0,0.25,0.0,0.1,66.5,1000000,UNSUPPORTED_WITHOUT_REPLAY,0.25,-0.00471984712573552,0.00411522633744856,False
V3_CANDIDATE_DEVELOPMENT_ONLY_SURFACE,XGBOOST,0.2,0.0,0.25,0.0,0.1,77.5,1000000,UNSUPPORTED_WITHOUT_REPLAY,0.0,0.011867172101358637,0.07407407407407407,False
V3_CANDIDATE_DEVELOPMENT_ONLY_SURFACE,XGBOOST,0.2,0.0,0.25,0.0,0.1,77.5,1000000,UNSUPPORTED_WITHOUT_REPLAY,0.05,0.008163468397654937,0.07407407407407407,False
V3_CANDIDATE_DEVELOPMENT_ONLY_SURFACE,XGBOOST,0.2,0.0,0.25,0.0,0.1,77.5,1000000,UNSUPPORTED_WITHOUT_REPLAY,0.1,0.004459764693951231,0.07407407407407407,False
V3_CANDIDATE_DEVELOPMENT_ONLY_SURFACE,XGBOOST,0.2,0.0,0.25,0.0,0.1,77.5,1000000,UNSUPPORTED_WITHOUT_REPLAY,0.25,-0.0066513464171598785,0.00411522633744856,False
V3_CANDIDATE_DEVELOPMENT_ONLY_SURFACE,XGBOOST,0.2,0.0,0.25,0.4,0.0,59.5,1000000,UNSUPPORTED_WITHOUT_REPLAY,0.0,0.009367163163998545,0.12551440329218108,False
V3_CANDIDATE_DEVELOPMENT_ONLY_SURFACE,XGBOOST,0.2,0.0,0.25,0.4,0.0,59.5,1000000,UNSUPPORTED_WITHOUT_REPLAY,0.05,0.0030914429993894915,0.08641975308641975,False
V3_CANDIDATE_DEVELOPMENT_ONLY_SURFACE,XGBOOST,0.2,0.0,0.25,0.4,0.0,59.5,1000000,UNSUPPORTED_WITHOUT_REPLAY,0.1,-0.0031842771652195625,0.030864197530864196,False
V3_CANDIDATE_DEVELOPMENT_ONLY_SURFACE,XGBOOST,0.2,0.0,0.25,0.4,0.0,59.5,1000000,UNSUPPORTED_WITHOUT_REPLAY,0.25,-0.02201143765904672,0.0,False
V3_CANDIDATE_DEVELOPMENT_ONLY_SURFACE,XGBOOST,0.2,0.0,0.25,0.4,0.0,66.5,1000000,UNSUPPORTED_WITHOUT_REPLAY,0.0,0.014369655574510963,0.17078189300411523,False
V3_CANDIDATE_DEVELOPMENT_ONLY_SURFACE,XGBOOST,0.2,0.0,0.25,0.4,0.0,66.5,1000000,UNSUPPORTED_WITHOUT_REPLAY,0.05,0.005830560924305198,0.11522633744855967,False
V3_CANDIDATE_DEVELOPMENT_ONLY_SURFACE,XGBOOST,0.2,0.0,0.25,0.4,0.0,66.5,1000000,UNSUPPORTED_WITHOUT_REPLAY,0.1,-0.002708533725900563,0.05555555555555555,False
V3_CANDIDATE_DEVELOPMENT_ONLY_SURFACE,XGBOOST,0.2,0.0,0.25,0.4,0.0,66.5,1000000,UNSUPPORTED_WITHOUT_REPLAY,0.25,-0.02832581767651785,0.00411522633744856,False
V3_CANDIDATE_DEVELOPMENT_ONLY_SURFACE,XGBOOST,0.2,0.0,0.25,0.4,0.0,77.5,1000000,UNSUPPORTED_WITHOUT_REPLAY,0.0,0.01915864122467277,0.22839506172839505,False
V3_CANDIDATE_DEVELOPMENT_ONLY_SURFACE,XGBOOST,0.2,0.0,0.25,0.4,0.0,77.5,1000000,UNSUPPORTED_WITHOUT_REPLAY,0.05,0.007738888138253016,0.15432098765432098,False
V3_CANDIDATE_DEVELOPMENT_ONLY_SURFACE,XGBOOST,0.2,0.0,0.25,0.4,0.0,77.5,1000000,UNSUPPORTED_WITHOUT_REPLAY,0.1,-0.0036808649481667372,0.07407407407407407,False
V3_CANDIDATE_DEVELOPMENT_ONLY_SURFACE,XGBOOST,0.2,0.0,0.25,0.4,0.0,77.5,1000000,UNSUPPORTED_WITHOUT_REPLAY,0.25,-0.037940124207426,0.00411522633744856,False
V3_CANDIDATE_DEVELOPMENT_ONLY_SURFACE,XGBOOST,0.2,0.0,0.25,0.4,0.05,59.5,1000000,UNSUPPORTED_WITHOUT_REPLAY,0.0,0.008645023741433756,0.08641975308641975,False
V3_CANDIDATE_DEVELOPMENT_ONLY_SURFACE,XGBOOST,0.2,0.0,0.25,0.4,0.05,59.5,1000000,UNSUPPORTED_WITHOUT_REPLAY,0.05,0.004324036087112768,0.08641975308641975,False
V3_CANDIDATE_DEVELOPMENT_ONLY_SURFACE,XGBOOST,0.2,0.0,0.25,0.4,0.05,59.5,1000000,UNSUPPORTED_WITHOUT_REPLAY,0.1,3.048432791781188e-06,0.030864197530864196,False
V3_CANDIDATE_DEVELOPMENT_ONLY_SURFACE,XGBOOST,0.2,0.0,0.25,0.4,0.05,59.5,1000000,UNSUPPORTED_WITHOUT_REPLAY,0.25,-0.012959914530171182,0.0,False
V3_CANDIDATE_DEVELOPMENT_ONLY_SURFACE,XGBOOST,0.2,0.0,0.25,0.4,0.05,66.5,1000000,UNSUPPORTED_WITHOUT_REPLAY,0.0,0.013309580700856688,0.11522633744855967,False
V3_CANDIDATE_DEVELOPMENT_ONLY_SURFACE,XGBOOST,0.2,0.0,0.25,0.4,0.05,66.5,1000000,UNSUPPORTED_WITHOUT_REPLAY,0.05,0.0075482638284287045,0.11522633744855967,False
V3_CANDIDATE_DEVELOPMENT_ONLY_SURFACE,XGBOOST,0.2,0.0,0.25,0.4,0.05,66.5,1000000,UNSUPPORTED_WITHOUT_REPLAY,0.1,0.001786946956000721,0.05555555555555555,False
V3_CANDIDATE_DEVELOPMENT_ONLY_SURFACE,XGBOOST,0.2,0.0,0.25,0.4,0.05,66.5,1000000,UNSUPPORTED_WITHOUT_REPLAY,0.25,-0.015497003661283228,0.00411522633744856,False
V3_CANDIDATE_DEVELOPMENT_ONLY_SURFACE,XGBOOST,0.2,0.0,0.25,0.4,0.05,77.5,1000000,UNSUPPORTED_WITHOUT_REPLAY,0.0,0.017602027008358345,0.15432098765432098,False
V3_CANDIDATE_DEVELOPMENT_ONLY_SURFACE,XGBOOST,0.2,0.0,0.25,0.4,0.05,77.5,1000000,UNSUPPORTED_WITHOUT_REPLAY,0.05,0.009885977625642297,0.15432098765432098,False
V3_CANDIDATE_DEVELOPMENT_ONLY_SURFACE,XGBOOST,0.2,0.0,0.25,0.4,0.05,77.5,1000000,UNSUPPORTED_WITHOUT_REPLAY,0.1,0.0021699282429262488,0.07407407407407407,False
V3_CANDIDATE_DEVELOPMENT_ONLY_SURFACE,XGBOOST,0.2,0.0,0.25,0.4,0.05,77.5,1000000,UNSUPPORTED_WITHOUT_REPLAY,0.25,-0.020978219905221897,0.00411522633744856,False
V3_CANDIDATE_DEVELOPMENT_ONLY_SURFACE,XGBOOST,0.2,0.0,0.25,0.4,0.1,59.5,1000000,UNSUPPORTED_WITHOUT_REPLAY,0.0,0.004776377796545398,0.030864197530864196,False
V3_CANDIDATE_DEVELOPMENT_ONLY_SURFACE,XGBOOST,0.2,0.0,0.25,0.4,0.1,59.5,1000000,UNSUPPORTED_WITHOUT_REPLAY,0.05,0.0032331679200021876,0.030864197530864196,False
V3_CANDIDATE_DEVELOPMENT_ONLY_SURFACE,XGBOOST,0.2,0.0,0.25,0.4,0.1,59.5,1000000,UNSUPPORTED_WITHOUT_REPLAY,0.1,0.0016899580434589776,0.030864197530864196,False
V3_CANDIDATE_DEVELOPMENT_ONLY_SURFACE,XGBOOST,0.2,0.0,0.25,0.4,0.1,59.5,1000000,UNSUPPORTED_WITHOUT_REPLAY,0.25,-0.0029396715861706516,0.0,False
V3_CANDIDATE_DEVELOPMENT_ONLY_SURFACE,XGBOOST,0.2,0.0,0.25,0.4,0.1,66.5,1000000,UNSUPPORTED_WITHOUT_REPLAY,0.0,0.009169041763153368,0.05555555555555555,False
V3_CANDIDATE_DEVELOPMENT_ONLY_SURFACE,XGBOOST,0.2,0.0,0.25,0.4,0.1,66.5,1000000,UNSUPPORTED_WITHOUT_REPLAY,0.05,0.006391263985375591,0.05555555555555555,False
V3_CANDIDATE_DEVELOPMENT_ONLY_SURFACE,XGBOOST,0.2,0.0,0.25,0.4,0.1,66.5,1000000,UNSUPPORTED_WITHOUT_REPLAY,0.1,0.0036134862075978135,0.05555555555555555,False
V3_CANDIDATE_DEVELOPMENT_ONLY_SURFACE,XGBOOST,0.2,0.0,0.25,0.4,0.1,66.5,1000000,UNSUPPORTED_WITHOUT_REPLAY,0.25,-0.00471984712573552,0.00411522633744856,False
V3_CANDIDATE_DEVELOPMENT_ONLY_SURFACE,XGBOOST,0.2,0.0,0.25,0.4,0.1,77.5,1000000,UNSUPPORTED_WITHOUT_REPLAY,0.0,0.011867172101358637,0.07407407407407407,False
V3_CANDIDATE_DEVELOPMENT_ONLY_SURFACE,XGBOOST,0.2,0.0,0.25,0.4,0.1,77.5,1000000,UNSUPPORTED_WITHOUT_REPLAY,0.05,0.008163468397654937,0.07407407407407407,False
V3_CANDIDATE_DEVELOPMENT_ONLY_SURFACE,XGBOOST,0.2,0.0,0.25,0.4,0.1,77.5,1000000,UNSUPPORTED_WITHOUT_REPLAY,0.1,0.004459764693951231,0.07407407407407407,False
V3_CANDIDATE_DEVELOPMENT_ONLY_SURFACE,XGBOOST,0.2,0.0,0.25,0.4,0.1,77.5,1000000,UNSUPPORTED_WITHOUT_REPLAY,0.25,-0.0066513464171598785,0.00411522633744856,False
V3_CANDIDATE_DEVELOPMENT_ONLY_SURFACE,XGBOOST,0.2,0.0,0.25,0.6,0.0,59.5,1000000,UNSUPPORTED_WITHOUT_REPLAY,0.0,0.005784745191400361,0.08641975308641975,False
V3_CANDIDATE_DEVELOPMENT_ONLY_SURFACE,XGBOOST,0.2,0.0,0.25,0.6,0.0,59.5,1000000,UNSUPPORTED_WITHOUT_REPLAY,0.05,0.0014637575370793725,0.059670781893004114,False
V3_CANDIDATE_DEVELOPMENT_ONLY_SURFACE,XGBOOST,0.2,0.0,0.25,0.6,0.0,59.5,1000000,UNSUPPORTED_WITHOUT_REPLAY,0.1,-0.002857230117241616,0.01440329218106996,False
V3_CANDIDATE_DEVELOPMENT_ONLY_SURFACE,XGBOOST,0.2,0.0,0.25,0.6,0.0,59.5,1000000,UNSUPPORTED_WITHOUT_REPLAY,0.25,-0.01582019308020458,0.0,False
V3_CANDIDATE_DEVELOPMENT_ONLY_SURFACE,XGBOOST,0.2,0.0,0.25,0.6,0.0,66.5,1000000,UNSUPPORTED_WITHOUT_REPLAY,0.0,0.01003604127224837,0.11934156378600823,False
V3_CANDIDATE_DEVELOPMENT_ONLY_SURFACE,XGBOOST,0.2,0.0,0.25,0.6,0.0,66.5,1000000,UNSUPPORTED_WITHOUT_REPLAY,0.05,0.004068963082947958,0.0823045267489712,False
V3_CANDIDATE_DEVELOPMENT_ONLY_SURFACE,XGBOOST,0.2,0.0,0.25,0.6,0.0,66.5,1000000,UNSUPPORTED_WITHOUT_REPLAY,0.1,-0.001898115106352454,0.03497942386831276,False
V3_CANDIDATE_DEVELOPMENT_ONLY_SURFACE,XGBOOST,0.2,0.0,0.25,0.6,0.0,66.5,1000000,UNSUPPORTED_WITHOUT_REPLAY,0.25,-0.01979934967425369,0.00411522633744856,False
V3_CANDIDATE_DEVELOPMENT_ONLY_SURFACE,XGBOOST,0.2,0.0,0.25,0.6,0.0,77.5,1000000,UNSUPPORTED_WITHOUT_REPLAY,0.0,0.012598315348246729,0.14814814814814814,False
V3_CANDIDATE_DEVELOPMENT_ONLY_SURFACE,XGBOOST,0.2,0.0,0.25,0.6,0.0,77.5,1000000,UNSUPPORTED_WITHOUT_REPLAY,0.05,0.005190907940839321,0.10493827160493827,False
V3_CANDIDATE_DEVELOPMENT_ONLY_SURFACE,XGBOOST,0.2,0.0,0.25,0.6,0.0,77.5,1000000,UNSUPPORTED_WITHOUT_REPLAY,0.1,-0.002216499466568087,0.043209876543209874,False
V3_CANDIDATE_DEVELOPMENT_ONLY_SURFACE,XGBOOST,0.2,0.0,0.25,0.6,0.0,77.5,1000000,UNSUPPORTED_WITHOUT_REPLAY,0.25,-0.024438721688790313,0.00411522633744856,False
V3_CANDIDATE_DEVELOPMENT_ONLY_SURFACE,XGBOOST,0.2,0.0,0.25,0.6,0.05,59.5,1000000,UNSUPPORTED_WITHOUT_REPLAY,0.0,0.005234054267890148,0.059670781893004114,False
V3_CANDIDATE_DEVELOPMENT_ONLY_SURFACE,XGBOOST,0.2,0.0,0.25,0.6,0.05,59.5,1000000,UNSUPPORTED_WITHOUT_REPLAY,0.05,0.0022505151732399417,0.059670781893004114,False
V3_CANDIDATE_DEVELOPMENT_ONLY_SURFACE,XGBOOST,0.2,0.0,0.25,0.6,0.05,59.5,1000000,UNSUPPORTED_WITHOUT_REPLAY,0.1,-0.000733023921410264,0.01440329218106996,False
V3_CANDIDATE_DEVELOPMENT_ONLY_SURFACE,XGBOOST,0.2,0.0,0.25,0.6,0.05,59.5,1000000,UNSUPPORTED_WITHOUT_REPLAY,0.25,-0.009683641205360883,0.0,False
V3_CANDIDATE_DEVELOPMENT_ONLY_SURFACE,XGBOOST,0.2,0.0,0.25,0.6,0.05,66.5,1000000,UNSUPPORTED_WITHOUT_REPLAY,0.0,0.0093245562143137,0.0823045267489712,False
V3_CANDIDATE_DEVELOPMENT_ONLY_SURFACE,XGBOOST,0.2,0.0,0.25,0.6,0.05,66.5,1000000,UNSUPPORTED_WITHOUT_REPLAY,0.05,0.005209329876865138,0.0823045267489712,False
V3_CANDIDATE_DEVELOPMENT_ONLY_SURFACE,XGBOOST,0.2,0.0,0.25,0.6,0.05,66.5,1000000,UNSUPPORTED_WITHOUT_REPLAY,0.1,0.0010941035394165788,0.03497942386831276,False
V3_CANDIDATE_DEVELOPMENT_ONLY_SURFACE,XGBOOST,0.2,0.0,0.25,0.6,0.05,66.5,1000000,UNSUPPORTED_WITHOUT_REPLAY,0.25,-0.011251575472929098,0.00411522633744856,False
V3_CANDIDATE_DEVELOPMENT_ONLY_SURFACE,XGBOOST,0.2,0.0,0.25,0.6,0.05,77.5,1000000,UNSUPPORTED_WITHOUT_REPLAY,0.0,0.011767852364487713,0.10493827160493827,False
V3_CANDIDATE_DEVELOPMENT_ONLY_SURFACE,XGBOOST,0.2,0.0,0.25,0.6,0.05,77.5,1000000,UNSUPPORTED_WITHOUT_REPLAY,0.05,0.0065209387842408,0.10493827160493827,False
V3_CANDIDATE_DEVELOPMENT_ONLY_SURFACE,XGBOOST,0.2,0.0,0.25,0.6,0.05,77.5,1000000,UNSUPPORTED_WITHOUT_REPLAY,0.1,0.0012740252039938867,0.043209876543209874,False
V3_CANDIDATE_DEVELOPMENT_ONLY_SURFACE,XGBOOST,0.2,0.0,0.25,0.6,0.05,77.5,1000000,UNSUPPORTED_WITHOUT_REPLAY,0.25,-0.014466715536746855,0.00411522633744856,False
V3_CANDIDATE_DEVELOPMENT_ONLY_SURFACE,XGBOOST,0.2,0.0,0.25,0.6,0.1,59.5,1000000,UNSUPPORTED_WITHOUT_REPLAY,0.0,0.002093314013594033,0.01440329218106996,False
V3_CANDIDATE_DEVELOPMENT_ONLY_SURFACE,XGBOOST,0.2,0.0,0.25,0.6,0.1,59.5,1000000,UNSUPPORTED_WITHOUT_REPLAY,0.05,0.001373149404540535,0.01440329218106996,False
V3_CANDIDATE_DEVELOPMENT_ONLY_SURFACE,XGBOOST,0.2,0.0,0.25,0.6,0.1,59.5,1000000,UNSUPPORTED_WITHOUT_REPLAY,0.1,0.0006529847954870369,0.01440329218106996,False
V3_CANDIDATE_DEVELOPMENT_ONLY_SURFACE,XGBOOST,0.2,0.0,0.25,0.6,0.1,59.5,1000000,UNSUPPORTED_WITHOUT_REPLAY,0.25,-0.0015075090316734568,0.0,False
V3_CANDIDATE_DEVELOPMENT_ONLY_SURFACE,XGBOOST,0.2,0.0,0.25,0.6,0.1,66.5,1000000,UNSUPPORTED_WITHOUT_REPLAY,0.0,0.006016613870133328,0.03497942386831276,False
V3_CANDIDATE_DEVELOPMENT_ONLY_SURFACE,XGBOOST,0.2,0.0,0.25,0.6,0.1,66.5,1000000,UNSUPPORTED_WITHOUT_REPLAY,0.05,0.00426764267671769,0.03497942386831276,False
V3_CANDIDATE_DEVELOPMENT_ONLY_SURFACE,XGBOOST,0.2,0.0,0.25,0.6,0.1,66.5,1000000,UNSUPPORTED_WITHOUT_REPLAY,0.1,0.0025186714833020517,0.03497942386831276,False
V3_CANDIDATE_DEVELOPMENT_ONLY_SURFACE,XGBOOST,0.2,0.0,0.25,0.6,0.1,66.5,1000000,UNSUPPORTED_WITHOUT_REPLAY,0.25,-0.002728242096944861,0.00411522633744856,False
V3_CANDIDATE_DEVELOPMENT_ONLY_SURFACE,XGBOOST,0.2,0.0,0.25,0.6,0.1,77.5,1000000,UNSUPPORTED_WITHOUT_REPLAY,0.0,0.007370353557306736,0.043209876543209874,False
V3_CANDIDATE_DEVELOPMENT_ONLY_SURFACE,XGBOOST,0.2,0.0,0.25,0.6,0.1,77.5,1000000,UNSUPPORTED_WITHOUT_REPLAY,0.05,0.005209859730146242,0.043209876543209874,False
V3_CANDIDATE_DEVELOPMENT_ONLY_SURFACE,XGBOOST,0.2,0.0,0.25,0.6,0.1,77.5,1000000,UNSUPPORTED_WITHOUT_REPLAY,0.1,0.0030493659029857483,0.043209876543209874,False
V3_CANDIDATE_DEVELOPMENT_ONLY_SURFACE,XGBOOST,0.2,0.0,0.25,0.6,0.1,77.5,1000000,UNSUPPORTED_WITHOUT_REPLAY,0.25,-0.0034321155784957326,0.00411522633744856,False
V3_CANDIDATE_DEVELOPMENT_ONLY_SURFACE,XGBOOST,0.2,0.0,0.25,0.8,0.0,59.5,1000000,UNSUPPORTED_WITHOUT_REPLAY,0.0,0.0003937497778723489,0.006172839506172839,False
V3_CANDIDATE_DEVELOPMENT_ONLY_SURFACE,XGBOOST,0.2,0.0,0.25,0.8,0.0,59.5,1000000,UNSUPPORTED_WITHOUT_REPLAY,0.05,8.510780256370688e-05,0.006172839506172839,False
V3_CANDIDATE_DEVELOPMENT_ONLY_SURFACE,XGBOOST,0.2,0.0,0.25,0.8,0.0,59.5,1000000,UNSUPPORTED_WITHOUT_REPLAY,0.1,-0.00022353417274493511,0.0,False
V3_CANDIDATE_DEVELOPMENT_ONLY_SURFACE,XGBOOST,0.2,0.0,0.25,0.8,0.0,59.5,1000000,UNSUPPORTED_WITHOUT_REPLAY,0.25,-0.0011494600986708611,0.0,False
V3_CANDIDATE_DEVELOPMENT_ONLY_SURFACE,XGBOOST,0.2,0.0,0.25,0.8,0.0,66.5,1000000,UNSUPPORTED_WITHOUT_REPLAY,0.0,0.0003937497778723489,0.006172839506172839,False
V3_CANDIDATE_DEVELOPMENT_ONLY_SURFACE,XGBOOST,0.2,0.0,0.25,0.8,0.0,66.5,1000000,UNSUPPORTED_WITHOUT_REPLAY,0.05,8.510780256370688e-05,0.006172839506172839,False
V3_CANDIDATE_DEVELOPMENT_ONLY_SURFACE,XGBOOST,0.2,0.0,0.25,0.8,0.0,66.5,1000000,UNSUPPORTED_WITHOUT_REPLAY,0.1,-0.00022353417274493511,0.0,False
V3_CANDIDATE_DEVELOPMENT_ONLY_SURFACE,XGBOOST,0.2,0.0,0.25,0.8,0.0,66.5,1000000,UNSUPPORTED_WITHOUT_REPLAY,0.25,-0.0011494600986708611,0.0,False
V3_CANDIDATE_DEVELOPMENT_ONLY_SURFACE,XGBOOST,0.2,0.0,0.25,0.8,0.0,77.5,1000000,UNSUPPORTED_WITHOUT_REPLAY,0.0,0.0003937497778723489,0.006172839506172839,False
V3_CANDIDATE_DEVELOPMENT_ONLY_SURFACE,XGBOOST,0.2,0.0,0.25,0.8,0.0,77.5,1000000,UNSUPPORTED_WITHOUT_REPLAY,0.05,8.510780256370688e-05,0.006172839506172839,False
V3_CANDIDATE_DEVELOPMENT_ONLY_SURFACE,XGBOOST,0.2,0.0,0.25,0.8,0.0,77.5,1000000,UNSUPPORTED_WITHOUT_REPLAY,0.1,-0.00022353417274493511,0.0,False
V3_CANDIDATE_DEVELOPMENT_ONLY_SURFACE,XGBOOST,0.2,0.0,0.25,0.8,0.0,77.5,1000000,UNSUPPORTED_WITHOUT_REPLAY,0.25,-0.0011494600986708611,0.0,False
V3_CANDIDATE_DEVELOPMENT_ONLY_SURFACE,XGBOOST,0.2,0.0,0.25,0.8,0.05,59.5,1000000,UNSUPPORTED_WITHOUT_REPLAY,0.0,0.0003937497778723489,0.006172839506172839,False
V3_CANDIDATE_DEVELOPMENT_ONLY_SURFACE,XGBOOST,0.2,0.0,0.25,0.8,0.05,59.5,1000000,UNSUPPORTED_WITHOUT_REPLAY,0.05,8.510780256370688e-05,0.006172839506172839,False
V3_CANDIDATE_DEVELOPMENT_ONLY_SURFACE,XGBOOST,0.2,0.0,0.25,0.8,0.05,59.5,1000000,UNSUPPORTED_WITHOUT_REPLAY,0.1,-0.00022353417274493511,0.0,False
V3_CANDIDATE_DEVELOPMENT_ONLY_SURFACE,XGBOOST,0.2,0.0,0.25,0.8,0.05,59.5,1000000,UNSUPPORTED_WITHOUT_REPLAY,0.25,-0.0011494600986708611,0.0,False
V3_CANDIDATE_DEVELOPMENT_ONLY_SURFACE,XGBOOST,0.2,0.0,0.25,0.8,0.05,66.5,1000000,UNSUPPORTED_WITHOUT_REPLAY,0.0,0.0003937497778723489,0.006172839506172839,False
V3_CANDIDATE_DEVELOPMENT_ONLY_SURFACE,XGBOOST,0.2,0.0,0.25,0.8,0.05,66.5,1000000,UNSUPPORTED_WITHOUT_REPLAY,0.05,8.510780256370688e-05,0.006172839506172839,False
V3_CANDIDATE_DEVELOPMENT_ONLY_SURFACE,XGBOOST,0.2,0.0,0.25,0.8,0.05,66.5,1000000,UNSUPPORTED_WITHOUT_REPLAY,0.1,-0.00022353417274493511,0.0,False
V3_CANDIDATE_DEVELOPMENT_ONLY_SURFACE,XGBOOST,0.2,0.0,0.25,0.8,0.05,66.5,1000000,UNSUPPORTED_WITHOUT_REPLAY,0.25,-0.0011494600986708611,0.0,False
V3_CANDIDATE_DEVELOPMENT_ONLY_SURFACE,XGBOOST,0.2,0.0,0.25,0.8,0.05,77.5,1000000,UNSUPPORTED_WITHOUT_REPLAY,0.0,0.0003937497778723489,0.006172839506172839,False
V3_CANDIDATE_DEVELOPMENT_ONLY_SURFACE,XGBOOST,0.2,0.0,0.25,0.8,0.05,77.5,1000000,UNSUPPORTED_WITHOUT_REPLAY,0.05,8.510780256370688e-05,0.006172839506172839,False
V3_CANDIDATE_DEVELOPMENT_ONLY_SURFACE,XGBOOST,0.2,0.0,0.25,0.8,0.05,77.5,1000000,UNSUPPORTED_WITHOUT_REPLAY,0.1,-0.00022353417274493511,0.0,False
V3_CANDIDATE_DEVELOPMENT_ONLY_SURFACE,XGBOOST,0.2,0.0,0.25,0.8,0.05,77.5,1000000,UNSUPPORTED_WITHOUT_REPLAY,0.25,-0.0011494600986708611,0.0,False
V3_CANDIDATE_DEVELOPMENT_ONLY_SURFACE,XGBOOST,0.2,0.0,0.25,0.8,0.1,59.5,1000000,UNSUPPORTED_WITHOUT_REPLAY,0.0,0.0,0.0,False
V3_CANDIDATE_DEVELOPMENT_ONLY_SURFACE,XGBOOST,0.2,0.0,0.25,0.8,0.1,59.5,1000000,UNSUPPORTED_WITHOUT_REPLAY,0.05,0.0,0.0,False
V3_CANDIDATE_DEVELOPMENT_ONLY_SURFACE,XGBOOST,0.2,0.0,0.25,0.8,0.1,59.5,1000000,UNSUPPORTED_WITHOUT_REPLAY,0.1,0.0,0.0,False
V3_CANDIDATE_DEVELOPMENT_ONLY_SURFACE,XGBOOST,0.2,0.0,0.25,0.8,0.1,59.5,1000000,UNSUPPORTED_WITHOUT_REPLAY,0.25,0.0,0.0,False
V3_CANDIDATE_DEVELOPMENT_ONLY_SURFACE,XGBOOST,0.2,0.0,0.25,0.8,0.1,66.5,1000000,UNSUPPORTED_WITHOUT_REPLAY,0.0,0.0,0.0,False
V3_CANDIDATE_DEVELOPMENT_ONLY_SURFACE,XGBOOST,0.2,0.0,0.25,0.8,0.1,66.5,1000000,UNSUPPORTED_WITHOUT_REPLAY,0.05,0.0,0.0,False
V3_CANDIDATE_DEVELOPMENT_ONLY_SURFACE,XGBOOST,0.2,0.0,0.25,0.8,0.1,66.5,1000000,UNSUPPORTED_WITHOUT_REPLAY,0.1,0.0,0.0,False
V3_CANDIDATE_DEVELOPMENT_ONLY_SURFACE,XGBOOST,0.2,0.0,0.25,0.8,0.1,66.5,1000000,UNSUPPORTED_WITHOUT_REPLAY,0.25,0.0,0.0,False
V3_CANDIDATE_DEVELOPMENT_ONLY_SURFACE,XGBOOST,0.2,0.0,0.25,0.8,0.1,77.5,1000000,UNSUPPORTED_WITHOUT_REPLAY,0.0,0.0,0.0,False
V3_CANDIDATE_DEVELOPMENT_ONLY_SURFACE,XGBOOST,0.2,0.0,0.25,0.8,0.1,77.5,1000000,UNSUPPORTED_WITHOUT_REPLAY,0.05,0.0,0.0,False
V3_CANDIDATE_DEVELOPMENT_ONLY_SURFACE,XGBOOST,0.2,0.0,0.25,0.8,0.1,77.5,1000000,UNSUPPORTED_WITHOUT_REPLAY,0.1,0.0,0.0,False
V3_CANDIDATE_DEVELOPMENT_ONLY_SURFACE,XGBOOST,0.2,0.0,0.25,0.8,0.1,77.5,1000000,UNSUPPORTED_WITHOUT_REPLAY,0.25,0.0,0.0,False
V3_CANDIDATE_DEVELOPMENT_ONLY_SURFACE,XGBOOST,0.2,0.0,0.5,0.0,0.0,59.5,1000000,UNSUPPORTED_WITHOUT_REPLAY,0.0,0.002264051071400159,0.04938271604938271,False
V3_CANDIDATE_DEVELOPMENT_ONLY_SURFACE,XGBOOST,0.2,0.0,0.5,0.0,0.0,59.5,1000000,UNSUPPORTED_WITHOUT_REPLAY,0.05,-0.00020508473106897718,0.0205761316872428,False
V3_CANDIDATE_DEVELOPMENT_ONLY_SURFACE,XGBOOST,0.2,0.0,0.5,0.0,0.0,59.5,1000000,UNSUPPORTED_WITHOUT_REPLAY,0.1,-0.002674220533538113,0.00411522633744856,False
V3_CANDIDATE_DEVELOPMENT_ONLY_SURFACE,XGBOOST,0.2,0.0,0.5,0.0,0.0,59.5,1000000,UNSUPPORTED_WITHOUT_REPLAY,0.25,-0.01008162794094552,0.0,False
V3_CANDIDATE_DEVELOPMENT_ONLY_SURFACE,XGBOOST,0.2,0.0,0.5,0.0,0.0,66.5,1000000,UNSUPPORTED_WITHOUT_REPLAY,0.0,0.0043519205143401725,0.08024691358024691,False
V3_CANDIDATE_DEVELOPMENT_ONLY_SURFACE,XGBOOST,0.2,0.0,0.5,0.0,0.0,66.5,1000000,UNSUPPORTED_WITHOUT_REPLAY,0.05,0.0003395748353278265,0.03909465020576132,False
V3_CANDIDATE_DEVELOPMENT_ONLY_SURFACE,XGBOOST,0.2,0.0,0.5,0.0,0.0,66.5,1000000,UNSUPPORTED_WITHOUT_REPLAY,0.1,-0.0036727708436845195,0.0102880658436214,False
V3_CANDIDATE_DEVELOPMENT_ONLY_SURFACE,XGBOOST,0.2,0.0,0.5,0.0,0.0,66.5,1000000,UNSUPPORTED_WITHOUT_REPLAY,0.25,-0.015709807880721557,0.0,False
V3_CANDIDATE_DEVELOPMENT_ONLY_SURFACE,XGBOOST,0.2,0.0,0.5,0.0,0.0,77.5,1000000,UNSUPPORTED_WITHOUT_REPLAY,0.0,0.006469387524103306,0.12757201646090535,False
V3_CANDIDATE_DEVELOPMENT_ONLY_SURFACE,XGBOOST,0.2,0.0,0.5,0.0,0.0,77.5,1000000,UNSUPPORTED_WITHOUT_REPLAY,0.05,9.078670105803775e-05,0.06172839506172839,False
V3_CANDIDATE_DEVELOPMENT_ONLY_SURFACE,XGBOOST,0.2,0.0,0.5,0.0,0.0,77.5,1000000,UNSUPPORTED_WITHOUT_REPLAY,0.1,-0.00628781412198723,0.012345679012345678,False
V3_CANDIDATE_DEVELOPMENT_ONLY_SURFACE,XGBOOST,0.2,0.0,0.5,0.0,0.0,77.5,1000000,UNSUPPORTED_WITHOUT_REPLAY,0.25,-0.025423616591123032,0.0,False
V3_CANDIDATE_DEVELOPMENT_ONLY_SURFACE,XGBOOST,0.2,0.0,0.5,0.0,0.05,59.5,1000000,UNSUPPORTED_WITHOUT_REPLAY,0.0,0.0016595232684686449,0.0205761316872428,False
V3_CANDIDATE_DEVELOPMENT_ONLY_SURFACE,XGBOOST,0.2,0.0,0.5,0.0,0.05,59.5,1000000,UNSUPPORTED_WITHOUT_REPLAY,0.05,0.000630716684106505,0.0205761316872428,False
V3_CANDIDATE_DEVELOPMENT_ONLY_SURFACE,XGBOOST,0.2,0.0,0.5,0.0,0.05,59.5,1000000,UNSUPPORTED_WITHOUT_REPLAY,0.1,-0.000398089900255635,0.00411522633744856,False
V3_CANDIDATE_DEVELOPMENT_ONLY_SURFACE,XGBOOST,0.2,0.0,0.5,0.0,0.05,59.5,1000000,UNSUPPORTED_WITHOUT_REPLAY,0.25,-0.0034845096533420543,0.0,False
V3_CANDIDATE_DEVELOPMENT_ONLY_SURFACE,XGBOOST,0.2,0.0,0.5,0.0,0.05,66.5,1000000,UNSUPPORTED_WITHOUT_REPLAY,0.0,0.003423599239345146,0.03909465020576132,False
V3_CANDIDATE_DEVELOPMENT_ONLY_SURFACE,XGBOOST,0.2,0.0,0.5,0.0,0.05,66.5,1000000,UNSUPPORTED_WITHOUT_REPLAY,0.05,0.0014688667290570802,0.03909465020576132,False
V3_CANDIDATE_DEVELOPMENT_ONLY_SURFACE,XGBOOST,0.2,0.0,0.5,0.0,0.05,66.5,1000000,UNSUPPORTED_WITHOUT_REPLAY,0.1,-0.0004858657812309858,0.0102880658436214,False
V3_CANDIDATE_DEVELOPMENT_ONLY_SURFACE,XGBOOST,0.2,0.0,0.5,0.0,0.05,66.5,1000000,UNSUPPORTED_WITHOUT_REPLAY,0.25,-0.0063500633120951834,0.0,False
V3_CANDIDATE_DEVELOPMENT_ONLY_SURFACE,XGBOOST,0.2,0.0,0.5,0.0,0.05,77.5,1000000,UNSUPPORTED_WITHOUT_REPLAY,0.0,0.004882119102674567,0.06172839506172839,False
V3_CANDIDATE_DEVELOPMENT_ONLY_SURFACE,XGBOOST,0.2,0.0,0.5,0.0,0.05,77.5,1000000,UNSUPPORTED_WITHOUT_REPLAY,0.05,0.0017956993495881466,0.06172839506172839,False
V3_CANDIDATE_DEVELOPMENT_ONLY_SURFACE,XGBOOST,0.2,0.0,0.5,0.0,0.05,77.5,1000000,UNSUPPORTED_WITHOUT_REPLAY,0.1,-0.0012907204034982736,0.012345679012345678,False
V3_CANDIDATE_DEVELOPMENT_ONLY_SURFACE,XGBOOST,0.2,0.0,0.5,0.0,0.05,77.5,1000000,UNSUPPORTED_WITHOUT_REPLAY,0.25,-0.010549979662757532,0.0,False
V3_CANDIDATE_DEVELOPMENT_ONLY_SURFACE,XGBOOST,0.2,0.0,0.5,0.0,0.1,59.5,1000000,UNSUPPORTED_WITHOUT_REPLAY,0.0,0.00043635053452485207,0.00411522633744856,False
V3_CANDIDATE_DEVELOPMENT_ONLY_SURFACE,XGBOOST,0.2,0.0,0.5,0.0,0.1,59.5,1000000,UNSUPPORTED_WITHOUT_REPLAY,0.05,0.0002305892176524241,0.00411522633744856,False
V3_CANDIDATE_DEVELOPMENT_ONLY_SURFACE,XGBOOST,0.2,0.0,0.5,0.0,0.1,59.5,1000000,UNSUPPORTED_WITHOUT_REPLAY,0.1,2.4827900779996103e-05,0.00411522633744856,False
V3_CANDIDATE_DEVELOPMENT_ONLY_SURFACE,XGBOOST,0.2,0.0,0.5,0.0,0.1,59.5,1000000,UNSUPPORTED_WITHOUT_REPLAY,0.25,-0.0005924560498372878,0.0,False
V3_CANDIDATE_DEVELOPMENT_ONLY_SURFACE,XGBOOST,0.2,0.0,0.5,0.0,0.1,66.5,1000000,UNSUPPORTED_WITHOUT_REPLAY,0.0,0.0013816027749479895,0.0102880658436214,False
V3_CANDIDATE_DEVELOPMENT_ONLY_SURFACE,XGBOOST,0.2,0.0,0.5,0.0,0.1,66.5,1000000,UNSUPPORTED_WITHOUT_REPLAY,0.05,0.0008671994827669194,0.0102880658436214,False
V3_CANDIDATE_DEVELOPMENT_ONLY_SURFACE,XGBOOST,0.2,0.0,0.5,0.0,0.1,66.5,1000000,UNSUPPORTED_WITHOUT_REPLAY,0.1,0.00035279619058584946,0.0102880658436214,False
V3_CANDIDATE_DEVELOPMENT_ONLY_SURFACE,XGBOOST,0.2,0.0,0.5,0.0,0.1,66.5,1000000,UNSUPPORTED_WITHOUT_REPLAY,0.25,-0.0011904136859573603,0.0,False
V3_CANDIDATE_DEVELOPMENT_ONLY_SURFACE,XGBOOST,0.2,0.0,0.5,0.0,0.1,77.5,1000000,UNSUPPORTED_WITHOUT_REPLAY,0.0,0.0015944120271605125,0.012345679012345678,False
V3_CANDIDATE_DEVELOPMENT_ONLY_SURFACE,XGBOOST,0.2,0.0,0.5,0.0,0.1,77.5,1000000,UNSUPPORTED_WITHOUT_REPLAY,0.05,0.0009771280765432286,0.012345679012345678,False
V3_CANDIDATE_DEVELOPMENT_ONLY_SURFACE,XGBOOST,0.2,0.0,0.5,0.0,0.1,77.5,1000000,UNSUPPORTED_WITHOUT_REPLAY,0.1,0.0003598441259259447,0.012345679012345678,False
V3_CANDIDATE_DEVELOPMENT_ONLY_SURFACE,XGBOOST,0.2,0.0,0.5,0.0,0.1,77.5,1000000,UNSUPPORTED_WITHOUT_REPLAY,0.25,-0.0014920077259259071,0.0,False
V3_CANDIDATE_DEVELOPMENT_ONLY_SURFACE,XGBOOST,0.2,0.0,0.5,0.4,0.0,59.5,1000000,UNSUPPORTED_WITHOUT_REPLAY,0.0,0.002264051071400159,0.04938271604938271,False
V3_CANDIDATE_DEVELOPMENT_ONLY_SURFACE,XGBOOST,0.2,0.0,0.5,0.4,0.0,59.5,1000000,UNSUPPORTED_WITHOUT_REPLAY,0.05,-0.00020508473106897718,0.0205761316872428,False
V3_CANDIDATE_DEVELOPMENT_ONLY_SURFACE,XGBOOST,0.2,0.0,0.5,0.4,0.0,59.5,1000000,UNSUPPORTED_WITHOUT_REPLAY,0.1,-0.002674220533538113,0.00411522633744856,False
V3_CANDIDATE_DEVELOPMENT_ONLY_SURFACE,XGBOOST,0.2,0.0,0.5,0.4,0.0,59.5,1000000,UNSUPPORTED_WITHOUT_REPLAY,0.25,-0.01008162794094552,0.0,False
V3_CANDIDATE_DEVELOPMENT_ONLY_SURFACE,XGBOOST,0.2,0.0,0.5,0.4,0.0,66.5,1000000,UNSUPPORTED_WITHOUT_REPLAY,0.0,0.0043519205143401725,0.08024691358024691,False
V3_CANDIDATE_DEVELOPMENT_ONLY_SURFACE,XGBOOST,0.2,0.0,0.5,0.4,0.0,66.5,1000000,UNSUPPORTED_WITHOUT_REPLAY,0.05,0.0003395748353278265,0.03909465020576132,False
V3_CANDIDATE_DEVELOPMENT_ONLY_SURFACE,XGBOOST,0.2,0.0,0.5,0.4,0.0,66.5,1000000,UNSUPPORTED_WITHOUT_REPLAY,0.1,-0.0036727708436845195,0.0102880658436214,False
V3_CANDIDATE_DEVELOPMENT_ONLY_SURFACE,XGBOOST,0.2,0.0,0.5,0.4,0.0,66.5,1000000,UNSUPPORTED_WITHOUT_REPLAY,0.25,-0.015709807880721557,0.0,False
V3_CANDIDATE_DEVELOPMENT_ONLY_SURFACE,XGBOOST,0.2,0.0,0.5,0.4,0.0,77.5,1000000,UNSUPPORTED_WITHOUT_REPLAY,0.0,0.006469387524103306,0.12757201646090535,False
V3_CANDIDATE_DEVELOPMENT_ONLY_SURFACE,XGBOOST,0.2,0.0,0.5,0.4,0.0,77.5,1000000,UNSUPPORTED_WITHOUT_REPLAY,0.05,9.078670105803775e-05,0.06172839506172839,False
V3_CANDIDATE_DEVELOPMENT_ONLY_SURFACE,XGBOOST,0.2,0.0,0.5,0.4,0.0,77.5,1000000,UNSUPPORTED_WITHOUT_REPLAY,0.1,-0.00628781412198723,0.012345679012345678,False
V3_CANDIDATE_DEVELOPMENT_ONLY_SURFACE,XGBOOST,0.2,0.0,0.5,0.4,0.0,77.5,1000000,UNSUPPORTED_WITHOUT_REPLAY,0.25,-0.025423616591123032,0.0,False
V3_CANDIDATE_DEVELOPMENT_ONLY_SURFACE,XGBOOST,0.2,0.0,0.5,0.4,0.05,59.5,1000000,UNSUPPORTED_WITHOUT_REPLAY,0.0,0.0016595232684686449,0.0205761316872428,False
V3_CANDIDATE_DEVELOPMENT_ONLY_SURFACE,XGBOOST,0.2,0.0,0.5,0.4,0.05,59.5,1000000,UNSUPPORTED_WITHOUT_REPLAY,0.05,0.000630716684106505,0.0205761316872428,False
V3_CANDIDATE_DEVELOPMENT_ONLY_SURFACE,XGBOOST,0.2,0.0,0.5,0.4,0.05,59.5,1000000,UNSUPPORTED_WITHOUT_REPLAY,0.1,-0.000398089900255635,0.00411522633744856,False
V3_CANDIDATE_DEVELOPMENT_ONLY_SURFACE,XGBOOST,0.2,0.0,0.5,0.4,0.05,59.5,1000000,UNSUPPORTED_WITHOUT_REPLAY,0.25,-0.0034845096533420543,0.0,False
V3_CANDIDATE_DEVELOPMENT_ONLY_SURFACE,XGBOOST,0.2,0.0,0.5,0.4,0.05,66.5,1000000,UNSUPPORTED_WITHOUT_REPLAY,0.0,0.003423599239345146,0.03909465020576132,False
V3_CANDIDATE_DEVELOPMENT_ONLY_SURFACE,XGBOOST,0.2,0.0,0.5,0.4,0.05,66.5,1000000,UNSUPPORTED_WITHOUT_REPLAY,0.05,0.0014688667290570802,0.03909465020576132,False
V3_CANDIDATE_DEVELOPMENT_ONLY_SURFACE,XGBOOST,0.2,0.0,0.5,0.4,0.05,66.5,1000000,UNSUPPORTED_WITHOUT_REPLAY,0.1,-0.0004858657812309858,0.0102880658436214,False
V3_CANDIDATE_DEVELOPMENT_ONLY_SURFACE,XGBOOST,0.2,0.0,0.5,0.4,0.05,66.5,1000000,UNSUPPORTED_WITHOUT_REPLAY,0.25,-0.0063500633120951834,0.0,False
V3_CANDIDATE_DEVELOPMENT_ONLY_SURFACE,XGBOOST,0.2,0.0,0.5,0.4,0.05,77.5,1000000,UNSUPPORTED_WITHOUT_REPLAY,0.0,0.004882119102674567,0.06172839506172839,False
V3_CANDIDATE_DEVELOPMENT_ONLY_SURFACE,XGBOOST,0.2,0.0,0.5,0.4,0.05,77.5,1000000,UNSUPPORTED_WITHOUT_REPLAY,0.05,0.0017956993495881466,0.06172839506172839,False
V3_CANDIDATE_DEVELOPMENT_ONLY_SURFACE,XGBOOST,0.2,0.0,0.5,0.4,0.05,77.5,1000000,UNSUPPORTED_WITHOUT_REPLAY,0.1,-0.0012907204034982736,0.012345679012345678,False
V3_CANDIDATE_DEVELOPMENT_ONLY_SURFACE,XGBOOST,0.2,0.0,0.5,0.4,0.05,77.5,1000000,UNSUPPORTED_WITHOUT_REPLAY,0.25,-0.010549979662757532,0.0,False
V3_CANDIDATE_DEVELOPMENT_ONLY_SURFACE,XGBOOST,0.2,0.0,0.5,0.4,0.1,59.5,1000000,UNSUPPORTED_WITHOUT_REPLAY,0.0,0.00043635053452485207,0.00411522633744856,False
V3_CANDIDATE_DEVELOPMENT_ONLY_SURFACE,XGBOOST,0.2,0.0,0.5,0.4,0.1,59.5,1000000,UNSUPPORTED_WITHOUT_REPLAY,0.05,0.0002305892176524241,0.00411522633744856,False
V3_CANDIDATE_DEVELOPMENT_ONLY_SURFACE,XGBOOST,0.2,0.0,0.5,0.4,0.1,59.5,1000000,UNSUPPORTED_WITHOUT_REPLAY,0.1,2.4827900779996103e-05,0.00411522633744856,False
V3_CANDIDATE_DEVELOPMENT_ONLY_SURFACE,XGBOOST,0.2,0.0,0.5,0.4,0.1,59.5,1000000,UNSUPPORTED_WITHOUT_REPLAY,0.25,-0.0005924560498372878,0.0,False
V3_CANDIDATE_DEVELOPMENT_ONLY_SURFACE,XGBOOST,0.2,0.0,0.5,0.4,0.1,66.5,1000000,UNSUPPORTED_WITHOUT_REPLAY,0.0,0.0013816027749479895,0.0102880658436214,False
V3_CANDIDATE_DEVELOPMENT_ONLY_SURFACE,XGBOOST,0.2,0.0,0.5,0.4,0.1,66.5,1000000,UNSUPPORTED_WITHOUT_REPLAY,0.05,0.0008671994827669194,0.0102880658436214,False
V3_CANDIDATE_DEVELOPMENT_ONLY_SURFACE,XGBOOST,0.2,0.0,0.5,0.4,0.1,66.5,1000000,UNSUPPORTED_WITHOUT_REPLAY,0.1,0.00035279619058584946,0.0102880658436214,False
V3_CANDIDATE_DEVELOPMENT_ONLY_SURFACE,XGBOOST,0.2,0.0,0.5,0.4,0.1,66.5,1000000,UNSUPPORTED_WITHOUT_REPLAY,0.25,-0.0011904136859573603,0.0,False
V3_CANDIDATE_DEVELOPMENT_ONLY_SURFACE,XGBOOST,0.2,0.0,0.5,0.4,0.1,77.5,1000000,UNSUPPORTED_WITHOUT_REPLAY,0.0,0.0015944120271605125,0.012345679012345678,False
V3_CANDIDATE_DEVELOPMENT_ONLY_SURFACE,XGBOOST,0.2,0.0,0.5,0.4,0.1,77.5,1000000,UNSUPPORTED_WITHOUT_REPLAY,0.05,0.0009771280765432286,0.012345679012345678,False
V3_CANDIDATE_DEVELOPMENT_ONLY_SURFACE,XGBOOST,0.2,0.0,0.5,0.4,0.1,77.5,1000000,UNSUPPORTED_WITHOUT_REPLAY,0.1,0.0003598441259259447,0.012345679012345678,False
V3_CANDIDATE_DEVELOPMENT_ONLY_SURFACE,XGBOOST,0.2,0.0,0.5,0.4,0.1,77.5,1000000,UNSUPPORTED_WITHOUT_REPLAY,0.25,-0.0014920077259259071,0.0,False
V3_CANDIDATE_DEVELOPMENT_ONLY_SURFACE,XGBOOST,0.2,0.0,0.5,0.6,0.0,59.5,1000000,UNSUPPORTED_WITHOUT_REPLAY,0.0,0.0012177336799402902,0.02880658436213992,False
V3_CANDIDATE_DEVELOPMENT_ONLY_SURFACE,XGBOOST,0.2,0.0,0.5,0.6,0.0,59.5,1000000,UNSUPPORTED_WITHOUT_REPLAY,0.05,-0.00022259553816670585,0.0102880658436214,False
V3_CANDIDATE_DEVELOPMENT_ONLY_SURFACE,XGBOOST,0.2,0.0,0.5,0.6,0.0,59.5,1000000,UNSUPPORTED_WITHOUT_REPLAY,0.1,-0.0016629247562737022,0.0,False
V3_CANDIDATE_DEVELOPMENT_ONLY_SURFACE,XGBOOST,0.2,0.0,0.5,0.6,0.0,59.5,1000000,UNSUPPORTED_WITHOUT_REPLAY,0.25,-0.005983912410594689,0.0,False
V3_CANDIDATE_DEVELOPMENT_ONLY_SURFACE,XGBOOST,0.2,0.0,0.5,0.6,0.0,66.5,1000000,UNSUPPORTED_WITHOUT_REPLAY,0.0,0.003008279244635382,0.051440329218107,False
V3_CANDIDATE_DEVELOPMENT_ONLY_SURFACE,XGBOOST,0.2,0.0,0.5,0.6,0.0,66.5,1000000,UNSUPPORTED_WITHOUT_REPLAY,0.05,0.00043626278373003175,0.026748971193415638,False
V3_CANDIDATE_DEVELOPMENT_ONLY_SURFACE,XGBOOST,0.2,0.0,0.5,0.6,0.0,66.5,1000000,UNSUPPORTED_WITHOUT_REPLAY,0.1,-0.002135753677175318,0.006172839506172839,False
V3_CANDIDATE_DEVELOPMENT_ONLY_SURFACE,XGBOOST,0.2,0.0,0.5,0.6,0.0,66.5,1000000,UNSUPPORTED_WITHOUT_REPLAY,0.25,-0.009851803059891367,0.0,False
V3_CANDIDATE_DEVELOPMENT_ONLY_SURFACE,XGBOOST,0.2,0.0,0.5,0.6,0.0,77.5,1000000,UNSUPPORTED_WITHOUT_REPLAY,0.0,0.004145227011076855,0.07407407407407407,False
V3_CANDIDATE_DEVELOPMENT_ONLY_SURFACE,XGBOOST,0.2,0.0,0.5,0.6,0.0,77.5,1000000,UNSUPPORTED_WITHOUT_REPLAY,0.05,0.00044152330737315176,0.037037037037037035,False
V3_CANDIDATE_DEVELOPMENT_ONLY_SURFACE,XGBOOST,0.2,0.0,0.5,0.6,0.0,77.5,1000000,UNSUPPORTED_WITHOUT_REPLAY,0.1,-0.0032621803963305525,0.00823045267489712,False
V3_CANDIDATE_DEVELOPMENT_ONLY_SURFACE,XGBOOST,0.2,0.0,0.5,0.6,0.0,77.5,1000000,UNSUPPORTED_WITHOUT_REPLAY,0.25,-0.014373291507441663,0.0,False
V3_CANDIDATE_DEVELOPMENT_ONLY_SURFACE,XGBOOST,0.2,0.0,0.5,0.6,0.05,59.5,1000000,UNSUPPORTED_WITHOUT_REPLAY,0.0,0.0007907413230873972,0.0102880658436214,False
V3_CANDIDATE_DEVELOPMENT_ONLY_SURFACE,XGBOOST,0.2,0.0,0.5,0.6,0.05,59.5,1000000,UNSUPPORTED_WITHOUT_REPLAY,0.05,0.0002763380309063272,0.0102880658436214,False
V3_CANDIDATE_DEVELOPMENT_ONLY_SURFACE,XGBOOST,0.2,0.0,0.5,0.6,0.05,59.5,1000000,UNSUPPORTED_WITHOUT_REPLAY,0.1,-0.0002380652612747428,0.0,False
V3_CANDIDATE_DEVELOPMENT_ONLY_SURFACE,XGBOOST,0.2,0.0,0.5,0.6,0.05,59.5,1000000,UNSUPPORTED_WITHOUT_REPLAY,0.25,-0.0017812751378179527,0.0,False
V3_CANDIDATE_DEVELOPMENT_ONLY_SURFACE,XGBOOST,0.2,0.0,0.5,0.6,0.05,66.5,1000000,UNSUPPORTED_WITHOUT_REPLAY,0.0,0.002447437996027569,0.026748971193415638,False
V3_CANDIDATE_DEVELOPMENT_ONLY_SURFACE,XGBOOST,0.2,0.0,0.5,0.6,0.05,66.5,1000000,UNSUPPORTED_WITHOUT_REPLAY,0.05,0.0011099894363567867,0.026748971193415638,False
V3_CANDIDATE_DEVELOPMENT_ONLY_SURFACE,XGBOOST,0.2,0.0,0.5,0.6,0.05,66.5,1000000,UNSUPPORTED_WITHOUT_REPLAY,0.1,-0.0002274591233139953,0.006172839506172839,False
V3_CANDIDATE_DEVELOPMENT_ONLY_SURFACE,XGBOOST,0.2,0.0,0.5,0.6,0.05,66.5,1000000,UNSUPPORTED_WITHOUT_REPLAY,0.25,-0.004239804802326341,0.0,False
V3_CANDIDATE_DEVELOPMENT_ONLY_SURFACE,XGBOOST,0.2,0.0,0.5,0.6,0.05,77.5,1000000,UNSUPPORTED_WITHOUT_REPLAY,0.0,0.0032203454423547885,0.037037037037037035,False
V3_CANDIDATE_DEVELOPMENT_ONLY_SURFACE,XGBOOST,0.2,0.0,0.5,0.6,0.05,77.5,1000000,UNSUPPORTED_WITHOUT_REPLAY,0.05,0.0013684935905029368,0.037037037037037035,False
V3_CANDIDATE_DEVELOPMENT_ONLY_SURFACE,XGBOOST,0.2,0.0,0.5,0.6,0.05,77.5,1000000,UNSUPPORTED_WITHOUT_REPLAY,0.1,-0.00048335826134891536,0.00823045267489712,False
V3_CANDIDATE_DEVELOPMENT_ONLY_SURFACE,XGBOOST,0.2,0.0,0.5,0.6,0.05,77.5,1000000,UNSUPPORTED_WITHOUT_REPLAY,0.25,-0.006038913816904471,0.0,False
V3_CANDIDATE_DEVELOPMENT_ONLY_SURFACE,XGBOOST,0.2,0.0,0.5,0.6,0.1,59.5,1000000,UNSUPPORTED_WITHOUT_REPLAY,0.0,0.0,0.0,False
V3_CANDIDATE_DEVELOPMENT_ONLY_SURFACE,XGBOOST,0.2,0.0,0.5,0.6,0.1,59.5,1000000,UNSUPPORTED_WITHOUT_REPLAY,0.05,0.0,0.0,False
V3_CANDIDATE_DEVELOPMENT_ONLY_SURFACE,XGBOOST,0.2,0.0,0.5,0.6,0.1,59.5,1000000,UNSUPPORTED_WITHOUT_REPLAY,0.1,0.0,0.0,False
V3_CANDIDATE_DEVELOPMENT_ONLY_SURFACE,XGBOOST,0.2,0.0,0.5,0.6,0.1,59.5,1000000,UNSUPPORTED_WITHOUT_REPLAY,0.25,0.0,0.0,False
V3_CANDIDATE_DEVELOPMENT_ONLY_SURFACE,XGBOOST,0.2,0.0,0.5,0.6,0.1,66.5,1000000,UNSUPPORTED_WITHOUT_REPLAY,0.0,0.0009452522404231373,0.006172839506172839,False
V3_CANDIDATE_DEVELOPMENT_ONLY_SURFACE,XGBOOST,0.2,0.0,0.5,0.6,0.1,66.5,1000000,UNSUPPORTED_WITHOUT_REPLAY,0.05,0.0006366102651144954,0.006172839506172839,False
V3_CANDIDATE_DEVELOPMENT_ONLY_SURFACE,XGBOOST,0.2,0.0,0.5,0.6,0.1,66.5,1000000,UNSUPPORTED_WITHOUT_REPLAY,0.1,0.0003279682898058533,0.006172839506172839,False
V3_CANDIDATE_DEVELOPMENT_ONLY_SURFACE,XGBOOST,0.2,0.0,0.5,0.6,0.1,66.5,1000000,UNSUPPORTED_WITHOUT_REPLAY,0.25,-0.0005979576361200726,0.0,False
V3_CANDIDATE_DEVELOPMENT_ONLY_SURFACE,XGBOOST,0.2,0.0,0.5,0.6,0.1,77.5,1000000,UNSUPPORTED_WITHOUT_REPLAY,0.0,0.0011580614926356605,0.00823045267489712,False
V3_CANDIDATE_DEVELOPMENT_ONLY_SURFACE,XGBOOST,0.2,0.0,0.5,0.6,0.1,77.5,1000000,UNSUPPORTED_WITHOUT_REPLAY,0.05,0.0007465388588908047,0.00823045267489712,False
V3_CANDIDATE_DEVELOPMENT_ONLY_SURFACE,XGBOOST,0.2,0.0,0.5,0.6,0.1,77.5,1000000,UNSUPPORTED_WITHOUT_REPLAY,0.1,0.0003350162251459486,0.00823045267489712,False
V3_CANDIDATE_DEVELOPMENT_ONLY_SURFACE,XGBOOST,0.2,0.0,0.5,0.6,0.1,77.5,1000000,UNSUPPORTED_WITHOUT_REPLAY,0.25,-0.0008995516760886193,0.0,False
V3_CANDIDATE_DEVELOPMENT_ONLY_SURFACE,XGBOOST,0.2,0.0,0.5,0.8,0.0,59.5,1000000,UNSUPPORTED_WITHOUT_REPLAY,0.0,5.5252220390177874e-05,0.00205761316872428,False
V3_CANDIDATE_DEVELOPMENT_ONLY_SURFACE,XGBOOST,0.2,0.0,0.5,0.8,0.0,59.5,1000000,UNSUPPORTED_WITHOUT_REPLAY,0.05,-4.762843804603612e-05,0.0,False
V3_CANDIDATE_DEVELOPMENT_ONLY_SURFACE,XGBOOST,0.2,0.0,0.5,0.8,0.0,59.5,1000000,UNSUPPORTED_WITHOUT_REPLAY,0.1,-0.00015050909648225012,0.0,False
V3_CANDIDATE_DEVELOPMENT_ONLY_SURFACE,XGBOOST,0.2,0.0,0.5,0.8,0.0,59.5,1000000,UNSUPPORTED_WITHOUT_REPLAY,0.25,-0.00045915107179089206,0.0,False
V3_CANDIDATE_DEVELOPMENT_ONLY_SURFACE,XGBOOST,0.2,0.0,0.5,0.8,0.0,66.5,1000000,UNSUPPORTED_WITHOUT_REPLAY,0.0,5.5252220390177874e-05,0.00205761316872428,False
V3_CANDIDATE_DEVELOPMENT_ONLY_SURFACE,XGBOOST,0.2,0.0,0.5,0.8,0.0,66.5,1000000,UNSUPPORTED_WITHOUT_REPLAY,0.05,-4.762843804603612e-05,0.0,False
V3_CANDIDATE_DEVELOPMENT_ONLY_SURFACE,XGBOOST,0.2,0.0,0.5,0.8,0.0,66.5,1000000,UNSUPPORTED_WITHOUT_REPLAY,0.1,-0.00015050909648225012,0.0,False
V3_CANDIDATE_DEVELOPMENT_ONLY_SURFACE,XGBOOST,0.2,0.0,0.5,0.8,0.0,66.5,1000000,UNSUPPORTED_WITHOUT_REPLAY,0.25,-0.00045915107179089206,0.0,False
V3_CANDIDATE_DEVELOPMENT_ONLY_SURFACE,XGBOOST,0.2,0.0,0.5,0.8,0.0,77.5,1000000,UNSUPPORTED_WITHOUT_REPLAY,0.0,5.5252220390177874e-05,0.00205761316872428,False
V3_CANDIDATE_DEVELOPMENT_ONLY_SURFACE,XGBOOST,0.2,0.0,0.5,0.8,0.0,77.5,1000000,UNSUPPORTED_WITHOUT_REPLAY,0.05,-4.762843804603612e-05,0.0,False
V3_CANDIDATE_DEVELOPMENT_ONLY_SURFACE,XGBOOST,0.2,0.0,0.5,0.8,0.0,77.5,1000000,UNSUPPORTED_WITHOUT_REPLAY,0.1,-0.00015050909648225012,0.0,False
V3_CANDIDATE_DEVELOPMENT_ONLY_SURFACE,XGBOOST,0.2,0.0,0.5,0.8,0.0,77.5,1000000,UNSUPPORTED_WITHOUT_REPLAY,0.25,-0.00045915107179089206,0.0,False
V3_CANDIDATE_DEVELOPMENT_ONLY_SURFACE,XGBOOST,0.2,0.0,0.5,0.8,0.05,59.5,1000000,UNSUPPORTED_WITHOUT_REPLAY,0.0,0.0,0.0,False
V3_CANDIDATE_DEVELOPMENT_ONLY_SURFACE,XGBOOST,0.2,0.0,0.5,0.8,0.05,59.5,1000000,UNSUPPORTED_WITHOUT_REPLAY,0.05,0.0,0.0,False
V3_CANDIDATE_DEVELOPMENT_ONLY_SURFACE,XGBOOST,0.2,0.0,0.5,0.8,0.05,59.5,1000000,UNSUPPORTED_WITHOUT_REPLAY,0.1,0.0,0.0,False
V3_CANDIDATE_DEVELOPMENT_ONLY_SURFACE,XGBOOST,0.2,0.0,0.5,0.8,0.05,59.5,1000000,UNSUPPORTED_WITHOUT_REPLAY,0.25,0.0,0.0,False
V3_CANDIDATE_DEVELOPMENT_ONLY_SURFACE,XGBOOST,0.2,0.0,0.5,0.8,0.05,66.5,1000000,UNSUPPORTED_WITHOUT_REPLAY,0.0,0.0,0.0,False
V3_CANDIDATE_DEVELOPMENT_ONLY_SURFACE,XGBOOST,0.2,0.0,0.5,0.8,0.05,66.5,1000000,UNSUPPORTED_WITHOUT_REPLAY,0.05,0.0,0.0,False
V3_CANDIDATE_DEVELOPMENT_ONLY_SURFACE,XGBOOST,0.2,0.0,0.5,0.8,0.05,66.5,1000000,UNSUPPORTED_WITHOUT_REPLAY,0.1,0.0,0.0,False
V3_CANDIDATE_DEVELOPMENT_ONLY_SURFACE,XGBOOST,0.2,0.0,0.5,0.8,0.05,66.5,1000000,UNSUPPORTED_WITHOUT_REPLAY,0.25,0.0,0.0,False
V3_CANDIDATE_DEVELOPMENT_ONLY_SURFACE,XGBOOST,0.2,0.0,0.5,0.8,0.05,77.5,1000000,UNSUPPORTED_WITHOUT_REPLAY,0.0,0.0,0.0,False
V3_CANDIDATE_DEVELOPMENT_ONLY_SURFACE,XGBOOST,0.2,0.0,0.5,0.8,0.05,77.5,1000000,UNSUPPORTED_WITHOUT_REPLAY,0.05,0.0,0.0,False
V3_CANDIDATE_DEVELOPMENT_ONLY_SURFACE,XGBOOST,0.2,0.0,0.5,0.8,0.05,77.5,1000000,UNSUPPORTED_WITHOUT_REPLAY,0.1,0.0,0.0,False
V3_CANDIDATE_DEVELOPMENT_ONLY_SURFACE,XGBOOST,0.2,0.0,0.5,0.8,0.05,77.5,1000000,UNSUPPORTED_WITHOUT_REPLAY,0.25,0.0,0.0,False
V3_CANDIDATE_DEVELOPMENT_ONLY_SURFACE,XGBOOST,0.2,0.0,0.5,0.8,0.1,59.5,1000000,UNSUPPORTED_WITHOUT_REPLAY,0.0,0.0,0.0,False
V3_CANDIDATE_DEVELOPMENT_ONLY_SURFACE,XGBOOST,0.2,0.0,0.5,0.8,0.1,59.5,1000000,UNSUPPORTED_WITHOUT_REPLAY,0.05,0.0,0.0,False
V3_CANDIDATE_DEVELOPMENT_ONLY_SURFACE,XGBOOST,0.2,0.0,0.5,0.8,0.1,59.5,1000000,UNSUPPORTED_WITHOUT_REPLAY,0.1,0.0,0.0,False
V3_CANDIDATE_DEVELOPMENT_ONLY_SURFACE,XGBOOST,0.2,0.0,0.5,0.8,0.1,59.5,1000000,UNSUPPORTED_WITHOUT_REPLAY,0.25,0.0,0.0,False
V3_CANDIDATE_DEVELOPMENT_ONLY_SURFACE,XGBOOST,0.2,0.0,0.5,0.8,0.1,66.5,1000000,UNSUPPORTED_WITHOUT_REPLAY,0.0,0.0,0.0,False
V3_CANDIDATE_DEVELOPMENT_ONLY_SURFACE,XGBOOST,0.2,0.0,0.5,0.8,0.1,66.5,1000000,UNSUPPORTED_WITHOUT_REPLAY,0.05,0.0,0.0,False
V3_CANDIDATE_DEVELOPMENT_ONLY_SURFACE,XGBOOST,0.2,0.0,0.5,0.8,0.1,66.5,1000000,UNSUPPORTED_WITHOUT_REPLAY,0.1,0.0,0.0,False
V3_CANDIDATE_DEVELOPMENT_ONLY_SURFACE,XGBOOST,0.2,0.0,0.5,0.8,0.1,66.5,1000000,UNSUPPORTED_WITHOUT_REPLAY,0.25,0.0,0.0,False
V3_CANDIDATE_DEVELOPMENT_ONLY_SURFACE,XGBOOST,0.2,0.0,0.5,0.8,0.1,77.5,1000000,UNSUPPORTED_WITHOUT_REPLAY,0.0,0.0,0.0,False
V3_CANDIDATE_DEVELOPMENT_ONLY_SURFACE,XGBOOST,0.2,0.0,0.5,0.8,0.1,77.5,1000000,UNSUPPORTED_WITHOUT_REPLAY,0.05,0.0,0.0,False
V3_CANDIDATE_DEVELOPMENT_ONLY_SURFACE,XGBOOST,0.2,0.0,0.5,0.8,0.1,77.5,1000000,UNSUPPORTED_WITHOUT_REPLAY,0.1,0.0,0.0,False
V3_CANDIDATE_DEVELOPMENT_ONLY_SURFACE,XGBOOST,0.2,0.0,0.5,0.8,0.1,77.5,1000000,UNSUPPORTED_WITHOUT_REPLAY,0.25,0.0,0.0,False
V3_CANDIDATE_DEVELOPMENT_ONLY_SURFACE,XGBOOST,0.2,0.0,1.0,0.0,0.0,59.5,1000000,UNSUPPORTED_WITHOUT_REPLAY,0.0,0.0,0.0,False
V3_CANDIDATE_DEVELOPMENT_ONLY_SURFACE,XGBOOST,0.2,0.0,1.0,0.0,0.0,59.5,1000000,UNSUPPORTED_WITHOUT_REPLAY,0.05,0.0,0.0,False
V3_CANDIDATE_DEVELOPMENT_ONLY_SURFACE,XGBOOST,0.2,0.0,1.0,0.0,0.0,59.5,1000000,UNSUPPORTED_WITHOUT_REPLAY,0.1,0.0,0.0,False
V3_CANDIDATE_DEVELOPMENT_ONLY_SURFACE,XGBOOST,0.2,0.0,1.0,0.0,0.0,59.5,1000000,UNSUPPORTED_WITHOUT_REPLAY,0.25,0.0,0.0,False
V3_CANDIDATE_DEVELOPMENT_ONLY_SURFACE,XGBOOST,0.2,0.0,1.0,0.0,0.0,66.5,1000000,UNSUPPORTED_WITHOUT_REPLAY,0.0,0.0,0.0,False
V3_CANDIDATE_DEVELOPMENT_ONLY_SURFACE,XGBOOST,0.2,0.0,1.0,0.0,0.0,66.5,1000000,UNSUPPORTED_WITHOUT_REPLAY,0.05,0.0,0.0,False
V3_CANDIDATE_DEVELOPMENT_ONLY_SURFACE,XGBOOST,0.2,0.0,1.0,0.0,0.0,66.5,1000000,UNSUPPORTED_WITHOUT_REPLAY,0.1,0.0,0.0,False
V3_CANDIDATE_DEVELOPMENT_ONLY_SURFACE,XGBOOST,0.2,0.0,1.0,0.0,0.0,66.5,1000000,UNSUPPORTED_WITHOUT_REPLAY,0.25,0.0,0.0,False
V3_CANDIDATE_DEVELOPMENT_ONLY_SURFACE,XGBOOST,0.2,0.0,1.0,0.0,0.0,77.5,1000000,UNSUPPORTED_WITHOUT_REPLAY,0.0,1.818252828237026e-06,0.00205761316872428,False
V3_CANDIDATE_DEVELOPMENT_ONLY_SURFACE,XGBOOST,0.2,0.0,1.0,0.0,0.0,77.5,1000000,UNSUPPORTED_WITHOUT_REPLAY,0.05,-0.00010106240560797698,0.0,False
V3_CANDIDATE_DEVELOPMENT_ONLY_SURFACE,XGBOOST,0.2,0.0,1.0,0.0,0.0,77.5,1000000,UNSUPPORTED_WITHOUT_REPLAY,0.1,-0.00020394306404419098,0.0,False
V3_CANDIDATE_DEVELOPMENT_ONLY_SURFACE,XGBOOST,0.2,0.0,1.0,0.0,0.0,77.5,1000000,UNSUPPORTED_WITHOUT_REPLAY,0.25,-0.0005125850393528329,0.0,False
V3_CANDIDATE_DEVELOPMENT_ONLY_SURFACE,XGBOOST,0.2,0.0,1.0,0.0,0.05,59.5,1000000,UNSUPPORTED_WITHOUT_REPLAY,0.0,0.0,0.0,False
V3_CANDIDATE_DEVELOPMENT_ONLY_SURFACE,XGBOOST,0.2,0.0,1.0,0.0,0.05,59.5,1000000,UNSUPPORTED_WITHOUT_REPLAY,0.05,0.0,0.0,False
V3_CANDIDATE_DEVELOPMENT_ONLY_SURFACE,XGBOOST,0.2,0.0,1.0,0.0,0.05,59.5,1000000,UNSUPPORTED_WITHOUT_REPLAY,0.1,0.0,0.0,False
V3_CANDIDATE_DEVELOPMENT_ONLY_SURFACE,XGBOOST,0.2,0.0,1.0,0.0,0.05,59.5,1000000,UNSUPPORTED_WITHOUT_REPLAY,0.25,0.0,0.0,False
V3_CANDIDATE_DEVELOPMENT_ONLY_SURFACE,XGBOOST,0.2,0.0,1.0,0.0,0.05,66.5,1000000,UNSUPPORTED_WITHOUT_REPLAY,0.0,0.0,0.0,False
V3_CANDIDATE_DEVELOPMENT_ONLY_SURFACE,XGBOOST,0.2,0.0,1.0,0.0,0.05,66.5,1000000,UNSUPPORTED_WITHOUT_REPLAY,0.05,0.0,0.0,False
V3_CANDIDATE_DEVELOPMENT_ONLY_SURFACE,XGBOOST,0.2,0.0,1.0,0.0,0.05,66.5,1000000,UNSUPPORTED_WITHOUT_REPLAY,0.1,0.0,0.0,False
V3_CANDIDATE_DEVELOPMENT_ONLY_SURFACE,XGBOOST,0.2,0.0,1.0,0.0,0.05,66.5,1000000,UNSUPPORTED_WITHOUT_REPLAY,0.25,0.0,0.0,False
V3_CANDIDATE_DEVELOPMENT_ONLY_SURFACE,XGBOOST,0.2,0.0,1.0,0.0,0.05,77.5,1000000,UNSUPPORTED_WITHOUT_REPLAY,0.0,0.0,0.0,False
V3_CANDIDATE_DEVELOPMENT_ONLY_SURFACE,XGBOOST,0.2,0.0,1.0,0.0,0.05,77.5,1000000,UNSUPPORTED_WITHOUT_REPLAY,0.05,0.0,0.0,False
V3_CANDIDATE_DEVELOPMENT_ONLY_SURFACE,XGBOOST,0.2,0.0,1.0,0.0,0.05,77.5,1000000,UNSUPPORTED_WITHOUT_REPLAY,0.1,0.0,0.0,False
V3_CANDIDATE_DEVELOPMENT_ONLY_SURFACE,XGBOOST,0.2,0.0,1.0,0.0,0.05,77.5,1000000,UNSUPPORTED_WITHOUT_REPLAY,0.25,0.0,0.0,False
V3_CANDIDATE_DEVELOPMENT_ONLY_SURFACE,XGBOOST,0.2,0.0,1.0,0.0,0.1,59.5,1000000,UNSUPPORTED_WITHOUT_REPLAY,0.0,0.0,0.0,False
V3_CANDIDATE_DEVELOPMENT_ONLY_SURFACE,XGBOOST,0.2,0.0,1.0,0.0,0.1,59.5,1000000,UNSUPPORTED_WITHOUT_REPLAY,0.05,0.0,0.0,False
V3_CANDIDATE_DEVELOPMENT_ONLY_SURFACE,XGBOOST,0.2,0.0,1.0,0.0,0.1,59.5,1000000,UNSUPPORTED_WITHOUT_REPLAY,0.1,0.0,0.0,False
V3_CANDIDATE_DEVELOPMENT_ONLY_SURFACE,XGBOOST,0.2,0.0,1.0,0.0,0.1,59.5,1000000,UNSUPPORTED_WITHOUT_REPLAY,0.25,0.0,0.0,False
V3_CANDIDATE_DEVELOPMENT_ONLY_SURFACE,XGBOOST,0.2,0.0,1.0,0.0,0.1,66.5,1000000,UNSUPPORTED_WITHOUT_REPLAY,0.0,0.0,0.0,False
V3_CANDIDATE_DEVELOPMENT_ONLY_SURFACE,XGBOOST,0.2,0.0,1.0,0.0,0.1,66.5,1000000,UNSUPPORTED_WITHOUT_REPLAY,0.05,0.0,0.0,False
V3_CANDIDATE_DEVELOPMENT_ONLY_SURFACE,XGBOOST,0.2,0.0,1.0,0.0,0.1,66.5,1000000,UNSUPPORTED_WITHOUT_REPLAY,0.1,0.0,0.0,False
V3_CANDIDATE_DEVELOPMENT_ONLY_SURFACE,XGBOOST,0.2,0.0,1.0,0.0,0.1,66.5,1000000,UNSUPPORTED_WITHOUT_REPLAY,0.25,0.0,0.0,False
V3_CANDIDATE_DEVELOPMENT_ONLY_SURFACE,XGBOOST,0.2,0.0,1.0,0.0,0.1,77.5,1000000,UNSUPPORTED_WITHOUT_REPLAY,0.0,0.0,0.0,False
V3_CANDIDATE_DEVELOPMENT_ONLY_SURFACE,XGBOOST,0.2,0.0,1.0,0.0,0.1,77.5,1000000,UNSUPPORTED_WITHOUT_REPLAY,0.05,0.0,0.0,False
V3_CANDIDATE_DEVELOPMENT_ONLY_SURFACE,XGBOOST,0.2,0.0,1.0,0.0,0.1,77.5,1000000,UNSUPPORTED_WITHOUT_REPLAY,0.1,0.0,0.0,False
V3_CANDIDATE_DEVELOPMENT_ONLY_SURFACE,XGBOOST,0.2,0.0,1.0,0.0,0.1,77.5,1000000,UNSUPPORTED_WITHOUT_REPLAY,0.25,0.0,0.0,False
V3_CANDIDATE_DEVELOPMENT_ONLY_SURFACE,XGBOOST,0.2,0.0,1.0,0.4,0.0,59.5,1000000,UNSUPPORTED_WITHOUT_REPLAY,0.0,0.0,0.0,False
V3_CANDIDATE_DEVELOPMENT_ONLY_SURFACE,XGBOOST,0.2,0.0,1.0,0.4,0.0,59.5,1000000,UNSUPPORTED_WITHOUT_REPLAY,0.05,0.0,0.0,False
V3_CANDIDATE_DEVELOPMENT_ONLY_SURFACE,XGBOOST,0.2,0.0,1.0,0.4,0.0,59.5,1000000,UNSUPPORTED_WITHOUT_REPLAY,0.1,0.0,0.0,False
V3_CANDIDATE_DEVELOPMENT_ONLY_SURFACE,XGBOOST,0.2,0.0,1.0,0.4,0.0,59.5,1000000,UNSUPPORTED_WITHOUT_REPLAY,0.25,0.0,0.0,False
V3_CANDIDATE_DEVELOPMENT_ONLY_SURFACE,XGBOOST,0.2,0.0,1.0,0.4,0.0,66.5,1000000,UNSUPPORTED_WITHOUT_REPLAY,0.0,0.0,0.0,False
V3_CANDIDATE_DEVELOPMENT_ONLY_SURFACE,XGBOOST,0.2,0.0,1.0,0.4,0.0,66.5,1000000,UNSUPPORTED_WITHOUT_REPLAY,0.05,0.0,0.0,False
V3_CANDIDATE_DEVELOPMENT_ONLY_SURFACE,XGBOOST,0.2,0.0,1.0,0.4,0.0,66.5,1000000,UNSUPPORTED_WITHOUT_REPLAY,0.1,0.0,0.0,False
V3_CANDIDATE_DEVELOPMENT_ONLY_SURFACE,XGBOOST,0.2,0.0,1.0,0.4,0.0,66.5,1000000,UNSUPPORTED_WITHOUT_REPLAY,0.25,0.0,0.0,False
V3_CANDIDATE_DEVELOPMENT_ONLY_SURFACE,XGBOOST,0.2,0.0,1.0,0.4,0.0,77.5,1000000,UNSUPPORTED_WITHOUT_REPLAY,0.0,1.818252828237026e-06,0.00205761316872428,False
V3_CANDIDATE_DEVELOPMENT_ONLY_SURFACE,XGBOOST,0.2,0.0,1.0,0.4,0.0,77.5,1000000,UNSUPPORTED_WITHOUT_REPLAY,0.05,-0.00010106240560797698,0.0,False
V3_CANDIDATE_DEVELOPMENT_ONLY_SURFACE,XGBOOST,0.2,0.0,1.0,0.4,0.0,77.5,1000000,UNSUPPORTED_WITHOUT_REPLAY,0.1,-0.00020394306404419098,0.0,False
V3_CANDIDATE_DEVELOPMENT_ONLY_SURFACE,XGBOOST,0.2,0.0,1.0,0.4,0.0,77.5,1000000,UNSUPPORTED_WITHOUT_REPLAY,0.25,-0.0005125850393528329,0.0,False
V3_CANDIDATE_DEVELOPMENT_ONLY_SURFACE,XGBOOST,0.2,0.0,1.0,0.4,0.05,59.5,1000000,UNSUPPORTED_WITHOUT_REPLAY,0.0,0.0,0.0,False
V3_CANDIDATE_DEVELOPMENT_ONLY_SURFACE,XGBOOST,0.2,0.0,1.0,0.4,0.05,59.5,1000000,UNSUPPORTED_WITHOUT_REPLAY,0.05,0.0,0.0,False
V3_CANDIDATE_DEVELOPMENT_ONLY_SURFACE,XGBOOST,0.2,0.0,1.0,0.4,0.05,59.5,1000000,UNSUPPORTED_WITHOUT_REPLAY,0.1,0.0,0.0,False
V3_CANDIDATE_DEVELOPMENT_ONLY_SURFACE,XGBOOST,0.2,0.0,1.0,0.4,0.05,59.5,1000000,UNSUPPORTED_WITHOUT_REPLAY,0.25,0.0,0.0,False
V3_CANDIDATE_DEVELOPMENT_ONLY_SURFACE,XGBOOST,0.2,0.0,1.0,0.4,0.05,66.5,1000000,UNSUPPORTED_WITHOUT_REPLAY,0.0,0.0,0.0,False
V3_CANDIDATE_DEVELOPMENT_ONLY_SURFACE,XGBOOST,0.2,0.0,1.0,0.4,0.05,66.5,1000000,UNSUPPORTED_WITHOUT_REPLAY,0.05,0.0,0.0,False
V3_CANDIDATE_DEVELOPMENT_ONLY_SURFACE,XGBOOST,0.2,0.0,1.0,0.4,0.05,66.5,1000000,UNSUPPORTED_WITHOUT_REPLAY,0.1,0.0,0.0,False
V3_CANDIDATE_DEVELOPMENT_ONLY_SURFACE,XGBOOST,0.2,0.0,1.0,0.4,0.05,66.5,1000000,UNSUPPORTED_WITHOUT_REPLAY,0.25,0.0,0.0,False
V3_CANDIDATE_DEVELOPMENT_ONLY_SURFACE,XGBOOST,0.2,0.0,1.0,0.4,0.05,77.5,1000000,UNSUPPORTED_WITHOUT_REPLAY,0.0,0.0,0.0,False
V3_CANDIDATE_DEVELOPMENT_ONLY_SURFACE,XGBOOST,0.2,0.0,1.0,0.4,0.05,77.5,1000000,UNSUPPORTED_WITHOUT_REPLAY,0.05,0.0,0.0,False
V3_CANDIDATE_DEVELOPMENT_ONLY_SURFACE,XGBOOST,0.2,0.0,1.0,0.4,0.05,77.5,1000000,UNSUPPORTED_WITHOUT_REPLAY,0.1,0.0,0.0,False
V3_CANDIDATE_DEVELOPMENT_ONLY_SURFACE,XGBOOST,0.2,0.0,1.0,0.4,0.05,77.5,1000000,UNSUPPORTED_WITHOUT_REPLAY,0.25,0.0,0.0,False
V3_CANDIDATE_DEVELOPMENT_ONLY_SURFACE,XGBOOST,0.2,0.0,1.0,0.4,0.1,59.5,1000000,UNSUPPORTED_WITHOUT_REPLAY,0.0,0.0,0.0,False
V3_CANDIDATE_DEVELOPMENT_ONLY_SURFACE,XGBOOST,0.2,0.0,1.0,0.4,0.1,59.5,1000000,UNSUPPORTED_WITHOUT_REPLAY,0.05,0.0,0.0,False
V3_CANDIDATE_DEVELOPMENT_ONLY_SURFACE,XGBOOST,0.2,0.0,1.0,0.4,0.1,59.5,1000000,UNSUPPORTED_WITHOUT_REPLAY,0.1,0.0,0.0,False
V3_CANDIDATE_DEVELOPMENT_ONLY_SURFACE,XGBOOST,0.2,0.0,1.0,0.4,0.1,59.5,1000000,UNSUPPORTED_WITHOUT_REPLAY,0.25,0.0,0.0,False
V3_CANDIDATE_DEVELOPMENT_ONLY_SURFACE,XGBOOST,0.2,0.0,1.0,0.4,0.1,66.5,1000000,UNSUPPORTED_WITHOUT_REPLAY,0.0,0.0,0.0,False
V3_CANDIDATE_DEVELOPMENT_ONLY_SURFACE,XGBOOST,0.2,0.0,1.0,0.4,0.1,66.5,1000000,UNSUPPORTED_WITHOUT_REPLAY,0.05,0.0,0.0,False
V3_CANDIDATE_DEVELOPMENT_ONLY_SURFACE,XGBOOST,0.2,0.0,1.0,0.4,0.1,66.5,1000000,UNSUPPORTED_WITHOUT_REPLAY,0.1,0.0,0.0,False
V3_CANDIDATE_DEVELOPMENT_ONLY_SURFACE,XGBOOST,0.2,0.0,1.0,0.4,0.1,66.5,1000000,UNSUPPORTED_WITHOUT_REPLAY,0.25,0.0,0.0,False
V3_CANDIDATE_DEVELOPMENT_ONLY_SURFACE,XGBOOST,0.2,0.0,1.0,0.4,0.1,77.5,1000000,UNSUPPORTED_WITHOUT_REPLAY,0.0,0.0,0.0,False
V3_CANDIDATE_DEVELOPMENT_ONLY_SURFACE,XGBOOST,0.2,0.0,1.0,0.4,0.1,77.5,1000000,UNSUPPORTED_WITHOUT_REPLAY,0.05,0.0,0.0,False
V3_CANDIDATE_DEVELOPMENT_ONLY_SURFACE,XGBOOST,0.2,0.0,1.0,0.4,0.1,77.5,1000000,UNSUPPORTED_WITHOUT_REPLAY,0.1,0.0,0.0,False
V3_CANDIDATE_DEVELOPMENT_ONLY_SURFACE,XGBOOST,0.2,0.0,1.0,0.4,0.1,77.5,1000000,UNSUPPORTED_WITHOUT_REPLAY,0.25,0.0,0.0,False
V3_CANDIDATE_DEVELOPMENT_ONLY_SURFACE,XGBOOST,0.2,0.0,1.0,0.6,0.0,59.5,1000000,UNSUPPORTED_WITHOUT_REPLAY,0.0,0.0,0.0,False
V3_CANDIDATE_DEVELOPMENT_ONLY_SURFACE,XGBOOST,0.2,0.0,1.0,0.6,0.0,59.5,1000000,UNSUPPORTED_WITHOUT_REPLAY,0.05,0.0,0.0,False
V3_CANDIDATE_DEVELOPMENT_ONLY_SURFACE,XGBOOST,0.2,0.0,1.0,0.6,0.0,59.5,1000000,UNSUPPORTED_WITHOUT_REPLAY,0.1,0.0,0.0,False
V3_CANDIDATE_DEVELOPMENT_ONLY_SURFACE,XGBOOST,0.2,0.0,1.0,0.6,0.0,59.5,1000000,UNSUPPORTED_WITHOUT_REPLAY,0.25,0.0,0.0,False
V3_CANDIDATE_DEVELOPMENT_ONLY_SURFACE,XGBOOST,0.2,0.0,1.0,0.6,0.0,66.5,1000000,UNSUPPORTED_WITHOUT_REPLAY,0.0,0.0,0.0,False
V3_CANDIDATE_DEVELOPMENT_ONLY_SURFACE,XGBOOST,0.2,0.0,1.0,0.6,0.0,66.5,1000000,UNSUPPORTED_WITHOUT_REPLAY,0.05,0.0,0.0,False
V3_CANDIDATE_DEVELOPMENT_ONLY_SURFACE,XGBOOST,0.2,0.0,1.0,0.6,0.0,66.5,1000000,UNSUPPORTED_WITHOUT_REPLAY,0.1,0.0,0.0,False
V3_CANDIDATE_DEVELOPMENT_ONLY_SURFACE,XGBOOST,0.2,0.0,1.0,0.6,0.0,66.5,1000000,UNSUPPORTED_WITHOUT_REPLAY,0.25,0.0,0.0,False
V3_CANDIDATE_DEVELOPMENT_ONLY_SURFACE,XGBOOST,0.2,0.0,1.0,0.6,0.0,77.5,1000000,UNSUPPORTED_WITHOUT_REPLAY,0.0,0.0,0.0,False
V3_CANDIDATE_DEVELOPMENT_ONLY_SURFACE,XGBOOST,0.2,0.0,1.0,0.6,0.0,77.5,1000000,UNSUPPORTED_WITHOUT_REPLAY,0.05,0.0,0.0,False
V3_CANDIDATE_DEVELOPMENT_ONLY_SURFACE,XGBOOST,0.2,0.0,1.0,0.6,0.0,77.5,1000000,UNSUPPORTED_WITHOUT_REPLAY,0.1,0.0,0.0,False
V3_CANDIDATE_DEVELOPMENT_ONLY_SURFACE,XGBOOST,0.2,0.0,1.0,0.6,0.0,77.5,1000000,UNSUPPORTED_WITHOUT_REPLAY,0.25,0.0,0.0,False
V3_CANDIDATE_DEVELOPMENT_ONLY_SURFACE,XGBOOST,0.2,0.0,1.0,0.6,0.05,59.5,1000000,UNSUPPORTED_WITHOUT_REPLAY,0.0,0.0,0.0,False
V3_CANDIDATE_DEVELOPMENT_ONLY_SURFACE,XGBOOST,0.2,0.0,1.0,0.6,0.05,59.5,1000000,UNSUPPORTED_WITHOUT_REPLAY,0.05,0.0,0.0,False
V3_CANDIDATE_DEVELOPMENT_ONLY_SURFACE,XGBOOST,0.2,0.0,1.0,0.6,0.05,59.5,1000000,UNSUPPORTED_WITHOUT_REPLAY,0.1,0.0,0.0,False
V3_CANDIDATE_DEVELOPMENT_ONLY_SURFACE,XGBOOST,0.2,0.0,1.0,0.6,0.05,59.5,1000000,UNSUPPORTED_WITHOUT_REPLAY,0.25,0.0,0.0,False
V3_CANDIDATE_DEVELOPMENT_ONLY_SURFACE,XGBOOST,0.2,0.0,1.0,0.6,0.05,66.5,1000000,UNSUPPORTED_WITHOUT_REPLAY,0.0,0.0,0.0,False
V3_CANDIDATE_DEVELOPMENT_ONLY_SURFACE,XGBOOST,0.2,0.0,1.0,0.6,0.05,66.5,1000000,UNSUPPORTED_WITHOUT_REPLAY,0.05,0.0,0.0,False
V3_CANDIDATE_DEVELOPMENT_ONLY_SURFACE,XGBOOST,0.2,0.0,1.0,0.6,0.05,66.5,1000000,UNSUPPORTED_WITHOUT_REPLAY,0.1,0.0,0.0,False
V3_CANDIDATE_DEVELOPMENT_ONLY_SURFACE,XGBOOST,0.2,0.0,1.0,0.6,0.05,66.5,1000000,UNSUPPORTED_WITHOUT_REPLAY,0.25,0.0,0.0,False
V3_CANDIDATE_DEVELOPMENT_ONLY_SURFACE,XGBOOST,0.2,0.0,1.0,0.6,0.05,77.5,1000000,UNSUPPORTED_WITHOUT_REPLAY,0.0,0.0,0.0,False
V3_CANDIDATE_DEVELOPMENT_ONLY_SURFACE,XGBOOST,0.2,0.0,1.0,0.6,0.05,77.5,1000000,UNSUPPORTED_WITHOUT_REPLAY,0.05,0.0,0.0,False
V3_CANDIDATE_DEVELOPMENT_ONLY_SURFACE,XGBOOST,0.2,0.0,1.0,0.6,0.05,77.5,1000000,UNSUPPORTED_WITHOUT_REPLAY,0.1,0.0,0.0,False
V3_CANDIDATE_DEVELOPMENT_ONLY_SURFACE,XGBOOST,0.2,0.0,1.0,0.6,0.05,77.5,1000000,UNSUPPORTED_WITHOUT_REPLAY,0.25,0.0,0.0,False
V3_CANDIDATE_DEVELOPMENT_ONLY_SURFACE,XGBOOST,0.2,0.0,1.0,0.6,0.1,59.5,1000000,UNSUPPORTED_WITHOUT_REPLAY,0.0,0.0,0.0,False
V3_CANDIDATE_DEVELOPMENT_ONLY_SURFACE,XGBOOST,0.2,0.0,1.0,0.6,0.1,59.5,1000000,UNSUPPORTED_WITHOUT_REPLAY,0.05,0.0,0.0,False
V3_CANDIDATE_DEVELOPMENT_ONLY_SURFACE,XGBOOST,0.2,0.0,1.0,0.6,0.1,59.5,1000000,UNSUPPORTED_WITHOUT_REPLAY,0.1,0.0,0.0,False
V3_CANDIDATE_DEVELOPMENT_ONLY_SURFACE,XGBOOST,0.2,0.0,1.0,0.6,0.1,59.5,1000000,UNSUPPORTED_WITHOUT_REPLAY,0.25,0.0,0.0,False
V3_CANDIDATE_DEVELOPMENT_ONLY_SURFACE,XGBOOST,0.2,0.0,1.0,0.6,0.1,66.5,1000000,UNSUPPORTED_WITHOUT_REPLAY,0.0,0.0,0.0,False
V3_CANDIDATE_DEVELOPMENT_ONLY_SURFACE,XGBOOST,0.2,0.0,1.0,0.6,0.1,66.5,1000000,UNSUPPORTED_WITHOUT_REPLAY,0.05,0.0,0.0,False
V3_CANDIDATE_DEVELOPMENT_ONLY_SURFACE,XGBOOST,0.2,0.0,1.0,0.6,0.1,66.5,1000000,UNSUPPORTED_WITHOUT_REPLAY,0.1,0.0,0.0,False
V3_CANDIDATE_DEVELOPMENT_ONLY_SURFACE,XGBOOST,0.2,0.0,1.0,0.6,0.1,66.5,1000000,UNSUPPORTED_WITHOUT_REPLAY,0.25,0.0,0.0,False
V3_CANDIDATE_DEVELOPMENT_ONLY_SURFACE,XGBOOST,0.2,0.0,1.0,0.6,0.1,77.5,1000000,UNSUPPORTED_WITHOUT_REPLAY,0.0,0.0,0.0,False
V3_CANDIDATE_DEVELOPMENT_ONLY_SURFACE,XGBOOST,0.2,0.0,1.0,0.6,0.1,77.5,1000000,UNSUPPORTED_WITHOUT_REPLAY,0.05,0.0,0.0,False
V3_CANDIDATE_DEVELOPMENT_ONLY_SURFACE,XGBOOST,0.2,0.0,1.0,0.6,0.1,77.5,1000000,UNSUPPORTED_WITHOUT_REPLAY,0.1,0.0,0.0,False
V3_CANDIDATE_DEVELOPMENT_ONLY_SURFACE,XGBOOST,0.2,0.0,1.0,0.6,0.1,77.5,1000000,UNSUPPORTED_WITHOUT_REPLAY,0.25,0.0,0.0,False
V3_CANDIDATE_DEVELOPMENT_ONLY_SURFACE,XGBOOST,0.2,0.0,1.0,0.8,0.0,59.5,1000000,UNSUPPORTED_WITHOUT_REPLAY,0.0,0.0,0.0,False
V3_CANDIDATE_DEVELOPMENT_ONLY_SURFACE,XGBOOST,0.2,0.0,1.0,0.8,0.0,59.5,1000000,UNSUPPORTED_WITHOUT_REPLAY,0.05,0.0,0.0,False
V3_CANDIDATE_DEVELOPMENT_ONLY_SURFACE,XGBOOST,0.2,0.0,1.0,0.8,0.0,59.5,1000000,UNSUPPORTED_WITHOUT_REPLAY,0.1,0.0,0.0,False
V3_CANDIDATE_DEVELOPMENT_ONLY_SURFACE,XGBOOST,0.2,0.0,1.0,0.8,0.0,59.5,1000000,UNSUPPORTED_WITHOUT_REPLAY,0.25,0.0,0.0,False
V3_CANDIDATE_DEVELOPMENT_ONLY_SURFACE,XGBOOST,0.2,0.0,1.0,0.8,0.0,66.5,1000000,UNSUPPORTED_WITHOUT_REPLAY,0.0,0.0,0.0,False
V3_CANDIDATE_DEVELOPMENT_ONLY_SURFACE,XGBOOST,0.2,0.0,1.0,0.8,0.0,66.5,1000000,UNSUPPORTED_WITHOUT_REPLAY,0.05,0.0,0.0,False
V3_CANDIDATE_DEVELOPMENT_ONLY_SURFACE,XGBOOST,0.2,0.0,1.0,0.8,0.0,66.5,1000000,UNSUPPORTED_WITHOUT_REPLAY,0.1,0.0,0.0,False
V3_CANDIDATE_DEVELOPMENT_ONLY_SURFACE,XGBOOST,0.2,0.0,1.0,0.8,0.0,66.5,1000000,UNSUPPORTED_WITHOUT_REPLAY,0.25,0.0,0.0,False
V3_CANDIDATE_DEVELOPMENT_ONLY_SURFACE,XGBOOST,0.2,0.0,1.0,0.8,0.0,77.5,1000000,UNSUPPORTED_WITHOUT_REPLAY,0.0,0.0,0.0,False
V3_CANDIDATE_DEVELOPMENT_ONLY_SURFACE,XGBOOST,0.2,0.0,1.0,0.8,0.0,77.5,1000000,UNSUPPORTED_WITHOUT_REPLAY,0.05,0.0,0.0,False
V3_CANDIDATE_DEVELOPMENT_ONLY_SURFACE,XGBOOST,0.2,0.0,1.0,0.8,0.0,77.5,1000000,UNSUPPORTED_WITHOUT_REPLAY,0.1,0.0,0.0,False
V3_CANDIDATE_DEVELOPMENT_ONLY_SURFACE,XGBOOST,0.2,0.0,1.0,0.8,0.0,77.5,1000000,UNSUPPORTED_WITHOUT_REPLAY,0.25,0.0,0.0,False
V3_CANDIDATE_DEVELOPMENT_ONLY_SURFACE,XGBOOST,0.2,0.0,1.0,0.8,0.05,59.5,1000000,UNSUPPORTED_WITHOUT_REPLAY,0.0,0.0,0.0,False
V3_CANDIDATE_DEVELOPMENT_ONLY_SURFACE,XGBOOST,0.2,0.0,1.0,0.8,0.05,59.5,1000000,UNSUPPORTED_WITHOUT_REPLAY,0.05,0.0,0.0,False
V3_CANDIDATE_DEVELOPMENT_ONLY_SURFACE,XGBOOST,0.2,0.0,1.0,0.8,0.05,59.5,1000000,UNSUPPORTED_WITHOUT_REPLAY,0.1,0.0,0.0,False
V3_CANDIDATE_DEVELOPMENT_ONLY_SURFACE,XGBOOST,0.2,0.0,1.0,0.8,0.05,59.5,1000000,UNSUPPORTED_WITHOUT_REPLAY,0.25,0.0,0.0,False
V3_CANDIDATE_DEVELOPMENT_ONLY_SURFACE,XGBOOST,0.2,0.0,1.0,0.8,0.05,66.5,1000000,UNSUPPORTED_WITHOUT_REPLAY,0.0,0.0,0.0,False
V3_CANDIDATE_DEVELOPMENT_ONLY_SURFACE,XGBOOST,0.2,0.0,1.0,0.8,0.05,66.5,1000000,UNSUPPORTED_WITHOUT_REPLAY,0.05,0.0,0.0,False
V3_CANDIDATE_DEVELOPMENT_ONLY_SURFACE,XGBOOST,0.2,0.0,1.0,0.8,0.05,66.5,1000000,UNSUPPORTED_WITHOUT_REPLAY,0.1,0.0,0.0,False
V3_CANDIDATE_DEVELOPMENT_ONLY_SURFACE,XGBOOST,0.2,0.0,1.0,0.8,0.05,66.5,1000000,UNSUPPORTED_WITHOUT_REPLAY,0.25,0.0,0.0,False
V3_CANDIDATE_DEVELOPMENT_ONLY_SURFACE,XGBOOST,0.2,0.0,1.0,0.8,0.05,77.5,1000000,UNSUPPORTED_WITHOUT_REPLAY,0.0,0.0,0.0,False
V3_CANDIDATE_DEVELOPMENT_ONLY_SURFACE,XGBOOST,0.2,0.0,1.0,0.8,0.05,77.5,1000000,UNSUPPORTED_WITHOUT_REPLAY,0.05,0.0,0.0,False
V3_CANDIDATE_DEVELOPMENT_ONLY_SURFACE,XGBOOST,0.2,0.0,1.0,0.8,0.05,77.5,1000000,UNSUPPORTED_WITHOUT_REPLAY,0.1,0.0,0.0,False
V3_CANDIDATE_DEVELOPMENT_ONLY_SURFACE,XGBOOST,0.2,0.0,1.0,0.8,0.05,77.5,1000000,UNSUPPORTED_WITHOUT_REPLAY,0.25,0.0,0.0,False
V3_CANDIDATE_DEVELOPMENT_ONLY_SURFACE,XGBOOST,0.2,0.0,1.0,0.8,0.1,59.5,1000000,UNSUPPORTED_WITHOUT_REPLAY,0.0,0.0,0.0,False
V3_CANDIDATE_DEVELOPMENT_ONLY_SURFACE,XGBOOST,0.2,0.0,1.0,0.8,0.1,59.5,1000000,UNSUPPORTED_WITHOUT_REPLAY,0.05,0.0,0.0,False
V3_CANDIDATE_DEVELOPMENT_ONLY_SURFACE,XGBOOST,0.2,0.0,1.0,0.8,0.1,59.5,1000000,UNSUPPORTED_WITHOUT_REPLAY,0.1,0.0,0.0,False
V3_CANDIDATE_DEVELOPMENT_ONLY_SURFACE,XGBOOST,0.2,0.0,1.0,0.8,0.1,59.5,1000000,UNSUPPORTED_WITHOUT_REPLAY,0.25,0.0,0.0,False
V3_CANDIDATE_DEVELOPMENT_ONLY_SURFACE,XGBOOST,0.2,0.0,1.0,0.8,0.1,66.5,1000000,UNSUPPORTED_WITHOUT_REPLAY,0.0,0.0,0.0,False
V3_CANDIDATE_DEVELOPMENT_ONLY_SURFACE,XGBOOST,0.2,0.0,1.0,0.8,0.1,66.5,1000000,UNSUPPORTED_WITHOUT_REPLAY,0.05,0.0,0.0,False
V3_CANDIDATE_DEVELOPMENT_ONLY_SURFACE,XGBOOST,0.2,0.0,1.0,0.8,0.1,66.5,1000000,UNSUPPORTED_WITHOUT_REPLAY,0.1,0.0,0.0,False
V3_CANDIDATE_DEVELOPMENT_ONLY_SURFACE,XGBOOST,0.2,0.0,1.0,0.8,0.1,66.5,1000000,UNSUPPORTED_WITHOUT_REPLAY,0.25,0.0,0.0,False
V3_CANDIDATE_DEVELOPMENT_ONLY_SURFACE,XGBOOST,0.2,0.0,1.0,0.8,0.1,77.5,1000000,UNSUPPORTED_WITHOUT_REPLAY,0.0,0.0,0.0,False
V3_CANDIDATE_DEVELOPMENT_ONLY_SURFACE,XGBOOST,0.2,0.0,1.0,0.8,0.1,77.5,1000000,UNSUPPORTED_WITHOUT_REPLAY,0.05,0.0,0.0,False
V3_CANDIDATE_DEVELOPMENT_ONLY_SURFACE,XGBOOST,0.2,0.0,1.0,0.8,0.1,77.5,1000000,UNSUPPORTED_WITHOUT_REPLAY,0.1,0.0,0.0,False
V3_CANDIDATE_DEVELOPMENT_ONLY_SURFACE,XGBOOST,0.2,0.0,1.0,0.8,0.1,77.5,1000000,UNSUPPORTED_WITHOUT_REPLAY,0.25,0.0,0.0,False
V3_CANDIDATE_DEVELOPMENT_ONLY_SURFACE,XGBOOST,0.2,0.25,0.0,0.0,0.0,59.5,1000000,UNSUPPORTED_WITHOUT_REPLAY,0.0,0.009367163163998545,0.12551440329218108,False
V3_CANDIDATE_DEVELOPMENT_ONLY_SURFACE,XGBOOST,0.2,0.25,0.0,0.0,0.0,59.5,1000000,UNSUPPORTED_WITHOUT_REPLAY,0.05,0.0030914429993894915,0.08641975308641975,False
V3_CANDIDATE_DEVELOPMENT_ONLY_SURFACE,XGBOOST,0.2,0.25,0.0,0.0,0.0,59.5,1000000,UNSUPPORTED_WITHOUT_REPLAY,0.1,-0.0031842771652195625,0.030864197530864196,False
V3_CANDIDATE_DEVELOPMENT_ONLY_SURFACE,XGBOOST,0.2,0.25,0.0,0.0,0.0,59.5,1000000,UNSUPPORTED_WITHOUT_REPLAY,0.25,-0.02201143765904672,0.0,False
V3_CANDIDATE_DEVELOPMENT_ONLY_SURFACE,XGBOOST,0.2,0.25,0.0,0.0,0.0,66.5,1000000,UNSUPPORTED_WITHOUT_REPLAY,0.0,0.014369655574510963,0.17078189300411523,False
V3_CANDIDATE_DEVELOPMENT_ONLY_SURFACE,XGBOOST,0.2,0.25,0.0,0.0,0.0,66.5,1000000,UNSUPPORTED_WITHOUT_REPLAY,0.05,0.005830560924305198,0.11522633744855967,False
V3_CANDIDATE_DEVELOPMENT_ONLY_SURFACE,XGBOOST,0.2,0.25,0.0,0.0,0.0,66.5,1000000,UNSUPPORTED_WITHOUT_REPLAY,0.1,-0.002708533725900563,0.05555555555555555,False
V3_CANDIDATE_DEVELOPMENT_ONLY_SURFACE,XGBOOST,0.2,0.25,0.0,0.0,0.0,66.5,1000000,UNSUPPORTED_WITHOUT_REPLAY,0.25,-0.02832581767651785,0.00411522633744856,False
V3_CANDIDATE_DEVELOPMENT_ONLY_SURFACE,XGBOOST,0.2,0.25,0.0,0.0,0.0,77.5,1000000,UNSUPPORTED_WITHOUT_REPLAY,0.0,0.01915864122467277,0.22839506172839505,False
V3_CANDIDATE_DEVELOPMENT_ONLY_SURFACE,XGBOOST,0.2,0.25,0.0,0.0,0.0,77.5,1000000,UNSUPPORTED_WITHOUT_REPLAY,0.05,0.007738888138253016,0.15432098765432098,False
V3_CANDIDATE_DEVELOPMENT_ONLY_SURFACE,XGBOOST,0.2,0.25,0.0,0.0,0.0,77.5,1000000,UNSUPPORTED_WITHOUT_REPLAY,0.1,-0.0036808649481667372,0.07407407407407407,False
V3_CANDIDATE_DEVELOPMENT_ONLY_SURFACE,XGBOOST,0.2,0.25,0.0,0.0,0.0,77.5,1000000,UNSUPPORTED_WITHOUT_REPLAY,0.25,-0.037940124207426,0.00411522633744856,False
V3_CANDIDATE_DEVELOPMENT_ONLY_SURFACE,XGBOOST,0.2,0.25,0.0,0.0,0.05,59.5,1000000,UNSUPPORTED_WITHOUT_REPLAY,0.0,0.008645023741433756,0.08641975308641975,False
V3_CANDIDATE_DEVELOPMENT_ONLY_SURFACE,XGBOOST,0.2,0.25,0.0,0.0,0.05,59.5,1000000,UNSUPPORTED_WITHOUT_REPLAY,0.05,0.004324036087112768,0.08641975308641975,False
V3_CANDIDATE_DEVELOPMENT_ONLY_SURFACE,XGBOOST,0.2,0.25,0.0,0.0,0.05,59.5,1000000,UNSUPPORTED_WITHOUT_REPLAY,0.1,3.048432791781188e-06,0.030864197530864196,False
V3_CANDIDATE_DEVELOPMENT_ONLY_SURFACE,XGBOOST,0.2,0.25,0.0,0.0,0.05,59.5,1000000,UNSUPPORTED_WITHOUT_REPLAY,0.25,-0.012959914530171182,0.0,False
V3_CANDIDATE_DEVELOPMENT_ONLY_SURFACE,XGBOOST,0.2,0.25,0.0,0.0,0.05,66.5,1000000,UNSUPPORTED_WITHOUT_REPLAY,0.0,0.013309580700856688,0.11522633744855967,False
V3_CANDIDATE_DEVELOPMENT_ONLY_SURFACE,XGBOOST,0.2,0.25,0.0,0.0,0.05,66.5,1000000,UNSUPPORTED_WITHOUT_REPLAY,0.05,0.0075482638284287045,0.11522633744855967,False
V3_CANDIDATE_DEVELOPMENT_ONLY_SURFACE,XGBOOST,0.2,0.25,0.0,0.0,0.05,66.5,1000000,UNSUPPORTED_WITHOUT_REPLAY,0.1,0.001786946956000721,0.05555555555555555,False
V3_CANDIDATE_DEVELOPMENT_ONLY_SURFACE,XGBOOST,0.2,0.25,0.0,0.0,0.05,66.5,1000000,UNSUPPORTED_WITHOUT_REPLAY,0.25,-0.015497003661283228,0.00411522633744856,False
V3_CANDIDATE_DEVELOPMENT_ONLY_SURFACE,XGBOOST,0.2,0.25,0.0,0.0,0.05,77.5,1000000,UNSUPPORTED_WITHOUT_REPLAY,0.0,0.017602027008358345,0.15432098765432098,False
V3_CANDIDATE_DEVELOPMENT_ONLY_SURFACE,XGBOOST,0.2,0.25,0.0,0.0,0.05,77.5,1000000,UNSUPPORTED_WITHOUT_REPLAY,0.05,0.009885977625642297,0.15432098765432098,False
V3_CANDIDATE_DEVELOPMENT_ONLY_SURFACE,XGBOOST,0.2,0.25,0.0,0.0,0.05,77.5,1000000,UNSUPPORTED_WITHOUT_REPLAY,0.1,0.0021699282429262488,0.07407407407407407,False
V3_CANDIDATE_DEVELOPMENT_ONLY_SURFACE,XGBOOST,0.2,0.25,0.0,0.0,0.05,77.5,1000000,UNSUPPORTED_WITHOUT_REPLAY,0.25,-0.020978219905221897,0.00411522633744856,False
V3_CANDIDATE_DEVELOPMENT_ONLY_SURFACE,XGBOOST,0.2,0.25,0.0,0.0,0.1,59.5,1000000,UNSUPPORTED_WITHOUT_REPLAY,0.0,0.004776377796545398,0.030864197530864196,False
V3_CANDIDATE_DEVELOPMENT_ONLY_SURFACE,XGBOOST,0.2,0.25,0.0,0.0,0.1,59.5,1000000,UNSUPPORTED_WITHOUT_REPLAY,0.05,0.0032331679200021876,0.030864197530864196,False
V3_CANDIDATE_DEVELOPMENT_ONLY_SURFACE,XGBOOST,0.2,0.25,0.0,0.0,0.1,59.5,1000000,UNSUPPORTED_WITHOUT_REPLAY,0.1,0.0016899580434589776,0.030864197530864196,False
V3_CANDIDATE_DEVELOPMENT_ONLY_SURFACE,XGBOOST,0.2,0.25,0.0,0.0,0.1,59.5,1000000,UNSUPPORTED_WITHOUT_REPLAY,0.25,-0.0029396715861706516,0.0,False
V3_CANDIDATE_DEVELOPMENT_ONLY_SURFACE,XGBOOST,0.2,0.25,0.0,0.0,0.1,66.5,1000000,UNSUPPORTED_WITHOUT_REPLAY,0.0,0.009169041763153368,0.05555555555555555,False
V3_CANDIDATE_DEVELOPMENT_ONLY_SURFACE,XGBOOST,0.2,0.25,0.0,0.0,0.1,66.5,1000000,UNSUPPORTED_WITHOUT_REPLAY,0.05,0.006391263985375591,0.05555555555555555,False
V3_CANDIDATE_DEVELOPMENT_ONLY_SURFACE,XGBOOST,0.2,0.25,0.0,0.0,0.1,66.5,1000000,UNSUPPORTED_WITHOUT_REPLAY,0.1,0.0036134862075978135,0.05555555555555555,False
V3_CANDIDATE_DEVELOPMENT_ONLY_SURFACE,XGBOOST,0.2,0.25,0.0,0.0,0.1,66.5,1000000,UNSUPPORTED_WITHOUT_REPLAY,0.25,-0.00471984712573552,0.00411522633744856,False
V3_CANDIDATE_DEVELOPMENT_ONLY_SURFACE,XGBOOST,0.2,0.25,0.0,0.0,0.1,77.5,1000000,UNSUPPORTED_WITHOUT_REPLAY,0.0,0.011867172101358637,0.07407407407407407,False
V3_CANDIDATE_DEVELOPMENT_ONLY_SURFACE,XGBOOST,0.2,0.25,0.0,0.0,0.1,77.5,1000000,UNSUPPORTED_WITHOUT_REPLAY,0.05,0.008163468397654937,0.07407407407407407,False
V3_CANDIDATE_DEVELOPMENT_ONLY_SURFACE,XGBOOST,0.2,0.25,0.0,0.0,0.1,77.5,1000000,UNSUPPORTED_WITHOUT_REPLAY,0.1,0.004459764693951231,0.07407407407407407,False
V3_CANDIDATE_DEVELOPMENT_ONLY_SURFACE,XGBOOST,0.2,0.25,0.0,0.0,0.1,77.5,1000000,UNSUPPORTED_WITHOUT_REPLAY,0.25,-0.0066513464171598785,0.00411522633744856,False
V3_CANDIDATE_DEVELOPMENT_ONLY_SURFACE,XGBOOST,0.2,0.25,0.0,0.4,0.0,59.5,1000000,UNSUPPORTED_WITHOUT_REPLAY,0.0,0.009367163163998545,0.12551440329218108,False
V3_CANDIDATE_DEVELOPMENT_ONLY_SURFACE,XGBOOST,0.2,0.25,0.0,0.4,0.0,59.5,1000000,UNSUPPORTED_WITHOUT_REPLAY,0.05,0.0030914429993894915,0.08641975308641975,False
V3_CANDIDATE_DEVELOPMENT_ONLY_SURFACE,XGBOOST,0.2,0.25,0.0,0.4,0.0,59.5,1000000,UNSUPPORTED_WITHOUT_REPLAY,0.1,-0.0031842771652195625,0.030864197530864196,False
V3_CANDIDATE_DEVELOPMENT_ONLY_SURFACE,XGBOOST,0.2,0.25,0.0,0.4,0.0,59.5,1000000,UNSUPPORTED_WITHOUT_REPLAY,0.25,-0.02201143765904672,0.0,False
V3_CANDIDATE_DEVELOPMENT_ONLY_SURFACE,XGBOOST,0.2,0.25,0.0,0.4,0.0,66.5,1000000,UNSUPPORTED_WITHOUT_REPLAY,0.0,0.014369655574510963,0.17078189300411523,False
V3_CANDIDATE_DEVELOPMENT_ONLY_SURFACE,XGBOOST,0.2,0.25,0.0,0.4,0.0,66.5,1000000,UNSUPPORTED_WITHOUT_REPLAY,0.05,0.005830560924305198,0.11522633744855967,False
V3_CANDIDATE_DEVELOPMENT_ONLY_SURFACE,XGBOOST,0.2,0.25,0.0,0.4,0.0,66.5,1000000,UNSUPPORTED_WITHOUT_REPLAY,0.1,-0.002708533725900563,0.05555555555555555,False
V3_CANDIDATE_DEVELOPMENT_ONLY_SURFACE,XGBOOST,0.2,0.25,0.0,0.4,0.0,66.5,1000000,UNSUPPORTED_WITHOUT_REPLAY,0.25,-0.02832581767651785,0.00411522633744856,False
V3_CANDIDATE_DEVELOPMENT_ONLY_SURFACE,XGBOOST,0.2,0.25,0.0,0.4,0.0,77.5,1000000,UNSUPPORTED_WITHOUT_REPLAY,0.0,0.01915864122467277,0.22839506172839505,False
V3_CANDIDATE_DEVELOPMENT_ONLY_SURFACE,XGBOOST,0.2,0.25,0.0,0.4,0.0,77.5,1000000,UNSUPPORTED_WITHOUT_REPLAY,0.05,0.007738888138253016,0.15432098765432098,False
V3_CANDIDATE_DEVELOPMENT_ONLY_SURFACE,XGBOOST,0.2,0.25,0.0,0.4,0.0,77.5,1000000,UNSUPPORTED_WITHOUT_REPLAY,0.1,-0.0036808649481667372,0.07407407407407407,False
V3_CANDIDATE_DEVELOPMENT_ONLY_SURFACE,XGBOOST,0.2,0.25,0.0,0.4,0.0,77.5,1000000,UNSUPPORTED_WITHOUT_REPLAY,0.25,-0.037940124207426,0.00411522633744856,False
V3_CANDIDATE_DEVELOPMENT_ONLY_SURFACE,XGBOOST,0.2,0.25,0.0,0.4,0.05,59.5,1000000,UNSUPPORTED_WITHOUT_REPLAY,0.0,0.008645023741433756,0.08641975308641975,False
V3_CANDIDATE_DEVELOPMENT_ONLY_SURFACE,XGBOOST,0.2,0.25,0.0,0.4,0.05,59.5,1000000,UNSUPPORTED_WITHOUT_REPLAY,0.05,0.004324036087112768,0.08641975308641975,False
V3_CANDIDATE_DEVELOPMENT_ONLY_SURFACE,XGBOOST,0.2,0.25,0.0,0.4,0.05,59.5,1000000,UNSUPPORTED_WITHOUT_REPLAY,0.1,3.048432791781188e-06,0.030864197530864196,False
V3_CANDIDATE_DEVELOPMENT_ONLY_SURFACE,XGBOOST,0.2,0.25,0.0,0.4,0.05,59.5,1000000,UNSUPPORTED_WITHOUT_REPLAY,0.25,-0.012959914530171182,0.0,False
V3_CANDIDATE_DEVELOPMENT_ONLY_SURFACE,XGBOOST,0.2,0.25,0.0,0.4,0.05,66.5,1000000,UNSUPPORTED_WITHOUT_REPLAY,0.0,0.013309580700856688,0.11522633744855967,False
V3_CANDIDATE_DEVELOPMENT_ONLY_SURFACE,XGBOOST,0.2,0.25,0.0,0.4,0.05,66.5,1000000,UNSUPPORTED_WITHOUT_REPLAY,0.05,0.0075482638284287045,0.11522633744855967,False
V3_CANDIDATE_DEVELOPMENT_ONLY_SURFACE,XGBOOST,0.2,0.25,0.0,0.4,0.05,66.5,1000000,UNSUPPORTED_WITHOUT_REPLAY,0.1,0.001786946956000721,0.05555555555555555,False
V3_CANDIDATE_DEVELOPMENT_ONLY_SURFACE,XGBOOST,0.2,0.25,0.0,0.4,0.05,66.5,1000000,UNSUPPORTED_WITHOUT_REPLAY,0.25,-0.015497003661283228,0.00411522633744856,False
V3_CANDIDATE_DEVELOPMENT_ONLY_SURFACE,XGBOOST,0.2,0.25,0.0,0.4,0.05,77.5,1000000,UNSUPPORTED_WITHOUT_REPLAY,0.0,0.017602027008358345,0.15432098765432098,False
V3_CANDIDATE_DEVELOPMENT_ONLY_SURFACE,XGBOOST,0.2,0.25,0.0,0.4,0.05,77.5,1000000,UNSUPPORTED_WITHOUT_REPLAY,0.05,0.009885977625642297,0.15432098765432098,False
V3_CANDIDATE_DEVELOPMENT_ONLY_SURFACE,XGBOOST,0.2,0.25,0.0,0.4,0.05,77.5,1000000,UNSUPPORTED_WITHOUT_REPLAY,0.1,0.0021699282429262488,0.07407407407407407,False
V3_CANDIDATE_DEVELOPMENT_ONLY_SURFACE,XGBOOST,0.2,0.25,0.0,0.4,0.05,77.5,1000000,UNSUPPORTED_WITHOUT_REPLAY,0.25,-0.020978219905221897,0.00411522633744856,False
V3_CANDIDATE_DEVELOPMENT_ONLY_SURFACE,XGBOOST,0.2,0.25,0.0,0.4,0.1,59.5,1000000,UNSUPPORTED_WITHOUT_REPLAY,0.0,0.004776377796545398,0.030864197530864196,False
V3_CANDIDATE_DEVELOPMENT_ONLY_SURFACE,XGBOOST,0.2,0.25,0.0,0.4,0.1,59.5,1000000,UNSUPPORTED_WITHOUT_REPLAY,0.05,0.0032331679200021876,0.030864197530864196,False
V3_CANDIDATE_DEVELOPMENT_ONLY_SURFACE,XGBOOST,0.2,0.25,0.0,0.4,0.1,59.5,1000000,UNSUPPORTED_WITHOUT_REPLAY,0.1,0.0016899580434589776,0.030864197530864196,False
V3_CANDIDATE_DEVELOPMENT_ONLY_SURFACE,XGBOOST,0.2,0.25,0.0,0.4,0.1,59.5,1000000,UNSUPPORTED_WITHOUT_REPLAY,0.25,-0.0029396715861706516,0.0,False
V3_CANDIDATE_DEVELOPMENT_ONLY_SURFACE,XGBOOST,0.2,0.25,0.0,0.4,0.1,66.5,1000000,UNSUPPORTED_WITHOUT_REPLAY,0.0,0.009169041763153368,0.05555555555555555,False
V3_CANDIDATE_DEVELOPMENT_ONLY_SURFACE,XGBOOST,0.2,0.25,0.0,0.4,0.1,66.5,1000000,UNSUPPORTED_WITHOUT_REPLAY,0.05,0.006391263985375591,0.05555555555555555,False
V3_CANDIDATE_DEVELOPMENT_ONLY_SURFACE,XGBOOST,0.2,0.25,0.0,0.4,0.1,66.5,1000000,UNSUPPORTED_WITHOUT_REPLAY,0.1,0.0036134862075978135,0.05555555555555555,False
V3_CANDIDATE_DEVELOPMENT_ONLY_SURFACE,XGBOOST,0.2,0.25,0.0,0.4,0.1,66.5,1000000,UNSUPPORTED_WITHOUT_REPLAY,0.25,-0.00471984712573552,0.00411522633744856,False
V3_CANDIDATE_DEVELOPMENT_ONLY_SURFACE,XGBOOST,0.2,0.25,0.0,0.4,0.1,77.5,1000000,UNSUPPORTED_WITHOUT_REPLAY,0.0,0.011867172101358637,0.07407407407407407,False
V3_CANDIDATE_DEVELOPMENT_ONLY_SURFACE,XGBOOST,0.2,0.25,0.0,0.4,0.1,77.5,1000000,UNSUPPORTED_WITHOUT_REPLAY,0.05,0.008163468397654937,0.07407407407407407,False
V3_CANDIDATE_DEVELOPMENT_ONLY_SURFACE,XGBOOST,0.2,0.25,0.0,0.4,0.1,77.5,1000000,UNSUPPORTED_WITHOUT_REPLAY,0.1,0.004459764693951231,0.07407407407407407,False
V3_CANDIDATE_DEVELOPMENT_ONLY_SURFACE,XGBOOST,0.2,0.25,0.0,0.4,0.1,77.5,1000000,UNSUPPORTED_WITHOUT_REPLAY,0.25,-0.0066513464171598785,0.00411522633744856,False
V3_CANDIDATE_DEVELOPMENT_ONLY_SURFACE,XGBOOST,0.2,0.25,0.0,0.6,0.0,59.5,1000000,UNSUPPORTED_WITHOUT_REPLAY,0.0,0.005784745191400361,0.08641975308641975,False
V3_CANDIDATE_DEVELOPMENT_ONLY_SURFACE,XGBOOST,0.2,0.25,0.0,0.6,0.0,59.5,1000000,UNSUPPORTED_WITHOUT_REPLAY,0.05,0.0014637575370793725,0.059670781893004114,False
V3_CANDIDATE_DEVELOPMENT_ONLY_SURFACE,XGBOOST,0.2,0.25,0.0,0.6,0.0,59.5,1000000,UNSUPPORTED_WITHOUT_REPLAY,0.1,-0.002857230117241616,0.01440329218106996,False
V3_CANDIDATE_DEVELOPMENT_ONLY_SURFACE,XGBOOST,0.2,0.25,0.0,0.6,0.0,59.5,1000000,UNSUPPORTED_WITHOUT_REPLAY,0.25,-0.01582019308020458,0.0,False
V3_CANDIDATE_DEVELOPMENT_ONLY_SURFACE,XGBOOST,0.2,0.25,0.0,0.6,0.0,66.5,1000000,UNSUPPORTED_WITHOUT_REPLAY,0.0,0.01003604127224837,0.11934156378600823,False
V3_CANDIDATE_DEVELOPMENT_ONLY_SURFACE,XGBOOST,0.2,0.25,0.0,0.6,0.0,66.5,1000000,UNSUPPORTED_WITHOUT_REPLAY,0.05,0.004068963082947958,0.0823045267489712,False
V3_CANDIDATE_DEVELOPMENT_ONLY_SURFACE,XGBOOST,0.2,0.25,0.0,0.6,0.0,66.5,1000000,UNSUPPORTED_WITHOUT_REPLAY,0.1,-0.001898115106352454,0.03497942386831276,False
V3_CANDIDATE_DEVELOPMENT_ONLY_SURFACE,XGBOOST,0.2,0.25,0.0,0.6,0.0,66.5,1000000,UNSUPPORTED_WITHOUT_REPLAY,0.25,-0.01979934967425369,0.00411522633744856,False
V3_CANDIDATE_DEVELOPMENT_ONLY_SURFACE,XGBOOST,0.2,0.25,0.0,0.6,0.0,77.5,1000000,UNSUPPORTED_WITHOUT_REPLAY,0.0,0.012598315348246729,0.14814814814814814,False
V3_CANDIDATE_DEVELOPMENT_ONLY_SURFACE,XGBOOST,0.2,0.25,0.0,0.6,0.0,77.5,1000000,UNSUPPORTED_WITHOUT_REPLAY,0.05,0.005190907940839321,0.10493827160493827,False
V3_CANDIDATE_DEVELOPMENT_ONLY_SURFACE,XGBOOST,0.2,0.25,0.0,0.6,0.0,77.5,1000000,UNSUPPORTED_WITHOUT_REPLAY,0.1,-0.002216499466568087,0.043209876543209874,False
V3_CANDIDATE_DEVELOPMENT_ONLY_SURFACE,XGBOOST,0.2,0.25,0.0,0.6,0.0,77.5,1000000,UNSUPPORTED_WITHOUT_REPLAY,0.25,-0.024438721688790313,0.00411522633744856,False
V3_CANDIDATE_DEVELOPMENT_ONLY_SURFACE,XGBOOST,0.2,0.25,0.0,0.6,0.05,59.5,1000000,UNSUPPORTED_WITHOUT_REPLAY,0.0,0.005234054267890148,0.059670781893004114,False
V3_CANDIDATE_DEVELOPMENT_ONLY_SURFACE,XGBOOST,0.2,0.25,0.0,0.6,0.05,59.5,1000000,UNSUPPORTED_WITHOUT_REPLAY,0.05,0.0022505151732399417,0.059670781893004114,False
V3_CANDIDATE_DEVELOPMENT_ONLY_SURFACE,XGBOOST,0.2,0.25,0.0,0.6,0.05,59.5,1000000,UNSUPPORTED_WITHOUT_REPLAY,0.1,-0.000733023921410264,0.01440329218106996,False
V3_CANDIDATE_DEVELOPMENT_ONLY_SURFACE,XGBOOST,0.2,0.25,0.0,0.6,0.05,59.5,1000000,UNSUPPORTED_WITHOUT_REPLAY,0.25,-0.009683641205360883,0.0,False
V3_CANDIDATE_DEVELOPMENT_ONLY_SURFACE,XGBOOST,0.2,0.25,0.0,0.6,0.05,66.5,1000000,UNSUPPORTED_WITHOUT_REPLAY,0.0,0.0093245562143137,0.0823045267489712,False
V3_CANDIDATE_DEVELOPMENT_ONLY_SURFACE,XGBOOST,0.2,0.25,0.0,0.6,0.05,66.5,1000000,UNSUPPORTED_WITHOUT_REPLAY,0.05,0.005209329876865138,0.0823045267489712,False
V3_CANDIDATE_DEVELOPMENT_ONLY_SURFACE,XGBOOST,0.2,0.25,0.0,0.6,0.05,66.5,1000000,UNSUPPORTED_WITHOUT_REPLAY,0.1,0.0010941035394165788,0.03497942386831276,False
V3_CANDIDATE_DEVELOPMENT_ONLY_SURFACE,XGBOOST,0.2,0.25,0.0,0.6,0.05,66.5,1000000,UNSUPPORTED_WITHOUT_REPLAY,0.25,-0.011251575472929098,0.00411522633744856,False
V3_CANDIDATE_DEVELOPMENT_ONLY_SURFACE,XGBOOST,0.2,0.25,0.0,0.6,0.05,77.5,1000000,UNSUPPORTED_WITHOUT_REPLAY,0.0,0.011767852364487713,0.10493827160493827,False
V3_CANDIDATE_DEVELOPMENT_ONLY_SURFACE,XGBOOST,0.2,0.25,0.0,0.6,0.05,77.5,1000000,UNSUPPORTED_WITHOUT_REPLAY,0.05,0.0065209387842408,0.10493827160493827,False
V3_CANDIDATE_DEVELOPMENT_ONLY_SURFACE,XGBOOST,0.2,0.25,0.0,0.6,0.05,77.5,1000000,UNSUPPORTED_WITHOUT_REPLAY,0.1,0.0012740252039938867,0.043209876543209874,False
V3_CANDIDATE_DEVELOPMENT_ONLY_SURFACE,XGBOOST,0.2,0.25,0.0,0.6,0.05,77.5,1000000,UNSUPPORTED_WITHOUT_REPLAY,0.25,-0.014466715536746855,0.00411522633744856,False
V3_CANDIDATE_DEVELOPMENT_ONLY_SURFACE,XGBOOST,0.2,0.25,0.0,0.6,0.1,59.5,1000000,UNSUPPORTED_WITHOUT_REPLAY,0.0,0.002093314013594033,0.01440329218106996,False
V3_CANDIDATE_DEVELOPMENT_ONLY_SURFACE,XGBOOST,0.2,0.25,0.0,0.6,0.1,59.5,1000000,UNSUPPORTED_WITHOUT_REPLAY,0.05,0.001373149404540535,0.01440329218106996,False
V3_CANDIDATE_DEVELOPMENT_ONLY_SURFACE,XGBOOST,0.2,0.25,0.0,0.6,0.1,59.5,1000000,UNSUPPORTED_WITHOUT_REPLAY,0.1,0.0006529847954870369,0.01440329218106996,False
V3_CANDIDATE_DEVELOPMENT_ONLY_SURFACE,XGBOOST,0.2,0.25,0.0,0.6,0.1,59.5,1000000,UNSUPPORTED_WITHOUT_REPLAY,0.25,-0.0015075090316734568,0.0,False
V3_CANDIDATE_DEVELOPMENT_ONLY_SURFACE,XGBOOST,0.2,0.25,0.0,0.6,0.1,66.5,1000000,UNSUPPORTED_WITHOUT_REPLAY,0.0,0.006016613870133328,0.03497942386831276,False
V3_CANDIDATE_DEVELOPMENT_ONLY_SURFACE,XGBOOST,0.2,0.25,0.0,0.6,0.1,66.5,1000000,UNSUPPORTED_WITHOUT_REPLAY,0.05,0.00426764267671769,0.03497942386831276,False
V3_CANDIDATE_DEVELOPMENT_ONLY_SURFACE,XGBOOST,0.2,0.25,0.0,0.6,0.1,66.5,1000000,UNSUPPORTED_WITHOUT_REPLAY,0.1,0.0025186714833020517,0.03497942386831276,False
V3_CANDIDATE_DEVELOPMENT_ONLY_SURFACE,XGBOOST,0.2,0.25,0.0,0.6,0.1,66.5,1000000,UNSUPPORTED_WITHOUT_REPLAY,0.25,-0.002728242096944861,0.00411522633744856,False
V3_CANDIDATE_DEVELOPMENT_ONLY_SURFACE,XGBOOST,0.2,0.25,0.0,0.6,0.1,77.5,1000000,UNSUPPORTED_WITHOUT_REPLAY,0.0,0.007370353557306736,0.043209876543209874,False
V3_CANDIDATE_DEVELOPMENT_ONLY_SURFACE,XGBOOST,0.2,0.25,0.0,0.6,0.1,77.5,1000000,UNSUPPORTED_WITHOUT_REPLAY,0.05,0.005209859730146242,0.043209876543209874,False
V3_CANDIDATE_DEVELOPMENT_ONLY_SURFACE,XGBOOST,0.2,0.25,0.0,0.6,0.1,77.5,1000000,UNSUPPORTED_WITHOUT_REPLAY,0.1,0.0030493659029857483,0.043209876543209874,False
V3_CANDIDATE_DEVELOPMENT_ONLY_SURFACE,XGBOOST,0.2,0.25,0.0,0.6,0.1,77.5,1000000,UNSUPPORTED_WITHOUT_REPLAY,0.25,-0.0034321155784957326,0.00411522633744856,False
V3_CANDIDATE_DEVELOPMENT_ONLY_SURFACE,XGBOOST,0.2,0.25,0.0,0.8,0.0,59.5,1000000,UNSUPPORTED_WITHOUT_REPLAY,0.0,0.0003937497778723489,0.006172839506172839,False
V3_CANDIDATE_DEVELOPMENT_ONLY_SURFACE,XGBOOST,0.2,0.25,0.0,0.8,0.0,59.5,1000000,UNSUPPORTED_WITHOUT_REPLAY,0.05,8.510780256370688e-05,0.006172839506172839,False
V3_CANDIDATE_DEVELOPMENT_ONLY_SURFACE,XGBOOST,0.2,0.25,0.0,0.8,0.0,59.5,1000000,UNSUPPORTED_WITHOUT_REPLAY,0.1,-0.00022353417274493511,0.0,False
V3_CANDIDATE_DEVELOPMENT_ONLY_SURFACE,XGBOOST,0.2,0.25,0.0,0.8,0.0,59.5,1000000,UNSUPPORTED_WITHOUT_REPLAY,0.25,-0.0011494600986708611,0.0,False
V3_CANDIDATE_DEVELOPMENT_ONLY_SURFACE,XGBOOST,0.2,0.25,0.0,0.8,0.0,66.5,1000000,UNSUPPORTED_WITHOUT_REPLAY,0.0,0.0003937497778723489,0.006172839506172839,False
V3_CANDIDATE_DEVELOPMENT_ONLY_SURFACE,XGBOOST,0.2,0.25,0.0,0.8,0.0,66.5,1000000,UNSUPPORTED_WITHOUT_REPLAY,0.05,8.510780256370688e-05,0.006172839506172839,False
V3_CANDIDATE_DEVELOPMENT_ONLY_SURFACE,XGBOOST,0.2,0.25,0.0,0.8,0.0,66.5,1000000,UNSUPPORTED_WITHOUT_REPLAY,0.1,-0.00022353417274493511,0.0,False
V3_CANDIDATE_DEVELOPMENT_ONLY_SURFACE,XGBOOST,0.2,0.25,0.0,0.8,0.0,66.5,1000000,UNSUPPORTED_WITHOUT_REPLAY,0.25,-0.0011494600986708611,0.0,False
V3_CANDIDATE_DEVELOPMENT_ONLY_SURFACE,XGBOOST,0.2,0.25,0.0,0.8,0.0,77.5,1000000,UNSUPPORTED_WITHOUT_REPLAY,0.0,0.0003937497778723489,0.006172839506172839,False
V3_CANDIDATE_DEVELOPMENT_ONLY_SURFACE,XGBOOST,0.2,0.25,0.0,0.8,0.0,77.5,1000000,UNSUPPORTED_WITHOUT_REPLAY,0.05,8.510780256370688e-05,0.006172839506172839,False
V3_CANDIDATE_DEVELOPMENT_ONLY_SURFACE,XGBOOST,0.2,0.25,0.0,0.8,0.0,77.5,1000000,UNSUPPORTED_WITHOUT_REPLAY,0.1,-0.00022353417274493511,0.0,False
V3_CANDIDATE_DEVELOPMENT_ONLY_SURFACE,XGBOOST,0.2,0.25,0.0,0.8,0.0,77.5,1000000,UNSUPPORTED_WITHOUT_REPLAY,0.25,-0.0011494600986708611,0.0,False
V3_CANDIDATE_DEVELOPMENT_ONLY_SURFACE,XGBOOST,0.2,0.25,0.0,0.8,0.05,59.5,1000000,UNSUPPORTED_WITHOUT_REPLAY,0.0,0.0003937497778723489,0.006172839506172839,False
V3_CANDIDATE_DEVELOPMENT_ONLY_SURFACE,XGBOOST,0.2,0.25,0.0,0.8,0.05,59.5,1000000,UNSUPPORTED_WITHOUT_REPLAY,0.05,8.510780256370688e-05,0.006172839506172839,False
V3_CANDIDATE_DEVELOPMENT_ONLY_SURFACE,XGBOOST,0.2,0.25,0.0,0.8,0.05,59.5,1000000,UNSUPPORTED_WITHOUT_REPLAY,0.1,-0.00022353417274493511,0.0,False
V3_CANDIDATE_DEVELOPMENT_ONLY_SURFACE,XGBOOST,0.2,0.25,0.0,0.8,0.05,59.5,1000000,UNSUPPORTED_WITHOUT_REPLAY,0.25,-0.0011494600986708611,0.0,False
V3_CANDIDATE_DEVELOPMENT_ONLY_SURFACE,XGBOOST,0.2,0.25,0.0,0.8,0.05,66.5,1000000,UNSUPPORTED_WITHOUT_REPLAY,0.0,0.0003937497778723489,0.006172839506172839,False
V3_CANDIDATE_DEVELOPMENT_ONLY_SURFACE,XGBOOST,0.2,0.25,0.0,0.8,0.05,66.5,1000000,UNSUPPORTED_WITHOUT_REPLAY,0.05,8.510780256370688e-05,0.006172839506172839,False
V3_CANDIDATE_DEVELOPMENT_ONLY_SURFACE,XGBOOST,0.2,0.25,0.0,0.8,0.05,66.5,1000000,UNSUPPORTED_WITHOUT_REPLAY,0.1,-0.00022353417274493511,0.0,False
V3_CANDIDATE_DEVELOPMENT_ONLY_SURFACE,XGBOOST,0.2,0.25,0.0,0.8,0.05,66.5,1000000,UNSUPPORTED_WITHOUT_REPLAY,0.25,-0.0011494600986708611,0.0,False
V3_CANDIDATE_DEVELOPMENT_ONLY_SURFACE,XGBOOST,0.2,0.25,0.0,0.8,0.05,77.5,1000000,UNSUPPORTED_WITHOUT_REPLAY,0.0,0.0003937497778723489,0.006172839506172839,False
V3_CANDIDATE_DEVELOPMENT_ONLY_SURFACE,XGBOOST,0.2,0.25,0.0,0.8,0.05,77.5,1000000,UNSUPPORTED_WITHOUT_REPLAY,0.05,8.510780256370688e-05,0.006172839506172839,False
V3_CANDIDATE_DEVELOPMENT_ONLY_SURFACE,XGBOOST,0.2,0.25,0.0,0.8,0.05,77.5,1000000,UNSUPPORTED_WITHOUT_REPLAY,0.1,-0.00022353417274493511,0.0,False
V3_CANDIDATE_DEVELOPMENT_ONLY_SURFACE,XGBOOST,0.2,0.25,0.0,0.8,0.05,77.5,1000000,UNSUPPORTED_WITHOUT_REPLAY,0.25,-0.0011494600986708611,0.0,False
V3_CANDIDATE_DEVELOPMENT_ONLY_SURFACE,XGBOOST,0.2,0.25,0.0,0.8,0.1,59.5,1000000,UNSUPPORTED_WITHOUT_REPLAY,0.0,0.0,0.0,False
V3_CANDIDATE_DEVELOPMENT_ONLY_SURFACE,XGBOOST,0.2,0.25,0.0,0.8,0.1,59.5,1000000,UNSUPPORTED_WITHOUT_REPLAY,0.05,0.0,0.0,False
V3_CANDIDATE_DEVELOPMENT_ONLY_SURFACE,XGBOOST,0.2,0.25,0.0,0.8,0.1,59.5,1000000,UNSUPPORTED_WITHOUT_REPLAY,0.1,0.0,0.0,False
V3_CANDIDATE_DEVELOPMENT_ONLY_SURFACE,XGBOOST,0.2,0.25,0.0,0.8,0.1,59.5,1000000,UNSUPPORTED_WITHOUT_REPLAY,0.25,0.0,0.0,False
V3_CANDIDATE_DEVELOPMENT_ONLY_SURFACE,XGBOOST,0.2,0.25,0.0,0.8,0.1,66.5,1000000,UNSUPPORTED_WITHOUT_REPLAY,0.0,0.0,0.0,False
V3_CANDIDATE_DEVELOPMENT_ONLY_SURFACE,XGBOOST,0.2,0.25,0.0,0.8,0.1,66.5,1000000,UNSUPPORTED_WITHOUT_REPLAY,0.05,0.0,0.0,False
V3_CANDIDATE_DEVELOPMENT_ONLY_SURFACE,XGBOOST,0.2,0.25,0.0,0.8,0.1,66.5,1000000,UNSUPPORTED_WITHOUT_REPLAY,0.1,0.0,0.0,False
V3_CANDIDATE_DEVELOPMENT_ONLY_SURFACE,XGBOOST,0.2,0.25,0.0,0.8,0.1,66.5,1000000,UNSUPPORTED_WITHOUT_REPLAY,0.25,0.0,0.0,False
V3_CANDIDATE_DEVELOPMENT_ONLY_SURFACE,XGBOOST,0.2,0.25,0.0,0.8,0.1,77.5,1000000,UNSUPPORTED_WITHOUT_REPLAY,0.0,0.0,0.0,False
V3_CANDIDATE_DEVELOPMENT_ONLY_SURFACE,XGBOOST,0.2,0.25,0.0,0.8,0.1,77.5,1000000,UNSUPPORTED_WITHOUT_REPLAY,0.05,0.0,0.0,False
V3_CANDIDATE_DEVELOPMENT_ONLY_SURFACE,XGBOOST,0.2,0.25,0.0,0.8,0.1,77.5,1000000,UNSUPPORTED_WITHOUT_REPLAY,0.1,0.0,0.0,False
V3_CANDIDATE_DEVELOPMENT_ONLY_SURFACE,XGBOOST,0.2,0.25,0.0,0.8,0.1,77.5,1000000,UNSUPPORTED_WITHOUT_REPLAY,0.25,0.0,0.0,False
V3_CANDIDATE_DEVELOPMENT_ONLY_SURFACE,XGBOOST,0.2,0.25,0.25,0.0,0.0,59.5,1000000,UNSUPPORTED_WITHOUT_REPLAY,0.0,0.002264051071400159,0.04938271604938271,False
V3_CANDIDATE_DEVELOPMENT_ONLY_SURFACE,XGBOOST,0.2,0.25,0.25,0.0,0.0,59.5,1000000,UNSUPPORTED_WITHOUT_REPLAY,0.05,-0.00020508473106897718,0.0205761316872428,False
V3_CANDIDATE_DEVELOPMENT_ONLY_SURFACE,XGBOOST,0.2,0.25,0.25,0.0,0.0,59.5,1000000,UNSUPPORTED_WITHOUT_REPLAY,0.1,-0.002674220533538113,0.00411522633744856,False
V3_CANDIDATE_DEVELOPMENT_ONLY_SURFACE,XGBOOST,0.2,0.25,0.25,0.0,0.0,59.5,1000000,UNSUPPORTED_WITHOUT_REPLAY,0.25,-0.01008162794094552,0.0,False
V3_CANDIDATE_DEVELOPMENT_ONLY_SURFACE,XGBOOST,0.2,0.25,0.25,0.0,0.0,66.5,1000000,UNSUPPORTED_WITHOUT_REPLAY,0.0,0.0043519205143401725,0.08024691358024691,False
V3_CANDIDATE_DEVELOPMENT_ONLY_SURFACE,XGBOOST,0.2,0.25,0.25,0.0,0.0,66.5,1000000,UNSUPPORTED_WITHOUT_REPLAY,0.05,0.0003395748353278265,0.03909465020576132,False
V3_CANDIDATE_DEVELOPMENT_ONLY_SURFACE,XGBOOST,0.2,0.25,0.25,0.0,0.0,66.5,1000000,UNSUPPORTED_WITHOUT_REPLAY,0.1,-0.0036727708436845195,0.0102880658436214,False
V3_CANDIDATE_DEVELOPMENT_ONLY_SURFACE,XGBOOST,0.2,0.25,0.25,0.0,0.0,66.5,1000000,UNSUPPORTED_WITHOUT_REPLAY,0.25,-0.015709807880721557,0.0,False
V3_CANDIDATE_DEVELOPMENT_ONLY_SURFACE,XGBOOST,0.2,0.25,0.25,0.0,0.0,77.5,1000000,UNSUPPORTED_WITHOUT_REPLAY,0.0,0.006469387524103306,0.12757201646090535,False
V3_CANDIDATE_DEVELOPMENT_ONLY_SURFACE,XGBOOST,0.2,0.25,0.25,0.0,0.0,77.5,1000000,UNSUPPORTED_WITHOUT_REPLAY,0.05,9.078670105803775e-05,0.06172839506172839,False
V3_CANDIDATE_DEVELOPMENT_ONLY_SURFACE,XGBOOST,0.2,0.25,0.25,0.0,0.0,77.5,1000000,UNSUPPORTED_WITHOUT_REPLAY,0.1,-0.00628781412198723,0.012345679012345678,False
V3_CANDIDATE_DEVELOPMENT_ONLY_SURFACE,XGBOOST,0.2,0.25,0.25,0.0,0.0,77.5,1000000,UNSUPPORTED_WITHOUT_REPLAY,0.25,-0.025423616591123032,0.0,False
V3_CANDIDATE_DEVELOPMENT_ONLY_SURFACE,XGBOOST,0.2,0.25,0.25,0.0,0.05,59.5,1000000,UNSUPPORTED_WITHOUT_REPLAY,0.0,0.0016595232684686449,0.0205761316872428,False
V3_CANDIDATE_DEVELOPMENT_ONLY_SURFACE,XGBOOST,0.2,0.25,0.25,0.0,0.05,59.5,1000000,UNSUPPORTED_WITHOUT_REPLAY,0.05,0.000630716684106505,0.0205761316872428,False
V3_CANDIDATE_DEVELOPMENT_ONLY_SURFACE,XGBOOST,0.2,0.25,0.25,0.0,0.05,59.5,1000000,UNSUPPORTED_WITHOUT_REPLAY,0.1,-0.000398089900255635,0.00411522633744856,False
V3_CANDIDATE_DEVELOPMENT_ONLY_SURFACE,XGBOOST,0.2,0.25,0.25,0.0,0.05,59.5,1000000,UNSUPPORTED_WITHOUT_REPLAY,0.25,-0.0034845096533420543,0.0,False
V3_CANDIDATE_DEVELOPMENT_ONLY_SURFACE,XGBOOST,0.2,0.25,0.25,0.0,0.05,66.5,1000000,UNSUPPORTED_WITHOUT_REPLAY,0.0,0.003423599239345146,0.03909465020576132,False
V3_CANDIDATE_DEVELOPMENT_ONLY_SURFACE,XGBOOST,0.2,0.25,0.25,0.0,0.05,66.5,1000000,UNSUPPORTED_WITHOUT_REPLAY,0.05,0.0014688667290570802,0.03909465020576132,False
V3_CANDIDATE_DEVELOPMENT_ONLY_SURFACE,XGBOOST,0.2,0.25,0.25,0.0,0.05,66.5,1000000,UNSUPPORTED_WITHOUT_REPLAY,0.1,-0.0004858657812309858,0.0102880658436214,False
V3_CANDIDATE_DEVELOPMENT_ONLY_SURFACE,XGBOOST,0.2,0.25,0.25,0.0,0.05,66.5,1000000,UNSUPPORTED_WITHOUT_REPLAY,0.25,-0.0063500633120951834,0.0,False
V3_CANDIDATE_DEVELOPMENT_ONLY_SURFACE,XGBOOST,0.2,0.25,0.25,0.0,0.05,77.5,1000000,UNSUPPORTED_WITHOUT_REPLAY,0.0,0.004882119102674567,0.06172839506172839,False
V3_CANDIDATE_DEVELOPMENT_ONLY_SURFACE,XGBOOST,0.2,0.25,0.25,0.0,0.05,77.5,1000000,UNSUPPORTED_WITHOUT_REPLAY,0.05,0.0017956993495881466,0.06172839506172839,False
V3_CANDIDATE_DEVELOPMENT_ONLY_SURFACE,XGBOOST,0.2,0.25,0.25,0.0,0.05,77.5,1000000,UNSUPPORTED_WITHOUT_REPLAY,0.1,-0.0012907204034982736,0.012345679012345678,False
V3_CANDIDATE_DEVELOPMENT_ONLY_SURFACE,XGBOOST,0.2,0.25,0.25,0.0,0.05,77.5,1000000,UNSUPPORTED_WITHOUT_REPLAY,0.25,-0.010549979662757532,0.0,False
V3_CANDIDATE_DEVELOPMENT_ONLY_SURFACE,XGBOOST,0.2,0.25,0.25,0.0,0.1,59.5,1000000,UNSUPPORTED_WITHOUT_REPLAY,0.0,0.00043635053452485207,0.00411522633744856,False
V3_CANDIDATE_DEVELOPMENT_ONLY_SURFACE,XGBOOST,0.2,0.25,0.25,0.0,0.1,59.5,1000000,UNSUPPORTED_WITHOUT_REPLAY,0.05,0.0002305892176524241,0.00411522633744856,False
V3_CANDIDATE_DEVELOPMENT_ONLY_SURFACE,XGBOOST,0.2,0.25,0.25,0.0,0.1,59.5,1000000,UNSUPPORTED_WITHOUT_REPLAY,0.1,2.4827900779996103e-05,0.00411522633744856,False
V3_CANDIDATE_DEVELOPMENT_ONLY_SURFACE,XGBOOST,0.2,0.25,0.25,0.0,0.1,59.5,1000000,UNSUPPORTED_WITHOUT_REPLAY,0.25,-0.0005924560498372878,0.0,False
V3_CANDIDATE_DEVELOPMENT_ONLY_SURFACE,XGBOOST,0.2,0.25,0.25,0.0,0.1,66.5,1000000,UNSUPPORTED_WITHOUT_REPLAY,0.0,0.0013816027749479895,0.0102880658436214,False
V3_CANDIDATE_DEVELOPMENT_ONLY_SURFACE,XGBOOST,0.2,0.25,0.25,0.0,0.1,66.5,1000000,UNSUPPORTED_WITHOUT_REPLAY,0.05,0.0008671994827669194,0.0102880658436214,False
V3_CANDIDATE_DEVELOPMENT_ONLY_SURFACE,XGBOOST,0.2,0.25,0.25,0.0,0.1,66.5,1000000,UNSUPPORTED_WITHOUT_REPLAY,0.1,0.00035279619058584946,0.0102880658436214,False
V3_CANDIDATE_DEVELOPMENT_ONLY_SURFACE,XGBOOST,0.2,0.25,0.25,0.0,0.1,66.5,1000000,UNSUPPORTED_WITHOUT_REPLAY,0.25,-0.0011904136859573603,0.0,False
V3_CANDIDATE_DEVELOPMENT_ONLY_SURFACE,XGBOOST,0.2,0.25,0.25,0.0,0.1,77.5,1000000,UNSUPPORTED_WITHOUT_REPLAY,0.0,0.0015944120271605125,0.012345679012345678,False
V3_CANDIDATE_DEVELOPMENT_ONLY_SURFACE,XGBOOST,0.2,0.25,0.25,0.0,0.1,77.5,1000000,UNSUPPORTED_WITHOUT_REPLAY,0.05,0.0009771280765432286,0.012345679012345678,False
V3_CANDIDATE_DEVELOPMENT_ONLY_SURFACE,XGBOOST,0.2,0.25,0.25,0.0,0.1,77.5,1000000,UNSUPPORTED_WITHOUT_REPLAY,0.1,0.0003598441259259447,0.012345679012345678,False
V3_CANDIDATE_DEVELOPMENT_ONLY_SURFACE,XGBOOST,0.2,0.25,0.25,0.0,0.1,77.5,1000000,UNSUPPORTED_WITHOUT_REPLAY,0.25,-0.0014920077259259071,0.0,False
V3_CANDIDATE_DEVELOPMENT_ONLY_SURFACE,XGBOOST,0.2,0.25,0.25,0.4,0.0,59.5,1000000,UNSUPPORTED_WITHOUT_REPLAY,0.0,0.002264051071400159,0.04938271604938271,False
V3_CANDIDATE_DEVELOPMENT_ONLY_SURFACE,XGBOOST,0.2,0.25,0.25,0.4,0.0,59.5,1000000,UNSUPPORTED_WITHOUT_REPLAY,0.05,-0.00020508473106897718,0.0205761316872428,False
V3_CANDIDATE_DEVELOPMENT_ONLY_SURFACE,XGBOOST,0.2,0.25,0.25,0.4,0.0,59.5,1000000,UNSUPPORTED_WITHOUT_REPLAY,0.1,-0.002674220533538113,0.00411522633744856,False
V3_CANDIDATE_DEVELOPMENT_ONLY_SURFACE,XGBOOST,0.2,0.25,0.25,0.4,0.0,59.5,1000000,UNSUPPORTED_WITHOUT_REPLAY,0.25,-0.01008162794094552,0.0,False
V3_CANDIDATE_DEVELOPMENT_ONLY_SURFACE,XGBOOST,0.2,0.25,0.25,0.4,0.0,66.5,1000000,UNSUPPORTED_WITHOUT_REPLAY,0.0,0.0043519205143401725,0.08024691358024691,False
V3_CANDIDATE_DEVELOPMENT_ONLY_SURFACE,XGBOOST,0.2,0.25,0.25,0.4,0.0,66.5,1000000,UNSUPPORTED_WITHOUT_REPLAY,0.05,0.0003395748353278265,0.03909465020576132,False
V3_CANDIDATE_DEVELOPMENT_ONLY_SURFACE,XGBOOST,0.2,0.25,0.25,0.4,0.0,66.5,1000000,UNSUPPORTED_WITHOUT_REPLAY,0.1,-0.0036727708436845195,0.0102880658436214,False
V3_CANDIDATE_DEVELOPMENT_ONLY_SURFACE,XGBOOST,0.2,0.25,0.25,0.4,0.0,66.5,1000000,UNSUPPORTED_WITHOUT_REPLAY,0.25,-0.015709807880721557,0.0,False
V3_CANDIDATE_DEVELOPMENT_ONLY_SURFACE,XGBOOST,0.2,0.25,0.25,0.4,0.0,77.5,1000000,UNSUPPORTED_WITHOUT_REPLAY,0.0,0.006469387524103306,0.12757201646090535,False
V3_CANDIDATE_DEVELOPMENT_ONLY_SURFACE,XGBOOST,0.2,0.25,0.25,0.4,0.0,77.5,1000000,UNSUPPORTED_WITHOUT_REPLAY,0.05,9.078670105803775e-05,0.06172839506172839,False
V3_CANDIDATE_DEVELOPMENT_ONLY_SURFACE,XGBOOST,0.2,0.25,0.25,0.4,0.0,77.5,1000000,UNSUPPORTED_WITHOUT_REPLAY,0.1,-0.00628781412198723,0.012345679012345678,False
V3_CANDIDATE_DEVELOPMENT_ONLY_SURFACE,XGBOOST,0.2,0.25,0.25,0.4,0.0,77.5,1000000,UNSUPPORTED_WITHOUT_REPLAY,0.25,-0.025423616591123032,0.0,False
V3_CANDIDATE_DEVELOPMENT_ONLY_SURFACE,XGBOOST,0.2,0.25,0.25,0.4,0.05,59.5,1000000,UNSUPPORTED_WITHOUT_REPLAY,0.0,0.0016595232684686449,0.0205761316872428,False
V3_CANDIDATE_DEVELOPMENT_ONLY_SURFACE,XGBOOST,0.2,0.25,0.25,0.4,0.05,59.5,1000000,UNSUPPORTED_WITHOUT_REPLAY,0.05,0.000630716684106505,0.0205761316872428,False
V3_CANDIDATE_DEVELOPMENT_ONLY_SURFACE,XGBOOST,0.2,0.25,0.25,0.4,0.05,59.5,1000000,UNSUPPORTED_WITHOUT_REPLAY,0.1,-0.000398089900255635,0.00411522633744856,False
V3_CANDIDATE_DEVELOPMENT_ONLY_SURFACE,XGBOOST,0.2,0.25,0.25,0.4,0.05,59.5,1000000,UNSUPPORTED_WITHOUT_REPLAY,0.25,-0.0034845096533420543,0.0,False
V3_CANDIDATE_DEVELOPMENT_ONLY_SURFACE,XGBOOST,0.2,0.25,0.25,0.4,0.05,66.5,1000000,UNSUPPORTED_WITHOUT_REPLAY,0.0,0.003423599239345146,0.03909465020576132,False
V3_CANDIDATE_DEVELOPMENT_ONLY_SURFACE,XGBOOST,0.2,0.25,0.25,0.4,0.05,66.5,1000000,UNSUPPORTED_WITHOUT_REPLAY,0.05,0.0014688667290570802,0.03909465020576132,False
V3_CANDIDATE_DEVELOPMENT_ONLY_SURFACE,XGBOOST,0.2,0.25,0.25,0.4,0.05,66.5,1000000,UNSUPPORTED_WITHOUT_REPLAY,0.1,-0.0004858657812309858,0.0102880658436214,False
V3_CANDIDATE_DEVELOPMENT_ONLY_SURFACE,XGBOOST,0.2,0.25,0.25,0.4,0.05,66.5,1000000,UNSUPPORTED_WITHOUT_REPLAY,0.25,-0.0063500633120951834,0.0,False
V3_CANDIDATE_DEVELOPMENT_ONLY_SURFACE,XGBOOST,0.2,0.25,0.25,0.4,0.05,77.5,1000000,UNSUPPORTED_WITHOUT_REPLAY,0.0,0.004882119102674567,0.06172839506172839,False
V3_CANDIDATE_DEVELOPMENT_ONLY_SURFACE,XGBOOST,0.2,0.25,0.25,0.4,0.05,77.5,1000000,UNSUPPORTED_WITHOUT_REPLAY,0.05,0.0017956993495881466,0.06172839506172839,False
V3_CANDIDATE_DEVELOPMENT_ONLY_SURFACE,XGBOOST,0.2,0.25,0.25,0.4,0.05,77.5,1000000,UNSUPPORTED_WITHOUT_REPLAY,0.1,-0.0012907204034982736,0.012345679012345678,False
V3_CANDIDATE_DEVELOPMENT_ONLY_SURFACE,XGBOOST,0.2,0.25,0.25,0.4,0.05,77.5,1000000,UNSUPPORTED_WITHOUT_REPLAY,0.25,-0.010549979662757532,0.0,False
V3_CANDIDATE_DEVELOPMENT_ONLY_SURFACE,XGBOOST,0.2,0.25,0.25,0.4,0.1,59.5,1000000,UNSUPPORTED_WITHOUT_REPLAY,0.0,0.00043635053452485207,0.00411522633744856,False
V3_CANDIDATE_DEVELOPMENT_ONLY_SURFACE,XGBOOST,0.2,0.25,0.25,0.4,0.1,59.5,1000000,UNSUPPORTED_WITHOUT_REPLAY,0.05,0.0002305892176524241,0.00411522633744856,False
V3_CANDIDATE_DEVELOPMENT_ONLY_SURFACE,XGBOOST,0.2,0.25,0.25,0.4,0.1,59.5,1000000,UNSUPPORTED_WITHOUT_REPLAY,0.1,2.4827900779996103e-05,0.00411522633744856,False
V3_CANDIDATE_DEVELOPMENT_ONLY_SURFACE,XGBOOST,0.2,0.25,0.25,0.4,0.1,59.5,1000000,UNSUPPORTED_WITHOUT_REPLAY,0.25,-0.0005924560498372878,0.0,False
V3_CANDIDATE_DEVELOPMENT_ONLY_SURFACE,XGBOOST,0.2,0.25,0.25,0.4,0.1,66.5,1000000,UNSUPPORTED_WITHOUT_REPLAY,0.0,0.0013816027749479895,0.0102880658436214,False
V3_CANDIDATE_DEVELOPMENT_ONLY_SURFACE,XGBOOST,0.2,0.25,0.25,0.4,0.1,66.5,1000000,UNSUPPORTED_WITHOUT_REPLAY,0.05,0.0008671994827669194,0.0102880658436214,False
V3_CANDIDATE_DEVELOPMENT_ONLY_SURFACE,XGBOOST,0.2,0.25,0.25,0.4,0.1,66.5,1000000,UNSUPPORTED_WITHOUT_REPLAY,0.1,0.00035279619058584946,0.0102880658436214,False
V3_CANDIDATE_DEVELOPMENT_ONLY_SURFACE,XGBOOST,0.2,0.25,0.25,0.4,0.1,66.5,1000000,UNSUPPORTED_WITHOUT_REPLAY,0.25,-0.0011904136859573603,0.0,False
V3_CANDIDATE_DEVELOPMENT_ONLY_SURFACE,XGBOOST,0.2,0.25,0.25,0.4,0.1,77.5,1000000,UNSUPPORTED_WITHOUT_REPLAY,0.0,0.0015944120271605125,0.012345679012345678,False
V3_CANDIDATE_DEVELOPMENT_ONLY_SURFACE,XGBOOST,0.2,0.25,0.25,0.4,0.1,77.5,1000000,UNSUPPORTED_WITHOUT_REPLAY,0.05,0.0009771280765432286,0.012345679012345678,False
V3_CANDIDATE_DEVELOPMENT_ONLY_SURFACE,XGBOOST,0.2,0.25,0.25,0.4,0.1,77.5,1000000,UNSUPPORTED_WITHOUT_REPLAY,0.1,0.0003598441259259447,0.012345679012345678,False
V3_CANDIDATE_DEVELOPMENT_ONLY_SURFACE,XGBOOST,0.2,0.25,0.25,0.4,0.1,77.5,1000000,UNSUPPORTED_WITHOUT_REPLAY,0.25,-0.0014920077259259071,0.0,False
V3_CANDIDATE_DEVELOPMENT_ONLY_SURFACE,XGBOOST,0.2,0.25,0.25,0.6,0.0,59.5,1000000,UNSUPPORTED_WITHOUT_REPLAY,0.0,0.0012177336799402902,0.02880658436213992,False
V3_CANDIDATE_DEVELOPMENT_ONLY_SURFACE,XGBOOST,0.2,0.25,0.25,0.6,0.0,59.5,1000000,UNSUPPORTED_WITHOUT_REPLAY,0.05,-0.00022259553816670585,0.0102880658436214,False
V3_CANDIDATE_DEVELOPMENT_ONLY_SURFACE,XGBOOST,0.2,0.25,0.25,0.6,0.0,59.5,1000000,UNSUPPORTED_WITHOUT_REPLAY,0.1,-0.0016629247562737022,0.0,False
V3_CANDIDATE_DEVELOPMENT_ONLY_SURFACE,XGBOOST,0.2,0.25,0.25,0.6,0.0,59.5,1000000,UNSUPPORTED_WITHOUT_REPLAY,0.25,-0.005983912410594689,0.0,False
V3_CANDIDATE_DEVELOPMENT_ONLY_SURFACE,XGBOOST,0.2,0.25,0.25,0.6,0.0,66.5,1000000,UNSUPPORTED_WITHOUT_REPLAY,0.0,0.003008279244635382,0.051440329218107,False
V3_CANDIDATE_DEVELOPMENT_ONLY_SURFACE,XGBOOST,0.2,0.25,0.25,0.6,0.0,66.5,1000000,UNSUPPORTED_WITHOUT_REPLAY,0.05,0.00043626278373003175,0.026748971193415638,False
V3_CANDIDATE_DEVELOPMENT_ONLY_SURFACE,XGBOOST,0.2,0.25,0.25,0.6,0.0,66.5,1000000,UNSUPPORTED_WITHOUT_REPLAY,0.1,-0.002135753677175318,0.006172839506172839,False
V3_CANDIDATE_DEVELOPMENT_ONLY_SURFACE,XGBOOST,0.2,0.25,0.25,0.6,0.0,66.5,1000000,UNSUPPORTED_WITHOUT_REPLAY,0.25,-0.009851803059891367,0.0,False
V3_CANDIDATE_DEVELOPMENT_ONLY_SURFACE,XGBOOST,0.2,0.25,0.25,0.6,0.0,77.5,1000000,UNSUPPORTED_WITHOUT_REPLAY,0.0,0.004145227011076855,0.07407407407407407,False
V3_CANDIDATE_DEVELOPMENT_ONLY_SURFACE,XGBOOST,0.2,0.25,0.25,0.6,0.0,77.5,1000000,UNSUPPORTED_WITHOUT_REPLAY,0.05,0.00044152330737315176,0.037037037037037035,False
V3_CANDIDATE_DEVELOPMENT_ONLY_SURFACE,XGBOOST,0.2,0.25,0.25,0.6,0.0,77.5,1000000,UNSUPPORTED_WITHOUT_REPLAY,0.1,-0.0032621803963305525,0.00823045267489712,False
V3_CANDIDATE_DEVELOPMENT_ONLY_SURFACE,XGBOOST,0.2,0.25,0.25,0.6,0.0,77.5,1000000,UNSUPPORTED_WITHOUT_REPLAY,0.25,-0.014373291507441663,0.0,False
V3_CANDIDATE_DEVELOPMENT_ONLY_SURFACE,XGBOOST,0.2,0.25,0.25,0.6,0.05,59.5,1000000,UNSUPPORTED_WITHOUT_REPLAY,0.0,0.0007907413230873972,0.0102880658436214,False
V3_CANDIDATE_DEVELOPMENT_ONLY_SURFACE,XGBOOST,0.2,0.25,0.25,0.6,0.05,59.5,1000000,UNSUPPORTED_WITHOUT_REPLAY,0.05,0.0002763380309063272,0.0102880658436214,False
V3_CANDIDATE_DEVELOPMENT_ONLY_SURFACE,XGBOOST,0.2,0.25,0.25,0.6,0.05,59.5,1000000,UNSUPPORTED_WITHOUT_REPLAY,0.1,-0.0002380652612747428,0.0,False
V3_CANDIDATE_DEVELOPMENT_ONLY_SURFACE,XGBOOST,0.2,0.25,0.25,0.6,0.05,59.5,1000000,UNSUPPORTED_WITHOUT_REPLAY,0.25,-0.0017812751378179527,0.0,False
V3_CANDIDATE_DEVELOPMENT_ONLY_SURFACE,XGBOOST,0.2,0.25,0.25,0.6,0.05,66.5,1000000,UNSUPPORTED_WITHOUT_REPLAY,0.0,0.002447437996027569,0.026748971193415638,False
V3_CANDIDATE_DEVELOPMENT_ONLY_SURFACE,XGBOOST,0.2,0.25,0.25,0.6,0.05,66.5,1000000,UNSUPPORTED_WITHOUT_REPLAY,0.05,0.0011099894363567867,0.026748971193415638,False
V3_CANDIDATE_DEVELOPMENT_ONLY_SURFACE,XGBOOST,0.2,0.25,0.25,0.6,0.05,66.5,1000000,UNSUPPORTED_WITHOUT_REPLAY,0.1,-0.0002274591233139953,0.006172839506172839,False
V3_CANDIDATE_DEVELOPMENT_ONLY_SURFACE,XGBOOST,0.2,0.25,0.25,0.6,0.05,66.5,1000000,UNSUPPORTED_WITHOUT_REPLAY,0.25,-0.004239804802326341,0.0,False
V3_CANDIDATE_DEVELOPMENT_ONLY_SURFACE,XGBOOST,0.2,0.25,0.25,0.6,0.05,77.5,1000000,UNSUPPORTED_WITHOUT_REPLAY,0.0,0.0032203454423547885,0.037037037037037035,False
V3_CANDIDATE_DEVELOPMENT_ONLY_SURFACE,XGBOOST,0.2,0.25,0.25,0.6,0.05,77.5,1000000,UNSUPPORTED_WITHOUT_REPLAY,0.05,0.0013684935905029368,0.037037037037037035,False
V3_CANDIDATE_DEVELOPMENT_ONLY_SURFACE,XGBOOST,0.2,0.25,0.25,0.6,0.05,77.5,1000000,UNSUPPORTED_WITHOUT_REPLAY,0.1,-0.00048335826134891536,0.00823045267489712,False
V3_CANDIDATE_DEVELOPMENT_ONLY_SURFACE,XGBOOST,0.2,0.25,0.25,0.6,0.05,77.5,1000000,UNSUPPORTED_WITHOUT_REPLAY,0.25,-0.006038913816904471,0.0,False
V3_CANDIDATE_DEVELOPMENT_ONLY_SURFACE,XGBOOST,0.2,0.25,0.25,0.6,0.1,59.5,1000000,UNSUPPORTED_WITHOUT_REPLAY,0.0,0.0,0.0,False
V3_CANDIDATE_DEVELOPMENT_ONLY_SURFACE,XGBOOST,0.2,0.25,0.25,0.6,0.1,59.5,1000000,UNSUPPORTED_WITHOUT_REPLAY,0.05,0.0,0.0,False
V3_CANDIDATE_DEVELOPMENT_ONLY_SURFACE,XGBOOST,0.2,0.25,0.25,0.6,0.1,59.5,1000000,UNSUPPORTED_WITHOUT_REPLAY,0.1,0.0,0.0,False
V3_CANDIDATE_DEVELOPMENT_ONLY_SURFACE,XGBOOST,0.2,0.25,0.25,0.6,0.1,59.5,1000000,UNSUPPORTED_WITHOUT_REPLAY,0.25,0.0,0.0,False
V3_CANDIDATE_DEVELOPMENT_ONLY_SURFACE,XGBOOST,0.2,0.25,0.25,0.6,0.1,66.5,1000000,UNSUPPORTED_WITHOUT_REPLAY,0.0,0.0009452522404231373,0.006172839506172839,False
V3_CANDIDATE_DEVELOPMENT_ONLY_SURFACE,XGBOOST,0.2,0.25,0.25,0.6,0.1,66.5,1000000,UNSUPPORTED_WITHOUT_REPLAY,0.05,0.0006366102651144954,0.006172839506172839,False
V3_CANDIDATE_DEVELOPMENT_ONLY_SURFACE,XGBOOST,0.2,0.25,0.25,0.6,0.1,66.5,1000000,UNSUPPORTED_WITHOUT_REPLAY,0.1,0.0003279682898058533,0.006172839506172839,False
V3_CANDIDATE_DEVELOPMENT_ONLY_SURFACE,XGBOOST,0.2,0.25,0.25,0.6,0.1,66.5,1000000,UNSUPPORTED_WITHOUT_REPLAY,0.25,-0.0005979576361200726,0.0,False
V3_CANDIDATE_DEVELOPMENT_ONLY_SURFACE,XGBOOST,0.2,0.25,0.25,0.6,0.1,77.5,1000000,UNSUPPORTED_WITHOUT_REPLAY,0.0,0.0011580614926356605,0.00823045267489712,False
V3_CANDIDATE_DEVELOPMENT_ONLY_SURFACE,XGBOOST,0.2,0.25,0.25,0.6,0.1,77.5,1000000,UNSUPPORTED_WITHOUT_REPLAY,0.05,0.0007465388588908047,0.00823045267489712,False
V3_CANDIDATE_DEVELOPMENT_ONLY_SURFACE,XGBOOST,0.2,0.25,0.25,0.6,0.1,77.5,1000000,UNSUPPORTED_WITHOUT_REPLAY,0.1,0.0003350162251459486,0.00823045267489712,False
V3_CANDIDATE_DEVELOPMENT_ONLY_SURFACE,XGBOOST,0.2,0.25,0.25,0.6,0.1,77.5,1000000,UNSUPPORTED_WITHOUT_REPLAY,0.25,-0.0008995516760886193,0.0,False
V3_CANDIDATE_DEVELOPMENT_ONLY_SURFACE,XGBOOST,0.2,0.25,0.25,0.8,0.0,59.5,1000000,UNSUPPORTED_WITHOUT_REPLAY,0.0,5.5252220390177874e-05,0.00205761316872428,False
V3_CANDIDATE_DEVELOPMENT_ONLY_SURFACE,XGBOOST,0.2,0.25,0.25,0.8,0.0,59.5,1000000,UNSUPPORTED_WITHOUT_REPLAY,0.05,-4.762843804603612e-05,0.0,False
V3_CANDIDATE_DEVELOPMENT_ONLY_SURFACE,XGBOOST,0.2,0.25,0.25,0.8,0.0,59.5,1000000,UNSUPPORTED_WITHOUT_REPLAY,0.1,-0.00015050909648225012,0.0,False
V3_CANDIDATE_DEVELOPMENT_ONLY_SURFACE,XGBOOST,0.2,0.25,0.25,0.8,0.0,59.5,1000000,UNSUPPORTED_WITHOUT_REPLAY,0.25,-0.00045915107179089206,0.0,False
V3_CANDIDATE_DEVELOPMENT_ONLY_SURFACE,XGBOOST,0.2,0.25,0.25,0.8,0.0,66.5,1000000,UNSUPPORTED_WITHOUT_REPLAY,0.0,5.5252220390177874e-05,0.00205761316872428,False
V3_CANDIDATE_DEVELOPMENT_ONLY_SURFACE,XGBOOST,0.2,0.25,0.25,0.8,0.0,66.5,1000000,UNSUPPORTED_WITHOUT_REPLAY,0.05,-4.762843804603612e-05,0.0,False
V3_CANDIDATE_DEVELOPMENT_ONLY_SURFACE,XGBOOST,0.2,0.25,0.25,0.8,0.0,66.5,1000000,UNSUPPORTED_WITHOUT_REPLAY,0.1,-0.00015050909648225012,0.0,False
V3_CANDIDATE_DEVELOPMENT_ONLY_SURFACE,XGBOOST,0.2,0.25,0.25,0.8,0.0,66.5,1000000,UNSUPPORTED_WITHOUT_REPLAY,0.25,-0.00045915107179089206,0.0,False
V3_CANDIDATE_DEVELOPMENT_ONLY_SURFACE,XGBOOST,0.2,0.25,0.25,0.8,0.0,77.5,1000000,UNSUPPORTED_WITHOUT_REPLAY,0.0,5.5252220390177874e-05,0.00205761316872428,False
V3_CANDIDATE_DEVELOPMENT_ONLY_SURFACE,XGBOOST,0.2,0.25,0.25,0.8,0.0,77.5,1000000,UNSUPPORTED_WITHOUT_REPLAY,0.05,-4.762843804603612e-05,0.0,False
V3_CANDIDATE_DEVELOPMENT_ONLY_SURFACE,XGBOOST,0.2,0.25,0.25,0.8,0.0,77.5,1000000,UNSUPPORTED_WITHOUT_REPLAY,0.1,-0.00015050909648225012,0.0,False
V3_CANDIDATE_DEVELOPMENT_ONLY_SURFACE,XGBOOST,0.2,0.25,0.25,0.8,0.0,77.5,1000000,UNSUPPORTED_WITHOUT_REPLAY,0.25,-0.00045915107179089206,0.0,False
V3_CANDIDATE_DEVELOPMENT_ONLY_SURFACE,XGBOOST,0.2,0.25,0.25,0.8,0.05,59.5,1000000,UNSUPPORTED_WITHOUT_REPLAY,0.0,0.0,0.0,False
V3_CANDIDATE_DEVELOPMENT_ONLY_SURFACE,XGBOOST,0.2,0.25,0.25,0.8,0.05,59.5,1000000,UNSUPPORTED_WITHOUT_REPLAY,0.05,0.0,0.0,False
V3_CANDIDATE_DEVELOPMENT_ONLY_SURFACE,XGBOOST,0.2,0.25,0.25,0.8,0.05,59.5,1000000,UNSUPPORTED_WITHOUT_REPLAY,0.1,0.0,0.0,False
V3_CANDIDATE_DEVELOPMENT_ONLY_SURFACE,XGBOOST,0.2,0.25,0.25,0.8,0.05,59.5,1000000,UNSUPPORTED_WITHOUT_REPLAY,0.25,0.0,0.0,False
V3_CANDIDATE_DEVELOPMENT_ONLY_SURFACE,XGBOOST,0.2,0.25,0.25,0.8,0.05,66.5,1000000,UNSUPPORTED_WITHOUT_REPLAY,0.0,0.0,0.0,False
V3_CANDIDATE_DEVELOPMENT_ONLY_SURFACE,XGBOOST,0.2,0.25,0.25,0.8,0.05,66.5,1000000,UNSUPPORTED_WITHOUT_REPLAY,0.05,0.0,0.0,False
V3_CANDIDATE_DEVELOPMENT_ONLY_SURFACE,XGBOOST,0.2,0.25,0.25,0.8,0.05,66.5,1000000,UNSUPPORTED_WITHOUT_REPLAY,0.1,0.0,0.0,False
V3_CANDIDATE_DEVELOPMENT_ONLY_SURFACE,XGBOOST,0.2,0.25,0.25,0.8,0.05,66.5,1000000,UNSUPPORTED_WITHOUT_REPLAY,0.25,0.0,0.0,False
V3_CANDIDATE_DEVELOPMENT_ONLY_SURFACE,XGBOOST,0.2,0.25,0.25,0.8,0.05,77.5,1000000,UNSUPPORTED_WITHOUT_REPLAY,0.0,0.0,0.0,False
V3_CANDIDATE_DEVELOPMENT_ONLY_SURFACE,XGBOOST,0.2,0.25,0.25,0.8,0.05,77.5,1000000,UNSUPPORTED_WITHOUT_REPLAY,0.05,0.0,0.0,False
V3_CANDIDATE_DEVELOPMENT_ONLY_SURFACE,XGBOOST,0.2,0.25,0.25,0.8,0.05,77.5,1000000,UNSUPPORTED_WITHOUT_REPLAY,0.1,0.0,0.0,False
V3_CANDIDATE_DEVELOPMENT_ONLY_SURFACE,XGBOOST,0.2,0.25,0.25,0.8,0.05,77.5,1000000,UNSUPPORTED_WITHOUT_REPLAY,0.25,0.0,0.0,False
V3_CANDIDATE_DEVELOPMENT_ONLY_SURFACE,XGBOOST,0.2,0.25,0.25,0.8,0.1,59.5,1000000,UNSUPPORTED_WITHOUT_REPLAY,0.0,0.0,0.0,False
V3_CANDIDATE_DEVELOPMENT_ONLY_SURFACE,XGBOOST,0.2,0.25,0.25,0.8,0.1,59.5,1000000,UNSUPPORTED_WITHOUT_REPLAY,0.05,0.0,0.0,False
V3_CANDIDATE_DEVELOPMENT_ONLY_SURFACE,XGBOOST,0.2,0.25,0.25,0.8,0.1,59.5,1000000,UNSUPPORTED_WITHOUT_REPLAY,0.1,0.0,0.0,False
V3_CANDIDATE_DEVELOPMENT_ONLY_SURFACE,XGBOOST,0.2,0.25,0.25,0.8,0.1,59.5,1000000,UNSUPPORTED_WITHOUT_REPLAY,0.25,0.0,0.0,False
V3_CANDIDATE_DEVELOPMENT_ONLY_SURFACE,XGBOOST,0.2,0.25,0.25,0.8,0.1,66.5,1000000,UNSUPPORTED_WITHOUT_REPLAY,0.0,0.0,0.0,False
V3_CANDIDATE_DEVELOPMENT_ONLY_SURFACE,XGBOOST,0.2,0.25,0.25,0.8,0.1,66.5,1000000,UNSUPPORTED_WITHOUT_REPLAY,0.05,0.0,0.0,False
V3_CANDIDATE_DEVELOPMENT_ONLY_SURFACE,XGBOOST,0.2,0.25,0.25,0.8,0.1,66.5,1000000,UNSUPPORTED_WITHOUT_REPLAY,0.1,0.0,0.0,False
V3_CANDIDATE_DEVELOPMENT_ONLY_SURFACE,XGBOOST,0.2,0.25,0.25,0.8,0.1,66.5,1000000,UNSUPPORTED_WITHOUT_REPLAY,0.25,0.0,0.0,False
V3_CANDIDATE_DEVELOPMENT_ONLY_SURFACE,XGBOOST,0.2,0.25,0.25,0.8,0.1,77.5,1000000,UNSUPPORTED_WITHOUT_REPLAY,0.0,0.0,0.0,False
V3_CANDIDATE_DEVELOPMENT_ONLY_SURFACE,XGBOOST,0.2,0.25,0.25,0.8,0.1,77.5,1000000,UNSUPPORTED_WITHOUT_REPLAY,0.05,0.0,0.0,False
V3_CANDIDATE_DEVELOPMENT_ONLY_SURFACE,XGBOOST,0.2,0.25,0.25,0.8,0.1,77.5,1000000,UNSUPPORTED_WITHOUT_REPLAY,0.1,0.0,0.0,False
V3_CANDIDATE_DEVELOPMENT_ONLY_SURFACE,XGBOOST,0.2,0.25,0.25,0.8,0.1,77.5,1000000,UNSUPPORTED_WITHOUT_REPLAY,0.25,0.0,0.0,False
V3_CANDIDATE_DEVELOPMENT_ONLY_SURFACE,XGBOOST,0.2,0.25,0.5,0.0,0.0,59.5,1000000,UNSUPPORTED_WITHOUT_REPLAY,0.0,0.00023568265904908527,0.01646090534979424,False
V3_CANDIDATE_DEVELOPMENT_ONLY_SURFACE,XGBOOST,0.2,0.25,0.5,0.0,0.0,59.5,1000000,UNSUPPORTED_WITHOUT_REPLAY,0.05,-0.0005873626084406267,0.0,False
V3_CANDIDATE_DEVELOPMENT_ONLY_SURFACE,XGBOOST,0.2,0.25,0.5,0.0,0.0,59.5,1000000,UNSUPPORTED_WITHOUT_REPLAY,0.1,-0.0014104078759303387,0.0,False
V3_CANDIDATE_DEVELOPMENT_ONLY_SURFACE,XGBOOST,0.2,0.25,0.5,0.0,0.0,59.5,1000000,UNSUPPORTED_WITHOUT_REPLAY,0.25,-0.0038795436783994742,0.0,False
V3_CANDIDATE_DEVELOPMENT_ONLY_SURFACE,XGBOOST,0.2,0.25,0.5,0.0,0.0,66.5,1000000,UNSUPPORTED_WITHOUT_REPLAY,0.0,0.0005230075263146271,0.030864197530864196,False
V3_CANDIDATE_DEVELOPMENT_ONLY_SURFACE,XGBOOST,0.2,0.25,0.5,0.0,0.0,66.5,1000000,UNSUPPORTED_WITHOUT_REPLAY,0.05,-0.001020202350228583,0.00205761316872428,False
V3_CANDIDATE_DEVELOPMENT_ONLY_SURFACE,XGBOOST,0.2,0.25,0.5,0.0,0.0,66.5,1000000,UNSUPPORTED_WITHOUT_REPLAY,0.1,-0.0025634122267717933,0.0,False
V3_CANDIDATE_DEVELOPMENT_ONLY_SURFACE,XGBOOST,0.2,0.25,0.5,0.0,0.0,66.5,1000000,UNSUPPORTED_WITHOUT_REPLAY,0.25,-0.007193041856401423,0.0,False
V3_CANDIDATE_DEVELOPMENT_ONLY_SURFACE,XGBOOST,0.2,0.25,0.5,0.0,0.0,77.5,1000000,UNSUPPORTED_WITHOUT_REPLAY,0.0,0.0008880960492435766,0.059670781893004114,False
V3_CANDIDATE_DEVELOPMENT_ONLY_SURFACE,XGBOOST,0.2,0.25,0.5,0.0,0.0,77.5,1000000,UNSUPPORTED_WITHOUT_REPLAY,0.05,-0.002095443045406629,0.00205761316872428,False
V3_CANDIDATE_DEVELOPMENT_ONLY_SURFACE,XGBOOST,0.2,0.25,0.5,0.0,0.0,77.5,1000000,UNSUPPORTED_WITHOUT_REPLAY,0.1,-0.005078982140056835,0.0,False
V3_CANDIDATE_DEVELOPMENT_ONLY_SURFACE,XGBOOST,0.2,0.25,0.5,0.0,0.0,77.5,1000000,UNSUPPORTED_WITHOUT_REPLAY,0.25,-0.014029599424007451,0.0,False
V3_CANDIDATE_DEVELOPMENT_ONLY_SURFACE,XGBOOST,0.2,0.25,0.5,0.0,0.05,59.5,1000000,UNSUPPORTED_WITHOUT_REPLAY,0.0,0.0,0.0,False
V3_CANDIDATE_DEVELOPMENT_ONLY_SURFACE,XGBOOST,0.2,0.25,0.5,0.0,0.05,59.5,1000000,UNSUPPORTED_WITHOUT_REPLAY,0.05,0.0,0.0,False
V3_CANDIDATE_DEVELOPMENT_ONLY_SURFACE,XGBOOST,0.2,0.25,0.5,0.0,0.05,59.5,1000000,UNSUPPORTED_WITHOUT_REPLAY,0.1,0.0,0.0,False
V3_CANDIDATE_DEVELOPMENT_ONLY_SURFACE,XGBOOST,0.2,0.25,0.5,0.0,0.05,59.5,1000000,UNSUPPORTED_WITHOUT_REPLAY,0.25,0.0,0.0,False
V3_CANDIDATE_DEVELOPMENT_ONLY_SURFACE,XGBOOST,0.2,0.25,0.5,0.0,0.05,66.5,1000000,UNSUPPORTED_WITHOUT_REPLAY,0.0,0.00010699078274205398,0.00205761316872428,False
V3_CANDIDATE_DEVELOPMENT_ONLY_SURFACE,XGBOOST,0.2,0.25,0.5,0.0,0.05,66.5,1000000,UNSUPPORTED_WITHOUT_REPLAY,0.05,4.110124305839983e-06,0.00205761316872428,False
V3_CANDIDATE_DEVELOPMENT_ONLY_SURFACE,XGBOOST,0.2,0.25,0.5,0.0,0.05,66.5,1000000,UNSUPPORTED_WITHOUT_REPLAY,0.1,-9.877053413037401e-05,0.0,False
V3_CANDIDATE_DEVELOPMENT_ONLY_SURFACE,XGBOOST,0.2,0.25,0.5,0.0,0.05,66.5,1000000,UNSUPPORTED_WITHOUT_REPLAY,0.25,-0.000407412509439016,0.0,False
V3_CANDIDATE_DEVELOPMENT_ONLY_SURFACE,XGBOOST,0.2,0.25,0.5,0.0,0.05,77.5,1000000,UNSUPPORTED_WITHOUT_REPLAY,0.0,0.00010699078274205398,0.00205761316872428,False
V3_CANDIDATE_DEVELOPMENT_ONLY_SURFACE,XGBOOST,0.2,0.25,0.5,0.0,0.05,77.5,1000000,UNSUPPORTED_WITHOUT_REPLAY,0.05,4.110124305839983e-06,0.00205761316872428,False
V3_CANDIDATE_DEVELOPMENT_ONLY_SURFACE,XGBOOST,0.2,0.25,0.5,0.0,0.05,77.5,1000000,UNSUPPORTED_WITHOUT_REPLAY,0.1,-9.877053413037401e-05,0.0,False
V3_CANDIDATE_DEVELOPMENT_ONLY_SURFACE,XGBOOST,0.2,0.25,0.5,0.0,0.05,77.5,1000000,UNSUPPORTED_WITHOUT_REPLAY,0.25,-0.000407412509439016,0.0,False
V3_CANDIDATE_DEVELOPMENT_ONLY_SURFACE,XGBOOST,0.2,0.25,0.5,0.0,0.1,59.5,1000000,UNSUPPORTED_WITHOUT_REPLAY,0.0,0.0,0.0,False
V3_CANDIDATE_DEVELOPMENT_ONLY_SURFACE,XGBOOST,0.2,0.25,0.5,0.0,0.1,59.5,1000000,UNSUPPORTED_WITHOUT_REPLAY,0.05,0.0,0.0,False
V3_CANDIDATE_DEVELOPMENT_ONLY_SURFACE,XGBOOST,0.2,0.25,0.5,0.0,0.1,59.5,1000000,UNSUPPORTED_WITHOUT_REPLAY,0.1,0.0,0.0,False
V3_CANDIDATE_DEVELOPMENT_ONLY_SURFACE,XGBOOST,0.2,0.25,0.5,0.0,0.1,59.5,1000000,UNSUPPORTED_WITHOUT_REPLAY,0.25,0.0,0.0,False
V3_CANDIDATE_DEVELOPMENT_ONLY_SURFACE,XGBOOST,0.2,0.25,0.5,0.0,0.1,66.5,1000000,UNSUPPORTED_WITHOUT_REPLAY,0.0,0.0,0.0,False
V3_CANDIDATE_DEVELOPMENT_ONLY_SURFACE,XGBOOST,0.2,0.25,0.5,0.0,0.1,66.5,1000000,UNSUPPORTED_WITHOUT_REPLAY,0.05,0.0,0.0,False
V3_CANDIDATE_DEVELOPMENT_ONLY_SURFACE,XGBOOST,0.2,0.25,0.5,0.0,0.1,66.5,1000000,UNSUPPORTED_WITHOUT_REPLAY,0.1,0.0,0.0,False
V3_CANDIDATE_DEVELOPMENT_ONLY_SURFACE,XGBOOST,0.2,0.25,0.5,0.0,0.1,66.5,1000000,UNSUPPORTED_WITHOUT_REPLAY,0.25,0.0,0.0,False
V3_CANDIDATE_DEVELOPMENT_ONLY_SURFACE,XGBOOST,0.2,0.25,0.5,0.0,0.1,77.5,1000000,UNSUPPORTED_WITHOUT_REPLAY,0.0,0.0,0.0,False
V3_CANDIDATE_DEVELOPMENT_ONLY_SURFACE,XGBOOST,0.2,0.25,0.5,0.0,0.1,77.5,1000000,UNSUPPORTED_WITHOUT_REPLAY,0.05,0.0,0.0,False
V3_CANDIDATE_DEVELOPMENT_ONLY_SURFACE,XGBOOST,0.2,0.25,0.5,0.0,0.1,77.5,1000000,UNSUPPORTED_WITHOUT_REPLAY,0.1,0.0,0.0,False
V3_CANDIDATE_DEVELOPMENT_ONLY_SURFACE,XGBOOST,0.2,0.25,0.5,0.0,0.1,77.5,1000000,UNSUPPORTED_WITHOUT_REPLAY,0.25,0.0,0.0,False
V3_CANDIDATE_DEVELOPMENT_ONLY_SURFACE,XGBOOST,0.2,0.25,0.5,0.4,0.0,59.5,1000000,UNSUPPORTED_WITHOUT_REPLAY,0.0,0.00023568265904908527,0.01646090534979424,False
V3_CANDIDATE_DEVELOPMENT_ONLY_SURFACE,XGBOOST,0.2,0.25,0.5,0.4,0.0,59.5,1000000,UNSUPPORTED_WITHOUT_REPLAY,0.05,-0.0005873626084406267,0.0,False
V3_CANDIDATE_DEVELOPMENT_ONLY_SURFACE,XGBOOST,0.2,0.25,0.5,0.4,0.0,59.5,1000000,UNSUPPORTED_WITHOUT_REPLAY,0.1,-0.0014104078759303387,0.0,False
V3_CANDIDATE_DEVELOPMENT_ONLY_SURFACE,XGBOOST,0.2,0.25,0.5,0.4,0.0,59.5,1000000,UNSUPPORTED_WITHOUT_REPLAY,0.25,-0.0038795436783994742,0.0,False
V3_CANDIDATE_DEVELOPMENT_ONLY_SURFACE,XGBOOST,0.2,0.25,0.5,0.4,0.0,66.5,1000000,UNSUPPORTED_WITHOUT_REPLAY,0.0,0.0005230075263146271,0.030864197530864196,False
V3_CANDIDATE_DEVELOPMENT_ONLY_SURFACE,XGBOOST,0.2,0.25,0.5,0.4,0.0,66.5,1000000,UNSUPPORTED_WITHOUT_REPLAY,0.05,-0.001020202350228583,0.00205761316872428,False
V3_CANDIDATE_DEVELOPMENT_ONLY_SURFACE,XGBOOST,0.2,0.25,0.5,0.4,0.0,66.5,1000000,UNSUPPORTED_WITHOUT_REPLAY,0.1,-0.0025634122267717933,0.0,False
V3_CANDIDATE_DEVELOPMENT_ONLY_SURFACE,XGBOOST,0.2,0.25,0.5,0.4,0.0,66.5,1000000,UNSUPPORTED_WITHOUT_REPLAY,0.25,-0.007193041856401423,0.0,False
V3_CANDIDATE_DEVELOPMENT_ONLY_SURFACE,XGBOOST,0.2,0.25,0.5,0.4,0.0,77.5,1000000,UNSUPPORTED_WITHOUT_REPLAY,0.0,0.0008880960492435766,0.059670781893004114,False
V3_CANDIDATE_DEVELOPMENT_ONLY_SURFACE,XGBOOST,0.2,0.25,0.5,0.4,0.0,77.5,1000000,UNSUPPORTED_WITHOUT_REPLAY,0.05,-0.002095443045406629,0.00205761316872428,False
V3_CANDIDATE_DEVELOPMENT_ONLY_SURFACE,XGBOOST,0.2,0.25,0.5,0.4,0.0,77.5,1000000,UNSUPPORTED_WITHOUT_REPLAY,0.1,-0.005078982140056835,0.0,False
V3_CANDIDATE_DEVELOPMENT_ONLY_SURFACE,XGBOOST,0.2,0.25,0.5,0.4,0.0,77.5,1000000,UNSUPPORTED_WITHOUT_REPLAY,0.25,-0.014029599424007451,0.0,False
V3_CANDIDATE_DEVELOPMENT_ONLY_SURFACE,XGBOOST,0.2,0.25,0.5,0.4,0.05,59.5,1000000,UNSUPPORTED_WITHOUT_REPLAY,0.0,0.0,0.0,False
V3_CANDIDATE_DEVELOPMENT_ONLY_SURFACE,XGBOOST,0.2,0.25,0.5,0.4,0.05,59.5,1000000,UNSUPPORTED_WITHOUT_REPLAY,0.05,0.0,0.0,False
V3_CANDIDATE_DEVELOPMENT_ONLY_SURFACE,XGBOOST,0.2,0.25,0.5,0.4,0.05,59.5,1000000,UNSUPPORTED_WITHOUT_REPLAY,0.1,0.0,0.0,False
V3_CANDIDATE_DEVELOPMENT_ONLY_SURFACE,XGBOOST,0.2,0.25,0.5,0.4,0.05,59.5,1000000,UNSUPPORTED_WITHOUT_REPLAY,0.25,0.0,0.0,False
V3_CANDIDATE_DEVELOPMENT_ONLY_SURFACE,XGBOOST,0.2,0.25,0.5,0.4,0.05,66.5,1000000,UNSUPPORTED_WITHOUT_REPLAY,0.0,0.00010699078274205398,0.00205761316872428,False
V3_CANDIDATE_DEVELOPMENT_ONLY_SURFACE,XGBOOST,0.2,0.25,0.5,0.4,0.05,66.5,1000000,UNSUPPORTED_WITHOUT_REPLAY,0.05,4.110124305839983e-06,0.00205761316872428,False
V3_CANDIDATE_DEVELOPMENT_ONLY_SURFACE,XGBOOST,0.2,0.25,0.5,0.4,0.05,66.5,1000000,UNSUPPORTED_WITHOUT_REPLAY,0.1,-9.877053413037401e-05,0.0,False
V3_CANDIDATE_DEVELOPMENT_ONLY_SURFACE,XGBOOST,0.2,0.25,0.5,0.4,0.05,66.5,1000000,UNSUPPORTED_WITHOUT_REPLAY,0.25,-0.000407412509439016,0.0,False
V3_CANDIDATE_DEVELOPMENT_ONLY_SURFACE,XGBOOST,0.2,0.25,0.5,0.4,0.05,77.5,1000000,UNSUPPORTED_WITHOUT_REPLAY,0.0,0.00010699078274205398,0.00205761316872428,False
V3_CANDIDATE_DEVELOPMENT_ONLY_SURFACE,XGBOOST,0.2,0.25,0.5,0.4,0.05,77.5,1000000,UNSUPPORTED_WITHOUT_REPLAY,0.05,4.110124305839983e-06,0.00205761316872428,False
V3_CANDIDATE_DEVELOPMENT_ONLY_SURFACE,XGBOOST,0.2,0.25,0.5,0.4,0.05,77.5,1000000,UNSUPPORTED_WITHOUT_REPLAY,0.1,-9.877053413037401e-05,0.0,False
V3_CANDIDATE_DEVELOPMENT_ONLY_SURFACE,XGBOOST,0.2,0.25,0.5,0.4,0.05,77.5,1000000,UNSUPPORTED_WITHOUT_REPLAY,0.25,-0.000407412509439016,0.0,False
V3_CANDIDATE_DEVELOPMENT_ONLY_SURFACE,XGBOOST,0.2,0.25,0.5,0.4,0.1,59.5,1000000,UNSUPPORTED_WITHOUT_REPLAY,0.0,0.0,0.0,False
V3_CANDIDATE_DEVELOPMENT_ONLY_SURFACE,XGBOOST,0.2,0.25,0.5,0.4,0.1,59.5,1000000,UNSUPPORTED_WITHOUT_REPLAY,0.05,0.0,0.0,False
V3_CANDIDATE_DEVELOPMENT_ONLY_SURFACE,XGBOOST,0.2,0.25,0.5,0.4,0.1,59.5,1000000,UNSUPPORTED_WITHOUT_REPLAY,0.1,0.0,0.0,False
V3_CANDIDATE_DEVELOPMENT_ONLY_SURFACE,XGBOOST,0.2,0.25,0.5,0.4,0.1,59.5,1000000,UNSUPPORTED_WITHOUT_REPLAY,0.25,0.0,0.0,False
V3_CANDIDATE_DEVELOPMENT_ONLY_SURFACE,XGBOOST,0.2,0.25,0.5,0.4,0.1,66.5,1000000,UNSUPPORTED_WITHOUT_REPLAY,0.0,0.0,0.0,False
V3_CANDIDATE_DEVELOPMENT_ONLY_SURFACE,XGBOOST,0.2,0.25,0.5,0.4,0.1,66.5,1000000,UNSUPPORTED_WITHOUT_REPLAY,0.05,0.0,0.0,False
V3_CANDIDATE_DEVELOPMENT_ONLY_SURFACE,XGBOOST,0.2,0.25,0.5,0.4,0.1,66.5,1000000,UNSUPPORTED_WITHOUT_REPLAY,0.1,0.0,0.0,False
V3_CANDIDATE_DEVELOPMENT_ONLY_SURFACE,XGBOOST,0.2,0.25,0.5,0.4,0.1,66.5,1000000,UNSUPPORTED_WITHOUT_REPLAY,0.25,0.0,0.0,False
V3_CANDIDATE_DEVELOPMENT_ONLY_SURFACE,XGBOOST,0.2,0.25,0.5,0.4,0.1,77.5,1000000,UNSUPPORTED_WITHOUT_REPLAY,0.0,0.0,0.0,False
V3_CANDIDATE_DEVELOPMENT_ONLY_SURFACE,XGBOOST,0.2,0.25,0.5,0.4,0.1,77.5,1000000,UNSUPPORTED_WITHOUT_REPLAY,0.05,0.0,0.0,False
V3_CANDIDATE_DEVELOPMENT_ONLY_SURFACE,XGBOOST,0.2,0.25,0.5,0.4,0.1,77.5,1000000,UNSUPPORTED_WITHOUT_REPLAY,0.1,0.0,0.0,False
V3_CANDIDATE_DEVELOPMENT_ONLY_SURFACE,XGBOOST,0.2,0.25,0.5,0.4,0.1,77.5,1000000,UNSUPPORTED_WITHOUT_REPLAY,0.25,0.0,0.0,False
V3_CANDIDATE_DEVELOPMENT_ONLY_SURFACE,XGBOOST,0.2,0.25,0.5,0.6,0.0,59.5,1000000,UNSUPPORTED_WITHOUT_REPLAY,0.0,9.604756992855666e-05,0.0102880658436214,False
V3_CANDIDATE_DEVELOPMENT_ONLY_SURFACE,XGBOOST,0.2,0.25,0.5,0.6,0.0,59.5,1000000,UNSUPPORTED_WITHOUT_REPLAY,0.05,-0.00041835572225251336,0.0,False
V3_CANDIDATE_DEVELOPMENT_ONLY_SURFACE,XGBOOST,0.2,0.25,0.5,0.6,0.0,59.5,1000000,UNSUPPORTED_WITHOUT_REPLAY,0.1,-0.0009327590144335833,0.0,False
V3_CANDIDATE_DEVELOPMENT_ONLY_SURFACE,XGBOOST,0.2,0.25,0.5,0.6,0.0,59.5,1000000,UNSUPPORTED_WITHOUT_REPLAY,0.25,-0.002475968890976793,0.0,False
V3_CANDIDATE_DEVELOPMENT_ONLY_SURFACE,XGBOOST,0.2,0.25,0.5,0.6,0.0,66.5,1000000,UNSUPPORTED_WITHOUT_REPLAY,0.0,0.0003758895199284753,0.02263374485596708,False
V3_CANDIDATE_DEVELOPMENT_ONLY_SURFACE,XGBOOST,0.2,0.25,0.5,0.6,0.0,66.5,1000000,UNSUPPORTED_WITHOUT_REPLAY,0.05,-0.0007557977228698785,0.00205761316872428,False
V3_CANDIDATE_DEVELOPMENT_ONLY_SURFACE,XGBOOST,0.2,0.25,0.5,0.6,0.0,66.5,1000000,UNSUPPORTED_WITHOUT_REPLAY,0.1,-0.0018874849656682325,0.0,False
V3_CANDIDATE_DEVELOPMENT_ONLY_SURFACE,XGBOOST,0.2,0.25,0.5,0.6,0.0,66.5,1000000,UNSUPPORTED_WITHOUT_REPLAY,0.25,-0.005282546694063294,0.0,False
V3_CANDIDATE_DEVELOPMENT_ONLY_SURFACE,XGBOOST,0.2,0.25,0.5,0.6,0.0,77.5,1000000,UNSUPPORTED_WITHOUT_REPLAY,0.0,0.000598049010055424,0.037037037037037035,False
V3_CANDIDATE_DEVELOPMENT_ONLY_SURFACE,XGBOOST,0.2,0.25,0.5,0.6,0.0,77.5,1000000,UNSUPPORTED_WITHOUT_REPLAY,0.05,-0.001253802841796428,0.00205761316872428,False
V3_CANDIDATE_DEVELOPMENT_ONLY_SURFACE,XGBOOST,0.2,0.25,0.5,0.6,0.0,77.5,1000000,UNSUPPORTED_WITHOUT_REPLAY,0.1,-0.0031056546936482797,0.0,False
V3_CANDIDATE_DEVELOPMENT_ONLY_SURFACE,XGBOOST,0.2,0.25,0.5,0.6,0.0,77.5,1000000,UNSUPPORTED_WITHOUT_REPLAY,0.25,-0.008661210249203834,0.0,False
V3_CANDIDATE_DEVELOPMENT_ONLY_SURFACE,XGBOOST,0.2,0.25,0.5,0.6,0.05,59.5,1000000,UNSUPPORTED_WITHOUT_REPLAY,0.0,0.0,0.0,False
V3_CANDIDATE_DEVELOPMENT_ONLY_SURFACE,XGBOOST,0.2,0.25,0.5,0.6,0.05,59.5,1000000,UNSUPPORTED_WITHOUT_REPLAY,0.05,0.0,0.0,False
V3_CANDIDATE_DEVELOPMENT_ONLY_SURFACE,XGBOOST,0.2,0.25,0.5,0.6,0.05,59.5,1000000,UNSUPPORTED_WITHOUT_REPLAY,0.1,0.0,0.0,False
V3_CANDIDATE_DEVELOPMENT_ONLY_SURFACE,XGBOOST,0.2,0.25,0.5,0.6,0.05,59.5,1000000,UNSUPPORTED_WITHOUT_REPLAY,0.25,0.0,0.0,False
V3_CANDIDATE_DEVELOPMENT_ONLY_SURFACE,XGBOOST,0.2,0.25,0.5,0.6,0.05,66.5,1000000,UNSUPPORTED_WITHOUT_REPLAY,0.0,0.00010699078274205398,0.00205761316872428,False
V3_CANDIDATE_DEVELOPMENT_ONLY_SURFACE,XGBOOST,0.2,0.25,0.5,0.6,0.05,66.5,1000000,UNSUPPORTED_WITHOUT_REPLAY,0.05,4.110124305839983e-06,0.00205761316872428,False
V3_CANDIDATE_DEVELOPMENT_ONLY_SURFACE,XGBOOST,0.2,0.25,0.5,0.6,0.05,66.5,1000000,UNSUPPORTED_WITHOUT_REPLAY,0.1,-9.877053413037401e-05,0.0,False
V3_CANDIDATE_DEVELOPMENT_ONLY_SURFACE,XGBOOST,0.2,0.25,0.5,0.6,0.05,66.5,1000000,UNSUPPORTED_WITHOUT_REPLAY,0.25,-0.000407412509439016,0.0,False
V3_CANDIDATE_DEVELOPMENT_ONLY_SURFACE,XGBOOST,0.2,0.25,0.5,0.6,0.05,77.5,1000000,UNSUPPORTED_WITHOUT_REPLAY,0.0,0.00010699078274205398,0.00205761316872428,False
V3_CANDIDATE_DEVELOPMENT_ONLY_SURFACE,XGBOOST,0.2,0.25,0.5,0.6,0.05,77.5,1000000,UNSUPPORTED_WITHOUT_REPLAY,0.05,4.110124305839983e-06,0.00205761316872428,False
V3_CANDIDATE_DEVELOPMENT_ONLY_SURFACE,XGBOOST,0.2,0.25,0.5,0.6,0.05,77.5,1000000,UNSUPPORTED_WITHOUT_REPLAY,0.1,-9.877053413037401e-05,0.0,False
V3_CANDIDATE_DEVELOPMENT_ONLY_SURFACE,XGBOOST,0.2,0.25,0.5,0.6,0.05,77.5,1000000,UNSUPPORTED_WITHOUT_REPLAY,0.25,-0.000407412509439016,0.0,False
V3_CANDIDATE_DEVELOPMENT_ONLY_SURFACE,XGBOOST,0.2,0.25,0.5,0.6,0.1,59.5,1000000,UNSUPPORTED_WITHOUT_REPLAY,0.0,0.0,0.0,False
V3_CANDIDATE_DEVELOPMENT_ONLY_SURFACE,XGBOOST,0.2,0.25,0.5,0.6,0.1,59.5,1000000,UNSUPPORTED_WITHOUT_REPLAY,0.05,0.0,0.0,False
V3_CANDIDATE_DEVELOPMENT_ONLY_SURFACE,XGBOOST,0.2,0.25,0.5,0.6,0.1,59.5,1000000,UNSUPPORTED_WITHOUT_REPLAY,0.1,0.0,0.0,False
V3_CANDIDATE_DEVELOPMENT_ONLY_SURFACE,XGBOOST,0.2,0.25,0.5,0.6,0.1,59.5,1000000,UNSUPPORTED_WITHOUT_REPLAY,0.25,0.0,0.0,False
V3_CANDIDATE_DEVELOPMENT_ONLY_SURFACE,XGBOOST,0.2,0.25,0.5,0.6,0.1,66.5,1000000,UNSUPPORTED_WITHOUT_REPLAY,0.0,0.0,0.0,False
V3_CANDIDATE_DEVELOPMENT_ONLY_SURFACE,XGBOOST,0.2,0.25,0.5,0.6,0.1,66.5,1000000,UNSUPPORTED_WITHOUT_REPLAY,0.05,0.0,0.0,False
V3_CANDIDATE_DEVELOPMENT_ONLY_SURFACE,XGBOOST,0.2,0.25,0.5,0.6,0.1,66.5,1000000,UNSUPPORTED_WITHOUT_REPLAY,0.1,0.0,0.0,False
V3_CANDIDATE_DEVELOPMENT_ONLY_SURFACE,XGBOOST,0.2,0.25,0.5,0.6,0.1,66.5,1000000,UNSUPPORTED_WITHOUT_REPLAY,0.25,0.0,0.0,False
V3_CANDIDATE_DEVELOPMENT_ONLY_SURFACE,XGBOOST,0.2,0.25,0.5,0.6,0.1,77.5,1000000,UNSUPPORTED_WITHOUT_REPLAY,0.0,0.0,0.0,False
V3_CANDIDATE_DEVELOPMENT_ONLY_SURFACE,XGBOOST,0.2,0.25,0.5,0.6,0.1,77.5,1000000,UNSUPPORTED_WITHOUT_REPLAY,0.05,0.0,0.0,False
V3_CANDIDATE_DEVELOPMENT_ONLY_SURFACE,XGBOOST,0.2,0.25,0.5,0.6,0.1,77.5,1000000,UNSUPPORTED_WITHOUT_REPLAY,0.1,0.0,0.0,False
V3_CANDIDATE_DEVELOPMENT_ONLY_SURFACE,XGBOOST,0.2,0.25,0.5,0.6,0.1,77.5,1000000,UNSUPPORTED_WITHOUT_REPLAY,0.25,0.0,0.0,False
V3_CANDIDATE_DEVELOPMENT_ONLY_SURFACE,XGBOOST,0.2,0.25,0.5,0.8,0.0,59.5,1000000,UNSUPPORTED_WITHOUT_REPLAY,0.0,0.0,0.0,False
V3_CANDIDATE_DEVELOPMENT_ONLY_SURFACE,XGBOOST,0.2,0.25,0.5,0.8,0.0,59.5,1000000,UNSUPPORTED_WITHOUT_REPLAY,0.05,0.0,0.0,False
V3_CANDIDATE_DEVELOPMENT_ONLY_SURFACE,XGBOOST,0.2,0.25,0.5,0.8,0.0,59.5,1000000,UNSUPPORTED_WITHOUT_REPLAY,0.1,0.0,0.0,False
V3_CANDIDATE_DEVELOPMENT_ONLY_SURFACE,XGBOOST,0.2,0.25,0.5,0.8,0.0,59.5,1000000,UNSUPPORTED_WITHOUT_REPLAY,0.25,0.0,0.0,False
V3_CANDIDATE_DEVELOPMENT_ONLY_SURFACE,XGBOOST,0.2,0.25,0.5,0.8,0.0,66.5,1000000,UNSUPPORTED_WITHOUT_REPLAY,0.0,0.0,0.0,False
V3_CANDIDATE_DEVELOPMENT_ONLY_SURFACE,XGBOOST,0.2,0.25,0.5,0.8,0.0,66.5,1000000,UNSUPPORTED_WITHOUT_REPLAY,0.05,0.0,0.0,False
V3_CANDIDATE_DEVELOPMENT_ONLY_SURFACE,XGBOOST,0.2,0.25,0.5,0.8,0.0,66.5,1000000,UNSUPPORTED_WITHOUT_REPLAY,0.1,0.0,0.0,False
V3_CANDIDATE_DEVELOPMENT_ONLY_SURFACE,XGBOOST,0.2,0.25,0.5,0.8,0.0,66.5,1000000,UNSUPPORTED_WITHOUT_REPLAY,0.25,0.0,0.0,False
V3_CANDIDATE_DEVELOPMENT_ONLY_SURFACE,XGBOOST,0.2,0.25,0.5,0.8,0.0,77.5,1000000,UNSUPPORTED_WITHOUT_REPLAY,0.0,0.0,0.0,False
V3_CANDIDATE_DEVELOPMENT_ONLY_SURFACE,XGBOOST,0.2,0.25,0.5,0.8,0.0,77.5,1000000,UNSUPPORTED_WITHOUT_REPLAY,0.05,0.0,0.0,False
V3_CANDIDATE_DEVELOPMENT_ONLY_SURFACE,XGBOOST,0.2,0.25,0.5,0.8,0.0,77.5,1000000,UNSUPPORTED_WITHOUT_REPLAY,0.1,0.0,0.0,False
V3_CANDIDATE_DEVELOPMENT_ONLY_SURFACE,XGBOOST,0.2,0.25,0.5,0.8,0.0,77.5,1000000,UNSUPPORTED_WITHOUT_REPLAY,0.25,0.0,0.0,False
V3_CANDIDATE_DEVELOPMENT_ONLY_SURFACE,XGBOOST,0.2,0.25,0.5,0.8,0.05,59.5,1000000,UNSUPPORTED_WITHOUT_REPLAY,0.0,0.0,0.0,False
V3_CANDIDATE_DEVELOPMENT_ONLY_SURFACE,XGBOOST,0.2,0.25,0.5,0.8,0.05,59.5,1000000,UNSUPPORTED_WITHOUT_REPLAY,0.05,0.0,0.0,False
V3_CANDIDATE_DEVELOPMENT_ONLY_SURFACE,XGBOOST,0.2,0.25,0.5,0.8,0.05,59.5,1000000,UNSUPPORTED_WITHOUT_REPLAY,0.1,0.0,0.0,False
V3_CANDIDATE_DEVELOPMENT_ONLY_SURFACE,XGBOOST,0.2,0.25,0.5,0.8,0.05,59.5,1000000,UNSUPPORTED_WITHOUT_REPLAY,0.25,0.0,0.0,False
V3_CANDIDATE_DEVELOPMENT_ONLY_SURFACE,XGBOOST,0.2,0.25,0.5,0.8,0.05,66.5,1000000,UNSUPPORTED_WITHOUT_REPLAY,0.0,0.0,0.0,False
V3_CANDIDATE_DEVELOPMENT_ONLY_SURFACE,XGBOOST,0.2,0.25,0.5,0.8,0.05,66.5,1000000,UNSUPPORTED_WITHOUT_REPLAY,0.05,0.0,0.0,False
V3_CANDIDATE_DEVELOPMENT_ONLY_SURFACE,XGBOOST,0.2,0.25,0.5,0.8,0.05,66.5,1000000,UNSUPPORTED_WITHOUT_REPLAY,0.1,0.0,0.0,False
V3_CANDIDATE_DEVELOPMENT_ONLY_SURFACE,XGBOOST,0.2,0.25,0.5,0.8,0.05,66.5,1000000,UNSUPPORTED_WITHOUT_REPLAY,0.25,0.0,0.0,False
V3_CANDIDATE_DEVELOPMENT_ONLY_SURFACE,XGBOOST,0.2,0.25,0.5,0.8,0.05,77.5,1000000,UNSUPPORTED_WITHOUT_REPLAY,0.0,0.0,0.0,False
V3_CANDIDATE_DEVELOPMENT_ONLY_SURFACE,XGBOOST,0.2,0.25,0.5,0.8,0.05,77.5,1000000,UNSUPPORTED_WITHOUT_REPLAY,0.05,0.0,0.0,False
V3_CANDIDATE_DEVELOPMENT_ONLY_SURFACE,XGBOOST,0.2,0.25,0.5,0.8,0.05,77.5,1000000,UNSUPPORTED_WITHOUT_REPLAY,0.1,0.0,0.0,False
V3_CANDIDATE_DEVELOPMENT_ONLY_SURFACE,XGBOOST,0.2,0.25,0.5,0.8,0.05,77.5,1000000,UNSUPPORTED_WITHOUT_REPLAY,0.25,0.0,0.0,False
V3_CANDIDATE_DEVELOPMENT_ONLY_SURFACE,XGBOOST,0.2,0.25,0.5,0.8,0.1,59.5,1000000,UNSUPPORTED_WITHOUT_REPLAY,0.0,0.0,0.0,False
V3_CANDIDATE_DEVELOPMENT_ONLY_SURFACE,XGBOOST,0.2,0.25,0.5,0.8,0.1,59.5,1000000,UNSUPPORTED_WITHOUT_REPLAY,0.05,0.0,0.0,False
V3_CANDIDATE_DEVELOPMENT_ONLY_SURFACE,XGBOOST,0.2,0.25,0.5,0.8,0.1,59.5,1000000,UNSUPPORTED_WITHOUT_REPLAY,0.1,0.0,0.0,False
V3_CANDIDATE_DEVELOPMENT_ONLY_SURFACE,XGBOOST,0.2,0.25,0.5,0.8,0.1,59.5,1000000,UNSUPPORTED_WITHOUT_REPLAY,0.25,0.0,0.0,False
V3_CANDIDATE_DEVELOPMENT_ONLY_SURFACE,XGBOOST,0.2,0.25,0.5,0.8,0.1,66.5,1000000,UNSUPPORTED_WITHOUT_REPLAY,0.0,0.0,0.0,False
V3_CANDIDATE_DEVELOPMENT_ONLY_SURFACE,XGBOOST,0.2,0.25,0.5,0.8,0.1,66.5,1000000,UNSUPPORTED_WITHOUT_REPLAY,0.05,0.0,0.0,False
V3_CANDIDATE_DEVELOPMENT_ONLY_SURFACE,XGBOOST,0.2,0.25,0.5,0.8,0.1,66.5,1000000,UNSUPPORTED_WITHOUT_REPLAY,0.1,0.0,0.0,False
V3_CANDIDATE_DEVELOPMENT_ONLY_SURFACE,XGBOOST,0.2,0.25,0.5,0.8,0.1,66.5,1000000,UNSUPPORTED_WITHOUT_REPLAY,0.25,0.0,0.0,False
V3_CANDIDATE_DEVELOPMENT_ONLY_SURFACE,XGBOOST,0.2,0.25,0.5,0.8,0.1,77.5,1000000,UNSUPPORTED_WITHOUT_REPLAY,0.0,0.0,0.0,False
V3_CANDIDATE_DEVELOPMENT_ONLY_SURFACE,XGBOOST,0.2,0.25,0.5,0.8,0.1,77.5,1000000,UNSUPPORTED_WITHOUT_REPLAY,0.05,0.0,0.0,False
V3_CANDIDATE_DEVELOPMENT_ONLY_SURFACE,XGBOOST,0.2,0.25,0.5,0.8,0.1,77.5,1000000,UNSUPPORTED_WITHOUT_REPLAY,0.1,0.0,0.0,False
V3_CANDIDATE_DEVELOPMENT_ONLY_SURFACE,XGBOOST,0.2,0.25,0.5,0.8,0.1,77.5,1000000,UNSUPPORTED_WITHOUT_REPLAY,0.25,0.0,0.0,False
V3_CANDIDATE_DEVELOPMENT_ONLY_SURFACE,XGBOOST,0.2,0.25,1.0,0.0,0.0,59.5,1000000,UNSUPPORTED_WITHOUT_REPLAY,0.0,0.0,0.0,False
V3_CANDIDATE_DEVELOPMENT_ONLY_SURFACE,XGBOOST,0.2,0.25,1.0,0.0,0.0,59.5,1000000,UNSUPPORTED_WITHOUT_REPLAY,0.05,0.0,0.0,False
V3_CANDIDATE_DEVELOPMENT_ONLY_SURFACE,XGBOOST,0.2,0.25,1.0,0.0,0.0,59.5,1000000,UNSUPPORTED_WITHOUT_REPLAY,0.1,0.0,0.0,False
V3_CANDIDATE_DEVELOPMENT_ONLY_SURFACE,XGBOOST,0.2,0.25,1.0,0.0,0.0,59.5,1000000,UNSUPPORTED_WITHOUT_REPLAY,0.25,0.0,0.0,False
V3_CANDIDATE_DEVELOPMENT_ONLY_SURFACE,XGBOOST,0.2,0.25,1.0,0.0,0.0,66.5,1000000,UNSUPPORTED_WITHOUT_REPLAY,0.0,0.0,0.0,False
V3_CANDIDATE_DEVELOPMENT_ONLY_SURFACE,XGBOOST,0.2,0.25,1.0,0.0,0.0,66.5,1000000,UNSUPPORTED_WITHOUT_REPLAY,0.05,0.0,0.0,False
V3_CANDIDATE_DEVELOPMENT_ONLY_SURFACE,XGBOOST,0.2,0.25,1.0,0.0,0.0,66.5,1000000,UNSUPPORTED_WITHOUT_REPLAY,0.1,0.0,0.0,False
V3_CANDIDATE_DEVELOPMENT_ONLY_SURFACE,XGBOOST,0.2,0.25,1.0,0.0,0.0,66.5,1000000,UNSUPPORTED_WITHOUT_REPLAY,0.25,0.0,0.0,False
V3_CANDIDATE_DEVELOPMENT_ONLY_SURFACE,XGBOOST,0.2,0.25,1.0,0.0,0.0,77.5,1000000,UNSUPPORTED_WITHOUT_REPLAY,0.0,0.0,0.0,False
V3_CANDIDATE_DEVELOPMENT_ONLY_SURFACE,XGBOOST,0.2,0.25,1.0,0.0,0.0,77.5,1000000,UNSUPPORTED_WITHOUT_REPLAY,0.05,0.0,0.0,False
V3_CANDIDATE_DEVELOPMENT_ONLY_SURFACE,XGBOOST,0.2,0.25,1.0,0.0,0.0,77.5,1000000,UNSUPPORTED_WITHOUT_REPLAY,0.1,0.0,0.0,False
V3_CANDIDATE_DEVELOPMENT_ONLY_SURFACE,XGBOOST,0.2,0.25,1.0,0.0,0.0,77.5,1000000,UNSUPPORTED_WITHOUT_REPLAY,0.25,0.0,0.0,False
V3_CANDIDATE_DEVELOPMENT_ONLY_SURFACE,XGBOOST,0.2,0.25,1.0,0.0,0.05,59.5,1000000,UNSUPPORTED_WITHOUT_REPLAY,0.0,0.0,0.0,False
V3_CANDIDATE_DEVELOPMENT_ONLY_SURFACE,XGBOOST,0.2,0.25,1.0,0.0,0.05,59.5,1000000,UNSUPPORTED_WITHOUT_REPLAY,0.05,0.0,0.0,False
V3_CANDIDATE_DEVELOPMENT_ONLY_SURFACE,XGBOOST,0.2,0.25,1.0,0.0,0.05,59.5,1000000,UNSUPPORTED_WITHOUT_REPLAY,0.1,0.0,0.0,False
V3_CANDIDATE_DEVELOPMENT_ONLY_SURFACE,XGBOOST,0.2,0.25,1.0,0.0,0.05,59.5,1000000,UNSUPPORTED_WITHOUT_REPLAY,0.25,0.0,0.0,False
V3_CANDIDATE_DEVELOPMENT_ONLY_SURFACE,XGBOOST,0.2,0.25,1.0,0.0,0.05,66.5,1000000,UNSUPPORTED_WITHOUT_REPLAY,0.0,0.0,0.0,False
V3_CANDIDATE_DEVELOPMENT_ONLY_SURFACE,XGBOOST,0.2,0.25,1.0,0.0,0.05,66.5,1000000,UNSUPPORTED_WITHOUT_REPLAY,0.05,0.0,0.0,False
V3_CANDIDATE_DEVELOPMENT_ONLY_SURFACE,XGBOOST,0.2,0.25,1.0,0.0,0.05,66.5,1000000,UNSUPPORTED_WITHOUT_REPLAY,0.1,0.0,0.0,False
V3_CANDIDATE_DEVELOPMENT_ONLY_SURFACE,XGBOOST,0.2,0.25,1.0,0.0,0.05,66.5,1000000,UNSUPPORTED_WITHOUT_REPLAY,0.25,0.0,0.0,False
V3_CANDIDATE_DEVELOPMENT_ONLY_SURFACE,XGBOOST,0.2,0.25,1.0,0.0,0.05,77.5,1000000,UNSUPPORTED_WITHOUT_REPLAY,0.0,0.0,0.0,False
V3_CANDIDATE_DEVELOPMENT_ONLY_SURFACE,XGBOOST,0.2,0.25,1.0,0.0,0.05,77.5,1000000,UNSUPPORTED_WITHOUT_REPLAY,0.05,0.0,0.0,False
V3_CANDIDATE_DEVELOPMENT_ONLY_SURFACE,XGBOOST,0.2,0.25,1.0,0.0,0.05,77.5,1000000,UNSUPPORTED_WITHOUT_REPLAY,0.1,0.0,0.0,False
V3_CANDIDATE_DEVELOPMENT_ONLY_SURFACE,XGBOOST,0.2,0.25,1.0,0.0,0.05,77.5,1000000,UNSUPPORTED_WITHOUT_REPLAY,0.25,0.0,0.0,False
V3_CANDIDATE_DEVELOPMENT_ONLY_SURFACE,XGBOOST,0.2,0.25,1.0,0.0,0.1,59.5,1000000,UNSUPPORTED_WITHOUT_REPLAY,0.0,0.0,0.0,False
V3_CANDIDATE_DEVELOPMENT_ONLY_SURFACE,XGBOOST,0.2,0.25,1.0,0.0,0.1,59.5,1000000,UNSUPPORTED_WITHOUT_REPLAY,0.05,0.0,0.0,False
V3_CANDIDATE_DEVELOPMENT_ONLY_SURFACE,XGBOOST,0.2,0.25,1.0,0.0,0.1,59.5,1000000,UNSUPPORTED_WITHOUT_REPLAY,0.1,0.0,0.0,False
V3_CANDIDATE_DEVELOPMENT_ONLY_SURFACE,XGBOOST,0.2,0.25,1.0,0.0,0.1,59.5,1000000,UNSUPPORTED_WITHOUT_REPLAY,0.25,0.0,0.0,False
V3_CANDIDATE_DEVELOPMENT_ONLY_SURFACE,XGBOOST,0.2,0.25,1.0,0.0,0.1,66.5,1000000,UNSUPPORTED_WITHOUT_REPLAY,0.0,0.0,0.0,False
V3_CANDIDATE_DEVELOPMENT_ONLY_SURFACE,XGBOOST,0.2,0.25,1.0,0.0,0.1,66.5,1000000,UNSUPPORTED_WITHOUT_REPLAY,0.05,0.0,0.0,False
V3_CANDIDATE_DEVELOPMENT_ONLY_SURFACE,XGBOOST,0.2,0.25,1.0,0.0,0.1,66.5,1000000,UNSUPPORTED_WITHOUT_REPLAY,0.1,0.0,0.0,False
V3_CANDIDATE_DEVELOPMENT_ONLY_SURFACE,XGBOOST,0.2,0.25,1.0,0.0,0.1,66.5,1000000,UNSUPPORTED_WITHOUT_REPLAY,0.25,0.0,0.0,False
V3_CANDIDATE_DEVELOPMENT_ONLY_SURFACE,XGBOOST,0.2,0.25,1.0,0.0,0.1,77.5,1000000,UNSUPPORTED_WITHOUT_REPLAY,0.0,0.0,0.0,False
V3_CANDIDATE_DEVELOPMENT_ONLY_SURFACE,XGBOOST,0.2,0.25,1.0,0.0,0.1,77.5,1000000,UNSUPPORTED_WITHOUT_REPLAY,0.05,0.0,0.0,False
V3_CANDIDATE_DEVELOPMENT_ONLY_SURFACE,XGBOOST,0.2,0.25,1.0,0.0,0.1,77.5,1000000,UNSUPPORTED_WITHOUT_REPLAY,0.1,0.0,0.0,False
V3_CANDIDATE_DEVELOPMENT_ONLY_SURFACE,XGBOOST,0.2,0.25,1.0,0.0,0.1,77.5,1000000,UNSUPPORTED_WITHOUT_REPLAY,0.25,0.0,0.0,False
V3_CANDIDATE_DEVELOPMENT_ONLY_SURFACE,XGBOOST,0.2,0.25,1.0,0.4,0.0,59.5,1000000,UNSUPPORTED_WITHOUT_REPLAY,0.0,0.0,0.0,False
V3_CANDIDATE_DEVELOPMENT_ONLY_SURFACE,XGBOOST,0.2,0.25,1.0,0.4,0.0,59.5,1000000,UNSUPPORTED_WITHOUT_REPLAY,0.05,0.0,0.0,False
V3_CANDIDATE_DEVELOPMENT_ONLY_SURFACE,XGBOOST,0.2,0.25,1.0,0.4,0.0,59.5,1000000,UNSUPPORTED_WITHOUT_REPLAY,0.1,0.0,0.0,False
V3_CANDIDATE_DEVELOPMENT_ONLY_SURFACE,XGBOOST,0.2,0.25,1.0,0.4,0.0,59.5,1000000,UNSUPPORTED_WITHOUT_REPLAY,0.25,0.0,0.0,False
V3_CANDIDATE_DEVELOPMENT_ONLY_SURFACE,XGBOOST,0.2,0.25,1.0,0.4,0.0,66.5,1000000,UNSUPPORTED_WITHOUT_REPLAY,0.0,0.0,0.0,False
V3_CANDIDATE_DEVELOPMENT_ONLY_SURFACE,XGBOOST,0.2,0.25,1.0,0.4,0.0,66.5,1000000,UNSUPPORTED_WITHOUT_REPLAY,0.05,0.0,0.0,False
V3_CANDIDATE_DEVELOPMENT_ONLY_SURFACE,XGBOOST,0.2,0.25,1.0,0.4,0.0,66.5,1000000,UNSUPPORTED_WITHOUT_REPLAY,0.1,0.0,0.0,False
V3_CANDIDATE_DEVELOPMENT_ONLY_SURFACE,XGBOOST,0.2,0.25,1.0,0.4,0.0,66.5,1000000,UNSUPPORTED_WITHOUT_REPLAY,0.25,0.0,0.0,False
V3_CANDIDATE_DEVELOPMENT_ONLY_SURFACE,XGBOOST,0.2,0.25,1.0,0.4,0.0,77.5,1000000,UNSUPPORTED_WITHOUT_REPLAY,0.0,0.0,0.0,False
V3_CANDIDATE_DEVELOPMENT_ONLY_SURFACE,XGBOOST,0.2,0.25,1.0,0.4,0.0,77.5,1000000,UNSUPPORTED_WITHOUT_REPLAY,0.05,0.0,0.0,False
V3_CANDIDATE_DEVELOPMENT_ONLY_SURFACE,XGBOOST,0.2,0.25,1.0,0.4,0.0,77.5,1000000,UNSUPPORTED_WITHOUT_REPLAY,0.1,0.0,0.0,False
V3_CANDIDATE_DEVELOPMENT_ONLY_SURFACE,XGBOOST,0.2,0.25,1.0,0.4,0.0,77.5,1000000,UNSUPPORTED_WITHOUT_REPLAY,0.25,0.0,0.0,False
V3_CANDIDATE_DEVELOPMENT_ONLY_SURFACE,XGBOOST,0.2,0.25,1.0,0.4,0.05,59.5,1000000,UNSUPPORTED_WITHOUT_REPLAY,0.0,0.0,0.0,False
V3_CANDIDATE_DEVELOPMENT_ONLY_SURFACE,XGBOOST,0.2,0.25,1.0,0.4,0.05,59.5,1000000,UNSUPPORTED_WITHOUT_REPLAY,0.05,0.0,0.0,False
V3_CANDIDATE_DEVELOPMENT_ONLY_SURFACE,XGBOOST,0.2,0.25,1.0,0.4,0.05,59.5,1000000,UNSUPPORTED_WITHOUT_REPLAY,0.1,0.0,0.0,False
V3_CANDIDATE_DEVELOPMENT_ONLY_SURFACE,XGBOOST,0.2,0.25,1.0,0.4,0.05,59.5,1000000,UNSUPPORTED_WITHOUT_REPLAY,0.25,0.0,0.0,False
V3_CANDIDATE_DEVELOPMENT_ONLY_SURFACE,XGBOOST,0.2,0.25,1.0,0.4,0.05,66.5,1000000,UNSUPPORTED_WITHOUT_REPLAY,0.0,0.0,0.0,False
V3_CANDIDATE_DEVELOPMENT_ONLY_SURFACE,XGBOOST,0.2,0.25,1.0,0.4,0.05,66.5,1000000,UNSUPPORTED_WITHOUT_REPLAY,0.05,0.0,0.0,False
V3_CANDIDATE_DEVELOPMENT_ONLY_SURFACE,XGBOOST,0.2,0.25,1.0,0.4,0.05,66.5,1000000,UNSUPPORTED_WITHOUT_REPLAY,0.1,0.0,0.0,False
V3_CANDIDATE_DEVELOPMENT_ONLY_SURFACE,XGBOOST,0.2,0.25,1.0,0.4,0.05,66.5,1000000,UNSUPPORTED_WITHOUT_REPLAY,0.25,0.0,0.0,False
V3_CANDIDATE_DEVELOPMENT_ONLY_SURFACE,XGBOOST,0.2,0.25,1.0,0.4,0.05,77.5,1000000,UNSUPPORTED_WITHOUT_REPLAY,0.0,0.0,0.0,False
V3_CANDIDATE_DEVELOPMENT_ONLY_SURFACE,XGBOOST,0.2,0.25,1.0,0.4,0.05,77.5,1000000,UNSUPPORTED_WITHOUT_REPLAY,0.05,0.0,0.0,False
V3_CANDIDATE_DEVELOPMENT_ONLY_SURFACE,XGBOOST,0.2,0.25,1.0,0.4,0.05,77.5,1000000,UNSUPPORTED_WITHOUT_REPLAY,0.1,0.0,0.0,False
V3_CANDIDATE_DEVELOPMENT_ONLY_SURFACE,XGBOOST,0.2,0.25,1.0,0.4,0.05,77.5,1000000,UNSUPPORTED_WITHOUT_REPLAY,0.25,0.0,0.0,False
V3_CANDIDATE_DEVELOPMENT_ONLY_SURFACE,XGBOOST,0.2,0.25,1.0,0.4,0.1,59.5,1000000,UNSUPPORTED_WITHOUT_REPLAY,0.0,0.0,0.0,False
V3_CANDIDATE_DEVELOPMENT_ONLY_SURFACE,XGBOOST,0.2,0.25,1.0,0.4,0.1,59.5,1000000,UNSUPPORTED_WITHOUT_REPLAY,0.05,0.0,0.0,False
V3_CANDIDATE_DEVELOPMENT_ONLY_SURFACE,XGBOOST,0.2,0.25,1.0,0.4,0.1,59.5,1000000,UNSUPPORTED_WITHOUT_REPLAY,0.1,0.0,0.0,False
V3_CANDIDATE_DEVELOPMENT_ONLY_SURFACE,XGBOOST,0.2,0.25,1.0,0.4,0.1,59.5,1000000,UNSUPPORTED_WITHOUT_REPLAY,0.25,0.0,0.0,False
V3_CANDIDATE_DEVELOPMENT_ONLY_SURFACE,XGBOOST,0.2,0.25,1.0,0.4,0.1,66.5,1000000,UNSUPPORTED_WITHOUT_REPLAY,0.0,0.0,0.0,False
V3_CANDIDATE_DEVELOPMENT_ONLY_SURFACE,XGBOOST,0.2,0.25,1.0,0.4,0.1,66.5,1000000,UNSUPPORTED_WITHOUT_REPLAY,0.05,0.0,0.0,False
V3_CANDIDATE_DEVELOPMENT_ONLY_SURFACE,XGBOOST,0.2,0.25,1.0,0.4,0.1,66.5,1000000,UNSUPPORTED_WITHOUT_REPLAY,0.1,0.0,0.0,False
V3_CANDIDATE_DEVELOPMENT_ONLY_SURFACE,XGBOOST,0.2,0.25,1.0,0.4,0.1,66.5,1000000,UNSUPPORTED_WITHOUT_REPLAY,0.25,0.0,0.0,False
V3_CANDIDATE_DEVELOPMENT_ONLY_SURFACE,XGBOOST,0.2,0.25,1.0,0.4,0.1,77.5,1000000,UNSUPPORTED_WITHOUT_REPLAY,0.0,0.0,0.0,False
V3_CANDIDATE_DEVELOPMENT_ONLY_SURFACE,XGBOOST,0.2,0.25,1.0,0.4,0.1,77.5,1000000,UNSUPPORTED_WITHOUT_REPLAY,0.05,0.0,0.0,False
V3_CANDIDATE_DEVELOPMENT_ONLY_SURFACE,XGBOOST,0.2,0.25,1.0,0.4,0.1,77.5,1000000,UNSUPPORTED_WITHOUT_REPLAY,0.1,0.0,0.0,False
V3_CANDIDATE_DEVELOPMENT_ONLY_SURFACE,XGBOOST,0.2,0.25,1.0,0.4,0.1,77.5,1000000,UNSUPPORTED_WITHOUT_REPLAY,0.25,0.0,0.0,False
V3_CANDIDATE_DEVELOPMENT_ONLY_SURFACE,XGBOOST,0.2,0.25,1.0,0.6,0.0,59.5,1000000,UNSUPPORTED_WITHOUT_REPLAY,0.0,0.0,0.0,False
V3_CANDIDATE_DEVELOPMENT_ONLY_SURFACE,XGBOOST,0.2,0.25,1.0,0.6,0.0,59.5,1000000,UNSUPPORTED_WITHOUT_REPLAY,0.05,0.0,0.0,False
V3_CANDIDATE_DEVELOPMENT_ONLY_SURFACE,XGBOOST,0.2,0.25,1.0,0.6,0.0,59.5,1000000,UNSUPPORTED_WITHOUT_REPLAY,0.1,0.0,0.0,False
V3_CANDIDATE_DEVELOPMENT_ONLY_SURFACE,XGBOOST,0.2,0.25,1.0,0.6,0.0,59.5,1000000,UNSUPPORTED_WITHOUT_REPLAY,0.25,0.0,0.0,False
V3_CANDIDATE_DEVELOPMENT_ONLY_SURFACE,XGBOOST,0.2,0.25,1.0,0.6,0.0,66.5,1000000,UNSUPPORTED_WITHOUT_REPLAY,0.0,0.0,0.0,False
V3_CANDIDATE_DEVELOPMENT_ONLY_SURFACE,XGBOOST,0.2,0.25,1.0,0.6,0.0,66.5,1000000,UNSUPPORTED_WITHOUT_REPLAY,0.05,0.0,0.0,False
V3_CANDIDATE_DEVELOPMENT_ONLY_SURFACE,XGBOOST,0.2,0.25,1.0,0.6,0.0,66.5,1000000,UNSUPPORTED_WITHOUT_REPLAY,0.1,0.0,0.0,False
V3_CANDIDATE_DEVELOPMENT_ONLY_SURFACE,XGBOOST,0.2,0.25,1.0,0.6,0.0,66.5,1000000,UNSUPPORTED_WITHOUT_REPLAY,0.25,0.0,0.0,False
V3_CANDIDATE_DEVELOPMENT_ONLY_SURFACE,XGBOOST,0.2,0.25,1.0,0.6,0.0,77.5,1000000,UNSUPPORTED_WITHOUT_REPLAY,0.0,0.0,0.0,False
V3_CANDIDATE_DEVELOPMENT_ONLY_SURFACE,XGBOOST,0.2,0.25,1.0,0.6,0.0,77.5,1000000,UNSUPPORTED_WITHOUT_REPLAY,0.05,0.0,0.0,False
V3_CANDIDATE_DEVELOPMENT_ONLY_SURFACE,XGBOOST,0.2,0.25,1.0,0.6,0.0,77.5,1000000,UNSUPPORTED_WITHOUT_REPLAY,0.1,0.0,0.0,False
V3_CANDIDATE_DEVELOPMENT_ONLY_SURFACE,XGBOOST,0.2,0.25,1.0,0.6,0.0,77.5,1000000,UNSUPPORTED_WITHOUT_REPLAY,0.25,0.0,0.0,False
V3_CANDIDATE_DEVELOPMENT_ONLY_SURFACE,XGBOOST,0.2,0.25,1.0,0.6,0.05,59.5,1000000,UNSUPPORTED_WITHOUT_REPLAY,0.0,0.0,0.0,False
V3_CANDIDATE_DEVELOPMENT_ONLY_SURFACE,XGBOOST,0.2,0.25,1.0,0.6,0.05,59.5,1000000,UNSUPPORTED_WITHOUT_REPLAY,0.05,0.0,0.0,False
V3_CANDIDATE_DEVELOPMENT_ONLY_SURFACE,XGBOOST,0.2,0.25,1.0,0.6,0.05,59.5,1000000,UNSUPPORTED_WITHOUT_REPLAY,0.1,0.0,0.0,False
V3_CANDIDATE_DEVELOPMENT_ONLY_SURFACE,XGBOOST,0.2,0.25,1.0,0.6,0.05,59.5,1000000,UNSUPPORTED_WITHOUT_REPLAY,0.25,0.0,0.0,False
V3_CANDIDATE_DEVELOPMENT_ONLY_SURFACE,XGBOOST,0.2,0.25,1.0,0.6,0.05,66.5,1000000,UNSUPPORTED_WITHOUT_REPLAY,0.0,0.0,0.0,False
V3_CANDIDATE_DEVELOPMENT_ONLY_SURFACE,XGBOOST,0.2,0.25,1.0,0.6,0.05,66.5,1000000,UNSUPPORTED_WITHOUT_REPLAY,0.05,0.0,0.0,False
V3_CANDIDATE_DEVELOPMENT_ONLY_SURFACE,XGBOOST,0.2,0.25,1.0,0.6,0.05,66.5,1000000,UNSUPPORTED_WITHOUT_REPLAY,0.1,0.0,0.0,False
V3_CANDIDATE_DEVELOPMENT_ONLY_SURFACE,XGBOOST,0.2,0.25,1.0,0.6,0.05,66.5,1000000,UNSUPPORTED_WITHOUT_REPLAY,0.25,0.0,0.0,False
V3_CANDIDATE_DEVELOPMENT_ONLY_SURFACE,XGBOOST,0.2,0.25,1.0,0.6,0.05,77.5,1000000,UNSUPPORTED_WITHOUT_REPLAY,0.0,0.0,0.0,False
V3_CANDIDATE_DEVELOPMENT_ONLY_SURFACE,XGBOOST,0.2,0.25,1.0,0.6,0.05,77.5,1000000,UNSUPPORTED_WITHOUT_REPLAY,0.05,0.0,0.0,False
V3_CANDIDATE_DEVELOPMENT_ONLY_SURFACE,XGBOOST,0.2,0.25,1.0,0.6,0.05,77.5,1000000,UNSUPPORTED_WITHOUT_REPLAY,0.1,0.0,0.0,False
V3_CANDIDATE_DEVELOPMENT_ONLY_SURFACE,XGBOOST,0.2,0.25,1.0,0.6,0.05,77.5,1000000,UNSUPPORTED_WITHOUT_REPLAY,0.25,0.0,0.0,False
V3_CANDIDATE_DEVELOPMENT_ONLY_SURFACE,XGBOOST,0.2,0.25,1.0,0.6,0.1,59.5,1000000,UNSUPPORTED_WITHOUT_REPLAY,0.0,0.0,0.0,False
V3_CANDIDATE_DEVELOPMENT_ONLY_SURFACE,XGBOOST,0.2,0.25,1.0,0.6,0.1,59.5,1000000,UNSUPPORTED_WITHOUT_REPLAY,0.05,0.0,0.0,False
V3_CANDIDATE_DEVELOPMENT_ONLY_SURFACE,XGBOOST,0.2,0.25,1.0,0.6,0.1,59.5,1000000,UNSUPPORTED_WITHOUT_REPLAY,0.1,0.0,0.0,False
V3_CANDIDATE_DEVELOPMENT_ONLY_SURFACE,XGBOOST,0.2,0.25,1.0,0.6,0.1,59.5,1000000,UNSUPPORTED_WITHOUT_REPLAY,0.25,0.0,0.0,False
V3_CANDIDATE_DEVELOPMENT_ONLY_SURFACE,XGBOOST,0.2,0.25,1.0,0.6,0.1,66.5,1000000,UNSUPPORTED_WITHOUT_REPLAY,0.0,0.0,0.0,False
V3_CANDIDATE_DEVELOPMENT_ONLY_SURFACE,XGBOOST,0.2,0.25,1.0,0.6,0.1,66.5,1000000,UNSUPPORTED_WITHOUT_REPLAY,0.05,0.0,0.0,False
V3_CANDIDATE_DEVELOPMENT_ONLY_SURFACE,XGBOOST,0.2,0.25,1.0,0.6,0.1,66.5,1000000,UNSUPPORTED_WITHOUT_REPLAY,0.1,0.0,0.0,False
V3_CANDIDATE_DEVELOPMENT_ONLY_SURFACE,XGBOOST,0.2,0.25,1.0,0.6,0.1,66.5,1000000,UNSUPPORTED_WITHOUT_REPLAY,0.25,0.0,0.0,False
V3_CANDIDATE_DEVELOPMENT_ONLY_SURFACE,XGBOOST,0.2,0.25,1.0,0.6,0.1,77.5,1000000,UNSUPPORTED_WITHOUT_REPLAY,0.0,0.0,0.0,False
V3_CANDIDATE_DEVELOPMENT_ONLY_SURFACE,XGBOOST,0.2,0.25,1.0,0.6,0.1,77.5,1000000,UNSUPPORTED_WITHOUT_REPLAY,0.05,0.0,0.0,False
V3_CANDIDATE_DEVELOPMENT_ONLY_SURFACE,XGBOOST,0.2,0.25,1.0,0.6,0.1,77.5,1000000,UNSUPPORTED_WITHOUT_REPLAY,0.1,0.0,0.0,False
V3_CANDIDATE_DEVELOPMENT_ONLY_SURFACE,XGBOOST,0.2,0.25,1.0,0.6,0.1,77.5,1000000,UNSUPPORTED_WITHOUT_REPLAY,0.25,0.0,0.0,False
V3_CANDIDATE_DEVELOPMENT_ONLY_SURFACE,XGBOOST,0.2,0.25,1.0,0.8,0.0,59.5,1000000,UNSUPPORTED_WITHOUT_REPLAY,0.0,0.0,0.0,False
V3_CANDIDATE_DEVELOPMENT_ONLY_SURFACE,XGBOOST,0.2,0.25,1.0,0.8,0.0,59.5,1000000,UNSUPPORTED_WITHOUT_REPLAY,0.05,0.0,0.0,False
V3_CANDIDATE_DEVELOPMENT_ONLY_SURFACE,XGBOOST,0.2,0.25,1.0,0.8,0.0,59.5,1000000,UNSUPPORTED_WITHOUT_REPLAY,0.1,0.0,0.0,False
V3_CANDIDATE_DEVELOPMENT_ONLY_SURFACE,XGBOOST,0.2,0.25,1.0,0.8,0.0,59.5,1000000,UNSUPPORTED_WITHOUT_REPLAY,0.25,0.0,0.0,False
V3_CANDIDATE_DEVELOPMENT_ONLY_SURFACE,XGBOOST,0.2,0.25,1.0,0.8,0.0,66.5,1000000,UNSUPPORTED_WITHOUT_REPLAY,0.0,0.0,0.0,False
V3_CANDIDATE_DEVELOPMENT_ONLY_SURFACE,XGBOOST,0.2,0.25,1.0,0.8,0.0,66.5,1000000,UNSUPPORTED_WITHOUT_REPLAY,0.05,0.0,0.0,False
V3_CANDIDATE_DEVELOPMENT_ONLY_SURFACE,XGBOOST,0.2,0.25,1.0,0.8,0.0,66.5,1000000,UNSUPPORTED_WITHOUT_REPLAY,0.1,0.0,0.0,False
V3_CANDIDATE_DEVELOPMENT_ONLY_SURFACE,XGBOOST,0.2,0.25,1.0,0.8,0.0,66.5,1000000,UNSUPPORTED_WITHOUT_REPLAY,0.25,0.0,0.0,False
V3_CANDIDATE_DEVELOPMENT_ONLY_SURFACE,XGBOOST,0.2,0.25,1.0,0.8,0.0,77.5,1000000,UNSUPPORTED_WITHOUT_REPLAY,0.0,0.0,0.0,False
V3_CANDIDATE_DEVELOPMENT_ONLY_SURFACE,XGBOOST,0.2,0.25,1.0,0.8,0.0,77.5,1000000,UNSUPPORTED_WITHOUT_REPLAY,0.05,0.0,0.0,False
V3_CANDIDATE_DEVELOPMENT_ONLY_SURFACE,XGBOOST,0.2,0.25,1.0,0.8,0.0,77.5,1000000,UNSUPPORTED_WITHOUT_REPLAY,0.1,0.0,0.0,False
V3_CANDIDATE_DEVELOPMENT_ONLY_SURFACE,XGBOOST,0.2,0.25,1.0,0.8,0.0,77.5,1000000,UNSUPPORTED_WITHOUT_REPLAY,0.25,0.0,0.0,False
V3_CANDIDATE_DEVELOPMENT_ONLY_SURFACE,XGBOOST,0.2,0.25,1.0,0.8,0.05,59.5,1000000,UNSUPPORTED_WITHOUT_REPLAY,0.0,0.0,0.0,False
V3_CANDIDATE_DEVELOPMENT_ONLY_SURFACE,XGBOOST,0.2,0.25,1.0,0.8,0.05,59.5,1000000,UNSUPPORTED_WITHOUT_REPLAY,0.05,0.0,0.0,False
V3_CANDIDATE_DEVELOPMENT_ONLY_SURFACE,XGBOOST,0.2,0.25,1.0,0.8,0.05,59.5,1000000,UNSUPPORTED_WITHOUT_REPLAY,0.1,0.0,0.0,False
V3_CANDIDATE_DEVELOPMENT_ONLY_SURFACE,XGBOOST,0.2,0.25,1.0,0.8,0.05,59.5,1000000,UNSUPPORTED_WITHOUT_REPLAY,0.25,0.0,0.0,False
V3_CANDIDATE_DEVELOPMENT_ONLY_SURFACE,XGBOOST,0.2,0.25,1.0,0.8,0.05,66.5,1000000,UNSUPPORTED_WITHOUT_REPLAY,0.0,0.0,0.0,False
V3_CANDIDATE_DEVELOPMENT_ONLY_SURFACE,XGBOOST,0.2,0.25,1.0,0.8,0.05,66.5,1000000,UNSUPPORTED_WITHOUT_REPLAY,0.05,0.0,0.0,False
V3_CANDIDATE_DEVELOPMENT_ONLY_SURFACE,XGBOOST,0.2,0.25,1.0,0.8,0.05,66.5,1000000,UNSUPPORTED_WITHOUT_REPLAY,0.1,0.0,0.0,False
V3_CANDIDATE_DEVELOPMENT_ONLY_SURFACE,XGBOOST,0.2,0.25,1.0,0.8,0.05,66.5,1000000,UNSUPPORTED_WITHOUT_REPLAY,0.25,0.0,0.0,False
V3_CANDIDATE_DEVELOPMENT_ONLY_SURFACE,XGBOOST,0.2,0.25,1.0,0.8,0.05,77.5,1000000,UNSUPPORTED_WITHOUT_REPLAY,0.0,0.0,0.0,False
V3_CANDIDATE_DEVELOPMENT_ONLY_SURFACE,XGBOOST,0.2,0.25,1.0,0.8,0.05,77.5,1000000,UNSUPPORTED_WITHOUT_REPLAY,0.05,0.0,0.0,False
V3_CANDIDATE_DEVELOPMENT_ONLY_SURFACE,XGBOOST,0.2,0.25,1.0,0.8,0.05,77.5,1000000,UNSUPPORTED_WITHOUT_REPLAY,0.1,0.0,0.0,False
V3_CANDIDATE_DEVELOPMENT_ONLY_SURFACE,XGBOOST,0.2,0.25,1.0,0.8,0.05,77.5,1000000,UNSUPPORTED_WITHOUT_REPLAY,0.25,0.0,0.0,False
V3_CANDIDATE_DEVELOPMENT_ONLY_SURFACE,XGBOOST,0.2,0.25,1.0,0.8,0.1,59.5,1000000,UNSUPPORTED_WITHOUT_REPLAY,0.0,0.0,0.0,False
V3_CANDIDATE_DEVELOPMENT_ONLY_SURFACE,XGBOOST,0.2,0.25,1.0,0.8,0.1,59.5,1000000,UNSUPPORTED_WITHOUT_REPLAY,0.05,0.0,0.0,False
V3_CANDIDATE_DEVELOPMENT_ONLY_SURFACE,XGBOOST,0.2,0.25,1.0,0.8,0.1,59.5,1000000,UNSUPPORTED_WITHOUT_REPLAY,0.1,0.0,0.0,False
V3_CANDIDATE_DEVELOPMENT_ONLY_SURFACE,XGBOOST,0.2,0.25,1.0,0.8,0.1,59.5,1000000,UNSUPPORTED_WITHOUT_REPLAY,0.25,0.0,0.0,False
V3_CANDIDATE_DEVELOPMENT_ONLY_SURFACE,XGBOOST,0.2,0.25,1.0,0.8,0.1,66.5,1000000,UNSUPPORTED_WITHOUT_REPLAY,0.0,0.0,0.0,False
V3_CANDIDATE_DEVELOPMENT_ONLY_SURFACE,XGBOOST,0.2,0.25,1.0,0.8,0.1,66.5,1000000,UNSUPPORTED_WITHOUT_REPLAY,0.05,0.0,0.0,False
V3_CANDIDATE_DEVELOPMENT_ONLY_SURFACE,XGBOOST,0.2,0.25,1.0,0.8,0.1,66.5,1000000,UNSUPPORTED_WITHOUT_REPLAY,0.1,0.0,0.0,False
V3_CANDIDATE_DEVELOPMENT_ONLY_SURFACE,XGBOOST,0.2,0.25,1.0,0.8,0.1,66.5,1000000,UNSUPPORTED_WITHOUT_REPLAY,0.25,0.0,0.0,False
V3_CANDIDATE_DEVELOPMENT_ONLY_SURFACE,XGBOOST,0.2,0.25,1.0,0.8,0.1,77.5,1000000,UNSUPPORTED_WITHOUT_REPLAY,0.0,0.0,0.0,False
V3_CANDIDATE_DEVELOPMENT_ONLY_SURFACE,XGBOOST,0.2,0.25,1.0,0.8,0.1,77.5,1000000,UNSUPPORTED_WITHOUT_REPLAY,0.05,0.0,0.0,False
V3_CANDIDATE_DEVELOPMENT_ONLY_SURFACE,XGBOOST,0.2,0.25,1.0,0.8,0.1,77.5,1000000,UNSUPPORTED_WITHOUT_REPLAY,0.1,0.0,0.0,False
V3_CANDIDATE_DEVELOPMENT_ONLY_SURFACE,XGBOOST,0.2,0.25,1.0,0.8,0.1,77.5,1000000,UNSUPPORTED_WITHOUT_REPLAY,0.25,0.0,0.0,False
V3_CANDIDATE_DEVELOPMENT_ONLY_SURFACE,XGBOOST,0.2,0.5,0.0,0.0,0.0,59.5,1000000,UNSUPPORTED_WITHOUT_REPLAY,0.0,0.002264051071400159,0.04938271604938271,False
V3_CANDIDATE_DEVELOPMENT_ONLY_SURFACE,XGBOOST,0.2,0.5,0.0,0.0,0.0,59.5,1000000,UNSUPPORTED_WITHOUT_REPLAY,0.05,-0.00020508473106897718,0.0205761316872428,False
V3_CANDIDATE_DEVELOPMENT_ONLY_SURFACE,XGBOOST,0.2,0.5,0.0,0.0,0.0,59.5,1000000,UNSUPPORTED_WITHOUT_REPLAY,0.1,-0.002674220533538113,0.00411522633744856,False
V3_CANDIDATE_DEVELOPMENT_ONLY_SURFACE,XGBOOST,0.2,0.5,0.0,0.0,0.0,59.5,1000000,UNSUPPORTED_WITHOUT_REPLAY,0.25,-0.01008162794094552,0.0,False
V3_CANDIDATE_DEVELOPMENT_ONLY_SURFACE,XGBOOST,0.2,0.5,0.0,0.0,0.0,66.5,1000000,UNSUPPORTED_WITHOUT_REPLAY,0.0,0.0043519205143401725,0.08024691358024691,False
V3_CANDIDATE_DEVELOPMENT_ONLY_SURFACE,XGBOOST,0.2,0.5,0.0,0.0,0.0,66.5,1000000,UNSUPPORTED_WITHOUT_REPLAY,0.05,0.0003395748353278265,0.03909465020576132,False
V3_CANDIDATE_DEVELOPMENT_ONLY_SURFACE,XGBOOST,0.2,0.5,0.0,0.0,0.0,66.5,1000000,UNSUPPORTED_WITHOUT_REPLAY,0.1,-0.0036727708436845195,0.0102880658436214,False
V3_CANDIDATE_DEVELOPMENT_ONLY_SURFACE,XGBOOST,0.2,0.5,0.0,0.0,0.0,66.5,1000000,UNSUPPORTED_WITHOUT_REPLAY,0.25,-0.015709807880721557,0.0,False
V3_CANDIDATE_DEVELOPMENT_ONLY_SURFACE,XGBOOST,0.2,0.5,0.0,0.0,0.0,77.5,1000000,UNSUPPORTED_WITHOUT_REPLAY,0.0,0.006469387524103306,0.12757201646090535,False
V3_CANDIDATE_DEVELOPMENT_ONLY_SURFACE,XGBOOST,0.2,0.5,0.0,0.0,0.0,77.5,1000000,UNSUPPORTED_WITHOUT_REPLAY,0.05,9.078670105803775e-05,0.06172839506172839,False
V3_CANDIDATE_DEVELOPMENT_ONLY_SURFACE,XGBOOST,0.2,0.5,0.0,0.0,0.0,77.5,1000000,UNSUPPORTED_WITHOUT_REPLAY,0.1,-0.00628781412198723,0.012345679012345678,False
V3_CANDIDATE_DEVELOPMENT_ONLY_SURFACE,XGBOOST,0.2,0.5,0.0,0.0,0.0,77.5,1000000,UNSUPPORTED_WITHOUT_REPLAY,0.25,-0.025423616591123032,0.0,False
V3_CANDIDATE_DEVELOPMENT_ONLY_SURFACE,XGBOOST,0.2,0.5,0.0,0.0,0.05,59.5,1000000,UNSUPPORTED_WITHOUT_REPLAY,0.0,0.0016595232684686449,0.0205761316872428,False
V3_CANDIDATE_DEVELOPMENT_ONLY_SURFACE,XGBOOST,0.2,0.5,0.0,0.0,0.05,59.5,1000000,UNSUPPORTED_WITHOUT_REPLAY,0.05,0.000630716684106505,0.0205761316872428,False
V3_CANDIDATE_DEVELOPMENT_ONLY_SURFACE,XGBOOST,0.2,0.5,0.0,0.0,0.05,59.5,1000000,UNSUPPORTED_WITHOUT_REPLAY,0.1,-0.000398089900255635,0.00411522633744856,False
V3_CANDIDATE_DEVELOPMENT_ONLY_SURFACE,XGBOOST,0.2,0.5,0.0,0.0,0.05,59.5,1000000,UNSUPPORTED_WITHOUT_REPLAY,0.25,-0.0034845096533420543,0.0,False
V3_CANDIDATE_DEVELOPMENT_ONLY_SURFACE,XGBOOST,0.2,0.5,0.0,0.0,0.05,66.5,1000000,UNSUPPORTED_WITHOUT_REPLAY,0.0,0.003423599239345146,0.03909465020576132,False
V3_CANDIDATE_DEVELOPMENT_ONLY_SURFACE,XGBOOST,0.2,0.5,0.0,0.0,0.05,66.5,1000000,UNSUPPORTED_WITHOUT_REPLAY,0.05,0.0014688667290570802,0.03909465020576132,False
V3_CANDIDATE_DEVELOPMENT_ONLY_SURFACE,XGBOOST,0.2,0.5,0.0,0.0,0.05,66.5,1000000,UNSUPPORTED_WITHOUT_REPLAY,0.1,-0.0004858657812309858,0.0102880658436214,False
V3_CANDIDATE_DEVELOPMENT_ONLY_SURFACE,XGBOOST,0.2,0.5,0.0,0.0,0.05,66.5,1000000,UNSUPPORTED_WITHOUT_REPLAY,0.25,-0.0063500633120951834,0.0,False
V3_CANDIDATE_DEVELOPMENT_ONLY_SURFACE,XGBOOST,0.2,0.5,0.0,0.0,0.05,77.5,1000000,UNSUPPORTED_WITHOUT_REPLAY,0.0,0.004882119102674567,0.06172839506172839,False
V3_CANDIDATE_DEVELOPMENT_ONLY_SURFACE,XGBOOST,0.2,0.5,0.0,0.0,0.05,77.5,1000000,UNSUPPORTED_WITHOUT_REPLAY,0.05,0.0017956993495881466,0.06172839506172839,False
V3_CANDIDATE_DEVELOPMENT_ONLY_SURFACE,XGBOOST,0.2,0.5,0.0,0.0,0.05,77.5,1000000,UNSUPPORTED_WITHOUT_REPLAY,0.1,-0.0012907204034982736,0.012345679012345678,False
V3_CANDIDATE_DEVELOPMENT_ONLY_SURFACE,XGBOOST,0.2,0.5,0.0,0.0,0.05,77.5,1000000,UNSUPPORTED_WITHOUT_REPLAY,0.25,-0.010549979662757532,0.0,False
V3_CANDIDATE_DEVELOPMENT_ONLY_SURFACE,XGBOOST,0.2,0.5,0.0,0.0,0.1,59.5,1000000,UNSUPPORTED_WITHOUT_REPLAY,0.0,0.00043635053452485207,0.00411522633744856,False
V3_CANDIDATE_DEVELOPMENT_ONLY_SURFACE,XGBOOST,0.2,0.5,0.0,0.0,0.1,59.5,1000000,UNSUPPORTED_WITHOUT_REPLAY,0.05,0.0002305892176524241,0.00411522633744856,False
V3_CANDIDATE_DEVELOPMENT_ONLY_SURFACE,XGBOOST,0.2,0.5,0.0,0.0,0.1,59.5,1000000,UNSUPPORTED_WITHOUT_REPLAY,0.1,2.4827900779996103e-05,0.00411522633744856,False
V3_CANDIDATE_DEVELOPMENT_ONLY_SURFACE,XGBOOST,0.2,0.5,0.0,0.0,0.1,59.5,1000000,UNSUPPORTED_WITHOUT_REPLAY,0.25,-0.0005924560498372878,0.0,False
V3_CANDIDATE_DEVELOPMENT_ONLY_SURFACE,XGBOOST,0.2,0.5,0.0,0.0,0.1,66.5,1000000,UNSUPPORTED_WITHOUT_REPLAY,0.0,0.0013816027749479895,0.0102880658436214,False
V3_CANDIDATE_DEVELOPMENT_ONLY_SURFACE,XGBOOST,0.2,0.5,0.0,0.0,0.1,66.5,1000000,UNSUPPORTED_WITHOUT_REPLAY,0.05,0.0008671994827669194,0.0102880658436214,False
V3_CANDIDATE_DEVELOPMENT_ONLY_SURFACE,XGBOOST,0.2,0.5,0.0,0.0,0.1,66.5,1000000,UNSUPPORTED_WITHOUT_REPLAY,0.1,0.00035279619058584946,0.0102880658436214,False
V3_CANDIDATE_DEVELOPMENT_ONLY_SURFACE,XGBOOST,0.2,0.5,0.0,0.0,0.1,66.5,1000000,UNSUPPORTED_WITHOUT_REPLAY,0.25,-0.0011904136859573603,0.0,False
V3_CANDIDATE_DEVELOPMENT_ONLY_SURFACE,XGBOOST,0.2,0.5,0.0,0.0,0.1,77.5,1000000,UNSUPPORTED_WITHOUT_REPLAY,0.0,0.0015944120271605125,0.012345679012345678,False
V3_CANDIDATE_DEVELOPMENT_ONLY_SURFACE,XGBOOST,0.2,0.5,0.0,0.0,0.1,77.5,1000000,UNSUPPORTED_WITHOUT_REPLAY,0.05,0.0009771280765432286,0.012345679012345678,False
V3_CANDIDATE_DEVELOPMENT_ONLY_SURFACE,XGBOOST,0.2,0.5,0.0,0.0,0.1,77.5,1000000,UNSUPPORTED_WITHOUT_REPLAY,0.1,0.0003598441259259447,0.012345679012345678,False
V3_CANDIDATE_DEVELOPMENT_ONLY_SURFACE,XGBOOST,0.2,0.5,0.0,0.0,0.1,77.5,1000000,UNSUPPORTED_WITHOUT_REPLAY,0.25,-0.0014920077259259071,0.0,False
V3_CANDIDATE_DEVELOPMENT_ONLY_SURFACE,XGBOOST,0.2,0.5,0.0,0.4,0.0,59.5,1000000,UNSUPPORTED_WITHOUT_REPLAY,0.0,0.002264051071400159,0.04938271604938271,False
V3_CANDIDATE_DEVELOPMENT_ONLY_SURFACE,XGBOOST,0.2,0.5,0.0,0.4,0.0,59.5,1000000,UNSUPPORTED_WITHOUT_REPLAY,0.05,-0.00020508473106897718,0.0205761316872428,False
V3_CANDIDATE_DEVELOPMENT_ONLY_SURFACE,XGBOOST,0.2,0.5,0.0,0.4,0.0,59.5,1000000,UNSUPPORTED_WITHOUT_REPLAY,0.1,-0.002674220533538113,0.00411522633744856,False
V3_CANDIDATE_DEVELOPMENT_ONLY_SURFACE,XGBOOST,0.2,0.5,0.0,0.4,0.0,59.5,1000000,UNSUPPORTED_WITHOUT_REPLAY,0.25,-0.01008162794094552,0.0,False
V3_CANDIDATE_DEVELOPMENT_ONLY_SURFACE,XGBOOST,0.2,0.5,0.0,0.4,0.0,66.5,1000000,UNSUPPORTED_WITHOUT_REPLAY,0.0,0.0043519205143401725,0.08024691358024691,False
V3_CANDIDATE_DEVELOPMENT_ONLY_SURFACE,XGBOOST,0.2,0.5,0.0,0.4,0.0,66.5,1000000,UNSUPPORTED_WITHOUT_REPLAY,0.05,0.0003395748353278265,0.03909465020576132,False
V3_CANDIDATE_DEVELOPMENT_ONLY_SURFACE,XGBOOST,0.2,0.5,0.0,0.4,0.0,66.5,1000000,UNSUPPORTED_WITHOUT_REPLAY,0.1,-0.0036727708436845195,0.0102880658436214,False
V3_CANDIDATE_DEVELOPMENT_ONLY_SURFACE,XGBOOST,0.2,0.5,0.0,0.4,0.0,66.5,1000000,UNSUPPORTED_WITHOUT_REPLAY,0.25,-0.015709807880721557,0.0,False
V3_CANDIDATE_DEVELOPMENT_ONLY_SURFACE,XGBOOST,0.2,0.5,0.0,0.4,0.0,77.5,1000000,UNSUPPORTED_WITHOUT_REPLAY,0.0,0.006469387524103306,0.12757201646090535,False
V3_CANDIDATE_DEVELOPMENT_ONLY_SURFACE,XGBOOST,0.2,0.5,0.0,0.4,0.0,77.5,1000000,UNSUPPORTED_WITHOUT_REPLAY,0.05,9.078670105803775e-05,0.06172839506172839,False
V3_CANDIDATE_DEVELOPMENT_ONLY_SURFACE,XGBOOST,0.2,0.5,0.0,0.4,0.0,77.5,1000000,UNSUPPORTED_WITHOUT_REPLAY,0.1,-0.00628781412198723,0.012345679012345678,False
V3_CANDIDATE_DEVELOPMENT_ONLY_SURFACE,XGBOOST,0.2,0.5,0.0,0.4,0.0,77.5,1000000,UNSUPPORTED_WITHOUT_REPLAY,0.25,-0.025423616591123032,0.0,False
V3_CANDIDATE_DEVELOPMENT_ONLY_SURFACE,XGBOOST,0.2,0.5,0.0,0.4,0.05,59.5,1000000,UNSUPPORTED_WITHOUT_REPLAY,0.0,0.0016595232684686449,0.0205761316872428,False
V3_CANDIDATE_DEVELOPMENT_ONLY_SURFACE,XGBOOST,0.2,0.5,0.0,0.4,0.05,59.5,1000000,UNSUPPORTED_WITHOUT_REPLAY,0.05,0.000630716684106505,0.0205761316872428,False
V3_CANDIDATE_DEVELOPMENT_ONLY_SURFACE,XGBOOST,0.2,0.5,0.0,0.4,0.05,59.5,1000000,UNSUPPORTED_WITHOUT_REPLAY,0.1,-0.000398089900255635,0.00411522633744856,False
V3_CANDIDATE_DEVELOPMENT_ONLY_SURFACE,XGBOOST,0.2,0.5,0.0,0.4,0.05,59.5,1000000,UNSUPPORTED_WITHOUT_REPLAY,0.25,-0.0034845096533420543,0.0,False
V3_CANDIDATE_DEVELOPMENT_ONLY_SURFACE,XGBOOST,0.2,0.5,0.0,0.4,0.05,66.5,1000000,UNSUPPORTED_WITHOUT_REPLAY,0.0,0.003423599239345146,0.03909465020576132,False
V3_CANDIDATE_DEVELOPMENT_ONLY_SURFACE,XGBOOST,0.2,0.5,0.0,0.4,0.05,66.5,1000000,UNSUPPORTED_WITHOUT_REPLAY,0.05,0.0014688667290570802,0.03909465020576132,False
V3_CANDIDATE_DEVELOPMENT_ONLY_SURFACE,XGBOOST,0.2,0.5,0.0,0.4,0.05,66.5,1000000,UNSUPPORTED_WITHOUT_REPLAY,0.1,-0.0004858657812309858,0.0102880658436214,False
V3_CANDIDATE_DEVELOPMENT_ONLY_SURFACE,XGBOOST,0.2,0.5,0.0,0.4,0.05,66.5,1000000,UNSUPPORTED_WITHOUT_REPLAY,0.25,-0.0063500633120951834,0.0,False
V3_CANDIDATE_DEVELOPMENT_ONLY_SURFACE,XGBOOST,0.2,0.5,0.0,0.4,0.05,77.5,1000000,UNSUPPORTED_WITHOUT_REPLAY,0.0,0.004882119102674567,0.06172839506172839,False
V3_CANDIDATE_DEVELOPMENT_ONLY_SURFACE,XGBOOST,0.2,0.5,0.0,0.4,0.05,77.5,1000000,UNSUPPORTED_WITHOUT_REPLAY,0.05,0.0017956993495881466,0.06172839506172839,False
V3_CANDIDATE_DEVELOPMENT_ONLY_SURFACE,XGBOOST,0.2,0.5,0.0,0.4,0.05,77.5,1000000,UNSUPPORTED_WITHOUT_REPLAY,0.1,-0.0012907204034982736,0.012345679012345678,False
V3_CANDIDATE_DEVELOPMENT_ONLY_SURFACE,XGBOOST,0.2,0.5,0.0,0.4,0.05,77.5,1000000,UNSUPPORTED_WITHOUT_REPLAY,0.25,-0.010549979662757532,0.0,False
V3_CANDIDATE_DEVELOPMENT_ONLY_SURFACE,XGBOOST,0.2,0.5,0.0,0.4,0.1,59.5,1000000,UNSUPPORTED_WITHOUT_REPLAY,0.0,0.00043635053452485207,0.00411522633744856,False
V3_CANDIDATE_DEVELOPMENT_ONLY_SURFACE,XGBOOST,0.2,0.5,0.0,0.4,0.1,59.5,1000000,UNSUPPORTED_WITHOUT_REPLAY,0.05,0.0002305892176524241,0.00411522633744856,False
V3_CANDIDATE_DEVELOPMENT_ONLY_SURFACE,XGBOOST,0.2,0.5,0.0,0.4,0.1,59.5,1000000,UNSUPPORTED_WITHOUT_REPLAY,0.1,2.4827900779996103e-05,0.00411522633744856,False
V3_CANDIDATE_DEVELOPMENT_ONLY_SURFACE,XGBOOST,0.2,0.5,0.0,0.4,0.1,59.5,1000000,UNSUPPORTED_WITHOUT_REPLAY,0.25,-0.0005924560498372878,0.0,False
V3_CANDIDATE_DEVELOPMENT_ONLY_SURFACE,XGBOOST,0.2,0.5,0.0,0.4,0.1,66.5,1000000,UNSUPPORTED_WITHOUT_REPLAY,0.0,0.0013816027749479895,0.0102880658436214,False
V3_CANDIDATE_DEVELOPMENT_ONLY_SURFACE,XGBOOST,0.2,0.5,0.0,0.4,0.1,66.5,1000000,UNSUPPORTED_WITHOUT_REPLAY,0.05,0.0008671994827669194,0.0102880658436214,False
V3_CANDIDATE_DEVELOPMENT_ONLY_SURFACE,XGBOOST,0.2,0.5,0.0,0.4,0.1,66.5,1000000,UNSUPPORTED_WITHOUT_REPLAY,0.1,0.00035279619058584946,0.0102880658436214,False
V3_CANDIDATE_DEVELOPMENT_ONLY_SURFACE,XGBOOST,0.2,0.5,0.0,0.4,0.1,66.5,1000000,UNSUPPORTED_WITHOUT_REPLAY,0.25,-0.0011904136859573603,0.0,False
V3_CANDIDATE_DEVELOPMENT_ONLY_SURFACE,XGBOOST,0.2,0.5,0.0,0.4,0.1,77.5,1000000,UNSUPPORTED_WITHOUT_REPLAY,0.0,0.0015944120271605125,0.012345679012345678,False
V3_CANDIDATE_DEVELOPMENT_ONLY_SURFACE,XGBOOST,0.2,0.5,0.0,0.4,0.1,77.5,1000000,UNSUPPORTED_WITHOUT_REPLAY,0.05,0.0009771280765432286,0.012345679012345678,False
V3_CANDIDATE_DEVELOPMENT_ONLY_SURFACE,XGBOOST,0.2,0.5,0.0,0.4,0.1,77.5,1000000,UNSUPPORTED_WITHOUT_REPLAY,0.1,0.0003598441259259447,0.012345679012345678,False
V3_CANDIDATE_DEVELOPMENT_ONLY_SURFACE,XGBOOST,0.2,0.5,0.0,0.4,0.1,77.5,1000000,UNSUPPORTED_WITHOUT_REPLAY,0.25,-0.0014920077259259071,0.0,False
V3_CANDIDATE_DEVELOPMENT_ONLY_SURFACE,XGBOOST,0.2,0.5,0.0,0.6,0.0,59.5,1000000,UNSUPPORTED_WITHOUT_REPLAY,0.0,0.0012177336799402902,0.02880658436213992,False
V3_CANDIDATE_DEVELOPMENT_ONLY_SURFACE,XGBOOST,0.2,0.5,0.0,0.6,0.0,59.5,1000000,UNSUPPORTED_WITHOUT_REPLAY,0.05,-0.00022259553816670585,0.0102880658436214,False
V3_CANDIDATE_DEVELOPMENT_ONLY_SURFACE,XGBOOST,0.2,0.5,0.0,0.6,0.0,59.5,1000000,UNSUPPORTED_WITHOUT_REPLAY,0.1,-0.0016629247562737022,0.0,False
V3_CANDIDATE_DEVELOPMENT_ONLY_SURFACE,XGBOOST,0.2,0.5,0.0,0.6,0.0,59.5,1000000,UNSUPPORTED_WITHOUT_REPLAY,0.25,-0.005983912410594689,0.0,False
V3_CANDIDATE_DEVELOPMENT_ONLY_SURFACE,XGBOOST,0.2,0.5,0.0,0.6,0.0,66.5,1000000,UNSUPPORTED_WITHOUT_REPLAY,0.0,0.003008279244635382,0.051440329218107,False
V3_CANDIDATE_DEVELOPMENT_ONLY_SURFACE,XGBOOST,0.2,0.5,0.0,0.6,0.0,66.5,1000000,UNSUPPORTED_WITHOUT_REPLAY,0.05,0.00043626278373003175,0.026748971193415638,False
V3_CANDIDATE_DEVELOPMENT_ONLY_SURFACE,XGBOOST,0.2,0.5,0.0,0.6,0.0,66.5,1000000,UNSUPPORTED_WITHOUT_REPLAY,0.1,-0.002135753677175318,0.006172839506172839,False
V3_CANDIDATE_DEVELOPMENT_ONLY_SURFACE,XGBOOST,0.2,0.5,0.0,0.6,0.0,66.5,1000000,UNSUPPORTED_WITHOUT_REPLAY,0.25,-0.009851803059891367,0.0,False
V3_CANDIDATE_DEVELOPMENT_ONLY_SURFACE,XGBOOST,0.2,0.5,0.0,0.6,0.0,77.5,1000000,UNSUPPORTED_WITHOUT_REPLAY,0.0,0.004145227011076855,0.07407407407407407,False
V3_CANDIDATE_DEVELOPMENT_ONLY_SURFACE,XGBOOST,0.2,0.5,0.0,0.6,0.0,77.5,1000000,UNSUPPORTED_WITHOUT_REPLAY,0.05,0.00044152330737315176,0.037037037037037035,False
V3_CANDIDATE_DEVELOPMENT_ONLY_SURFACE,XGBOOST,0.2,0.5,0.0,0.6,0.0,77.5,1000000,UNSUPPORTED_WITHOUT_REPLAY,0.1,-0.0032621803963305525,0.00823045267489712,False
V3_CANDIDATE_DEVELOPMENT_ONLY_SURFACE,XGBOOST,0.2,0.5,0.0,0.6,0.0,77.5,1000000,UNSUPPORTED_WITHOUT_REPLAY,0.25,-0.014373291507441663,0.0,False
V3_CANDIDATE_DEVELOPMENT_ONLY_SURFACE,XGBOOST,0.2,0.5,0.0,0.6,0.05,59.5,1000000,UNSUPPORTED_WITHOUT_REPLAY,0.0,0.0007907413230873972,0.0102880658436214,False
V3_CANDIDATE_DEVELOPMENT_ONLY_SURFACE,XGBOOST,0.2,0.5,0.0,0.6,0.05,59.5,1000000,UNSUPPORTED_WITHOUT_REPLAY,0.05,0.0002763380309063272,0.0102880658436214,False
V3_CANDIDATE_DEVELOPMENT_ONLY_SURFACE,XGBOOST,0.2,0.5,0.0,0.6,0.05,59.5,1000000,UNSUPPORTED_WITHOUT_REPLAY,0.1,-0.0002380652612747428,0.0,False
V3_CANDIDATE_DEVELOPMENT_ONLY_SURFACE,XGBOOST,0.2,0.5,0.0,0.6,0.05,59.5,1000000,UNSUPPORTED_WITHOUT_REPLAY,0.25,-0.0017812751378179527,0.0,False
V3_CANDIDATE_DEVELOPMENT_ONLY_SURFACE,XGBOOST,0.2,0.5,0.0,0.6,0.05,66.5,1000000,UNSUPPORTED_WITHOUT_REPLAY,0.0,0.002447437996027569,0.026748971193415638,False
V3_CANDIDATE_DEVELOPMENT_ONLY_SURFACE,XGBOOST,0.2,0.5,0.0,0.6,0.05,66.5,1000000,UNSUPPORTED_WITHOUT_REPLAY,0.05,0.0011099894363567867,0.026748971193415638,False
V3_CANDIDATE_DEVELOPMENT_ONLY_SURFACE,XGBOOST,0.2,0.5,0.0,0.6,0.05,66.5,1000000,UNSUPPORTED_WITHOUT_REPLAY,0.1,-0.0002274591233139953,0.006172839506172839,False
V3_CANDIDATE_DEVELOPMENT_ONLY_SURFACE,XGBOOST,0.2,0.5,0.0,0.6,0.05,66.5,1000000,UNSUPPORTED_WITHOUT_REPLAY,0.25,-0.004239804802326341,0.0,False
V3_CANDIDATE_DEVELOPMENT_ONLY_SURFACE,XGBOOST,0.2,0.5,0.0,0.6,0.05,77.5,1000000,UNSUPPORTED_WITHOUT_REPLAY,0.0,0.0032203454423547885,0.037037037037037035,False
V3_CANDIDATE_DEVELOPMENT_ONLY_SURFACE,XGBOOST,0.2,0.5,0.0,0.6,0.05,77.5,1000000,UNSUPPORTED_WITHOUT_REPLAY,0.05,0.0013684935905029368,0.037037037037037035,False
V3_CANDIDATE_DEVELOPMENT_ONLY_SURFACE,XGBOOST,0.2,0.5,0.0,0.6,0.05,77.5,1000000,UNSUPPORTED_WITHOUT_REPLAY,0.1,-0.00048335826134891536,0.00823045267489712,False
V3_CANDIDATE_DEVELOPMENT_ONLY_SURFACE,XGBOOST,0.2,0.5,0.0,0.6,0.05,77.5,1000000,UNSUPPORTED_WITHOUT_REPLAY,0.25,-0.006038913816904471,0.0,False
V3_CANDIDATE_DEVELOPMENT_ONLY_SURFACE,XGBOOST,0.2,0.5,0.0,0.6,0.1,59.5,1000000,UNSUPPORTED_WITHOUT_REPLAY,0.0,0.0,0.0,False
V3_CANDIDATE_DEVELOPMENT_ONLY_SURFACE,XGBOOST,0.2,0.5,0.0,0.6,0.1,59.5,1000000,UNSUPPORTED_WITHOUT_REPLAY,0.05,0.0,0.0,False
V3_CANDIDATE_DEVELOPMENT_ONLY_SURFACE,XGBOOST,0.2,0.5,0.0,0.6,0.1,59.5,1000000,UNSUPPORTED_WITHOUT_REPLAY,0.1,0.0,0.0,False
V3_CANDIDATE_DEVELOPMENT_ONLY_SURFACE,XGBOOST,0.2,0.5,0.0,0.6,0.1,59.5,1000000,UNSUPPORTED_WITHOUT_REPLAY,0.25,0.0,0.0,False
V3_CANDIDATE_DEVELOPMENT_ONLY_SURFACE,XGBOOST,0.2,0.5,0.0,0.6,0.1,66.5,1000000,UNSUPPORTED_WITHOUT_REPLAY,0.0,0.0009452522404231373,0.006172839506172839,False
V3_CANDIDATE_DEVELOPMENT_ONLY_SURFACE,XGBOOST,0.2,0.5,0.0,0.6,0.1,66.5,1000000,UNSUPPORTED_WITHOUT_REPLAY,0.05,0.0006366102651144954,0.006172839506172839,False
V3_CANDIDATE_DEVELOPMENT_ONLY_SURFACE,XGBOOST,0.2,0.5,0.0,0.6,0.1,66.5,1000000,UNSUPPORTED_WITHOUT_REPLAY,0.1,0.0003279682898058533,0.006172839506172839,False
V3_CANDIDATE_DEVELOPMENT_ONLY_SURFACE,XGBOOST,0.2,0.5,0.0,0.6,0.1,66.5,1000000,UNSUPPORTED_WITHOUT_REPLAY,0.25,-0.0005979576361200726,0.0,False
V3_CANDIDATE_DEVELOPMENT_ONLY_SURFACE,XGBOOST,0.2,0.5,0.0,0.6,0.1,77.5,1000000,UNSUPPORTED_WITHOUT_REPLAY,0.0,0.0011580614926356605,0.00823045267489712,False
V3_CANDIDATE_DEVELOPMENT_ONLY_SURFACE,XGBOOST,0.2,0.5,0.0,0.6,0.1,77.5,1000000,UNSUPPORTED_WITHOUT_REPLAY,0.05,0.0007465388588908047,0.00823045267489712,False
V3_CANDIDATE_DEVELOPMENT_ONLY_SURFACE,XGBOOST,0.2,0.5,0.0,0.6,0.1,77.5,1000000,UNSUPPORTED_WITHOUT_REPLAY,0.1,0.0003350162251459486,0.00823045267489712,False
V3_CANDIDATE_DEVELOPMENT_ONLY_SURFACE,XGBOOST,0.2,0.5,0.0,0.6,0.1,77.5,1000000,UNSUPPORTED_WITHOUT_REPLAY,0.25,-0.0008995516760886193,0.0,False
V3_CANDIDATE_DEVELOPMENT_ONLY_SURFACE,XGBOOST,0.2,0.5,0.0,0.8,0.0,59.5,1000000,UNSUPPORTED_WITHOUT_REPLAY,0.0,5.5252220390177874e-05,0.00205761316872428,False
V3_CANDIDATE_DEVELOPMENT_ONLY_SURFACE,XGBOOST,0.2,0.5,0.0,0.8,0.0,59.5,1000000,UNSUPPORTED_WITHOUT_REPLAY,0.05,-4.762843804603612e-05,0.0,False
V3_CANDIDATE_DEVELOPMENT_ONLY_SURFACE,XGBOOST,0.2,0.5,0.0,0.8,0.0,59.5,1000000,UNSUPPORTED_WITHOUT_REPLAY,0.1,-0.00015050909648225012,0.0,False
V3_CANDIDATE_DEVELOPMENT_ONLY_SURFACE,XGBOOST,0.2,0.5,0.0,0.8,0.0,59.5,1000000,UNSUPPORTED_WITHOUT_REPLAY,0.25,-0.00045915107179089206,0.0,False
V3_CANDIDATE_DEVELOPMENT_ONLY_SURFACE,XGBOOST,0.2,0.5,0.0,0.8,0.0,66.5,1000000,UNSUPPORTED_WITHOUT_REPLAY,0.0,5.5252220390177874e-05,0.00205761316872428,False
V3_CANDIDATE_DEVELOPMENT_ONLY_SURFACE,XGBOOST,0.2,0.5,0.0,0.8,0.0,66.5,1000000,UNSUPPORTED_WITHOUT_REPLAY,0.05,-4.762843804603612e-05,0.0,False
V3_CANDIDATE_DEVELOPMENT_ONLY_SURFACE,XGBOOST,0.2,0.5,0.0,0.8,0.0,66.5,1000000,UNSUPPORTED_WITHOUT_REPLAY,0.1,-0.00015050909648225012,0.0,False
V3_CANDIDATE_DEVELOPMENT_ONLY_SURFACE,XGBOOST,0.2,0.5,0.0,0.8,0.0,66.5,1000000,UNSUPPORTED_WITHOUT_REPLAY,0.25,-0.00045915107179089206,0.0,False
V3_CANDIDATE_DEVELOPMENT_ONLY_SURFACE,XGBOOST,0.2,0.5,0.0,0.8,0.0,77.5,1000000,UNSUPPORTED_WITHOUT_REPLAY,0.0,5.5252220390177874e-05,0.00205761316872428,False
V3_CANDIDATE_DEVELOPMENT_ONLY_SURFACE,XGBOOST,0.2,0.5,0.0,0.8,0.0,77.5,1000000,UNSUPPORTED_WITHOUT_REPLAY,0.05,-4.762843804603612e-05,0.0,False
V3_CANDIDATE_DEVELOPMENT_ONLY_SURFACE,XGBOOST,0.2,0.5,0.0,0.8,0.0,77.5,1000000,UNSUPPORTED_WITHOUT_REPLAY,0.1,-0.00015050909648225012,0.0,False
V3_CANDIDATE_DEVELOPMENT_ONLY_SURFACE,XGBOOST,0.2,0.5,0.0,0.8,0.0,77.5,1000000,UNSUPPORTED_WITHOUT_REPLAY,0.25,-0.00045915107179089206,0.0,False
V3_CANDIDATE_DEVELOPMENT_ONLY_SURFACE,XGBOOST,0.2,0.5,0.0,0.8,0.05,59.5,1000000,UNSUPPORTED_WITHOUT_REPLAY,0.0,0.0,0.0,False
V3_CANDIDATE_DEVELOPMENT_ONLY_SURFACE,XGBOOST,0.2,0.5,0.0,0.8,0.05,59.5,1000000,UNSUPPORTED_WITHOUT_REPLAY,0.05,0.0,0.0,False
V3_CANDIDATE_DEVELOPMENT_ONLY_SURFACE,XGBOOST,0.2,0.5,0.0,0.8,0.05,59.5,1000000,UNSUPPORTED_WITHOUT_REPLAY,0.1,0.0,0.0,False
V3_CANDIDATE_DEVELOPMENT_ONLY_SURFACE,XGBOOST,0.2,0.5,0.0,0.8,0.05,59.5,1000000,UNSUPPORTED_WITHOUT_REPLAY,0.25,0.0,0.0,False
V3_CANDIDATE_DEVELOPMENT_ONLY_SURFACE,XGBOOST,0.2,0.5,0.0,0.8,0.05,66.5,1000000,UNSUPPORTED_WITHOUT_REPLAY,0.0,0.0,0.0,False
V3_CANDIDATE_DEVELOPMENT_ONLY_SURFACE,XGBOOST,0.2,0.5,0.0,0.8,0.05,66.5,1000000,UNSUPPORTED_WITHOUT_REPLAY,0.05,0.0,0.0,False
V3_CANDIDATE_DEVELOPMENT_ONLY_SURFACE,XGBOOST,0.2,0.5,0.0,0.8,0.05,66.5,1000000,UNSUPPORTED_WITHOUT_REPLAY,0.1,0.0,0.0,False
V3_CANDIDATE_DEVELOPMENT_ONLY_SURFACE,XGBOOST,0.2,0.5,0.0,0.8,0.05,66.5,1000000,UNSUPPORTED_WITHOUT_REPLAY,0.25,0.0,0.0,False
V3_CANDIDATE_DEVELOPMENT_ONLY_SURFACE,XGBOOST,0.2,0.5,0.0,0.8,0.05,77.5,1000000,UNSUPPORTED_WITHOUT_REPLAY,0.0,0.0,0.0,False
V3_CANDIDATE_DEVELOPMENT_ONLY_SURFACE,XGBOOST,0.2,0.5,0.0,0.8,0.05,77.5,1000000,UNSUPPORTED_WITHOUT_REPLAY,0.05,0.0,0.0,False
V3_CANDIDATE_DEVELOPMENT_ONLY_SURFACE,XGBOOST,0.2,0.5,0.0,0.8,0.05,77.5,1000000,UNSUPPORTED_WITHOUT_REPLAY,0.1,0.0,0.0,False
V3_CANDIDATE_DEVELOPMENT_ONLY_SURFACE,XGBOOST,0.2,0.5,0.0,0.8,0.05,77.5,1000000,UNSUPPORTED_WITHOUT_REPLAY,0.25,0.0,0.0,False
V3_CANDIDATE_DEVELOPMENT_ONLY_SURFACE,XGBOOST,0.2,0.5,0.0,0.8,0.1,59.5,1000000,UNSUPPORTED_WITHOUT_REPLAY,0.0,0.0,0.0,False
V3_CANDIDATE_DEVELOPMENT_ONLY_SURFACE,XGBOOST,0.2,0.5,0.0,0.8,0.1,59.5,1000000,UNSUPPORTED_WITHOUT_REPLAY,0.05,0.0,0.0,False
V3_CANDIDATE_DEVELOPMENT_ONLY_SURFACE,XGBOOST,0.2,0.5,0.0,0.8,0.1,59.5,1000000,UNSUPPORTED_WITHOUT_REPLAY,0.1,0.0,0.0,False
V3_CANDIDATE_DEVELOPMENT_ONLY_SURFACE,XGBOOST,0.2,0.5,0.0,0.8,0.1,59.5,1000000,UNSUPPORTED_WITHOUT_REPLAY,0.25,0.0,0.0,False
V3_CANDIDATE_DEVELOPMENT_ONLY_SURFACE,XGBOOST,0.2,0.5,0.0,0.8,0.1,66.5,1000000,UNSUPPORTED_WITHOUT_REPLAY,0.0,0.0,0.0,False
V3_CANDIDATE_DEVELOPMENT_ONLY_SURFACE,XGBOOST,0.2,0.5,0.0,0.8,0.1,66.5,1000000,UNSUPPORTED_WITHOUT_REPLAY,0.05,0.0,0.0,False
V3_CANDIDATE_DEVELOPMENT_ONLY_SURFACE,XGBOOST,0.2,0.5,0.0,0.8,0.1,66.5,1000000,UNSUPPORTED_WITHOUT_REPLAY,0.1,0.0,0.0,False
V3_CANDIDATE_DEVELOPMENT_ONLY_SURFACE,XGBOOST,0.2,0.5,0.0,0.8,0.1,66.5,1000000,UNSUPPORTED_WITHOUT_REPLAY,0.25,0.0,0.0,False
V3_CANDIDATE_DEVELOPMENT_ONLY_SURFACE,XGBOOST,0.2,0.5,0.0,0.8,0.1,77.5,1000000,UNSUPPORTED_WITHOUT_REPLAY,0.0,0.0,0.0,False
V3_CANDIDATE_DEVELOPMENT_ONLY_SURFACE,XGBOOST,0.2,0.5,0.0,0.8,0.1,77.5,1000000,UNSUPPORTED_WITHOUT_REPLAY,0.05,0.0,0.0,False
V3_CANDIDATE_DEVELOPMENT_ONLY_SURFACE,XGBOOST,0.2,0.5,0.0,0.8,0.1,77.5,1000000,UNSUPPORTED_WITHOUT_REPLAY,0.1,0.0,0.0,False
V3_CANDIDATE_DEVELOPMENT_ONLY_SURFACE,XGBOOST,0.2,0.5,0.0,0.8,0.1,77.5,1000000,UNSUPPORTED_WITHOUT_REPLAY,0.25,0.0,0.0,False
V3_CANDIDATE_DEVELOPMENT_ONLY_SURFACE,XGBOOST,0.2,0.5,0.25,0.0,0.0,59.5,1000000,UNSUPPORTED_WITHOUT_REPLAY,0.0,0.00023568265904908527,0.01646090534979424,False
V3_CANDIDATE_DEVELOPMENT_ONLY_SURFACE,XGBOOST,0.2,0.5,0.25,0.0,0.0,59.5,1000000,UNSUPPORTED_WITHOUT_REPLAY,0.05,-0.0005873626084406267,0.0,False
V3_CANDIDATE_DEVELOPMENT_ONLY_SURFACE,XGBOOST,0.2,0.5,0.25,0.0,0.0,59.5,1000000,UNSUPPORTED_WITHOUT_REPLAY,0.1,-0.0014104078759303387,0.0,False
V3_CANDIDATE_DEVELOPMENT_ONLY_SURFACE,XGBOOST,0.2,0.5,0.25,0.0,0.0,59.5,1000000,UNSUPPORTED_WITHOUT_REPLAY,0.25,-0.0038795436783994742,0.0,False
V3_CANDIDATE_DEVELOPMENT_ONLY_SURFACE,XGBOOST,0.2,0.5,0.25,0.0,0.0,66.5,1000000,UNSUPPORTED_WITHOUT_REPLAY,0.0,0.0005230075263146271,0.030864197530864196,False
V3_CANDIDATE_DEVELOPMENT_ONLY_SURFACE,XGBOOST,0.2,0.5,0.25,0.0,0.0,66.5,1000000,UNSUPPORTED_WITHOUT_REPLAY,0.05,-0.001020202350228583,0.00205761316872428,False
V3_CANDIDATE_DEVELOPMENT_ONLY_SURFACE,XGBOOST,0.2,0.5,0.25,0.0,0.0,66.5,1000000,UNSUPPORTED_WITHOUT_REPLAY,0.1,-0.0025634122267717933,0.0,False
V3_CANDIDATE_DEVELOPMENT_ONLY_SURFACE,XGBOOST,0.2,0.5,0.25,0.0,0.0,66.5,1000000,UNSUPPORTED_WITHOUT_REPLAY,0.25,-0.007193041856401423,0.0,False
V3_CANDIDATE_DEVELOPMENT_ONLY_SURFACE,XGBOOST,0.2,0.5,0.25,0.0,0.0,77.5,1000000,UNSUPPORTED_WITHOUT_REPLAY,0.0,0.0008880960492435766,0.059670781893004114,False
V3_CANDIDATE_DEVELOPMENT_ONLY_SURFACE,XGBOOST,0.2,0.5,0.25,0.0,0.0,77.5,1000000,UNSUPPORTED_WITHOUT_REPLAY,0.05,-0.002095443045406629,0.00205761316872428,False
V3_CANDIDATE_DEVELOPMENT_ONLY_SURFACE,XGBOOST,0.2,0.5,0.25,0.0,0.0,77.5,1000000,UNSUPPORTED_WITHOUT_REPLAY,0.1,-0.005078982140056835,0.0,False
V3_CANDIDATE_DEVELOPMENT_ONLY_SURFACE,XGBOOST,0.2,0.5,0.25,0.0,0.0,77.5,1000000,UNSUPPORTED_WITHOUT_REPLAY,0.25,-0.014029599424007451,0.0,False
V3_CANDIDATE_DEVELOPMENT_ONLY_SURFACE,XGBOOST,0.2,0.5,0.25,0.0,0.05,59.5,1000000,UNSUPPORTED_WITHOUT_REPLAY,0.0,0.0,0.0,False
V3_CANDIDATE_DEVELOPMENT_ONLY_SURFACE,XGBOOST,0.2,0.5,0.25,0.0,0.05,59.5,1000000,UNSUPPORTED_WITHOUT_REPLAY,0.05,0.0,0.0,False
V3_CANDIDATE_DEVELOPMENT_ONLY_SURFACE,XGBOOST,0.2,0.5,0.25,0.0,0.05,59.5,1000000,UNSUPPORTED_WITHOUT_REPLAY,0.1,0.0,0.0,False
V3_CANDIDATE_DEVELOPMENT_ONLY_SURFACE,XGBOOST,0.2,0.5,0.25,0.0,0.05,59.5,1000000,UNSUPPORTED_WITHOUT_REPLAY,0.25,0.0,0.0,False
V3_CANDIDATE_DEVELOPMENT_ONLY_SURFACE,XGBOOST,0.2,0.5,0.25,0.0,0.05,66.5,1000000,UNSUPPORTED_WITHOUT_REPLAY,0.0,0.00010699078274205398,0.00205761316872428,False
V3_CANDIDATE_DEVELOPMENT_ONLY_SURFACE,XGBOOST,0.2,0.5,0.25,0.0,0.05,66.5,1000000,UNSUPPORTED_WITHOUT_REPLAY,0.05,4.110124305839983e-06,0.00205761316872428,False
V3_CANDIDATE_DEVELOPMENT_ONLY_SURFACE,XGBOOST,0.2,0.5,0.25,0.0,0.05,66.5,1000000,UNSUPPORTED_WITHOUT_REPLAY,0.1,-9.877053413037401e-05,0.0,False
V3_CANDIDATE_DEVELOPMENT_ONLY_SURFACE,XGBOOST,0.2,0.5,0.25,0.0,0.05,66.5,1000000,UNSUPPORTED_WITHOUT_REPLAY,0.25,-0.000407412509439016,0.0,False
V3_CANDIDATE_DEVELOPMENT_ONLY_SURFACE,XGBOOST,0.2,0.5,0.25,0.0,0.05,77.5,1000000,UNSUPPORTED_WITHOUT_REPLAY,0.0,0.00010699078274205398,0.00205761316872428,False
V3_CANDIDATE_DEVELOPMENT_ONLY_SURFACE,XGBOOST,0.2,0.5,0.25,0.0,0.05,77.5,1000000,UNSUPPORTED_WITHOUT_REPLAY,0.05,4.110124305839983e-06,0.00205761316872428,False
V3_CANDIDATE_DEVELOPMENT_ONLY_SURFACE,XGBOOST,0.2,0.5,0.25,0.0,0.05,77.5,1000000,UNSUPPORTED_WITHOUT_REPLAY,0.1,-9.877053413037401e-05,0.0,False
V3_CANDIDATE_DEVELOPMENT_ONLY_SURFACE,XGBOOST,0.2,0.5,0.25,0.0,0.05,77.5,1000000,UNSUPPORTED_WITHOUT_REPLAY,0.25,-0.000407412509439016,0.0,False
V3_CANDIDATE_DEVELOPMENT_ONLY_SURFACE,XGBOOST,0.2,0.5,0.25,0.0,0.1,59.5,1000000,UNSUPPORTED_WITHOUT_REPLAY,0.0,0.0,0.0,False
V3_CANDIDATE_DEVELOPMENT_ONLY_SURFACE,XGBOOST,0.2,0.5,0.25,0.0,0.1,59.5,1000000,UNSUPPORTED_WITHOUT_REPLAY,0.05,0.0,0.0,False
V3_CANDIDATE_DEVELOPMENT_ONLY_SURFACE,XGBOOST,0.2,0.5,0.25,0.0,0.1,59.5,1000000,UNSUPPORTED_WITHOUT_REPLAY,0.1,0.0,0.0,False
V3_CANDIDATE_DEVELOPMENT_ONLY_SURFACE,XGBOOST,0.2,0.5,0.25,0.0,0.1,59.5,1000000,UNSUPPORTED_WITHOUT_REPLAY,0.25,0.0,0.0,False
V3_CANDIDATE_DEVELOPMENT_ONLY_SURFACE,XGBOOST,0.2,0.5,0.25,0.0,0.1,66.5,1000000,UNSUPPORTED_WITHOUT_REPLAY,0.0,0.0,0.0,False
V3_CANDIDATE_DEVELOPMENT_ONLY_SURFACE,XGBOOST,0.2,0.5,0.25,0.0,0.1,66.5,1000000,UNSUPPORTED_WITHOUT_REPLAY,0.05,0.0,0.0,False
V3_CANDIDATE_DEVELOPMENT_ONLY_SURFACE,XGBOOST,0.2,0.5,0.25,0.0,0.1,66.5,1000000,UNSUPPORTED_WITHOUT_REPLAY,0.1,0.0,0.0,False
V3_CANDIDATE_DEVELOPMENT_ONLY_SURFACE,XGBOOST,0.2,0.5,0.25,0.0,0.1,66.5,1000000,UNSUPPORTED_WITHOUT_REPLAY,0.25,0.0,0.0,False
V3_CANDIDATE_DEVELOPMENT_ONLY_SURFACE,XGBOOST,0.2,0.5,0.25,0.0,0.1,77.5,1000000,UNSUPPORTED_WITHOUT_REPLAY,0.0,0.0,0.0,False
V3_CANDIDATE_DEVELOPMENT_ONLY_SURFACE,XGBOOST,0.2,0.5,0.25,0.0,0.1,77.5,1000000,UNSUPPORTED_WITHOUT_REPLAY,0.05,0.0,0.0,False
V3_CANDIDATE_DEVELOPMENT_ONLY_SURFACE,XGBOOST,0.2,0.5,0.25,0.0,0.1,77.5,1000000,UNSUPPORTED_WITHOUT_REPLAY,0.1,0.0,0.0,False
V3_CANDIDATE_DEVELOPMENT_ONLY_SURFACE,XGBOOST,0.2,0.5,0.25,0.0,0.1,77.5,1000000,UNSUPPORTED_WITHOUT_REPLAY,0.25,0.0,0.0,False
V3_CANDIDATE_DEVELOPMENT_ONLY_SURFACE,XGBOOST,0.2,0.5,0.25,0.4,0.0,59.5,1000000,UNSUPPORTED_WITHOUT_REPLAY,0.0,0.00023568265904908527,0.01646090534979424,False
V3_CANDIDATE_DEVELOPMENT_ONLY_SURFACE,XGBOOST,0.2,0.5,0.25,0.4,0.0,59.5,1000000,UNSUPPORTED_WITHOUT_REPLAY,0.05,-0.0005873626084406267,0.0,False
V3_CANDIDATE_DEVELOPMENT_ONLY_SURFACE,XGBOOST,0.2,0.5,0.25,0.4,0.0,59.5,1000000,UNSUPPORTED_WITHOUT_REPLAY,0.1,-0.0014104078759303387,0.0,False
V3_CANDIDATE_DEVELOPMENT_ONLY_SURFACE,XGBOOST,0.2,0.5,0.25,0.4,0.0,59.5,1000000,UNSUPPORTED_WITHOUT_REPLAY,0.25,-0.0038795436783994742,0.0,False
V3_CANDIDATE_DEVELOPMENT_ONLY_SURFACE,XGBOOST,0.2,0.5,0.25,0.4,0.0,66.5,1000000,UNSUPPORTED_WITHOUT_REPLAY,0.0,0.0005230075263146271,0.030864197530864196,False
V3_CANDIDATE_DEVELOPMENT_ONLY_SURFACE,XGBOOST,0.2,0.5,0.25,0.4,0.0,66.5,1000000,UNSUPPORTED_WITHOUT_REPLAY,0.05,-0.001020202350228583,0.00205761316872428,False
V3_CANDIDATE_DEVELOPMENT_ONLY_SURFACE,XGBOOST,0.2,0.5,0.25,0.4,0.0,66.5,1000000,UNSUPPORTED_WITHOUT_REPLAY,0.1,-0.0025634122267717933,0.0,False
V3_CANDIDATE_DEVELOPMENT_ONLY_SURFACE,XGBOOST,0.2,0.5,0.25,0.4,0.0,66.5,1000000,UNSUPPORTED_WITHOUT_REPLAY,0.25,-0.007193041856401423,0.0,False
V3_CANDIDATE_DEVELOPMENT_ONLY_SURFACE,XGBOOST,0.2,0.5,0.25,0.4,0.0,77.5,1000000,UNSUPPORTED_WITHOUT_REPLAY,0.0,0.0008880960492435766,0.059670781893004114,False
V3_CANDIDATE_DEVELOPMENT_ONLY_SURFACE,XGBOOST,0.2,0.5,0.25,0.4,0.0,77.5,1000000,UNSUPPORTED_WITHOUT_REPLAY,0.05,-0.002095443045406629,0.00205761316872428,False
V3_CANDIDATE_DEVELOPMENT_ONLY_SURFACE,XGBOOST,0.2,0.5,0.25,0.4,0.0,77.5,1000000,UNSUPPORTED_WITHOUT_REPLAY,0.1,-0.005078982140056835,0.0,False
V3_CANDIDATE_DEVELOPMENT_ONLY_SURFACE,XGBOOST,0.2,0.5,0.25,0.4,0.0,77.5,1000000,UNSUPPORTED_WITHOUT_REPLAY,0.25,-0.014029599424007451,0.0,False
V3_CANDIDATE_DEVELOPMENT_ONLY_SURFACE,XGBOOST,0.2,0.5,0.25,0.4,0.05,59.5,1000000,UNSUPPORTED_WITHOUT_REPLAY,0.0,0.0,0.0,False
V3_CANDIDATE_DEVELOPMENT_ONLY_SURFACE,XGBOOST,0.2,0.5,0.25,0.4,0.05,59.5,1000000,UNSUPPORTED_WITHOUT_REPLAY,0.05,0.0,0.0,False
V3_CANDIDATE_DEVELOPMENT_ONLY_SURFACE,XGBOOST,0.2,0.5,0.25,0.4,0.05,59.5,1000000,UNSUPPORTED_WITHOUT_REPLAY,0.1,0.0,0.0,False
V3_CANDIDATE_DEVELOPMENT_ONLY_SURFACE,XGBOOST,0.2,0.5,0.25,0.4,0.05,59.5,1000000,UNSUPPORTED_WITHOUT_REPLAY,0.25,0.0,0.0,False
V3_CANDIDATE_DEVELOPMENT_ONLY_SURFACE,XGBOOST,0.2,0.5,0.25,0.4,0.05,66.5,1000000,UNSUPPORTED_WITHOUT_REPLAY,0.0,0.00010699078274205398,0.00205761316872428,False
V3_CANDIDATE_DEVELOPMENT_ONLY_SURFACE,XGBOOST,0.2,0.5,0.25,0.4,0.05,66.5,1000000,UNSUPPORTED_WITHOUT_REPLAY,0.05,4.110124305839983e-06,0.00205761316872428,False
V3_CANDIDATE_DEVELOPMENT_ONLY_SURFACE,XGBOOST,0.2,0.5,0.25,0.4,0.05,66.5,1000000,UNSUPPORTED_WITHOUT_REPLAY,0.1,-9.877053413037401e-05,0.0,False
V3_CANDIDATE_DEVELOPMENT_ONLY_SURFACE,XGBOOST,0.2,0.5,0.25,0.4,0.05,66.5,1000000,UNSUPPORTED_WITHOUT_REPLAY,0.25,-0.000407412509439016,0.0,False
V3_CANDIDATE_DEVELOPMENT_ONLY_SURFACE,XGBOOST,0.2,0.5,0.25,0.4,0.05,77.5,1000000,UNSUPPORTED_WITHOUT_REPLAY,0.0,0.00010699078274205398,0.00205761316872428,False
V3_CANDIDATE_DEVELOPMENT_ONLY_SURFACE,XGBOOST,0.2,0.5,0.25,0.4,0.05,77.5,1000000,UNSUPPORTED_WITHOUT_REPLAY,0.05,4.110124305839983e-06,0.00205761316872428,False
V3_CANDIDATE_DEVELOPMENT_ONLY_SURFACE,XGBOOST,0.2,0.5,0.25,0.4,0.05,77.5,1000000,UNSUPPORTED_WITHOUT_REPLAY,0.1,-9.877053413037401e-05,0.0,False
V3_CANDIDATE_DEVELOPMENT_ONLY_SURFACE,XGBOOST,0.2,0.5,0.25,0.4,0.05,77.5,1000000,UNSUPPORTED_WITHOUT_REPLAY,0.25,-0.000407412509439016,0.0,False
V3_CANDIDATE_DEVELOPMENT_ONLY_SURFACE,XGBOOST,0.2,0.5,0.25,0.4,0.1,59.5,1000000,UNSUPPORTED_WITHOUT_REPLAY,0.0,0.0,0.0,False
V3_CANDIDATE_DEVELOPMENT_ONLY_SURFACE,XGBOOST,0.2,0.5,0.25,0.4,0.1,59.5,1000000,UNSUPPORTED_WITHOUT_REPLAY,0.05,0.0,0.0,False
V3_CANDIDATE_DEVELOPMENT_ONLY_SURFACE,XGBOOST,0.2,0.5,0.25,0.4,0.1,59.5,1000000,UNSUPPORTED_WITHOUT_REPLAY,0.1,0.0,0.0,False
V3_CANDIDATE_DEVELOPMENT_ONLY_SURFACE,XGBOOST,0.2,0.5,0.25,0.4,0.1,59.5,1000000,UNSUPPORTED_WITHOUT_REPLAY,0.25,0.0,0.0,False
V3_CANDIDATE_DEVELOPMENT_ONLY_SURFACE,XGBOOST,0.2,0.5,0.25,0.4,0.1,66.5,1000000,UNSUPPORTED_WITHOUT_REPLAY,0.0,0.0,0.0,False
V3_CANDIDATE_DEVELOPMENT_ONLY_SURFACE,XGBOOST,0.2,0.5,0.25,0.4,0.1,66.5,1000000,UNSUPPORTED_WITHOUT_REPLAY,0.05,0.0,0.0,False
V3_CANDIDATE_DEVELOPMENT_ONLY_SURFACE,XGBOOST,0.2,0.5,0.25,0.4,0.1,66.5,1000000,UNSUPPORTED_WITHOUT_REPLAY,0.1,0.0,0.0,False
V3_CANDIDATE_DEVELOPMENT_ONLY_SURFACE,XGBOOST,0.2,0.5,0.25,0.4,0.1,66.5,1000000,UNSUPPORTED_WITHOUT_REPLAY,0.25,0.0,0.0,False
V3_CANDIDATE_DEVELOPMENT_ONLY_SURFACE,XGBOOST,0.2,0.5,0.25,0.4,0.1,77.5,1000000,UNSUPPORTED_WITHOUT_REPLAY,0.0,0.0,0.0,False
V3_CANDIDATE_DEVELOPMENT_ONLY_SURFACE,XGBOOST,0.2,0.5,0.25,0.4,0.1,77.5,1000000,UNSUPPORTED_WITHOUT_REPLAY,0.05,0.0,0.0,False
V3_CANDIDATE_DEVELOPMENT_ONLY_SURFACE,XGBOOST,0.2,0.5,0.25,0.4,0.1,77.5,1000000,UNSUPPORTED_WITHOUT_REPLAY,0.1,0.0,0.0,False
V3_CANDIDATE_DEVELOPMENT_ONLY_SURFACE,XGBOOST,0.2,0.5,0.25,0.4,0.1,77.5,1000000,UNSUPPORTED_WITHOUT_REPLAY,0.25,0.0,0.0,False
V3_CANDIDATE_DEVELOPMENT_ONLY_SURFACE,XGBOOST,0.2,0.5,0.25,0.6,0.0,59.5,1000000,UNSUPPORTED_WITHOUT_REPLAY,0.0,9.604756992855666e-05,0.0102880658436214,False
V3_CANDIDATE_DEVELOPMENT_ONLY_SURFACE,XGBOOST,0.2,0.5,0.25,0.6,0.0,59.5,1000000,UNSUPPORTED_WITHOUT_REPLAY,0.05,-0.00041835572225251336,0.0,False
V3_CANDIDATE_DEVELOPMENT_ONLY_SURFACE,XGBOOST,0.2,0.5,0.25,0.6,0.0,59.5,1000000,UNSUPPORTED_WITHOUT_REPLAY,0.1,-0.0009327590144335833,0.0,False
V3_CANDIDATE_DEVELOPMENT_ONLY_SURFACE,XGBOOST,0.2,0.5,0.25,0.6,0.0,59.5,1000000,UNSUPPORTED_WITHOUT_REPLAY,0.25,-0.002475968890976793,0.0,False
V3_CANDIDATE_DEVELOPMENT_ONLY_SURFACE,XGBOOST,0.2,0.5,0.25,0.6,0.0,66.5,1000000,UNSUPPORTED_WITHOUT_REPLAY,0.0,0.0003758895199284753,0.02263374485596708,False
V3_CANDIDATE_DEVELOPMENT_ONLY_SURFACE,XGBOOST,0.2,0.5,0.25,0.6,0.0,66.5,1000000,UNSUPPORTED_WITHOUT_REPLAY,0.05,-0.0007557977228698785,0.00205761316872428,False
V3_CANDIDATE_DEVELOPMENT_ONLY_SURFACE,XGBOOST,0.2,0.5,0.25,0.6,0.0,66.5,1000000,UNSUPPORTED_WITHOUT_REPLAY,0.1,-0.0018874849656682325,0.0,False
V3_CANDIDATE_DEVELOPMENT_ONLY_SURFACE,XGBOOST,0.2,0.5,0.25,0.6,0.0,66.5,1000000,UNSUPPORTED_WITHOUT_REPLAY,0.25,-0.005282546694063294,0.0,False
V3_CANDIDATE_DEVELOPMENT_ONLY_SURFACE,XGBOOST,0.2,0.5,0.25,0.6,0.0,77.5,1000000,UNSUPPORTED_WITHOUT_REPLAY,0.0,0.000598049010055424,0.037037037037037035,False
V3_CANDIDATE_DEVELOPMENT_ONLY_SURFACE,XGBOOST,0.2,0.5,0.25,0.6,0.0,77.5,1000000,UNSUPPORTED_WITHOUT_REPLAY,0.05,-0.001253802841796428,0.00205761316872428,False
V3_CANDIDATE_DEVELOPMENT_ONLY_SURFACE,XGBOOST,0.2,0.5,0.25,0.6,0.0,77.5,1000000,UNSUPPORTED_WITHOUT_REPLAY,0.1,-0.0031056546936482797,0.0,False
V3_CANDIDATE_DEVELOPMENT_ONLY_SURFACE,XGBOOST,0.2,0.5,0.25,0.6,0.0,77.5,1000000,UNSUPPORTED_WITHOUT_REPLAY,0.25,-0.008661210249203834,0.0,False
V3_CANDIDATE_DEVELOPMENT_ONLY_SURFACE,XGBOOST,0.2,0.5,0.25,0.6,0.05,59.5,1000000,UNSUPPORTED_WITHOUT_REPLAY,0.0,0.0,0.0,False
V3_CANDIDATE_DEVELOPMENT_ONLY_SURFACE,XGBOOST,0.2,0.5,0.25,0.6,0.05,59.5,1000000,UNSUPPORTED_WITHOUT_REPLAY,0.05,0.0,0.0,False
V3_CANDIDATE_DEVELOPMENT_ONLY_SURFACE,XGBOOST,0.2,0.5,0.25,0.6,0.05,59.5,1000000,UNSUPPORTED_WITHOUT_REPLAY,0.1,0.0,0.0,False
V3_CANDIDATE_DEVELOPMENT_ONLY_SURFACE,XGBOOST,0.2,0.5,0.25,0.6,0.05,59.5,1000000,UNSUPPORTED_WITHOUT_REPLAY,0.25,0.0,0.0,False
V3_CANDIDATE_DEVELOPMENT_ONLY_SURFACE,XGBOOST,0.2,0.5,0.25,0.6,0.05,66.5,1000000,UNSUPPORTED_WITHOUT_REPLAY,0.0,0.00010699078274205398,0.00205761316872428,False
V3_CANDIDATE_DEVELOPMENT_ONLY_SURFACE,XGBOOST,0.2,0.5,0.25,0.6,0.05,66.5,1000000,UNSUPPORTED_WITHOUT_REPLAY,0.05,4.110124305839983e-06,0.00205761316872428,False
V3_CANDIDATE_DEVELOPMENT_ONLY_SURFACE,XGBOOST,0.2,0.5,0.25,0.6,0.05,66.5,1000000,UNSUPPORTED_WITHOUT_REPLAY,0.1,-9.877053413037401e-05,0.0,False
V3_CANDIDATE_DEVELOPMENT_ONLY_SURFACE,XGBOOST,0.2,0.5,0.25,0.6,0.05,66.5,1000000,UNSUPPORTED_WITHOUT_REPLAY,0.25,-0.000407412509439016,0.0,False
V3_CANDIDATE_DEVELOPMENT_ONLY_SURFACE,XGBOOST,0.2,0.5,0.25,0.6,0.05,77.5,1000000,UNSUPPORTED_WITHOUT_REPLAY,0.0,0.00010699078274205398,0.00205761316872428,False
V3_CANDIDATE_DEVELOPMENT_ONLY_SURFACE,XGBOOST,0.2,0.5,0.25,0.6,0.05,77.5,1000000,UNSUPPORTED_WITHOUT_REPLAY,0.05,4.110124305839983e-06,0.00205761316872428,False
V3_CANDIDATE_DEVELOPMENT_ONLY_SURFACE,XGBOOST,0.2,0.5,0.25,0.6,0.05,77.5,1000000,UNSUPPORTED_WITHOUT_REPLAY,0.1,-9.877053413037401e-05,0.0,False
V3_CANDIDATE_DEVELOPMENT_ONLY_SURFACE,XGBOOST,0.2,0.5,0.25,0.6,0.05,77.5,1000000,UNSUPPORTED_WITHOUT_REPLAY,0.25,-0.000407412509439016,0.0,False
V3_CANDIDATE_DEVELOPMENT_ONLY_SURFACE,XGBOOST,0.2,0.5,0.25,0.6,0.1,59.5,1000000,UNSUPPORTED_WITHOUT_REPLAY,0.0,0.0,0.0,False
V3_CANDIDATE_DEVELOPMENT_ONLY_SURFACE,XGBOOST,0.2,0.5,0.25,0.6,0.1,59.5,1000000,UNSUPPORTED_WITHOUT_REPLAY,0.05,0.0,0.0,False
V3_CANDIDATE_DEVELOPMENT_ONLY_SURFACE,XGBOOST,0.2,0.5,0.25,0.6,0.1,59.5,1000000,UNSUPPORTED_WITHOUT_REPLAY,0.1,0.0,0.0,False
V3_CANDIDATE_DEVELOPMENT_ONLY_SURFACE,XGBOOST,0.2,0.5,0.25,0.6,0.1,59.5,1000000,UNSUPPORTED_WITHOUT_REPLAY,0.25,0.0,0.0,False
V3_CANDIDATE_DEVELOPMENT_ONLY_SURFACE,XGBOOST,0.2,0.5,0.25,0.6,0.1,66.5,1000000,UNSUPPORTED_WITHOUT_REPLAY,0.0,0.0,0.0,False
V3_CANDIDATE_DEVELOPMENT_ONLY_SURFACE,XGBOOST,0.2,0.5,0.25,0.6,0.1,66.5,1000000,UNSUPPORTED_WITHOUT_REPLAY,0.05,0.0,0.0,False
V3_CANDIDATE_DEVELOPMENT_ONLY_SURFACE,XGBOOST,0.2,0.5,0.25,0.6,0.1,66.5,1000000,UNSUPPORTED_WITHOUT_REPLAY,0.1,0.0,0.0,False
V3_CANDIDATE_DEVELOPMENT_ONLY_SURFACE,XGBOOST,0.2,0.5,0.25,0.6,0.1,66.5,1000000,UNSUPPORTED_WITHOUT_REPLAY,0.25,0.0,0.0,False
V3_CANDIDATE_DEVELOPMENT_ONLY_SURFACE,XGBOOST,0.2,0.5,0.25,0.6,0.1,77.5,1000000,UNSUPPORTED_WITHOUT_REPLAY,0.0,0.0,0.0,False
V3_CANDIDATE_DEVELOPMENT_ONLY_SURFACE,XGBOOST,0.2,0.5,0.25,0.6,0.1,77.5,1000000,UNSUPPORTED_WITHOUT_REPLAY,0.05,0.0,0.0,False
V3_CANDIDATE_DEVELOPMENT_ONLY_SURFACE,XGBOOST,0.2,0.5,0.25,0.6,0.1,77.5,1000000,UNSUPPORTED_WITHOUT_REPLAY,0.1,0.0,0.0,False
V3_CANDIDATE_DEVELOPMENT_ONLY_SURFACE,XGBOOST,0.2,0.5,0.25,0.6,0.1,77.5,1000000,UNSUPPORTED_WITHOUT_REPLAY,0.25,0.0,0.0,False
V3_CANDIDATE_DEVELOPMENT_ONLY_SURFACE,XGBOOST,0.2,0.5,0.25,0.8,0.0,59.5,1000000,UNSUPPORTED_WITHOUT_REPLAY,0.0,0.0,0.0,False
V3_CANDIDATE_DEVELOPMENT_ONLY_SURFACE,XGBOOST,0.2,0.5,0.25,0.8,0.0,59.5,1000000,UNSUPPORTED_WITHOUT_REPLAY,0.05,0.0,0.0,False
V3_CANDIDATE_DEVELOPMENT_ONLY_SURFACE,XGBOOST,0.2,0.5,0.25,0.8,0.0,59.5,1000000,UNSUPPORTED_WITHOUT_REPLAY,0.1,0.0,0.0,False
V3_CANDIDATE_DEVELOPMENT_ONLY_SURFACE,XGBOOST,0.2,0.5,0.25,0.8,0.0,59.5,1000000,UNSUPPORTED_WITHOUT_REPLAY,0.25,0.0,0.0,False
V3_CANDIDATE_DEVELOPMENT_ONLY_SURFACE,XGBOOST,0.2,0.5,0.25,0.8,0.0,66.5,1000000,UNSUPPORTED_WITHOUT_REPLAY,0.0,0.0,0.0,False
V3_CANDIDATE_DEVELOPMENT_ONLY_SURFACE,XGBOOST,0.2,0.5,0.25,0.8,0.0,66.5,1000000,UNSUPPORTED_WITHOUT_REPLAY,0.05,0.0,0.0,False
V3_CANDIDATE_DEVELOPMENT_ONLY_SURFACE,XGBOOST,0.2,0.5,0.25,0.8,0.0,66.5,1000000,UNSUPPORTED_WITHOUT_REPLAY,0.1,0.0,0.0,False
V3_CANDIDATE_DEVELOPMENT_ONLY_SURFACE,XGBOOST,0.2,0.5,0.25,0.8,0.0,66.5,1000000,UNSUPPORTED_WITHOUT_REPLAY,0.25,0.0,0.0,False
V3_CANDIDATE_DEVELOPMENT_ONLY_SURFACE,XGBOOST,0.2,0.5,0.25,0.8,0.0,77.5,1000000,UNSUPPORTED_WITHOUT_REPLAY,0.0,0.0,0.0,False
V3_CANDIDATE_DEVELOPMENT_ONLY_SURFACE,XGBOOST,0.2,0.5,0.25,0.8,0.0,77.5,1000000,UNSUPPORTED_WITHOUT_REPLAY,0.05,0.0,0.0,False
V3_CANDIDATE_DEVELOPMENT_ONLY_SURFACE,XGBOOST,0.2,0.5,0.25,0.8,0.0,77.5,1000000,UNSUPPORTED_WITHOUT_REPLAY,0.1,0.0,0.0,False
V3_CANDIDATE_DEVELOPMENT_ONLY_SURFACE,XGBOOST,0.2,0.5,0.25,0.8,0.0,77.5,1000000,UNSUPPORTED_WITHOUT_REPLAY,0.25,0.0,0.0,False
V3_CANDIDATE_DEVELOPMENT_ONLY_SURFACE,XGBOOST,0.2,0.5,0.25,0.8,0.05,59.5,1000000,UNSUPPORTED_WITHOUT_REPLAY,0.0,0.0,0.0,False
V3_CANDIDATE_DEVELOPMENT_ONLY_SURFACE,XGBOOST,0.2,0.5,0.25,0.8,0.05,59.5,1000000,UNSUPPORTED_WITHOUT_REPLAY,0.05,0.0,0.0,False
V3_CANDIDATE_DEVELOPMENT_ONLY_SURFACE,XGBOOST,0.2,0.5,0.25,0.8,0.05,59.5,1000000,UNSUPPORTED_WITHOUT_REPLAY,0.1,0.0,0.0,False
V3_CANDIDATE_DEVELOPMENT_ONLY_SURFACE,XGBOOST,0.2,0.5,0.25,0.8,0.05,59.5,1000000,UNSUPPORTED_WITHOUT_REPLAY,0.25,0.0,0.0,False
V3_CANDIDATE_DEVELOPMENT_ONLY_SURFACE,XGBOOST,0.2,0.5,0.25,0.8,0.05,66.5,1000000,UNSUPPORTED_WITHOUT_REPLAY,0.0,0.0,0.0,False
V3_CANDIDATE_DEVELOPMENT_ONLY_SURFACE,XGBOOST,0.2,0.5,0.25,0.8,0.05,66.5,1000000,UNSUPPORTED_WITHOUT_REPLAY,0.05,0.0,0.0,False
V3_CANDIDATE_DEVELOPMENT_ONLY_SURFACE,XGBOOST,0.2,0.5,0.25,0.8,0.05,66.5,1000000,UNSUPPORTED_WITHOUT_REPLAY,0.1,0.0,0.0,False
V3_CANDIDATE_DEVELOPMENT_ONLY_SURFACE,XGBOOST,0.2,0.5,0.25,0.8,0.05,66.5,1000000,UNSUPPORTED_WITHOUT_REPLAY,0.25,0.0,0.0,False
V3_CANDIDATE_DEVELOPMENT_ONLY_SURFACE,XGBOOST,0.2,0.5,0.25,0.8,0.05,77.5,1000000,UNSUPPORTED_WITHOUT_REPLAY,0.0,0.0,0.0,False
V3_CANDIDATE_DEVELOPMENT_ONLY_SURFACE,XGBOOST,0.2,0.5,0.25,0.8,0.05,77.5,1000000,UNSUPPORTED_WITHOUT_REPLAY,0.05,0.0,0.0,False
V3_CANDIDATE_DEVELOPMENT_ONLY_SURFACE,XGBOOST,0.2,0.5,0.25,0.8,0.05,77.5,1000000,UNSUPPORTED_WITHOUT_REPLAY,0.1,0.0,0.0,False
V3_CANDIDATE_DEVELOPMENT_ONLY_SURFACE,XGBOOST,0.2,0.5,0.25,0.8,0.05,77.5,1000000,UNSUPPORTED_WITHOUT_REPLAY,0.25,0.0,0.0,False
V3_CANDIDATE_DEVELOPMENT_ONLY_SURFACE,XGBOOST,0.2,0.5,0.25,0.8,0.1,59.5,1000000,UNSUPPORTED_WITHOUT_REPLAY,0.0,0.0,0.0,False
V3_CANDIDATE_DEVELOPMENT_ONLY_SURFACE,XGBOOST,0.2,0.5,0.25,0.8,0.1,59.5,1000000,UNSUPPORTED_WITHOUT_REPLAY,0.05,0.0,0.0,False
V3_CANDIDATE_DEVELOPMENT_ONLY_SURFACE,XGBOOST,0.2,0.5,0.25,0.8,0.1,59.5,1000000,UNSUPPORTED_WITHOUT_REPLAY,0.1,0.0,0.0,False
V3_CANDIDATE_DEVELOPMENT_ONLY_SURFACE,XGBOOST,0.2,0.5,0.25,0.8,0.1,59.5,1000000,UNSUPPORTED_WITHOUT_REPLAY,0.25,0.0,0.0,False
V3_CANDIDATE_DEVELOPMENT_ONLY_SURFACE,XGBOOST,0.2,0.5,0.25,0.8,0.1,66.5,1000000,UNSUPPORTED_WITHOUT_REPLAY,0.0,0.0,0.0,False
V3_CANDIDATE_DEVELOPMENT_ONLY_SURFACE,XGBOOST,0.2,0.5,0.25,0.8,0.1,66.5,1000000,UNSUPPORTED_WITHOUT_REPLAY,0.05,0.0,0.0,False
V3_CANDIDATE_DEVELOPMENT_ONLY_SURFACE,XGBOOST,0.2,0.5,0.25,0.8,0.1,66.5,1000000,UNSUPPORTED_WITHOUT_REPLAY,0.1,0.0,0.0,False
V3_CANDIDATE_DEVELOPMENT_ONLY_SURFACE,XGBOOST,0.2,0.5,0.25,0.8,0.1,66.5,1000000,UNSUPPORTED_WITHOUT_REPLAY,0.25,0.0,0.0,False
V3_CANDIDATE_DEVELOPMENT_ONLY_SURFACE,XGBOOST,0.2,0.5,0.25,0.8,0.1,77.5,1000000,UNSUPPORTED_WITHOUT_REPLAY,0.0,0.0,0.0,False
V3_CANDIDATE_DEVELOPMENT_ONLY_SURFACE,XGBOOST,0.2,0.5,0.25,0.8,0.1,77.5,1000000,UNSUPPORTED_WITHOUT_REPLAY,0.05,0.0,0.0,False
V3_CANDIDATE_DEVELOPMENT_ONLY_SURFACE,XGBOOST,0.2,0.5,0.25,0.8,0.1,77.5,1000000,UNSUPPORTED_WITHOUT_REPLAY,0.1,0.0,0.0,False
V3_CANDIDATE_DEVELOPMENT_ONLY_SURFACE,XGBOOST,0.2,0.5,0.25,0.8,0.1,77.5,1000000,UNSUPPORTED_WITHOUT_REPLAY,0.25,0.0,0.0,False
V3_CANDIDATE_DEVELOPMENT_ONLY_SURFACE,XGBOOST,0.2,0.5,0.5,0.0,0.0,59.5,1000000,UNSUPPORTED_WITHOUT_REPLAY,0.0,0.0,0.0,False
V3_CANDIDATE_DEVELOPMENT_ONLY_SURFACE,XGBOOST,0.2,0.5,0.5,0.0,0.0,59.5,1000000,UNSUPPORTED_WITHOUT_REPLAY,0.05,0.0,0.0,False
V3_CANDIDATE_DEVELOPMENT_ONLY_SURFACE,XGBOOST,0.2,0.5,0.5,0.0,0.0,59.5,1000000,UNSUPPORTED_WITHOUT_REPLAY,0.1,0.0,0.0,False
V3_CANDIDATE_DEVELOPMENT_ONLY_SURFACE,XGBOOST,0.2,0.5,0.5,0.0,0.0,59.5,1000000,UNSUPPORTED_WITHOUT_REPLAY,0.25,0.0,0.0,False
V3_CANDIDATE_DEVELOPMENT_ONLY_SURFACE,XGBOOST,0.2,0.5,0.5,0.0,0.0,66.5,1000000,UNSUPPORTED_WITHOUT_REPLAY,0.0,0.0,0.0,False
V3_CANDIDATE_DEVELOPMENT_ONLY_SURFACE,XGBOOST,0.2,0.5,0.5,0.0,0.0,66.5,1000000,UNSUPPORTED_WITHOUT_REPLAY,0.05,0.0,0.0,False
V3_CANDIDATE_DEVELOPMENT_ONLY_SURFACE,XGBOOST,0.2,0.5,0.5,0.0,0.0,66.5,1000000,UNSUPPORTED_WITHOUT_REPLAY,0.1,0.0,0.0,False
V3_CANDIDATE_DEVELOPMENT_ONLY_SURFACE,XGBOOST,0.2,0.5,0.5,0.0,0.0,66.5,1000000,UNSUPPORTED_WITHOUT_REPLAY,0.25,0.0,0.0,False
V3_CANDIDATE_DEVELOPMENT_ONLY_SURFACE,XGBOOST,0.2,0.5,0.5,0.0,0.0,77.5,1000000,UNSUPPORTED_WITHOUT_REPLAY,0.0,1.818252828237026e-06,0.00205761316872428,False
V3_CANDIDATE_DEVELOPMENT_ONLY_SURFACE,XGBOOST,0.2,0.5,0.5,0.0,0.0,77.5,1000000,UNSUPPORTED_WITHOUT_REPLAY,0.05,-0.00010106240560797698,0.0,False
V3_CANDIDATE_DEVELOPMENT_ONLY_SURFACE,XGBOOST,0.2,0.5,0.5,0.0,0.0,77.5,1000000,UNSUPPORTED_WITHOUT_REPLAY,0.1,-0.00020394306404419098,0.0,False
V3_CANDIDATE_DEVELOPMENT_ONLY_SURFACE,XGBOOST,0.2,0.5,0.5,0.0,0.0,77.5,1000000,UNSUPPORTED_WITHOUT_REPLAY,0.25,-0.0005125850393528329,0.0,False
V3_CANDIDATE_DEVELOPMENT_ONLY_SURFACE,XGBOOST,0.2,0.5,0.5,0.0,0.05,59.5,1000000,UNSUPPORTED_WITHOUT_REPLAY,0.0,0.0,0.0,False
V3_CANDIDATE_DEVELOPMENT_ONLY_SURFACE,XGBOOST,0.2,0.5,0.5,0.0,0.05,59.5,1000000,UNSUPPORTED_WITHOUT_REPLAY,0.05,0.0,0.0,False
V3_CANDIDATE_DEVELOPMENT_ONLY_SURFACE,XGBOOST,0.2,0.5,0.5,0.0,0.05,59.5,1000000,UNSUPPORTED_WITHOUT_REPLAY,0.1,0.0,0.0,False
V3_CANDIDATE_DEVELOPMENT_ONLY_SURFACE,XGBOOST,0.2,0.5,0.5,0.0,0.05,59.5,1000000,UNSUPPORTED_WITHOUT_REPLAY,0.25,0.0,0.0,False
V3_CANDIDATE_DEVELOPMENT_ONLY_SURFACE,XGBOOST,0.2,0.5,0.5,0.0,0.05,66.5,1000000,UNSUPPORTED_WITHOUT_REPLAY,0.0,0.0,0.0,False
V3_CANDIDATE_DEVELOPMENT_ONLY_SURFACE,XGBOOST,0.2,0.5,0.5,0.0,0.05,66.5,1000000,UNSUPPORTED_WITHOUT_REPLAY,0.05,0.0,0.0,False
V3_CANDIDATE_DEVELOPMENT_ONLY_SURFACE,XGBOOST,0.2,0.5,0.5,0.0,0.05,66.5,1000000,UNSUPPORTED_WITHOUT_REPLAY,0.1,0.0,0.0,False
V3_CANDIDATE_DEVELOPMENT_ONLY_SURFACE,XGBOOST,0.2,0.5,0.5,0.0,0.05,66.5,1000000,UNSUPPORTED_WITHOUT_REPLAY,0.25,0.0,0.0,False
V3_CANDIDATE_DEVELOPMENT_ONLY_SURFACE,XGBOOST,0.2,0.5,0.5,0.0,0.05,77.5,1000000,UNSUPPORTED_WITHOUT_REPLAY,0.0,0.0,0.0,False
V3_CANDIDATE_DEVELOPMENT_ONLY_SURFACE,XGBOOST,0.2,0.5,0.5,0.0,0.05,77.5,1000000,UNSUPPORTED_WITHOUT_REPLAY,0.05,0.0,0.0,False
V3_CANDIDATE_DEVELOPMENT_ONLY_SURFACE,XGBOOST,0.2,0.5,0.5,0.0,0.05,77.5,1000000,UNSUPPORTED_WITHOUT_REPLAY,0.1,0.0,0.0,False
V3_CANDIDATE_DEVELOPMENT_ONLY_SURFACE,XGBOOST,0.2,0.5,0.5,0.0,0.05,77.5,1000000,UNSUPPORTED_WITHOUT_REPLAY,0.25,0.0,0.0,False
V3_CANDIDATE_DEVELOPMENT_ONLY_SURFACE,XGBOOST,0.2,0.5,0.5,0.0,0.1,59.5,1000000,UNSUPPORTED_WITHOUT_REPLAY,0.0,0.0,0.0,False
V3_CANDIDATE_DEVELOPMENT_ONLY_SURFACE,XGBOOST,0.2,0.5,0.5,0.0,0.1,59.5,1000000,UNSUPPORTED_WITHOUT_REPLAY,0.05,0.0,0.0,False
V3_CANDIDATE_DEVELOPMENT_ONLY_SURFACE,XGBOOST,0.2,0.5,0.5,0.0,0.1,59.5,1000000,UNSUPPORTED_WITHOUT_REPLAY,0.1,0.0,0.0,False
V3_CANDIDATE_DEVELOPMENT_ONLY_SURFACE,XGBOOST,0.2,0.5,0.5,0.0,0.1,59.5,1000000,UNSUPPORTED_WITHOUT_REPLAY,0.25,0.0,0.0,False
V3_CANDIDATE_DEVELOPMENT_ONLY_SURFACE,XGBOOST,0.2,0.5,0.5,0.0,0.1,66.5,1000000,UNSUPPORTED_WITHOUT_REPLAY,0.0,0.0,0.0,False
V3_CANDIDATE_DEVELOPMENT_ONLY_SURFACE,XGBOOST,0.2,0.5,0.5,0.0,0.1,66.5,1000000,UNSUPPORTED_WITHOUT_REPLAY,0.05,0.0,0.0,False
V3_CANDIDATE_DEVELOPMENT_ONLY_SURFACE,XGBOOST,0.2,0.5,0.5,0.0,0.1,66.5,1000000,UNSUPPORTED_WITHOUT_REPLAY,0.1,0.0,0.0,False
V3_CANDIDATE_DEVELOPMENT_ONLY_SURFACE,XGBOOST,0.2,0.5,0.5,0.0,0.1,66.5,1000000,UNSUPPORTED_WITHOUT_REPLAY,0.25,0.0,0.0,False
V3_CANDIDATE_DEVELOPMENT_ONLY_SURFACE,XGBOOST,0.2,0.5,0.5,0.0,0.1,77.5,1000000,UNSUPPORTED_WITHOUT_REPLAY,0.0,0.0,0.0,False
V3_CANDIDATE_DEVELOPMENT_ONLY_SURFACE,XGBOOST,0.2,0.5,0.5,0.0,0.1,77.5,1000000,UNSUPPORTED_WITHOUT_REPLAY,0.05,0.0,0.0,False
V3_CANDIDATE_DEVELOPMENT_ONLY_SURFACE,XGBOOST,0.2,0.5,0.5,0.0,0.1,77.5,1000000,UNSUPPORTED_WITHOUT_REPLAY,0.1,0.0,0.0,False
V3_CANDIDATE_DEVELOPMENT_ONLY_SURFACE,XGBOOST,0.2,0.5,0.5,0.0,0.1,77.5,1000000,UNSUPPORTED_WITHOUT_REPLAY,0.25,0.0,0.0,False
V3_CANDIDATE_DEVELOPMENT_ONLY_SURFACE,XGBOOST,0.2,0.5,0.5,0.4,0.0,59.5,1000000,UNSUPPORTED_WITHOUT_REPLAY,0.0,0.0,0.0,False
V3_CANDIDATE_DEVELOPMENT_ONLY_SURFACE,XGBOOST,0.2,0.5,0.5,0.4,0.0,59.5,1000000,UNSUPPORTED_WITHOUT_REPLAY,0.05,0.0,0.0,False
V3_CANDIDATE_DEVELOPMENT_ONLY_SURFACE,XGBOOST,0.2,0.5,0.5,0.4,0.0,59.5,1000000,UNSUPPORTED_WITHOUT_REPLAY,0.1,0.0,0.0,False
V3_CANDIDATE_DEVELOPMENT_ONLY_SURFACE,XGBOOST,0.2,0.5,0.5,0.4,0.0,59.5,1000000,UNSUPPORTED_WITHOUT_REPLAY,0.25,0.0,0.0,False
V3_CANDIDATE_DEVELOPMENT_ONLY_SURFACE,XGBOOST,0.2,0.5,0.5,0.4,0.0,66.5,1000000,UNSUPPORTED_WITHOUT_REPLAY,0.0,0.0,0.0,False
V3_CANDIDATE_DEVELOPMENT_ONLY_SURFACE,XGBOOST,0.2,0.5,0.5,0.4,0.0,66.5,1000000,UNSUPPORTED_WITHOUT_REPLAY,0.05,0.0,0.0,False
V3_CANDIDATE_DEVELOPMENT_ONLY_SURFACE,XGBOOST,0.2,0.5,0.5,0.4,0.0,66.5,1000000,UNSUPPORTED_WITHOUT_REPLAY,0.1,0.0,0.0,False
V3_CANDIDATE_DEVELOPMENT_ONLY_SURFACE,XGBOOST,0.2,0.5,0.5,0.4,0.0,66.5,1000000,UNSUPPORTED_WITHOUT_REPLAY,0.25,0.0,0.0,False
V3_CANDIDATE_DEVELOPMENT_ONLY_SURFACE,XGBOOST,0.2,0.5,0.5,0.4,0.0,77.5,1000000,UNSUPPORTED_WITHOUT_REPLAY,0.0,1.818252828237026e-06,0.00205761316872428,False
V3_CANDIDATE_DEVELOPMENT_ONLY_SURFACE,XGBOOST,0.2,0.5,0.5,0.4,0.0,77.5,1000000,UNSUPPORTED_WITHOUT_REPLAY,0.05,-0.00010106240560797698,0.0,False
V3_CANDIDATE_DEVELOPMENT_ONLY_SURFACE,XGBOOST,0.2,0.5,0.5,0.4,0.0,77.5,1000000,UNSUPPORTED_WITHOUT_REPLAY,0.1,-0.00020394306404419098,0.0,False
V3_CANDIDATE_DEVELOPMENT_ONLY_SURFACE,XGBOOST,0.2,0.5,0.5,0.4,0.0,77.5,1000000,UNSUPPORTED_WITHOUT_REPLAY,0.25,-0.0005125850393528329,0.0,False
V3_CANDIDATE_DEVELOPMENT_ONLY_SURFACE,XGBOOST,0.2,0.5,0.5,0.4,0.05,59.5,1000000,UNSUPPORTED_WITHOUT_REPLAY,0.0,0.0,0.0,False
V3_CANDIDATE_DEVELOPMENT_ONLY_SURFACE,XGBOOST,0.2,0.5,0.5,0.4,0.05,59.5,1000000,UNSUPPORTED_WITHOUT_REPLAY,0.05,0.0,0.0,False
V3_CANDIDATE_DEVELOPMENT_ONLY_SURFACE,XGBOOST,0.2,0.5,0.5,0.4,0.05,59.5,1000000,UNSUPPORTED_WITHOUT_REPLAY,0.1,0.0,0.0,False
V3_CANDIDATE_DEVELOPMENT_ONLY_SURFACE,XGBOOST,0.2,0.5,0.5,0.4,0.05,59.5,1000000,UNSUPPORTED_WITHOUT_REPLAY,0.25,0.0,0.0,False
V3_CANDIDATE_DEVELOPMENT_ONLY_SURFACE,XGBOOST,0.2,0.5,0.5,0.4,0.05,66.5,1000000,UNSUPPORTED_WITHOUT_REPLAY,0.0,0.0,0.0,False
V3_CANDIDATE_DEVELOPMENT_ONLY_SURFACE,XGBOOST,0.2,0.5,0.5,0.4,0.05,66.5,1000000,UNSUPPORTED_WITHOUT_REPLAY,0.05,0.0,0.0,False
V3_CANDIDATE_DEVELOPMENT_ONLY_SURFACE,XGBOOST,0.2,0.5,0.5,0.4,0.05,66.5,1000000,UNSUPPORTED_WITHOUT_REPLAY,0.1,0.0,0.0,False
V3_CANDIDATE_DEVELOPMENT_ONLY_SURFACE,XGBOOST,0.2,0.5,0.5,0.4,0.05,66.5,1000000,UNSUPPORTED_WITHOUT_REPLAY,0.25,0.0,0.0,False
V3_CANDIDATE_DEVELOPMENT_ONLY_SURFACE,XGBOOST,0.2,0.5,0.5,0.4,0.05,77.5,1000000,UNSUPPORTED_WITHOUT_REPLAY,0.0,0.0,0.0,False
V3_CANDIDATE_DEVELOPMENT_ONLY_SURFACE,XGBOOST,0.2,0.5,0.5,0.4,0.05,77.5,1000000,UNSUPPORTED_WITHOUT_REPLAY,0.05,0.0,0.0,False
V3_CANDIDATE_DEVELOPMENT_ONLY_SURFACE,XGBOOST,0.2,0.5,0.5,0.4,0.05,77.5,1000000,UNSUPPORTED_WITHOUT_REPLAY,0.1,0.0,0.0,False
V3_CANDIDATE_DEVELOPMENT_ONLY_SURFACE,XGBOOST,0.2,0.5,0.5,0.4,0.05,77.5,1000000,UNSUPPORTED_WITHOUT_REPLAY,0.25,0.0,0.0,False
V3_CANDIDATE_DEVELOPMENT_ONLY_SURFACE,XGBOOST,0.2,0.5,0.5,0.4,0.1,59.5,1000000,UNSUPPORTED_WITHOUT_REPLAY,0.0,0.0,0.0,False
V3_CANDIDATE_DEVELOPMENT_ONLY_SURFACE,XGBOOST,0.2,0.5,0.5,0.4,0.1,59.5,1000000,UNSUPPORTED_WITHOUT_REPLAY,0.05,0.0,0.0,False
V3_CANDIDATE_DEVELOPMENT_ONLY_SURFACE,XGBOOST,0.2,0.5,0.5,0.4,0.1,59.5,1000000,UNSUPPORTED_WITHOUT_REPLAY,0.1,0.0,0.0,False
V3_CANDIDATE_DEVELOPMENT_ONLY_SURFACE,XGBOOST,0.2,0.5,0.5,0.4,0.1,59.5,1000000,UNSUPPORTED_WITHOUT_REPLAY,0.25,0.0,0.0,False
V3_CANDIDATE_DEVELOPMENT_ONLY_SURFACE,XGBOOST,0.2,0.5,0.5,0.4,0.1,66.5,1000000,UNSUPPORTED_WITHOUT_REPLAY,0.0,0.0,0.0,False
V3_CANDIDATE_DEVELOPMENT_ONLY_SURFACE,XGBOOST,0.2,0.5,0.5,0.4,0.1,66.5,1000000,UNSUPPORTED_WITHOUT_REPLAY,0.05,0.0,0.0,False
V3_CANDIDATE_DEVELOPMENT_ONLY_SURFACE,XGBOOST,0.2,0.5,0.5,0.4,0.1,66.5,1000000,UNSUPPORTED_WITHOUT_REPLAY,0.1,0.0,0.0,False
V3_CANDIDATE_DEVELOPMENT_ONLY_SURFACE,XGBOOST,0.2,0.5,0.5,0.4,0.1,66.5,1000000,UNSUPPORTED_WITHOUT_REPLAY,0.25,0.0,0.0,False
V3_CANDIDATE_DEVELOPMENT_ONLY_SURFACE,XGBOOST,0.2,0.5,0.5,0.4,0.1,77.5,1000000,UNSUPPORTED_WITHOUT_REPLAY,0.0,0.0,0.0,False
V3_CANDIDATE_DEVELOPMENT_ONLY_SURFACE,XGBOOST,0.2,0.5,0.5,0.4,0.1,77.5,1000000,UNSUPPORTED_WITHOUT_REPLAY,0.05,0.0,0.0,False
V3_CANDIDATE_DEVELOPMENT_ONLY_SURFACE,XGBOOST,0.2,0.5,0.5,0.4,0.1,77.5,1000000,UNSUPPORTED_WITHOUT_REPLAY,0.1,0.0,0.0,False
V3_CANDIDATE_DEVELOPMENT_ONLY_SURFACE,XGBOOST,0.2,0.5,0.5,0.4,0.1,77.5,1000000,UNSUPPORTED_WITHOUT_REPLAY,0.25,0.0,0.0,False
V3_CANDIDATE_DEVELOPMENT_ONLY_SURFACE,XGBOOST,0.2,0.5,0.5,0.6,0.0,59.5,1000000,UNSUPPORTED_WITHOUT_REPLAY,0.0,0.0,0.0,False
V3_CANDIDATE_DEVELOPMENT_ONLY_SURFACE,XGBOOST,0.2,0.5,0.5,0.6,0.0,59.5,1000000,UNSUPPORTED_WITHOUT_REPLAY,0.05,0.0,0.0,False
V3_CANDIDATE_DEVELOPMENT_ONLY_SURFACE,XGBOOST,0.2,0.5,0.5,0.6,0.0,59.5,1000000,UNSUPPORTED_WITHOUT_REPLAY,0.1,0.0,0.0,False
V3_CANDIDATE_DEVELOPMENT_ONLY_SURFACE,XGBOOST,0.2,0.5,0.5,0.6,0.0,59.5,1000000,UNSUPPORTED_WITHOUT_REPLAY,0.25,0.0,0.0,False
V3_CANDIDATE_DEVELOPMENT_ONLY_SURFACE,XGBOOST,0.2,0.5,0.5,0.6,0.0,66.5,1000000,UNSUPPORTED_WITHOUT_REPLAY,0.0,0.0,0.0,False
V3_CANDIDATE_DEVELOPMENT_ONLY_SURFACE,XGBOOST,0.2,0.5,0.5,0.6,0.0,66.5,1000000,UNSUPPORTED_WITHOUT_REPLAY,0.05,0.0,0.0,False
V3_CANDIDATE_DEVELOPMENT_ONLY_SURFACE,XGBOOST,0.2,0.5,0.5,0.6,0.0,66.5,1000000,UNSUPPORTED_WITHOUT_REPLAY,0.1,0.0,0.0,False
V3_CANDIDATE_DEVELOPMENT_ONLY_SURFACE,XGBOOST,0.2,0.5,0.5,0.6,0.0,66.5,1000000,UNSUPPORTED_WITHOUT_REPLAY,0.25,0.0,0.0,False
V3_CANDIDATE_DEVELOPMENT_ONLY_SURFACE,XGBOOST,0.2,0.5,0.5,0.6,0.0,77.5,1000000,UNSUPPORTED_WITHOUT_REPLAY,0.0,0.0,0.0,False
V3_CANDIDATE_DEVELOPMENT_ONLY_SURFACE,XGBOOST,0.2,0.5,0.5,0.6,0.0,77.5,1000000,UNSUPPORTED_WITHOUT_REPLAY,0.05,0.0,0.0,False
V3_CANDIDATE_DEVELOPMENT_ONLY_SURFACE,XGBOOST,0.2,0.5,0.5,0.6,0.0,77.5,1000000,UNSUPPORTED_WITHOUT_REPLAY,0.1,0.0,0.0,False
V3_CANDIDATE_DEVELOPMENT_ONLY_SURFACE,XGBOOST,0.2,0.5,0.5,0.6,0.0,77.5,1000000,UNSUPPORTED_WITHOUT_REPLAY,0.25,0.0,0.0,False
V3_CANDIDATE_DEVELOPMENT_ONLY_SURFACE,XGBOOST,0.2,0.5,0.5,0.6,0.05,59.5,1000000,UNSUPPORTED_WITHOUT_REPLAY,0.0,0.0,0.0,False
V3_CANDIDATE_DEVELOPMENT_ONLY_SURFACE,XGBOOST,0.2,0.5,0.5,0.6,0.05,59.5,1000000,UNSUPPORTED_WITHOUT_REPLAY,0.05,0.0,0.0,False
V3_CANDIDATE_DEVELOPMENT_ONLY_SURFACE,XGBOOST,0.2,0.5,0.5,0.6,0.05,59.5,1000000,UNSUPPORTED_WITHOUT_REPLAY,0.1,0.0,0.0,False
V3_CANDIDATE_DEVELOPMENT_ONLY_SURFACE,XGBOOST,0.2,0.5,0.5,0.6,0.05,59.5,1000000,UNSUPPORTED_WITHOUT_REPLAY,0.25,0.0,0.0,False
V3_CANDIDATE_DEVELOPMENT_ONLY_SURFACE,XGBOOST,0.2,0.5,0.5,0.6,0.05,66.5,1000000,UNSUPPORTED_WITHOUT_REPLAY,0.0,0.0,0.0,False
V3_CANDIDATE_DEVELOPMENT_ONLY_SURFACE,XGBOOST,0.2,0.5,0.5,0.6,0.05,66.5,1000000,UNSUPPORTED_WITHOUT_REPLAY,0.05,0.0,0.0,False
V3_CANDIDATE_DEVELOPMENT_ONLY_SURFACE,XGBOOST,0.2,0.5,0.5,0.6,0.05,66.5,1000000,UNSUPPORTED_WITHOUT_REPLAY,0.1,0.0,0.0,False
V3_CANDIDATE_DEVELOPMENT_ONLY_SURFACE,XGBOOST,0.2,0.5,0.5,0.6,0.05,66.5,1000000,UNSUPPORTED_WITHOUT_REPLAY,0.25,0.0,0.0,False
V3_CANDIDATE_DEVELOPMENT_ONLY_SURFACE,XGBOOST,0.2,0.5,0.5,0.6,0.05,77.5,1000000,UNSUPPORTED_WITHOUT_REPLAY,0.0,0.0,0.0,False
V3_CANDIDATE_DEVELOPMENT_ONLY_SURFACE,XGBOOST,0.2,0.5,0.5,0.6,0.05,77.5,1000000,UNSUPPORTED_WITHOUT_REPLAY,0.05,0.0,0.0,False
V3_CANDIDATE_DEVELOPMENT_ONLY_SURFACE,XGBOOST,0.2,0.5,0.5,0.6,0.05,77.5,1000000,UNSUPPORTED_WITHOUT_REPLAY,0.1,0.0,0.0,False
V3_CANDIDATE_DEVELOPMENT_ONLY_SURFACE,XGBOOST,0.2,0.5,0.5,0.6,0.05,77.5,1000000,UNSUPPORTED_WITHOUT_REPLAY,0.25,0.0,0.0,False
V3_CANDIDATE_DEVELOPMENT_ONLY_SURFACE,XGBOOST,0.2,0.5,0.5,0.6,0.1,59.5,1000000,UNSUPPORTED_WITHOUT_REPLAY,0.0,0.0,0.0,False
V3_CANDIDATE_DEVELOPMENT_ONLY_SURFACE,XGBOOST,0.2,0.5,0.5,0.6,0.1,59.5,1000000,UNSUPPORTED_WITHOUT_REPLAY,0.05,0.0,0.0,False
V3_CANDIDATE_DEVELOPMENT_ONLY_SURFACE,XGBOOST,0.2,0.5,0.5,0.6,0.1,59.5,1000000,UNSUPPORTED_WITHOUT_REPLAY,0.1,0.0,0.0,False
V3_CANDIDATE_DEVELOPMENT_ONLY_SURFACE,XGBOOST,0.2,0.5,0.5,0.6,0.1,59.5,1000000,UNSUPPORTED_WITHOUT_REPLAY,0.25,0.0,0.0,False
V3_CANDIDATE_DEVELOPMENT_ONLY_SURFACE,XGBOOST,0.2,0.5,0.5,0.6,0.1,66.5,1000000,UNSUPPORTED_WITHOUT_REPLAY,0.0,0.0,0.0,False
V3_CANDIDATE_DEVELOPMENT_ONLY_SURFACE,XGBOOST,0.2,0.5,0.5,0.6,0.1,66.5,1000000,UNSUPPORTED_WITHOUT_REPLAY,0.05,0.0,0.0,False
V3_CANDIDATE_DEVELOPMENT_ONLY_SURFACE,XGBOOST,0.2,0.5,0.5,0.6,0.1,66.5,1000000,UNSUPPORTED_WITHOUT_REPLAY,0.1,0.0,0.0,False
V3_CANDIDATE_DEVELOPMENT_ONLY_SURFACE,XGBOOST,0.2,0.5,0.5,0.6,0.1,66.5,1000000,UNSUPPORTED_WITHOUT_REPLAY,0.25,0.0,0.0,False
V3_CANDIDATE_DEVELOPMENT_ONLY_SURFACE,XGBOOST,0.2,0.5,0.5,0.6,0.1,77.5,1000000,UNSUPPORTED_WITHOUT_REPLAY,0.0,0.0,0.0,False
V3_CANDIDATE_DEVELOPMENT_ONLY_SURFACE,XGBOOST,0.2,0.5,0.5,0.6,0.1,77.5,1000000,UNSUPPORTED_WITHOUT_REPLAY,0.05,0.0,0.0,False
V3_CANDIDATE_DEVELOPMENT_ONLY_SURFACE,XGBOOST,0.2,0.5,0.5,0.6,0.1,77.5,1000000,UNSUPPORTED_WITHOUT_REPLAY,0.1,0.0,0.0,False
V3_CANDIDATE_DEVELOPMENT_ONLY_SURFACE,XGBOOST,0.2,0.5,0.5,0.6,0.1,77.5,1000000,UNSUPPORTED_WITHOUT_REPLAY,0.25,0.0,0.0,False
V3_CANDIDATE_DEVELOPMENT_ONLY_SURFACE,XGBOOST,0.2,0.5,0.5,0.8,0.0,59.5,1000000,UNSUPPORTED_WITHOUT_REPLAY,0.0,0.0,0.0,False
V3_CANDIDATE_DEVELOPMENT_ONLY_SURFACE,XGBOOST,0.2,0.5,0.5,0.8,0.0,59.5,1000000,UNSUPPORTED_WITHOUT_REPLAY,0.05,0.0,0.0,False
V3_CANDIDATE_DEVELOPMENT_ONLY_SURFACE,XGBOOST,0.2,0.5,0.5,0.8,0.0,59.5,1000000,UNSUPPORTED_WITHOUT_REPLAY,0.1,0.0,0.0,False
V3_CANDIDATE_DEVELOPMENT_ONLY_SURFACE,XGBOOST,0.2,0.5,0.5,0.8,0.0,59.5,1000000,UNSUPPORTED_WITHOUT_REPLAY,0.25,0.0,0.0,False
V3_CANDIDATE_DEVELOPMENT_ONLY_SURFACE,XGBOOST,0.2,0.5,0.5,0.8,0.0,66.5,1000000,UNSUPPORTED_WITHOUT_REPLAY,0.0,0.0,0.0,False
V3_CANDIDATE_DEVELOPMENT_ONLY_SURFACE,XGBOOST,0.2,0.5,0.5,0.8,0.0,66.5,1000000,UNSUPPORTED_WITHOUT_REPLAY,0.05,0.0,0.0,False
V3_CANDIDATE_DEVELOPMENT_ONLY_SURFACE,XGBOOST,0.2,0.5,0.5,0.8,0.0,66.5,1000000,UNSUPPORTED_WITHOUT_REPLAY,0.1,0.0,0.0,False
V3_CANDIDATE_DEVELOPMENT_ONLY_SURFACE,XGBOOST,0.2,0.5,0.5,0.8,0.0,66.5,1000000,UNSUPPORTED_WITHOUT_REPLAY,0.25,0.0,0.0,False
V3_CANDIDATE_DEVELOPMENT_ONLY_SURFACE,XGBOOST,0.2,0.5,0.5,0.8,0.0,77.5,1000000,UNSUPPORTED_WITHOUT_REPLAY,0.0,0.0,0.0,False
V3_CANDIDATE_DEVELOPMENT_ONLY_SURFACE,XGBOOST,0.2,0.5,0.5,0.8,0.0,77.5,1000000,UNSUPPORTED_WITHOUT_REPLAY,0.05,0.0,0.0,False
V3_CANDIDATE_DEVELOPMENT_ONLY_SURFACE,XGBOOST,0.2,0.5,0.5,0.8,0.0,77.5,1000000,UNSUPPORTED_WITHOUT_REPLAY,0.1,0.0,0.0,False
V3_CANDIDATE_DEVELOPMENT_ONLY_SURFACE,XGBOOST,0.2,0.5,0.5,0.8,0.0,77.5,1000000,UNSUPPORTED_WITHOUT_REPLAY,0.25,0.0,0.0,False
V3_CANDIDATE_DEVELOPMENT_ONLY_SURFACE,XGBOOST,0.2,0.5,0.5,0.8,0.05,59.5,1000000,UNSUPPORTED_WITHOUT_REPLAY,0.0,0.0,0.0,False
V3_CANDIDATE_DEVELOPMENT_ONLY_SURFACE,XGBOOST,0.2,0.5,0.5,0.8,0.05,59.5,1000000,UNSUPPORTED_WITHOUT_REPLAY,0.05,0.0,0.0,False
V3_CANDIDATE_DEVELOPMENT_ONLY_SURFACE,XGBOOST,0.2,0.5,0.5,0.8,0.05,59.5,1000000,UNSUPPORTED_WITHOUT_REPLAY,0.1,0.0,0.0,False
V3_CANDIDATE_DEVELOPMENT_ONLY_SURFACE,XGBOOST,0.2,0.5,0.5,0.8,0.05,59.5,1000000,UNSUPPORTED_WITHOUT_REPLAY,0.25,0.0,0.0,False
V3_CANDIDATE_DEVELOPMENT_ONLY_SURFACE,XGBOOST,0.2,0.5,0.5,0.8,0.05,66.5,1000000,UNSUPPORTED_WITHOUT_REPLAY,0.0,0.0,0.0,False
V3_CANDIDATE_DEVELOPMENT_ONLY_SURFACE,XGBOOST,0.2,0.5,0.5,0.8,0.05,66.5,1000000,UNSUPPORTED_WITHOUT_REPLAY,0.05,0.0,0.0,False
V3_CANDIDATE_DEVELOPMENT_ONLY_SURFACE,XGBOOST,0.2,0.5,0.5,0.8,0.05,66.5,1000000,UNSUPPORTED_WITHOUT_REPLAY,0.1,0.0,0.0,False
V3_CANDIDATE_DEVELOPMENT_ONLY_SURFACE,XGBOOST,0.2,0.5,0.5,0.8,0.05,66.5,1000000,UNSUPPORTED_WITHOUT_REPLAY,0.25,0.0,0.0,False
V3_CANDIDATE_DEVELOPMENT_ONLY_SURFACE,XGBOOST,0.2,0.5,0.5,0.8,0.05,77.5,1000000,UNSUPPORTED_WITHOUT_REPLAY,0.0,0.0,0.0,False
V3_CANDIDATE_DEVELOPMENT_ONLY_SURFACE,XGBOOST,0.2,0.5,0.5,0.8,0.05,77.5,1000000,UNSUPPORTED_WITHOUT_REPLAY,0.05,0.0,0.0,False
V3_CANDIDATE_DEVELOPMENT_ONLY_SURFACE,XGBOOST,0.2,0.5,0.5,0.8,0.05,77.5,1000000,UNSUPPORTED_WITHOUT_REPLAY,0.1,0.0,0.0,False
V3_CANDIDATE_DEVELOPMENT_ONLY_SURFACE,XGBOOST,0.2,0.5,0.5,0.8,0.05,77.5,1000000,UNSUPPORTED_WITHOUT_REPLAY,0.25,0.0,0.0,False
V3_CANDIDATE_DEVELOPMENT_ONLY_SURFACE,XGBOOST,0.2,0.5,0.5,0.8,0.1,59.5,1000000,UNSUPPORTED_WITHOUT_REPLAY,0.0,0.0,0.0,False
V3_CANDIDATE_DEVELOPMENT_ONLY_SURFACE,XGBOOST,0.2,0.5,0.5,0.8,0.1,59.5,1000000,UNSUPPORTED_WITHOUT_REPLAY,0.05,0.0,0.0,False
V3_CANDIDATE_DEVELOPMENT_ONLY_SURFACE,XGBOOST,0.2,0.5,0.5,0.8,0.1,59.5,1000000,UNSUPPORTED_WITHOUT_REPLAY,0.1,0.0,0.0,False
V3_CANDIDATE_DEVELOPMENT_ONLY_SURFACE,XGBOOST,0.2,0.5,0.5,0.8,0.1,59.5,1000000,UNSUPPORTED_WITHOUT_REPLAY,0.25,0.0,0.0,False
V3_CANDIDATE_DEVELOPMENT_ONLY_SURFACE,XGBOOST,0.2,0.5,0.5,0.8,0.1,66.5,1000000,UNSUPPORTED_WITHOUT_REPLAY,0.0,0.0,0.0,False
V3_CANDIDATE_DEVELOPMENT_ONLY_SURFACE,XGBOOST,0.2,0.5,0.5,0.8,0.1,66.5,1000000,UNSUPPORTED_WITHOUT_REPLAY,0.05,0.0,0.0,False
V3_CANDIDATE_DEVELOPMENT_ONLY_SURFACE,XGBOOST,0.2,0.5,0.5,0.8,0.1,66.5,1000000,UNSUPPORTED_WITHOUT_REPLAY,0.1,0.0,0.0,False
V3_CANDIDATE_DEVELOPMENT_ONLY_SURFACE,XGBOOST,0.2,0.5,0.5,0.8,0.1,66.5,1000000,UNSUPPORTED_WITHOUT_REPLAY,0.25,0.0,0.0,False
V3_CANDIDATE_DEVELOPMENT_ONLY_SURFACE,XGBOOST,0.2,0.5,0.5,0.8,0.1,77.5,1000000,UNSUPPORTED_WITHOUT_REPLAY,0.0,0.0,0.0,False
V3_CANDIDATE_DEVELOPMENT_ONLY_SURFACE,XGBOOST,0.2,0.5,0.5,0.8,0.1,77.5,1000000,UNSUPPORTED_WITHOUT_REPLAY,0.05,0.0,0.0,False
V3_CANDIDATE_DEVELOPMENT_ONLY_SURFACE,XGBOOST,0.2,0.5,0.5,0.8,0.1,77.5,1000000,UNSUPPORTED_WITHOUT_REPLAY,0.1,0.0,0.0,False
V3_CANDIDATE_DEVELOPMENT_ONLY_SURFACE,XGBOOST,0.2,0.5,0.5,0.8,0.1,77.5,1000000,UNSUPPORTED_WITHOUT_REPLAY,0.25,0.0,0.0,False
V3_CANDIDATE_DEVELOPMENT_ONLY_SURFACE,XGBOOST,0.2,0.5,1.0,0.0,0.0,59.5,1000000,UNSUPPORTED_WITHOUT_REPLAY,0.0,0.0,0.0,False
V3_CANDIDATE_DEVELOPMENT_ONLY_SURFACE,XGBOOST,0.2,0.5,1.0,0.0,0.0,59.5,1000000,UNSUPPORTED_WITHOUT_REPLAY,0.05,0.0,0.0,False
V3_CANDIDATE_DEVELOPMENT_ONLY_SURFACE,XGBOOST,0.2,0.5,1.0,0.0,0.0,59.5,1000000,UNSUPPORTED_WITHOUT_REPLAY,0.1,0.0,0.0,False
V3_CANDIDATE_DEVELOPMENT_ONLY_SURFACE,XGBOOST,0.2,0.5,1.0,0.0,0.0,59.5,1000000,UNSUPPORTED_WITHOUT_REPLAY,0.25,0.0,0.0,False
V3_CANDIDATE_DEVELOPMENT_ONLY_SURFACE,XGBOOST,0.2,0.5,1.0,0.0,0.0,66.5,1000000,UNSUPPORTED_WITHOUT_REPLAY,0.0,0.0,0.0,False
V3_CANDIDATE_DEVELOPMENT_ONLY_SURFACE,XGBOOST,0.2,0.5,1.0,0.0,0.0,66.5,1000000,UNSUPPORTED_WITHOUT_REPLAY,0.05,0.0,0.0,False
V3_CANDIDATE_DEVELOPMENT_ONLY_SURFACE,XGBOOST,0.2,0.5,1.0,0.0,0.0,66.5,1000000,UNSUPPORTED_WITHOUT_REPLAY,0.1,0.0,0.0,False
V3_CANDIDATE_DEVELOPMENT_ONLY_SURFACE,XGBOOST,0.2,0.5,1.0,0.0,0.0,66.5,1000000,UNSUPPORTED_WITHOUT_REPLAY,0.25,0.0,0.0,False
V3_CANDIDATE_DEVELOPMENT_ONLY_SURFACE,XGBOOST,0.2,0.5,1.0,0.0,0.0,77.5,1000000,UNSUPPORTED_WITHOUT_REPLAY,0.0,0.0,0.0,False
V3_CANDIDATE_DEVELOPMENT_ONLY_SURFACE,XGBOOST,0.2,0.5,1.0,0.0,0.0,77.5,1000000,UNSUPPORTED_WITHOUT_REPLAY,0.05,0.0,0.0,False
V3_CANDIDATE_DEVELOPMENT_ONLY_SURFACE,XGBOOST,0.2,0.5,1.0,0.0,0.0,77.5,1000000,UNSUPPORTED_WITHOUT_REPLAY,0.1,0.0,0.0,False
V3_CANDIDATE_DEVELOPMENT_ONLY_SURFACE,XGBOOST,0.2,0.5,1.0,0.0,0.0,77.5,1000000,UNSUPPORTED_WITHOUT_REPLAY,0.25,0.0,0.0,False
V3_CANDIDATE_DEVELOPMENT_ONLY_SURFACE,XGBOOST,0.2,0.5,1.0,0.0,0.05,59.5,1000000,UNSUPPORTED_WITHOUT_REPLAY,0.0,0.0,0.0,False
V3_CANDIDATE_DEVELOPMENT_ONLY_SURFACE,XGBOOST,0.2,0.5,1.0,0.0,0.05,59.5,1000000,UNSUPPORTED_WITHOUT_REPLAY,0.05,0.0,0.0,False
V3_CANDIDATE_DEVELOPMENT_ONLY_SURFACE,XGBOOST,0.2,0.5,1.0,0.0,0.05,59.5,1000000,UNSUPPORTED_WITHOUT_REPLAY,0.1,0.0,0.0,False
V3_CANDIDATE_DEVELOPMENT_ONLY_SURFACE,XGBOOST,0.2,0.5,1.0,0.0,0.05,59.5,1000000,UNSUPPORTED_WITHOUT_REPLAY,0.25,0.0,0.0,False
V3_CANDIDATE_DEVELOPMENT_ONLY_SURFACE,XGBOOST,0.2,0.5,1.0,0.0,0.05,66.5,1000000,UNSUPPORTED_WITHOUT_REPLAY,0.0,0.0,0.0,False
V3_CANDIDATE_DEVELOPMENT_ONLY_SURFACE,XGBOOST,0.2,0.5,1.0,0.0,0.05,66.5,1000000,UNSUPPORTED_WITHOUT_REPLAY,0.05,0.0,0.0,False
V3_CANDIDATE_DEVELOPMENT_ONLY_SURFACE,XGBOOST,0.2,0.5,1.0,0.0,0.05,66.5,1000000,UNSUPPORTED_WITHOUT_REPLAY,0.1,0.0,0.0,False
V3_CANDIDATE_DEVELOPMENT_ONLY_SURFACE,XGBOOST,0.2,0.5,1.0,0.0,0.05,66.5,1000000,UNSUPPORTED_WITHOUT_REPLAY,0.25,0.0,0.0,False
V3_CANDIDATE_DEVELOPMENT_ONLY_SURFACE,XGBOOST,0.2,0.5,1.0,0.0,0.05,77.5,1000000,UNSUPPORTED_WITHOUT_REPLAY,0.0,0.0,0.0,False
V3_CANDIDATE_DEVELOPMENT_ONLY_SURFACE,XGBOOST,0.2,0.5,1.0,0.0,0.05,77.5,1000000,UNSUPPORTED_WITHOUT_REPLAY,0.05,0.0,0.0,False
V3_CANDIDATE_DEVELOPMENT_ONLY_SURFACE,XGBOOST,0.2,0.5,1.0,0.0,0.05,77.5,1000000,UNSUPPORTED_WITHOUT_REPLAY,0.1,0.0,0.0,False
V3_CANDIDATE_DEVELOPMENT_ONLY_SURFACE,XGBOOST,0.2,0.5,1.0,0.0,0.05,77.5,1000000,UNSUPPORTED_WITHOUT_REPLAY,0.25,0.0,0.0,False
V3_CANDIDATE_DEVELOPMENT_ONLY_SURFACE,XGBOOST,0.2,0.5,1.0,0.0,0.1,59.5,1000000,UNSUPPORTED_WITHOUT_REPLAY,0.0,0.0,0.0,False
V3_CANDIDATE_DEVELOPMENT_ONLY_SURFACE,XGBOOST,0.2,0.5,1.0,0.0,0.1,59.5,1000000,UNSUPPORTED_WITHOUT_REPLAY,0.05,0.0,0.0,False
V3_CANDIDATE_DEVELOPMENT_ONLY_SURFACE,XGBOOST,0.2,0.5,1.0,0.0,0.1,59.5,1000000,UNSUPPORTED_WITHOUT_REPLAY,0.1,0.0,0.0,False
V3_CANDIDATE_DEVELOPMENT_ONLY_SURFACE,XGBOOST,0.2,0.5,1.0,0.0,0.1,59.5,1000000,UNSUPPORTED_WITHOUT_REPLAY,0.25,0.0,0.0,False
V3_CANDIDATE_DEVELOPMENT_ONLY_SURFACE,XGBOOST,0.2,0.5,1.0,0.0,0.1,66.5,1000000,UNSUPPORTED_WITHOUT_REPLAY,0.0,0.0,0.0,False
V3_CANDIDATE_DEVELOPMENT_ONLY_SURFACE,XGBOOST,0.2,0.5,1.0,0.0,0.1,66.5,1000000,UNSUPPORTED_WITHOUT_REPLAY,0.05,0.0,0.0,False
V3_CANDIDATE_DEVELOPMENT_ONLY_SURFACE,XGBOOST,0.2,0.5,1.0,0.0,0.1,66.5,1000000,UNSUPPORTED_WITHOUT_REPLAY,0.1,0.0,0.0,False
V3_CANDIDATE_DEVELOPMENT_ONLY_SURFACE,XGBOOST,0.2,0.5,1.0,0.0,0.1,66.5,1000000,UNSUPPORTED_WITHOUT_REPLAY,0.25,0.0,0.0,False
V3_CANDIDATE_DEVELOPMENT_ONLY_SURFACE,XGBOOST,0.2,0.5,1.0,0.0,0.1,77.5,1000000,UNSUPPORTED_WITHOUT_REPLAY,0.0,0.0,0.0,False
V3_CANDIDATE_DEVELOPMENT_ONLY_SURFACE,XGBOOST,0.2,0.5,1.0,0.0,0.1,77.5,1000000,UNSUPPORTED_WITHOUT_REPLAY,0.05,0.0,0.0,False
V3_CANDIDATE_DEVELOPMENT_ONLY_SURFACE,XGBOOST,0.2,0.5,1.0,0.0,0.1,77.5,1000000,UNSUPPORTED_WITHOUT_REPLAY,0.1,0.0,0.0,False
V3_CANDIDATE_DEVELOPMENT_ONLY_SURFACE,XGBOOST,0.2,0.5,1.0,0.0,0.1,77.5,1000000,UNSUPPORTED_WITHOUT_REPLAY,0.25,0.0,0.0,False
V3_CANDIDATE_DEVELOPMENT_ONLY_SURFACE,XGBOOST,0.2,0.5,1.0,0.4,0.0,59.5,1000000,UNSUPPORTED_WITHOUT_REPLAY,0.0,0.0,0.0,False
V3_CANDIDATE_DEVELOPMENT_ONLY_SURFACE,XGBOOST,0.2,0.5,1.0,0.4,0.0,59.5,1000000,UNSUPPORTED_WITHOUT_REPLAY,0.05,0.0,0.0,False
V3_CANDIDATE_DEVELOPMENT_ONLY_SURFACE,XGBOOST,0.2,0.5,1.0,0.4,0.0,59.5,1000000,UNSUPPORTED_WITHOUT_REPLAY,0.1,0.0,0.0,False
V3_CANDIDATE_DEVELOPMENT_ONLY_SURFACE,XGBOOST,0.2,0.5,1.0,0.4,0.0,59.5,1000000,UNSUPPORTED_WITHOUT_REPLAY,0.25,0.0,0.0,False
V3_CANDIDATE_DEVELOPMENT_ONLY_SURFACE,XGBOOST,0.2,0.5,1.0,0.4,0.0,66.5,1000000,UNSUPPORTED_WITHOUT_REPLAY,0.0,0.0,0.0,False
V3_CANDIDATE_DEVELOPMENT_ONLY_SURFACE,XGBOOST,0.2,0.5,1.0,0.4,0.0,66.5,1000000,UNSUPPORTED_WITHOUT_REPLAY,0.05,0.0,0.0,False
V3_CANDIDATE_DEVELOPMENT_ONLY_SURFACE,XGBOOST,0.2,0.5,1.0,0.4,0.0,66.5,1000000,UNSUPPORTED_WITHOUT_REPLAY,0.1,0.0,0.0,False
V3_CANDIDATE_DEVELOPMENT_ONLY_SURFACE,XGBOOST,0.2,0.5,1.0,0.4,0.0,66.5,1000000,UNSUPPORTED_WITHOUT_REPLAY,0.25,0.0,0.0,False
V3_CANDIDATE_DEVELOPMENT_ONLY_SURFACE,XGBOOST,0.2,0.5,1.0,0.4,0.0,77.5,1000000,UNSUPPORTED_WITHOUT_REPLAY,0.0,0.0,0.0,False
V3_CANDIDATE_DEVELOPMENT_ONLY_SURFACE,XGBOOST,0.2,0.5,1.0,0.4,0.0,77.5,1000000,UNSUPPORTED_WITHOUT_REPLAY,0.05,0.0,0.0,False
V3_CANDIDATE_DEVELOPMENT_ONLY_SURFACE,XGBOOST,0.2,0.5,1.0,0.4,0.0,77.5,1000000,UNSUPPORTED_WITHOUT_REPLAY,0.1,0.0,0.0,False
V3_CANDIDATE_DEVELOPMENT_ONLY_SURFACE,XGBOOST,0.2,0.5,1.0,0.4,0.0,77.5,1000000,UNSUPPORTED_WITHOUT_REPLAY,0.25,0.0,0.0,False
V3_CANDIDATE_DEVELOPMENT_ONLY_SURFACE,XGBOOST,0.2,0.5,1.0,0.4,0.05,59.5,1000000,UNSUPPORTED_WITHOUT_REPLAY,0.0,0.0,0.0,False
V3_CANDIDATE_DEVELOPMENT_ONLY_SURFACE,XGBOOST,0.2,0.5,1.0,0.4,0.05,59.5,1000000,UNSUPPORTED_WITHOUT_REPLAY,0.05,0.0,0.0,False
V3_CANDIDATE_DEVELOPMENT_ONLY_SURFACE,XGBOOST,0.2,0.5,1.0,0.4,0.05,59.5,1000000,UNSUPPORTED_WITHOUT_REPLAY,0.1,0.0,0.0,False
V3_CANDIDATE_DEVELOPMENT_ONLY_SURFACE,XGBOOST,0.2,0.5,1.0,0.4,0.05,59.5,1000000,UNSUPPORTED_WITHOUT_REPLAY,0.25,0.0,0.0,False
V3_CANDIDATE_DEVELOPMENT_ONLY_SURFACE,XGBOOST,0.2,0.5,1.0,0.4,0.05,66.5,1000000,UNSUPPORTED_WITHOUT_REPLAY,0.0,0.0,0.0,False
V3_CANDIDATE_DEVELOPMENT_ONLY_SURFACE,XGBOOST,0.2,0.5,1.0,0.4,0.05,66.5,1000000,UNSUPPORTED_WITHOUT_REPLAY,0.05,0.0,0.0,False
V3_CANDIDATE_DEVELOPMENT_ONLY_SURFACE,XGBOOST,0.2,0.5,1.0,0.4,0.05,66.5,1000000,UNSUPPORTED_WITHOUT_REPLAY,0.1,0.0,0.0,False
V3_CANDIDATE_DEVELOPMENT_ONLY_SURFACE,XGBOOST,0.2,0.5,1.0,0.4,0.05,66.5,1000000,UNSUPPORTED_WITHOUT_REPLAY,0.25,0.0,0.0,False
V3_CANDIDATE_DEVELOPMENT_ONLY_SURFACE,XGBOOST,0.2,0.5,1.0,0.4,0.05,77.5,1000000,UNSUPPORTED_WITHOUT_REPLAY,0.0,0.0,0.0,False
V3_CANDIDATE_DEVELOPMENT_ONLY_SURFACE,XGBOOST,0.2,0.5,1.0,0.4,0.05,77.5,1000000,UNSUPPORTED_WITHOUT_REPLAY,0.05,0.0,0.0,False
V3_CANDIDATE_DEVELOPMENT_ONLY_SURFACE,XGBOOST,0.2,0.5,1.0,0.4,0.05,77.5,1000000,UNSUPPORTED_WITHOUT_REPLAY,0.1,0.0,0.0,False
V3_CANDIDATE_DEVELOPMENT_ONLY_SURFACE,XGBOOST,0.2,0.5,1.0,0.4,0.05,77.5,1000000,UNSUPPORTED_WITHOUT_REPLAY,0.25,0.0,0.0,False
V3_CANDIDATE_DEVELOPMENT_ONLY_SURFACE,XGBOOST,0.2,0.5,1.0,0.4,0.1,59.5,1000000,UNSUPPORTED_WITHOUT_REPLAY,0.0,0.0,0.0,False
V3_CANDIDATE_DEVELOPMENT_ONLY_SURFACE,XGBOOST,0.2,0.5,1.0,0.4,0.1,59.5,1000000,UNSUPPORTED_WITHOUT_REPLAY,0.05,0.0,0.0,False
V3_CANDIDATE_DEVELOPMENT_ONLY_SURFACE,XGBOOST,0.2,0.5,1.0,0.4,0.1,59.5,1000000,UNSUPPORTED_WITHOUT_REPLAY,0.1,0.0,0.0,False
V3_CANDIDATE_DEVELOPMENT_ONLY_SURFACE,XGBOOST,0.2,0.5,1.0,0.4,0.1,59.5,1000000,UNSUPPORTED_WITHOUT_REPLAY,0.25,0.0,0.0,False
V3_CANDIDATE_DEVELOPMENT_ONLY_SURFACE,XGBOOST,0.2,0.5,1.0,0.4,0.1,66.5,1000000,UNSUPPORTED_WITHOUT_REPLAY,0.0,0.0,0.0,False
V3_CANDIDATE_DEVELOPMENT_ONLY_SURFACE,XGBOOST,0.2,0.5,1.0,0.4,0.1,66.5,1000000,UNSUPPORTED_WITHOUT_REPLAY,0.05,0.0,0.0,False
V3_CANDIDATE_DEVELOPMENT_ONLY_SURFACE,XGBOOST,0.2,0.5,1.0,0.4,0.1,66.5,1000000,UNSUPPORTED_WITHOUT_REPLAY,0.1,0.0,0.0,False
V3_CANDIDATE_DEVELOPMENT_ONLY_SURFACE,XGBOOST,0.2,0.5,1.0,0.4,0.1,66.5,1000000,UNSUPPORTED_WITHOUT_REPLAY,0.25,0.0,0.0,False
V3_CANDIDATE_DEVELOPMENT_ONLY_SURFACE,XGBOOST,0.2,0.5,1.0,0.4,0.1,77.5,1000000,UNSUPPORTED_WITHOUT_REPLAY,0.0,0.0,0.0,False
V3_CANDIDATE_DEVELOPMENT_ONLY_SURFACE,XGBOOST,0.2,0.5,1.0,0.4,0.1,77.5,1000000,UNSUPPORTED_WITHOUT_REPLAY,0.05,0.0,0.0,False
V3_CANDIDATE_DEVELOPMENT_ONLY_SURFACE,XGBOOST,0.2,0.5,1.0,0.4,0.1,77.5,1000000,UNSUPPORTED_WITHOUT_REPLAY,0.1,0.0,0.0,False
V3_CANDIDATE_DEVELOPMENT_ONLY_SURFACE,XGBOOST,0.2,0.5,1.0,0.4,0.1,77.5,1000000,UNSUPPORTED_WITHOUT_REPLAY,0.25,0.0,0.0,False
V3_CANDIDATE_DEVELOPMENT_ONLY_SURFACE,XGBOOST,0.2,0.5,1.0,0.6,0.0,59.5,1000000,UNSUPPORTED_WITHOUT_REPLAY,0.0,0.0,0.0,False
V3_CANDIDATE_DEVELOPMENT_ONLY_SURFACE,XGBOOST,0.2,0.5,1.0,0.6,0.0,59.5,1000000,UNSUPPORTED_WITHOUT_REPLAY,0.05,0.0,0.0,False
V3_CANDIDATE_DEVELOPMENT_ONLY_SURFACE,XGBOOST,0.2,0.5,1.0,0.6,0.0,59.5,1000000,UNSUPPORTED_WITHOUT_REPLAY,0.1,0.0,0.0,False
V3_CANDIDATE_DEVELOPMENT_ONLY_SURFACE,XGBOOST,0.2,0.5,1.0,0.6,0.0,59.5,1000000,UNSUPPORTED_WITHOUT_REPLAY,0.25,0.0,0.0,False
V3_CANDIDATE_DEVELOPMENT_ONLY_SURFACE,XGBOOST,0.2,0.5,1.0,0.6,0.0,66.5,1000000,UNSUPPORTED_WITHOUT_REPLAY,0.0,0.0,0.0,False
V3_CANDIDATE_DEVELOPMENT_ONLY_SURFACE,XGBOOST,0.2,0.5,1.0,0.6,0.0,66.5,1000000,UNSUPPORTED_WITHOUT_REPLAY,0.05,0.0,0.0,False
V3_CANDIDATE_DEVELOPMENT_ONLY_SURFACE,XGBOOST,0.2,0.5,1.0,0.6,0.0,66.5,1000000,UNSUPPORTED_WITHOUT_REPLAY,0.1,0.0,0.0,False
V3_CANDIDATE_DEVELOPMENT_ONLY_SURFACE,XGBOOST,0.2,0.5,1.0,0.6,0.0,66.5,1000000,UNSUPPORTED_WITHOUT_REPLAY,0.25,0.0,0.0,False
V3_CANDIDATE_DEVELOPMENT_ONLY_SURFACE,XGBOOST,0.2,0.5,1.0,0.6,0.0,77.5,1000000,UNSUPPORTED_WITHOUT_REPLAY,0.0,0.0,0.0,False
V3_CANDIDATE_DEVELOPMENT_ONLY_SURFACE,XGBOOST,0.2,0.5,1.0,0.6,0.0,77.5,1000000,UNSUPPORTED_WITHOUT_REPLAY,0.05,0.0,0.0,False
V3_CANDIDATE_DEVELOPMENT_ONLY_SURFACE,XGBOOST,0.2,0.5,1.0,0.6,0.0,77.5,1000000,UNSUPPORTED_WITHOUT_REPLAY,0.1,0.0,0.0,False
V3_CANDIDATE_DEVELOPMENT_ONLY_SURFACE,XGBOOST,0.2,0.5,1.0,0.6,0.0,77.5,1000000,UNSUPPORTED_WITHOUT_REPLAY,0.25,0.0,0.0,False
V3_CANDIDATE_DEVELOPMENT_ONLY_SURFACE,XGBOOST,0.2,0.5,1.0,0.6,0.05,59.5,1000000,UNSUPPORTED_WITHOUT_REPLAY,0.0,0.0,0.0,False
V3_CANDIDATE_DEVELOPMENT_ONLY_SURFACE,XGBOOST,0.2,0.5,1.0,0.6,0.05,59.5,1000000,UNSUPPORTED_WITHOUT_REPLAY,0.05,0.0,0.0,False
V3_CANDIDATE_DEVELOPMENT_ONLY_SURFACE,XGBOOST,0.2,0.5,1.0,0.6,0.05,59.5,1000000,UNSUPPORTED_WITHOUT_REPLAY,0.1,0.0,0.0,False
V3_CANDIDATE_DEVELOPMENT_ONLY_SURFACE,XGBOOST,0.2,0.5,1.0,0.6,0.05,59.5,1000000,UNSUPPORTED_WITHOUT_REPLAY,0.25,0.0,0.0,False
V3_CANDIDATE_DEVELOPMENT_ONLY_SURFACE,XGBOOST,0.2,0.5,1.0,0.6,0.05,66.5,1000000,UNSUPPORTED_WITHOUT_REPLAY,0.0,0.0,0.0,False
V3_CANDIDATE_DEVELOPMENT_ONLY_SURFACE,XGBOOST,0.2,0.5,1.0,0.6,0.05,66.5,1000000,UNSUPPORTED_WITHOUT_REPLAY,0.05,0.0,0.0,False
V3_CANDIDATE_DEVELOPMENT_ONLY_SURFACE,XGBOOST,0.2,0.5,1.0,0.6,0.05,66.5,1000000,UNSUPPORTED_WITHOUT_REPLAY,0.1,0.0,0.0,False
V3_CANDIDATE_DEVELOPMENT_ONLY_SURFACE,XGBOOST,0.2,0.5,1.0,0.6,0.05,66.5,1000000,UNSUPPORTED_WITHOUT_REPLAY,0.25,0.0,0.0,False
V3_CANDIDATE_DEVELOPMENT_ONLY_SURFACE,XGBOOST,0.2,0.5,1.0,0.6,0.05,77.5,1000000,UNSUPPORTED_WITHOUT_REPLAY,0.0,0.0,0.0,False
V3_CANDIDATE_DEVELOPMENT_ONLY_SURFACE,XGBOOST,0.2,0.5,1.0,0.6,0.05,77.5,1000000,UNSUPPORTED_WITHOUT_REPLAY,0.05,0.0,0.0,False
V3_CANDIDATE_DEVELOPMENT_ONLY_SURFACE,XGBOOST,0.2,0.5,1.0,0.6,0.05,77.5,1000000,UNSUPPORTED_WITHOUT_REPLAY,0.1,0.0,0.0,False
V3_CANDIDATE_DEVELOPMENT_ONLY_SURFACE,XGBOOST,0.2,0.5,1.0,0.6,0.05,77.5,1000000,UNSUPPORTED_WITHOUT_REPLAY,0.25,0.0,0.0,False
V3_CANDIDATE_DEVELOPMENT_ONLY_SURFACE,XGBOOST,0.2,0.5,1.0,0.6,0.1,59.5,1000000,UNSUPPORTED_WITHOUT_REPLAY,0.0,0.0,0.0,False
V3_CANDIDATE_DEVELOPMENT_ONLY_SURFACE,XGBOOST,0.2,0.5,1.0,0.6,0.1,59.5,1000000,UNSUPPORTED_WITHOUT_REPLAY,0.05,0.0,0.0,False
V3_CANDIDATE_DEVELOPMENT_ONLY_SURFACE,XGBOOST,0.2,0.5,1.0,0.6,0.1,59.5,1000000,UNSUPPORTED_WITHOUT_REPLAY,0.1,0.0,0.0,False
V3_CANDIDATE_DEVELOPMENT_ONLY_SURFACE,XGBOOST,0.2,0.5,1.0,0.6,0.1,59.5,1000000,UNSUPPORTED_WITHOUT_REPLAY,0.25,0.0,0.0,False
V3_CANDIDATE_DEVELOPMENT_ONLY_SURFACE,XGBOOST,0.2,0.5,1.0,0.6,0.1,66.5,1000000,UNSUPPORTED_WITHOUT_REPLAY,0.0,0.0,0.0,False
V3_CANDIDATE_DEVELOPMENT_ONLY_SURFACE,XGBOOST,0.2,0.5,1.0,0.6,0.1,66.5,1000000,UNSUPPORTED_WITHOUT_REPLAY,0.05,0.0,0.0,False
V3_CANDIDATE_DEVELOPMENT_ONLY_SURFACE,XGBOOST,0.2,0.5,1.0,0.6,0.1,66.5,1000000,UNSUPPORTED_WITHOUT_REPLAY,0.1,0.0,0.0,False
V3_CANDIDATE_DEVELOPMENT_ONLY_SURFACE,XGBOOST,0.2,0.5,1.0,0.6,0.1,66.5,1000000,UNSUPPORTED_WITHOUT_REPLAY,0.25,0.0,0.0,False
V3_CANDIDATE_DEVELOPMENT_ONLY_SURFACE,XGBOOST,0.2,0.5,1.0,0.6,0.1,77.5,1000000,UNSUPPORTED_WITHOUT_REPLAY,0.0,0.0,0.0,False
V3_CANDIDATE_DEVELOPMENT_ONLY_SURFACE,XGBOOST,0.2,0.5,1.0,0.6,0.1,77.5,1000000,UNSUPPORTED_WITHOUT_REPLAY,0.05,0.0,0.0,False
V3_CANDIDATE_DEVELOPMENT_ONLY_SURFACE,XGBOOST,0.2,0.5,1.0,0.6,0.1,77.5,1000000,UNSUPPORTED_WITHOUT_REPLAY,0.1,0.0,0.0,False
V3_CANDIDATE_DEVELOPMENT_ONLY_SURFACE,XGBOOST,0.2,0.5,1.0,0.6,0.1,77.5,1000000,UNSUPPORTED_WITHOUT_REPLAY,0.25,0.0,0.0,False
V3_CANDIDATE_DEVELOPMENT_ONLY_SURFACE,XGBOOST,0.2,0.5,1.0,0.8,0.0,59.5,1000000,UNSUPPORTED_WITHOUT_REPLAY,0.0,0.0,0.0,False
V3_CANDIDATE_DEVELOPMENT_ONLY_SURFACE,XGBOOST,0.2,0.5,1.0,0.8,0.0,59.5,1000000,UNSUPPORTED_WITHOUT_REPLAY,0.05,0.0,0.0,False
V3_CANDIDATE_DEVELOPMENT_ONLY_SURFACE,XGBOOST,0.2,0.5,1.0,0.8,0.0,59.5,1000000,UNSUPPORTED_WITHOUT_REPLAY,0.1,0.0,0.0,False
V3_CANDIDATE_DEVELOPMENT_ONLY_SURFACE,XGBOOST,0.2,0.5,1.0,0.8,0.0,59.5,1000000,UNSUPPORTED_WITHOUT_REPLAY,0.25,0.0,0.0,False
V3_CANDIDATE_DEVELOPMENT_ONLY_SURFACE,XGBOOST,0.2,0.5,1.0,0.8,0.0,66.5,1000000,UNSUPPORTED_WITHOUT_REPLAY,0.0,0.0,0.0,False
V3_CANDIDATE_DEVELOPMENT_ONLY_SURFACE,XGBOOST,0.2,0.5,1.0,0.8,0.0,66.5,1000000,UNSUPPORTED_WITHOUT_REPLAY,0.05,0.0,0.0,False
V3_CANDIDATE_DEVELOPMENT_ONLY_SURFACE,XGBOOST,0.2,0.5,1.0,0.8,0.0,66.5,1000000,UNSUPPORTED_WITHOUT_REPLAY,0.1,0.0,0.0,False
V3_CANDIDATE_DEVELOPMENT_ONLY_SURFACE,XGBOOST,0.2,0.5,1.0,0.8,0.0,66.5,1000000,UNSUPPORTED_WITHOUT_REPLAY,0.25,0.0,0.0,False
V3_CANDIDATE_DEVELOPMENT_ONLY_SURFACE,XGBOOST,0.2,0.5,1.0,0.8,0.0,77.5,1000000,UNSUPPORTED_WITHOUT_REPLAY,0.0,0.0,0.0,False
V3_CANDIDATE_DEVELOPMENT_ONLY_SURFACE,XGBOOST,0.2,0.5,1.0,0.8,0.0,77.5,1000000,UNSUPPORTED_WITHOUT_REPLAY,0.05,0.0,0.0,False
V3_CANDIDATE_DEVELOPMENT_ONLY_SURFACE,XGBOOST,0.2,0.5,1.0,0.8,0.0,77.5,1000000,UNSUPPORTED_WITHOUT_REPLAY,0.1,0.0,0.0,False
V3_CANDIDATE_DEVELOPMENT_ONLY_SURFACE,XGBOOST,0.2,0.5,1.0,0.8,0.0,77.5,1000000,UNSUPPORTED_WITHOUT_REPLAY,0.25,0.0,0.0,False
V3_CANDIDATE_DEVELOPMENT_ONLY_SURFACE,XGBOOST,0.2,0.5,1.0,0.8,0.05,59.5,1000000,UNSUPPORTED_WITHOUT_REPLAY,0.0,0.0,0.0,False
V3_CANDIDATE_DEVELOPMENT_ONLY_SURFACE,XGBOOST,0.2,0.5,1.0,0.8,0.05,59.5,1000000,UNSUPPORTED_WITHOUT_REPLAY,0.05,0.0,0.0,False
V3_CANDIDATE_DEVELOPMENT_ONLY_SURFACE,XGBOOST,0.2,0.5,1.0,0.8,0.05,59.5,1000000,UNSUPPORTED_WITHOUT_REPLAY,0.1,0.0,0.0,False
V3_CANDIDATE_DEVELOPMENT_ONLY_SURFACE,XGBOOST,0.2,0.5,1.0,0.8,0.05,59.5,1000000,UNSUPPORTED_WITHOUT_REPLAY,0.25,0.0,0.0,False
V3_CANDIDATE_DEVELOPMENT_ONLY_SURFACE,XGBOOST,0.2,0.5,1.0,0.8,0.05,66.5,1000000,UNSUPPORTED_WITHOUT_REPLAY,0.0,0.0,0.0,False
V3_CANDIDATE_DEVELOPMENT_ONLY_SURFACE,XGBOOST,0.2,0.5,1.0,0.8,0.05,66.5,1000000,UNSUPPORTED_WITHOUT_REPLAY,0.05,0.0,0.0,False
V3_CANDIDATE_DEVELOPMENT_ONLY_SURFACE,XGBOOST,0.2,0.5,1.0,0.8,0.05,66.5,1000000,UNSUPPORTED_WITHOUT_REPLAY,0.1,0.0,0.0,False
V3_CANDIDATE_DEVELOPMENT_ONLY_SURFACE,XGBOOST,0.2,0.5,1.0,0.8,0.05,66.5,1000000,UNSUPPORTED_WITHOUT_REPLAY,0.25,0.0,0.0,False
V3_CANDIDATE_DEVELOPMENT_ONLY_SURFACE,XGBOOST,0.2,0.5,1.0,0.8,0.05,77.5,1000000,UNSUPPORTED_WITHOUT_REPLAY,0.0,0.0,0.0,False
V3_CANDIDATE_DEVELOPMENT_ONLY_SURFACE,XGBOOST,0.2,0.5,1.0,0.8,0.05,77.5,1000000,UNSUPPORTED_WITHOUT_REPLAY,0.05,0.0,0.0,False
V3_CANDIDATE_DEVELOPMENT_ONLY_SURFACE,XGBOOST,0.2,0.5,1.0,0.8,0.05,77.5,1000000,UNSUPPORTED_WITHOUT_REPLAY,0.1,0.0,0.0,False
V3_CANDIDATE_DEVELOPMENT_ONLY_SURFACE,XGBOOST,0.2,0.5,1.0,0.8,0.05,77.5,1000000,UNSUPPORTED_WITHOUT_REPLAY,0.25,0.0,0.0,False
V3_CANDIDATE_DEVELOPMENT_ONLY_SURFACE,XGBOOST,0.2,0.5,1.0,0.8,0.1,59.5,1000000,UNSUPPORTED_WITHOUT_REPLAY,0.0,0.0,0.0,False
V3_CANDIDATE_DEVELOPMENT_ONLY_SURFACE,XGBOOST,0.2,0.5,1.0,0.8,0.1,59.5,1000000,UNSUPPORTED_WITHOUT_REPLAY,0.05,0.0,0.0,False
V3_CANDIDATE_DEVELOPMENT_ONLY_SURFACE,XGBOOST,0.2,0.5,1.0,0.8,0.1,59.5,1000000,UNSUPPORTED_WITHOUT_REPLAY,0.1,0.0,0.0,False
V3_CANDIDATE_DEVELOPMENT_ONLY_SURFACE,XGBOOST,0.2,0.5,1.0,0.8,0.1,59.5,1000000,UNSUPPORTED_WITHOUT_REPLAY,0.25,0.0,0.0,False
V3_CANDIDATE_DEVELOPMENT_ONLY_SURFACE,XGBOOST,0.2,0.5,1.0,0.8,0.1,66.5,1000000,UNSUPPORTED_WITHOUT_REPLAY,0.0,0.0,0.0,False
V3_CANDIDATE_DEVELOPMENT_ONLY_SURFACE,XGBOOST,0.2,0.5,1.0,0.8,0.1,66.5,1000000,UNSUPPORTED_WITHOUT_REPLAY,0.05,0.0,0.0,False
V3_CANDIDATE_DEVELOPMENT_ONLY_SURFACE,XGBOOST,0.2,0.5,1.0,0.8,0.1,66.5,1000000,UNSUPPORTED_WITHOUT_REPLAY,0.1,0.0,0.0,False
V3_CANDIDATE_DEVELOPMENT_ONLY_SURFACE,XGBOOST,0.2,0.5,1.0,0.8,0.1,66.5,1000000,UNSUPPORTED_WITHOUT_REPLAY,0.25,0.0,0.0,False
V3_CANDIDATE_DEVELOPMENT_ONLY_SURFACE,XGBOOST,0.2,0.5,1.0,0.8,0.1,77.5,1000000,UNSUPPORTED_WITHOUT_REPLAY,0.0,0.0,0.0,False
V3_CANDIDATE_DEVELOPMENT_ONLY_SURFACE,XGBOOST,0.2,0.5,1.0,0.8,0.1,77.5,1000000,UNSUPPORTED_WITHOUT_REPLAY,0.05,0.0,0.0,False
V3_CANDIDATE_DEVELOPMENT_ONLY_SURFACE,XGBOOST,0.2,0.5,1.0,0.8,0.1,77.5,1000000,UNSUPPORTED_WITHOUT_REPLAY,0.1,0.0,0.0,False
V3_CANDIDATE_DEVELOPMENT_ONLY_SURFACE,XGBOOST,0.2,0.5,1.0,0.8,0.1,77.5,1000000,UNSUPPORTED_WITHOUT_REPLAY,0.25,0.0,0.0,False
V3_CANDIDATE_DEVELOPMENT_ONLY_SURFACE,XGBOOST,0.2,1.0,0.0,0.0,0.0,59.5,1000000,UNSUPPORTED_WITHOUT_REPLAY,0.0,0.0,0.0,False
V3_CANDIDATE_DEVELOPMENT_ONLY_SURFACE,XGBOOST,0.2,1.0,0.0,0.0,0.0,59.5,1000000,UNSUPPORTED_WITHOUT_REPLAY,0.05,0.0,0.0,False
V3_CANDIDATE_DEVELOPMENT_ONLY_SURFACE,XGBOOST,0.2,1.0,0.0,0.0,0.0,59.5,1000000,UNSUPPORTED_WITHOUT_REPLAY,0.1,0.0,0.0,False
V3_CANDIDATE_DEVELOPMENT_ONLY_SURFACE,XGBOOST,0.2,1.0,0.0,0.0,0.0,59.5,1000000,UNSUPPORTED_WITHOUT_REPLAY,0.25,0.0,0.0,False
V3_CANDIDATE_DEVELOPMENT_ONLY_SURFACE,XGBOOST,0.2,1.0,0.0,0.0,0.0,66.5,1000000,UNSUPPORTED_WITHOUT_REPLAY,0.0,0.0,0.0,False
V3_CANDIDATE_DEVELOPMENT_ONLY_SURFACE,XGBOOST,0.2,1.0,0.0,0.0,0.0,66.5,1000000,UNSUPPORTED_WITHOUT_REPLAY,0.05,0.0,0.0,False
V3_CANDIDATE_DEVELOPMENT_ONLY_SURFACE,XGBOOST,0.2,1.0,0.0,0.0,0.0,66.5,1000000,UNSUPPORTED_WITHOUT_REPLAY,0.1,0.0,0.0,False
V3_CANDIDATE_DEVELOPMENT_ONLY_SURFACE,XGBOOST,0.2,1.0,0.0,0.0,0.0,66.5,1000000,UNSUPPORTED_WITHOUT_REPLAY,0.25,0.0,0.0,False
V3_CANDIDATE_DEVELOPMENT_ONLY_SURFACE,XGBOOST,0.2,1.0,0.0,0.0,0.0,77.5,1000000,UNSUPPORTED_WITHOUT_REPLAY,0.0,1.818252828237026e-06,0.00205761316872428,False
V3_CANDIDATE_DEVELOPMENT_ONLY_SURFACE,XGBOOST,0.2,1.0,0.0,0.0,0.0,77.5,1000000,UNSUPPORTED_WITHOUT_REPLAY,0.05,-0.00010106240560797698,0.0,False
V3_CANDIDATE_DEVELOPMENT_ONLY_SURFACE,XGBOOST,0.2,1.0,0.0,0.0,0.0,77.5,1000000,UNSUPPORTED_WITHOUT_REPLAY,0.1,-0.00020394306404419098,0.0,False
V3_CANDIDATE_DEVELOPMENT_ONLY_SURFACE,XGBOOST,0.2,1.0,0.0,0.0,0.0,77.5,1000000,UNSUPPORTED_WITHOUT_REPLAY,0.25,-0.0005125850393528329,0.0,False
V3_CANDIDATE_DEVELOPMENT_ONLY_SURFACE,XGBOOST,0.2,1.0,0.0,0.0,0.05,59.5,1000000,UNSUPPORTED_WITHOUT_REPLAY,0.0,0.0,0.0,False
V3_CANDIDATE_DEVELOPMENT_ONLY_SURFACE,XGBOOST,0.2,1.0,0.0,0.0,0.05,59.5,1000000,UNSUPPORTED_WITHOUT_REPLAY,0.05,0.0,0.0,False
V3_CANDIDATE_DEVELOPMENT_ONLY_SURFACE,XGBOOST,0.2,1.0,0.0,0.0,0.05,59.5,1000000,UNSUPPORTED_WITHOUT_REPLAY,0.1,0.0,0.0,False
V3_CANDIDATE_DEVELOPMENT_ONLY_SURFACE,XGBOOST,0.2,1.0,0.0,0.0,0.05,59.5,1000000,UNSUPPORTED_WITHOUT_REPLAY,0.25,0.0,0.0,False
V3_CANDIDATE_DEVELOPMENT_ONLY_SURFACE,XGBOOST,0.2,1.0,0.0,0.0,0.05,66.5,1000000,UNSUPPORTED_WITHOUT_REPLAY,0.0,0.0,0.0,False
V3_CANDIDATE_DEVELOPMENT_ONLY_SURFACE,XGBOOST,0.2,1.0,0.0,0.0,0.05,66.5,1000000,UNSUPPORTED_WITHOUT_REPLAY,0.05,0.0,0.0,False
V3_CANDIDATE_DEVELOPMENT_ONLY_SURFACE,XGBOOST,0.2,1.0,0.0,0.0,0.05,66.5,1000000,UNSUPPORTED_WITHOUT_REPLAY,0.1,0.0,0.0,False
V3_CANDIDATE_DEVELOPMENT_ONLY_SURFACE,XGBOOST,0.2,1.0,0.0,0.0,0.05,66.5,1000000,UNSUPPORTED_WITHOUT_REPLAY,0.25,0.0,0.0,False
V3_CANDIDATE_DEVELOPMENT_ONLY_SURFACE,XGBOOST,0.2,1.0,0.0,0.0,0.05,77.5,1000000,UNSUPPORTED_WITHOUT_REPLAY,0.0,0.0,0.0,False
V3_CANDIDATE_DEVELOPMENT_ONLY_SURFACE,XGBOOST,0.2,1.0,0.0,0.0,0.05,77.5,1000000,UNSUPPORTED_WITHOUT_REPLAY,0.05,0.0,0.0,False
V3_CANDIDATE_DEVELOPMENT_ONLY_SURFACE,XGBOOST,0.2,1.0,0.0,0.0,0.05,77.5,1000000,UNSUPPORTED_WITHOUT_REPLAY,0.1,0.0,0.0,False
V3_CANDIDATE_DEVELOPMENT_ONLY_SURFACE,XGBOOST,0.2,1.0,0.0,0.0,0.05,77.5,1000000,UNSUPPORTED_WITHOUT_REPLAY,0.25,0.0,0.0,False
V3_CANDIDATE_DEVELOPMENT_ONLY_SURFACE,XGBOOST,0.2,1.0,0.0,0.0,0.1,59.5,1000000,UNSUPPORTED_WITHOUT_REPLAY,0.0,0.0,0.0,False
V3_CANDIDATE_DEVELOPMENT_ONLY_SURFACE,XGBOOST,0.2,1.0,0.0,0.0,0.1,59.5,1000000,UNSUPPORTED_WITHOUT_REPLAY,0.05,0.0,0.0,False
V3_CANDIDATE_DEVELOPMENT_ONLY_SURFACE,XGBOOST,0.2,1.0,0.0,0.0,0.1,59.5,1000000,UNSUPPORTED_WITHOUT_REPLAY,0.1,0.0,0.0,False
V3_CANDIDATE_DEVELOPMENT_ONLY_SURFACE,XGBOOST,0.2,1.0,0.0,0.0,0.1,59.5,1000000,UNSUPPORTED_WITHOUT_REPLAY,0.25,0.0,0.0,False
V3_CANDIDATE_DEVELOPMENT_ONLY_SURFACE,XGBOOST,0.2,1.0,0.0,0.0,0.1,66.5,1000000,UNSUPPORTED_WITHOUT_REPLAY,0.0,0.0,0.0,False
V3_CANDIDATE_DEVELOPMENT_ONLY_SURFACE,XGBOOST,0.2,1.0,0.0,0.0,0.1,66.5,1000000,UNSUPPORTED_WITHOUT_REPLAY,0.05,0.0,0.0,False
V3_CANDIDATE_DEVELOPMENT_ONLY_SURFACE,XGBOOST,0.2,1.0,0.0,0.0,0.1,66.5,1000000,UNSUPPORTED_WITHOUT_REPLAY,0.1,0.0,0.0,False
V3_CANDIDATE_DEVELOPMENT_ONLY_SURFACE,XGBOOST,0.2,1.0,0.0,0.0,0.1,66.5,1000000,UNSUPPORTED_WITHOUT_REPLAY,0.25,0.0,0.0,False
V3_CANDIDATE_DEVELOPMENT_ONLY_SURFACE,XGBOOST,0.2,1.0,0.0,0.0,0.1,77.5,1000000,UNSUPPORTED_WITHOUT_REPLAY,0.0,0.0,0.0,False
V3_CANDIDATE_DEVELOPMENT_ONLY_SURFACE,XGBOOST,0.2,1.0,0.0,0.0,0.1,77.5,1000000,UNSUPPORTED_WITHOUT_REPLAY,0.05,0.0,0.0,False
V3_CANDIDATE_DEVELOPMENT_ONLY_SURFACE,XGBOOST,0.2,1.0,0.0,0.0,0.1,77.5,1000000,UNSUPPORTED_WITHOUT_REPLAY,0.1,0.0,0.0,False
V3_CANDIDATE_DEVELOPMENT_ONLY_SURFACE,XGBOOST,0.2,1.0,0.0,0.0,0.1,77.5,1000000,UNSUPPORTED_WITHOUT_REPLAY,0.25,0.0,0.0,False
V3_CANDIDATE_DEVELOPMENT_ONLY_SURFACE,XGBOOST,0.2,1.0,0.0,0.4,0.0,59.5,1000000,UNSUPPORTED_WITHOUT_REPLAY,0.0,0.0,0.0,False
V3_CANDIDATE_DEVELOPMENT_ONLY_SURFACE,XGBOOST,0.2,1.0,0.0,0.4,0.0,59.5,1000000,UNSUPPORTED_WITHOUT_REPLAY,0.05,0.0,0.0,False
V3_CANDIDATE_DEVELOPMENT_ONLY_SURFACE,XGBOOST,0.2,1.0,0.0,0.4,0.0,59.5,1000000,UNSUPPORTED_WITHOUT_REPLAY,0.1,0.0,0.0,False
V3_CANDIDATE_DEVELOPMENT_ONLY_SURFACE,XGBOOST,0.2,1.0,0.0,0.4,0.0,59.5,1000000,UNSUPPORTED_WITHOUT_REPLAY,0.25,0.0,0.0,False
V3_CANDIDATE_DEVELOPMENT_ONLY_SURFACE,XGBOOST,0.2,1.0,0.0,0.4,0.0,66.5,1000000,UNSUPPORTED_WITHOUT_REPLAY,0.0,0.0,0.0,False
V3_CANDIDATE_DEVELOPMENT_ONLY_SURFACE,XGBOOST,0.2,1.0,0.0,0.4,0.0,66.5,1000000,UNSUPPORTED_WITHOUT_REPLAY,0.05,0.0,0.0,False
V3_CANDIDATE_DEVELOPMENT_ONLY_SURFACE,XGBOOST,0.2,1.0,0.0,0.4,0.0,66.5,1000000,UNSUPPORTED_WITHOUT_REPLAY,0.1,0.0,0.0,False
V3_CANDIDATE_DEVELOPMENT_ONLY_SURFACE,XGBOOST,0.2,1.0,0.0,0.4,0.0,66.5,1000000,UNSUPPORTED_WITHOUT_REPLAY,0.25,0.0,0.0,False
V3_CANDIDATE_DEVELOPMENT_ONLY_SURFACE,XGBOOST,0.2,1.0,0.0,0.4,0.0,77.5,1000000,UNSUPPORTED_WITHOUT_REPLAY,0.0,1.818252828237026e-06,0.00205761316872428,False
V3_CANDIDATE_DEVELOPMENT_ONLY_SURFACE,XGBOOST,0.2,1.0,0.0,0.4,0.0,77.5,1000000,UNSUPPORTED_WITHOUT_REPLAY,0.05,-0.00010106240560797698,0.0,False
V3_CANDIDATE_DEVELOPMENT_ONLY_SURFACE,XGBOOST,0.2,1.0,0.0,0.4,0.0,77.5,1000000,UNSUPPORTED_WITHOUT_REPLAY,0.1,-0.00020394306404419098,0.0,False
V3_CANDIDATE_DEVELOPMENT_ONLY_SURFACE,XGBOOST,0.2,1.0,0.0,0.4,0.0,77.5,1000000,UNSUPPORTED_WITHOUT_REPLAY,0.25,-0.0005125850393528329,0.0,False
V3_CANDIDATE_DEVELOPMENT_ONLY_SURFACE,XGBOOST,0.2,1.0,0.0,0.4,0.05,59.5,1000000,UNSUPPORTED_WITHOUT_REPLAY,0.0,0.0,0.0,False
V3_CANDIDATE_DEVELOPMENT_ONLY_SURFACE,XGBOOST,0.2,1.0,0.0,0.4,0.05,59.5,1000000,UNSUPPORTED_WITHOUT_REPLAY,0.05,0.0,0.0,False
V3_CANDIDATE_DEVELOPMENT_ONLY_SURFACE,XGBOOST,0.2,1.0,0.0,0.4,0.05,59.5,1000000,UNSUPPORTED_WITHOUT_REPLAY,0.1,0.0,0.0,False
V3_CANDIDATE_DEVELOPMENT_ONLY_SURFACE,XGBOOST,0.2,1.0,0.0,0.4,0.05,59.5,1000000,UNSUPPORTED_WITHOUT_REPLAY,0.25,0.0,0.0,False
V3_CANDIDATE_DEVELOPMENT_ONLY_SURFACE,XGBOOST,0.2,1.0,0.0,0.4,0.05,66.5,1000000,UNSUPPORTED_WITHOUT_REPLAY,0.0,0.0,0.0,False
V3_CANDIDATE_DEVELOPMENT_ONLY_SURFACE,XGBOOST,0.2,1.0,0.0,0.4,0.05,66.5,1000000,UNSUPPORTED_WITHOUT_REPLAY,0.05,0.0,0.0,False
V3_CANDIDATE_DEVELOPMENT_ONLY_SURFACE,XGBOOST,0.2,1.0,0.0,0.4,0.05,66.5,1000000,UNSUPPORTED_WITHOUT_REPLAY,0.1,0.0,0.0,False
V3_CANDIDATE_DEVELOPMENT_ONLY_SURFACE,XGBOOST,0.2,1.0,0.0,0.4,0.05,66.5,1000000,UNSUPPORTED_WITHOUT_REPLAY,0.25,0.0,0.0,False
V3_CANDIDATE_DEVELOPMENT_ONLY_SURFACE,XGBOOST,0.2,1.0,0.0,0.4,0.05,77.5,1000000,UNSUPPORTED_WITHOUT_REPLAY,0.0,0.0,0.0,False
V3_CANDIDATE_DEVELOPMENT_ONLY_SURFACE,XGBOOST,0.2,1.0,0.0,0.4,0.05,77.5,1000000,UNSUPPORTED_WITHOUT_REPLAY,0.05,0.0,0.0,False
V3_CANDIDATE_DEVELOPMENT_ONLY_SURFACE,XGBOOST,0.2,1.0,0.0,0.4,0.05,77.5,1000000,UNSUPPORTED_WITHOUT_REPLAY,0.1,0.0,0.0,False
V3_CANDIDATE_DEVELOPMENT_ONLY_SURFACE,XGBOOST,0.2,1.0,0.0,0.4,0.05,77.5,1000000,UNSUPPORTED_WITHOUT_REPLAY,0.25,0.0,0.0,False
V3_CANDIDATE_DEVELOPMENT_ONLY_SURFACE,XGBOOST,0.2,1.0,0.0,0.4,0.1,59.5,1000000,UNSUPPORTED_WITHOUT_REPLAY,0.0,0.0,0.0,False
V3_CANDIDATE_DEVELOPMENT_ONLY_SURFACE,XGBOOST,0.2,1.0,0.0,0.4,0.1,59.5,1000000,UNSUPPORTED_WITHOUT_REPLAY,0.05,0.0,0.0,False
V3_CANDIDATE_DEVELOPMENT_ONLY_SURFACE,XGBOOST,0.2,1.0,0.0,0.4,0.1,59.5,1000000,UNSUPPORTED_WITHOUT_REPLAY,0.1,0.0,0.0,False
V3_CANDIDATE_DEVELOPMENT_ONLY_SURFACE,XGBOOST,0.2,1.0,0.0,0.4,0.1,59.5,1000000,UNSUPPORTED_WITHOUT_REPLAY,0.25,0.0,0.0,False
V3_CANDIDATE_DEVELOPMENT_ONLY_SURFACE,XGBOOST,0.2,1.0,0.0,0.4,0.1,66.5,1000000,UNSUPPORTED_WITHOUT_REPLAY,0.0,0.0,0.0,False
V3_CANDIDATE_DEVELOPMENT_ONLY_SURFACE,XGBOOST,0.2,1.0,0.0,0.4,0.1,66.5,1000000,UNSUPPORTED_WITHOUT_REPLAY,0.05,0.0,0.0,False
V3_CANDIDATE_DEVELOPMENT_ONLY_SURFACE,XGBOOST,0.2,1.0,0.0,0.4,0.1,66.5,1000000,UNSUPPORTED_WITHOUT_REPLAY,0.1,0.0,0.0,False
V3_CANDIDATE_DEVELOPMENT_ONLY_SURFACE,XGBOOST,0.2,1.0,0.0,0.4,0.1,66.5,1000000,UNSUPPORTED_WITHOUT_REPLAY,0.25,0.0,0.0,False
V3_CANDIDATE_DEVELOPMENT_ONLY_SURFACE,XGBOOST,0.2,1.0,0.0,0.4,0.1,77.5,1000000,UNSUPPORTED_WITHOUT_REPLAY,0.0,0.0,0.0,False
V3_CANDIDATE_DEVELOPMENT_ONLY_SURFACE,XGBOOST,0.2,1.0,0.0,0.4,0.1,77.5,1000000,UNSUPPORTED_WITHOUT_REPLAY,0.05,0.0,0.0,False
V3_CANDIDATE_DEVELOPMENT_ONLY_SURFACE,XGBOOST,0.2,1.0,0.0,0.4,0.1,77.5,1000000,UNSUPPORTED_WITHOUT_REPLAY,0.1,0.0,0.0,False
V3_CANDIDATE_DEVELOPMENT_ONLY_SURFACE,XGBOOST,0.2,1.0,0.0,0.4,0.1,77.5,1000000,UNSUPPORTED_WITHOUT_REPLAY,0.25,0.0,0.0,False
V3_CANDIDATE_DEVELOPMENT_ONLY_SURFACE,XGBOOST,0.2,1.0,0.0,0.6,0.0,59.5,1000000,UNSUPPORTED_WITHOUT_REPLAY,0.0,0.0,0.0,False
V3_CANDIDATE_DEVELOPMENT_ONLY_SURFACE,XGBOOST,0.2,1.0,0.0,0.6,0.0,59.5,1000000,UNSUPPORTED_WITHOUT_REPLAY,0.05,0.0,0.0,False
V3_CANDIDATE_DEVELOPMENT_ONLY_SURFACE,XGBOOST,0.2,1.0,0.0,0.6,0.0,59.5,1000000,UNSUPPORTED_WITHOUT_REPLAY,0.1,0.0,0.0,False
V3_CANDIDATE_DEVELOPMENT_ONLY_SURFACE,XGBOOST,0.2,1.0,0.0,0.6,0.0,59.5,1000000,UNSUPPORTED_WITHOUT_REPLAY,0.25,0.0,0.0,False
V3_CANDIDATE_DEVELOPMENT_ONLY_SURFACE,XGBOOST,0.2,1.0,0.0,0.6,0.0,66.5,1000000,UNSUPPORTED_WITHOUT_REPLAY,0.0,0.0,0.0,False
V3_CANDIDATE_DEVELOPMENT_ONLY_SURFACE,XGBOOST,0.2,1.0,0.0,0.6,0.0,66.5,1000000,UNSUPPORTED_WITHOUT_REPLAY,0.05,0.0,0.0,False
V3_CANDIDATE_DEVELOPMENT_ONLY_SURFACE,XGBOOST,0.2,1.0,0.0,0.6,0.0,66.5,1000000,UNSUPPORTED_WITHOUT_REPLAY,0.1,0.0,0.0,False
V3_CANDIDATE_DEVELOPMENT_ONLY_SURFACE,XGBOOST,0.2,1.0,0.0,0.6,0.0,66.5,1000000,UNSUPPORTED_WITHOUT_REPLAY,0.25,0.0,0.0,False
V3_CANDIDATE_DEVELOPMENT_ONLY_SURFACE,XGBOOST,0.2,1.0,0.0,0.6,0.0,77.5,1000000,UNSUPPORTED_WITHOUT_REPLAY,0.0,0.0,0.0,False
V3_CANDIDATE_DEVELOPMENT_ONLY_SURFACE,XGBOOST,0.2,1.0,0.0,0.6,0.0,77.5,1000000,UNSUPPORTED_WITHOUT_REPLAY,0.05,0.0,0.0,False
V3_CANDIDATE_DEVELOPMENT_ONLY_SURFACE,XGBOOST,0.2,1.0,0.0,0.6,0.0,77.5,1000000,UNSUPPORTED_WITHOUT_REPLAY,0.1,0.0,0.0,False
V3_CANDIDATE_DEVELOPMENT_ONLY_SURFACE,XGBOOST,0.2,1.0,0.0,0.6,0.0,77.5,1000000,UNSUPPORTED_WITHOUT_REPLAY,0.25,0.0,0.0,False
V3_CANDIDATE_DEVELOPMENT_ONLY_SURFACE,XGBOOST,0.2,1.0,0.0,0.6,0.05,59.5,1000000,UNSUPPORTED_WITHOUT_REPLAY,0.0,0.0,0.0,False
V3_CANDIDATE_DEVELOPMENT_ONLY_SURFACE,XGBOOST,0.2,1.0,0.0,0.6,0.05,59.5,1000000,UNSUPPORTED_WITHOUT_REPLAY,0.05,0.0,0.0,False
V3_CANDIDATE_DEVELOPMENT_ONLY_SURFACE,XGBOOST,0.2,1.0,0.0,0.6,0.05,59.5,1000000,UNSUPPORTED_WITHOUT_REPLAY,0.1,0.0,0.0,False
V3_CANDIDATE_DEVELOPMENT_ONLY_SURFACE,XGBOOST,0.2,1.0,0.0,0.6,0.05,59.5,1000000,UNSUPPORTED_WITHOUT_REPLAY,0.25,0.0,0.0,False
V3_CANDIDATE_DEVELOPMENT_ONLY_SURFACE,XGBOOST,0.2,1.0,0.0,0.6,0.05,66.5,1000000,UNSUPPORTED_WITHOUT_REPLAY,0.0,0.0,0.0,False
V3_CANDIDATE_DEVELOPMENT_ONLY_SURFACE,XGBOOST,0.2,1.0,0.0,0.6,0.05,66.5,1000000,UNSUPPORTED_WITHOUT_REPLAY,0.05,0.0,0.0,False
V3_CANDIDATE_DEVELOPMENT_ONLY_SURFACE,XGBOOST,0.2,1.0,0.0,0.6,0.05,66.5,1000000,UNSUPPORTED_WITHOUT_REPLAY,0.1,0.0,0.0,False
V3_CANDIDATE_DEVELOPMENT_ONLY_SURFACE,XGBOOST,0.2,1.0,0.0,0.6,0.05,66.5,1000000,UNSUPPORTED_WITHOUT_REPLAY,0.25,0.0,0.0,False
V3_CANDIDATE_DEVELOPMENT_ONLY_SURFACE,XGBOOST,0.2,1.0,0.0,0.6,0.05,77.5,1000000,UNSUPPORTED_WITHOUT_REPLAY,0.0,0.0,0.0,False
V3_CANDIDATE_DEVELOPMENT_ONLY_SURFACE,XGBOOST,0.2,1.0,0.0,0.6,0.05,77.5,1000000,UNSUPPORTED_WITHOUT_REPLAY,0.05,0.0,0.0,False
V3_CANDIDATE_DEVELOPMENT_ONLY_SURFACE,XGBOOST,0.2,1.0,0.0,0.6,0.05,77.5,1000000,UNSUPPORTED_WITHOUT_REPLAY,0.1,0.0,0.0,False
V3_CANDIDATE_DEVELOPMENT_ONLY_SURFACE,XGBOOST,0.2,1.0,0.0,0.6,0.05,77.5,1000000,UNSUPPORTED_WITHOUT_REPLAY,0.25,0.0,0.0,False
V3_CANDIDATE_DEVELOPMENT_ONLY_SURFACE,XGBOOST,0.2,1.0,0.0,0.6,0.1,59.5,1000000,UNSUPPORTED_WITHOUT_REPLAY,0.0,0.0,0.0,False
V3_CANDIDATE_DEVELOPMENT_ONLY_SURFACE,XGBOOST,0.2,1.0,0.0,0.6,0.1,59.5,1000000,UNSUPPORTED_WITHOUT_REPLAY,0.05,0.0,0.0,False
V3_CANDIDATE_DEVELOPMENT_ONLY_SURFACE,XGBOOST,0.2,1.0,0.0,0.6,0.1,59.5,1000000,UNSUPPORTED_WITHOUT_REPLAY,0.1,0.0,0.0,False
V3_CANDIDATE_DEVELOPMENT_ONLY_SURFACE,XGBOOST,0.2,1.0,0.0,0.6,0.1,59.5,1000000,UNSUPPORTED_WITHOUT_REPLAY,0.25,0.0,0.0,False
V3_CANDIDATE_DEVELOPMENT_ONLY_SURFACE,XGBOOST,0.2,1.0,0.0,0.6,0.1,66.5,1000000,UNSUPPORTED_WITHOUT_REPLAY,0.0,0.0,0.0,False
V3_CANDIDATE_DEVELOPMENT_ONLY_SURFACE,XGBOOST,0.2,1.0,0.0,0.6,0.1,66.5,1000000,UNSUPPORTED_WITHOUT_REPLAY,0.05,0.0,0.0,False
V3_CANDIDATE_DEVELOPMENT_ONLY_SURFACE,XGBOOST,0.2,1.0,0.0,0.6,0.1,66.5,1000000,UNSUPPORTED_WITHOUT_REPLAY,0.1,0.0,0.0,False
V3_CANDIDATE_DEVELOPMENT_ONLY_SURFACE,XGBOOST,0.2,1.0,0.0,0.6,0.1,66.5,1000000,UNSUPPORTED_WITHOUT_REPLAY,0.25,0.0,0.0,False
V3_CANDIDATE_DEVELOPMENT_ONLY_SURFACE,XGBOOST,0.2,1.0,0.0,0.6,0.1,77.5,1000000,UNSUPPORTED_WITHOUT_REPLAY,0.0,0.0,0.0,False
V3_CANDIDATE_DEVELOPMENT_ONLY_SURFACE,XGBOOST,0.2,1.0,0.0,0.6,0.1,77.5,1000000,UNSUPPORTED_WITHOUT_REPLAY,0.05,0.0,0.0,False
V3_CANDIDATE_DEVELOPMENT_ONLY_SURFACE,XGBOOST,0.2,1.0,0.0,0.6,0.1,77.5,1000000,UNSUPPORTED_WITHOUT_REPLAY,0.1,0.0,0.0,False
V3_CANDIDATE_DEVELOPMENT_ONLY_SURFACE,XGBOOST,0.2,1.0,0.0,0.6,0.1,77.5,1000000,UNSUPPORTED_WITHOUT_REPLAY,0.25,0.0,0.0,False
V3_CANDIDATE_DEVELOPMENT_ONLY_SURFACE,XGBOOST,0.2,1.0,0.0,0.8,0.0,59.5,1000000,UNSUPPORTED_WITHOUT_REPLAY,0.0,0.0,0.0,False
V3_CANDIDATE_DEVELOPMENT_ONLY_SURFACE,XGBOOST,0.2,1.0,0.0,0.8,0.0,59.5,1000000,UNSUPPORTED_WITHOUT_REPLAY,0.05,0.0,0.0,False
V3_CANDIDATE_DEVELOPMENT_ONLY_SURFACE,XGBOOST,0.2,1.0,0.0,0.8,0.0,59.5,1000000,UNSUPPORTED_WITHOUT_REPLAY,0.1,0.0,0.0,False
V3_CANDIDATE_DEVELOPMENT_ONLY_SURFACE,XGBOOST,0.2,1.0,0.0,0.8,0.0,59.5,1000000,UNSUPPORTED_WITHOUT_REPLAY,0.25,0.0,0.0,False
V3_CANDIDATE_DEVELOPMENT_ONLY_SURFACE,XGBOOST,0.2,1.0,0.0,0.8,0.0,66.5,1000000,UNSUPPORTED_WITHOUT_REPLAY,0.0,0.0,0.0,False
V3_CANDIDATE_DEVELOPMENT_ONLY_SURFACE,XGBOOST,0.2,1.0,0.0,0.8,0.0,66.5,1000000,UNSUPPORTED_WITHOUT_REPLAY,0.05,0.0,0.0,False
V3_CANDIDATE_DEVELOPMENT_ONLY_SURFACE,XGBOOST,0.2,1.0,0.0,0.8,0.0,66.5,1000000,UNSUPPORTED_WITHOUT_REPLAY,0.1,0.0,0.0,False
V3_CANDIDATE_DEVELOPMENT_ONLY_SURFACE,XGBOOST,0.2,1.0,0.0,0.8,0.0,66.5,1000000,UNSUPPORTED_WITHOUT_REPLAY,0.25,0.0,0.0,False
V3_CANDIDATE_DEVELOPMENT_ONLY_SURFACE,XGBOOST,0.2,1.0,0.0,0.8,0.0,77.5,1000000,UNSUPPORTED_WITHOUT_REPLAY,0.0,0.0,0.0,False
V3_CANDIDATE_DEVELOPMENT_ONLY_SURFACE,XGBOOST,0.2,1.0,0.0,0.8,0.0,77.5,1000000,UNSUPPORTED_WITHOUT_REPLAY,0.05,0.0,0.0,False
V3_CANDIDATE_DEVELOPMENT_ONLY_SURFACE,XGBOOST,0.2,1.0,0.0,0.8,0.0,77.5,1000000,UNSUPPORTED_WITHOUT_REPLAY,0.1,0.0,0.0,False
V3_CANDIDATE_DEVELOPMENT_ONLY_SURFACE,XGBOOST,0.2,1.0,0.0,0.8,0.0,77.5,1000000,UNSUPPORTED_WITHOUT_REPLAY,0.25,0.0,0.0,False
V3_CANDIDATE_DEVELOPMENT_ONLY_SURFACE,XGBOOST,0.2,1.0,0.0,0.8,0.05,59.5,1000000,UNSUPPORTED_WITHOUT_REPLAY,0.0,0.0,0.0,False
V3_CANDIDATE_DEVELOPMENT_ONLY_SURFACE,XGBOOST,0.2,1.0,0.0,0.8,0.05,59.5,1000000,UNSUPPORTED_WITHOUT_REPLAY,0.05,0.0,0.0,False
V3_CANDIDATE_DEVELOPMENT_ONLY_SURFACE,XGBOOST,0.2,1.0,0.0,0.8,0.05,59.5,1000000,UNSUPPORTED_WITHOUT_REPLAY,0.1,0.0,0.0,False
V3_CANDIDATE_DEVELOPMENT_ONLY_SURFACE,XGBOOST,0.2,1.0,0.0,0.8,0.05,59.5,1000000,UNSUPPORTED_WITHOUT_REPLAY,0.25,0.0,0.0,False
V3_CANDIDATE_DEVELOPMENT_ONLY_SURFACE,XGBOOST,0.2,1.0,0.0,0.8,0.05,66.5,1000000,UNSUPPORTED_WITHOUT_REPLAY,0.0,0.0,0.0,False
V3_CANDIDATE_DEVELOPMENT_ONLY_SURFACE,XGBOOST,0.2,1.0,0.0,0.8,0.05,66.5,1000000,UNSUPPORTED_WITHOUT_REPLAY,0.05,0.0,0.0,False
V3_CANDIDATE_DEVELOPMENT_ONLY_SURFACE,XGBOOST,0.2,1.0,0.0,0.8,0.05,66.5,1000000,UNSUPPORTED_WITHOUT_REPLAY,0.1,0.0,0.0,False
V3_CANDIDATE_DEVELOPMENT_ONLY_SURFACE,XGBOOST,0.2,1.0,0.0,0.8,0.05,66.5,1000000,UNSUPPORTED_WITHOUT_REPLAY,0.25,0.0,0.0,False
V3_CANDIDATE_DEVELOPMENT_ONLY_SURFACE,XGBOOST,0.2,1.0,0.0,0.8,0.05,77.5,1000000,UNSUPPORTED_WITHOUT_REPLAY,0.0,0.0,0.0,False
V3_CANDIDATE_DEVELOPMENT_ONLY_SURFACE,XGBOOST,0.2,1.0,0.0,0.8,0.05,77.5,1000000,UNSUPPORTED_WITHOUT_REPLAY,0.05,0.0,0.0,False
V3_CANDIDATE_DEVELOPMENT_ONLY_SURFACE,XGBOOST,0.2,1.0,0.0,0.8,0.05,77.5,1000000,UNSUPPORTED_WITHOUT_REPLAY,0.1,0.0,0.0,False
V3_CANDIDATE_DEVELOPMENT_ONLY_SURFACE,XGBOOST,0.2,1.0,0.0,0.8,0.05,77.5,1000000,UNSUPPORTED_WITHOUT_REPLAY,0.25,0.0,0.0,False
V3_CANDIDATE_DEVELOPMENT_ONLY_SURFACE,XGBOOST,0.2,1.0,0.0,0.8,0.1,59.5,1000000,UNSUPPORTED_WITHOUT_REPLAY,0.0,0.0,0.0,False
V3_CANDIDATE_DEVELOPMENT_ONLY_SURFACE,XGBOOST,0.2,1.0,0.0,0.8,0.1,59.5,1000000,UNSUPPORTED_WITHOUT_REPLAY,0.05,0.0,0.0,False
V3_CANDIDATE_DEVELOPMENT_ONLY_SURFACE,XGBOOST,0.2,1.0,0.0,0.8,0.1,59.5,1000000,UNSUPPORTED_WITHOUT_REPLAY,0.1,0.0,0.0,False
V3_CANDIDATE_DEVELOPMENT_ONLY_SURFACE,XGBOOST,0.2,1.0,0.0,0.8,0.1,59.5,1000000,UNSUPPORTED_WITHOUT_REPLAY,0.25,0.0,0.0,False
V3_CANDIDATE_DEVELOPMENT_ONLY_SURFACE,XGBOOST,0.2,1.0,0.0,0.8,0.1,66.5,1000000,UNSUPPORTED_WITHOUT_REPLAY,0.0,0.0,0.0,False
V3_CANDIDATE_DEVELOPMENT_ONLY_SURFACE,XGBOOST,0.2,1.0,0.0,0.8,0.1,66.5,1000000,UNSUPPORTED_WITHOUT_REPLAY,0.05,0.0,0.0,False
V3_CANDIDATE_DEVELOPMENT_ONLY_SURFACE,XGBOOST,0.2,1.0,0.0,0.8,0.1,66.5,1000000,UNSUPPORTED_WITHOUT_REPLAY,0.1,0.0,0.0,False
V3_CANDIDATE_DEVELOPMENT_ONLY_SURFACE,XGBOOST,0.2,1.0,0.0,0.8,0.1,66.5,1000000,UNSUPPORTED_WITHOUT_REPLAY,0.25,0.0,0.0,False
V3_CANDIDATE_DEVELOPMENT_ONLY_SURFACE,XGBOOST,0.2,1.0,0.0,0.8,0.1,77.5,1000000,UNSUPPORTED_WITHOUT_REPLAY,0.0,0.0,0.0,False
V3_CANDIDATE_DEVELOPMENT_ONLY_SURFACE,XGBOOST,0.2,1.0,0.0,0.8,0.1,77.5,1000000,UNSUPPORTED_WITHOUT_REPLAY,0.05,0.0,0.0,False
V3_CANDIDATE_DEVELOPMENT_ONLY_SURFACE,XGBOOST,0.2,1.0,0.0,0.8,0.1,77.5,1000000,UNSUPPORTED_WITHOUT_REPLAY,0.1,0.0,0.0,False
V3_CANDIDATE_DEVELOPMENT_ONLY_SURFACE,XGBOOST,0.2,1.0,0.0,0.8,0.1,77.5,1000000,UNSUPPORTED_WITHOUT_REPLAY,0.25,0.0,0.0,False
V3_CANDIDATE_DEVELOPMENT_ONLY_SURFACE,XGBOOST,0.2,1.0,0.25,0.0,0.0,59.5,1000000,UNSUPPORTED_WITHOUT_REPLAY,0.0,0.0,0.0,False
V3_CANDIDATE_DEVELOPMENT_ONLY_SURFACE,XGBOOST,0.2,1.0,0.25,0.0,0.0,59.5,1000000,UNSUPPORTED_WITHOUT_REPLAY,0.05,0.0,0.0,False
V3_CANDIDATE_DEVELOPMENT_ONLY_SURFACE,XGBOOST,0.2,1.0,0.25,0.0,0.0,59.5,1000000,UNSUPPORTED_WITHOUT_REPLAY,0.1,0.0,0.0,False
V3_CANDIDATE_DEVELOPMENT_ONLY_SURFACE,XGBOOST,0.2,1.0,0.25,0.0,0.0,59.5,1000000,UNSUPPORTED_WITHOUT_REPLAY,0.25,0.0,0.0,False
V3_CANDIDATE_DEVELOPMENT_ONLY_SURFACE,XGBOOST,0.2,1.0,0.25,0.0,0.0,66.5,1000000,UNSUPPORTED_WITHOUT_REPLAY,0.0,0.0,0.0,False
V3_CANDIDATE_DEVELOPMENT_ONLY_SURFACE,XGBOOST,0.2,1.0,0.25,0.0,0.0,66.5,1000000,UNSUPPORTED_WITHOUT_REPLAY,0.05,0.0,0.0,False
V3_CANDIDATE_DEVELOPMENT_ONLY_SURFACE,XGBOOST,0.2,1.0,0.25,0.0,0.0,66.5,1000000,UNSUPPORTED_WITHOUT_REPLAY,0.1,0.0,0.0,False
V3_CANDIDATE_DEVELOPMENT_ONLY_SURFACE,XGBOOST,0.2,1.0,0.25,0.0,0.0,66.5,1000000,UNSUPPORTED_WITHOUT_REPLAY,0.25,0.0,0.0,False
V3_CANDIDATE_DEVELOPMENT_ONLY_SURFACE,XGBOOST,0.2,1.0,0.25,0.0,0.0,77.5,1000000,UNSUPPORTED_WITHOUT_REPLAY,0.0,0.0,0.0,False
V3_CANDIDATE_DEVELOPMENT_ONLY_SURFACE,XGBOOST,0.2,1.0,0.25,0.0,0.0,77.5,1000000,UNSUPPORTED_WITHOUT_REPLAY,0.05,0.0,0.0,False
V3_CANDIDATE_DEVELOPMENT_ONLY_SURFACE,XGBOOST,0.2,1.0,0.25,0.0,0.0,77.5,1000000,UNSUPPORTED_WITHOUT_REPLAY,0.1,0.0,0.0,False
V3_CANDIDATE_DEVELOPMENT_ONLY_SURFACE,XGBOOST,0.2,1.0,0.25,0.0,0.0,77.5,1000000,UNSUPPORTED_WITHOUT_REPLAY,0.25,0.0,0.0,False
V3_CANDIDATE_DEVELOPMENT_ONLY_SURFACE,XGBOOST,0.2,1.0,0.25,0.0,0.05,59.5,1000000,UNSUPPORTED_WITHOUT_REPLAY,0.0,0.0,0.0,False
V3_CANDIDATE_DEVELOPMENT_ONLY_SURFACE,XGBOOST,0.2,1.0,0.25,0.0,0.05,59.5,1000000,UNSUPPORTED_WITHOUT_REPLAY,0.05,0.0,0.0,False
V3_CANDIDATE_DEVELOPMENT_ONLY_SURFACE,XGBOOST,0.2,1.0,0.25,0.0,0.05,59.5,1000000,UNSUPPORTED_WITHOUT_REPLAY,0.1,0.0,0.0,False
V3_CANDIDATE_DEVELOPMENT_ONLY_SURFACE,XGBOOST,0.2,1.0,0.25,0.0,0.05,59.5,1000000,UNSUPPORTED_WITHOUT_REPLAY,0.25,0.0,0.0,False
V3_CANDIDATE_DEVELOPMENT_ONLY_SURFACE,XGBOOST,0.2,1.0,0.25,0.0,0.05,66.5,1000000,UNSUPPORTED_WITHOUT_REPLAY,0.0,0.0,0.0,False
V3_CANDIDATE_DEVELOPMENT_ONLY_SURFACE,XGBOOST,0.2,1.0,0.25,0.0,0.05,66.5,1000000,UNSUPPORTED_WITHOUT_REPLAY,0.05,0.0,0.0,False
V3_CANDIDATE_DEVELOPMENT_ONLY_SURFACE,XGBOOST,0.2,1.0,0.25,0.0,0.05,66.5,1000000,UNSUPPORTED_WITHOUT_REPLAY,0.1,0.0,0.0,False
V3_CANDIDATE_DEVELOPMENT_ONLY_SURFACE,XGBOOST,0.2,1.0,0.25,0.0,0.05,66.5,1000000,UNSUPPORTED_WITHOUT_REPLAY,0.25,0.0,0.0,False
V3_CANDIDATE_DEVELOPMENT_ONLY_SURFACE,XGBOOST,0.2,1.0,0.25,0.0,0.05,77.5,1000000,UNSUPPORTED_WITHOUT_REPLAY,0.0,0.0,0.0,False
V3_CANDIDATE_DEVELOPMENT_ONLY_SURFACE,XGBOOST,0.2,1.0,0.25,0.0,0.05,77.5,1000000,UNSUPPORTED_WITHOUT_REPLAY,0.05,0.0,0.0,False
V3_CANDIDATE_DEVELOPMENT_ONLY_SURFACE,XGBOOST,0.2,1.0,0.25,0.0,0.05,77.5,1000000,UNSUPPORTED_WITHOUT_REPLAY,0.1,0.0,0.0,False
V3_CANDIDATE_DEVELOPMENT_ONLY_SURFACE,XGBOOST,0.2,1.0,0.25,0.0,0.05,77.5,1000000,UNSUPPORTED_WITHOUT_REPLAY,0.25,0.0,0.0,False
V3_CANDIDATE_DEVELOPMENT_ONLY_SURFACE,XGBOOST,0.2,1.0,0.25,0.0,0.1,59.5,1000000,UNSUPPORTED_WITHOUT_REPLAY,0.0,0.0,0.0,False
V3_CANDIDATE_DEVELOPMENT_ONLY_SURFACE,XGBOOST,0.2,1.0,0.25,0.0,0.1,59.5,1000000,UNSUPPORTED_WITHOUT_REPLAY,0.05,0.0,0.0,False
V3_CANDIDATE_DEVELOPMENT_ONLY_SURFACE,XGBOOST,0.2,1.0,0.25,0.0,0.1,59.5,1000000,UNSUPPORTED_WITHOUT_REPLAY,0.1,0.0,0.0,False
V3_CANDIDATE_DEVELOPMENT_ONLY_SURFACE,XGBOOST,0.2,1.0,0.25,0.0,0.1,59.5,1000000,UNSUPPORTED_WITHOUT_REPLAY,0.25,0.0,0.0,False
V3_CANDIDATE_DEVELOPMENT_ONLY_SURFACE,XGBOOST,0.2,1.0,0.25,0.0,0.1,66.5,1000000,UNSUPPORTED_WITHOUT_REPLAY,0.0,0.0,0.0,False
V3_CANDIDATE_DEVELOPMENT_ONLY_SURFACE,XGBOOST,0.2,1.0,0.25,0.0,0.1,66.5,1000000,UNSUPPORTED_WITHOUT_REPLAY,0.05,0.0,0.0,False
V3_CANDIDATE_DEVELOPMENT_ONLY_SURFACE,XGBOOST,0.2,1.0,0.25,0.0,0.1,66.5,1000000,UNSUPPORTED_WITHOUT_REPLAY,0.1,0.0,0.0,False
V3_CANDIDATE_DEVELOPMENT_ONLY_SURFACE,XGBOOST,0.2,1.0,0.25,0.0,0.1,66.5,1000000,UNSUPPORTED_WITHOUT_REPLAY,0.25,0.0,0.0,False
V3_CANDIDATE_DEVELOPMENT_ONLY_SURFACE,XGBOOST,0.2,1.0,0.25,0.0,0.1,77.5,1000000,UNSUPPORTED_WITHOUT_REPLAY,0.0,0.0,0.0,False
V3_CANDIDATE_DEVELOPMENT_ONLY_SURFACE,XGBOOST,0.2,1.0,0.25,0.0,0.1,77.5,1000000,UNSUPPORTED_WITHOUT_REPLAY,0.05,0.0,0.0,False
V3_CANDIDATE_DEVELOPMENT_ONLY_SURFACE,XGBOOST,0.2,1.0,0.25,0.0,0.1,77.5,1000000,UNSUPPORTED_WITHOUT_REPLAY,0.1,0.0,0.0,False
V3_CANDIDATE_DEVELOPMENT_ONLY_SURFACE,XGBOOST,0.2,1.0,0.25,0.0,0.1,77.5,1000000,UNSUPPORTED_WITHOUT_REPLAY,0.25,0.0,0.0,False
V3_CANDIDATE_DEVELOPMENT_ONLY_SURFACE,XGBOOST,0.2,1.0,0.25,0.4,0.0,59.5,1000000,UNSUPPORTED_WITHOUT_REPLAY,0.0,0.0,0.0,False
V3_CANDIDATE_DEVELOPMENT_ONLY_SURFACE,XGBOOST,0.2,1.0,0.25,0.4,0.0,59.5,1000000,UNSUPPORTED_WITHOUT_REPLAY,0.05,0.0,0.0,False
V3_CANDIDATE_DEVELOPMENT_ONLY_SURFACE,XGBOOST,0.2,1.0,0.25,0.4,0.0,59.5,1000000,UNSUPPORTED_WITHOUT_REPLAY,0.1,0.0,0.0,False
V3_CANDIDATE_DEVELOPMENT_ONLY_SURFACE,XGBOOST,0.2,1.0,0.25,0.4,0.0,59.5,1000000,UNSUPPORTED_WITHOUT_REPLAY,0.25,0.0,0.0,False
V3_CANDIDATE_DEVELOPMENT_ONLY_SURFACE,XGBOOST,0.2,1.0,0.25,0.4,0.0,66.5,1000000,UNSUPPORTED_WITHOUT_REPLAY,0.0,0.0,0.0,False
V3_CANDIDATE_DEVELOPMENT_ONLY_SURFACE,XGBOOST,0.2,1.0,0.25,0.4,0.0,66.5,1000000,UNSUPPORTED_WITHOUT_REPLAY,0.05,0.0,0.0,False
V3_CANDIDATE_DEVELOPMENT_ONLY_SURFACE,XGBOOST,0.2,1.0,0.25,0.4,0.0,66.5,1000000,UNSUPPORTED_WITHOUT_REPLAY,0.1,0.0,0.0,False
V3_CANDIDATE_DEVELOPMENT_ONLY_SURFACE,XGBOOST,0.2,1.0,0.25,0.4,0.0,66.5,1000000,UNSUPPORTED_WITHOUT_REPLAY,0.25,0.0,0.0,False
V3_CANDIDATE_DEVELOPMENT_ONLY_SURFACE,XGBOOST,0.2,1.0,0.25,0.4,0.0,77.5,1000000,UNSUPPORTED_WITHOUT_REPLAY,0.0,0.0,0.0,False
V3_CANDIDATE_DEVELOPMENT_ONLY_SURFACE,XGBOOST,0.2,1.0,0.25,0.4,0.0,77.5,1000000,UNSUPPORTED_WITHOUT_REPLAY,0.05,0.0,0.0,False
V3_CANDIDATE_DEVELOPMENT_ONLY_SURFACE,XGBOOST,0.2,1.0,0.25,0.4,0.0,77.5,1000000,UNSUPPORTED_WITHOUT_REPLAY,0.1,0.0,0.0,False
V3_CANDIDATE_DEVELOPMENT_ONLY_SURFACE,XGBOOST,0.2,1.0,0.25,0.4,0.0,77.5,1000000,UNSUPPORTED_WITHOUT_REPLAY,0.25,0.0,0.0,False
V3_CANDIDATE_DEVELOPMENT_ONLY_SURFACE,XGBOOST,0.2,1.0,0.25,0.4,0.05,59.5,1000000,UNSUPPORTED_WITHOUT_REPLAY,0.0,0.0,0.0,False
V3_CANDIDATE_DEVELOPMENT_ONLY_SURFACE,XGBOOST,0.2,1.0,0.25,0.4,0.05,59.5,1000000,UNSUPPORTED_WITHOUT_REPLAY,0.05,0.0,0.0,False
V3_CANDIDATE_DEVELOPMENT_ONLY_SURFACE,XGBOOST,0.2,1.0,0.25,0.4,0.05,59.5,1000000,UNSUPPORTED_WITHOUT_REPLAY,0.1,0.0,0.0,False
V3_CANDIDATE_DEVELOPMENT_ONLY_SURFACE,XGBOOST,0.2,1.0,0.25,0.4,0.05,59.5,1000000,UNSUPPORTED_WITHOUT_REPLAY,0.25,0.0,0.0,False
V3_CANDIDATE_DEVELOPMENT_ONLY_SURFACE,XGBOOST,0.2,1.0,0.25,0.4,0.05,66.5,1000000,UNSUPPORTED_WITHOUT_REPLAY,0.0,0.0,0.0,False
V3_CANDIDATE_DEVELOPMENT_ONLY_SURFACE,XGBOOST,0.2,1.0,0.25,0.4,0.05,66.5,1000000,UNSUPPORTED_WITHOUT_REPLAY,0.05,0.0,0.0,False
V3_CANDIDATE_DEVELOPMENT_ONLY_SURFACE,XGBOOST,0.2,1.0,0.25,0.4,0.05,66.5,1000000,UNSUPPORTED_WITHOUT_REPLAY,0.1,0.0,0.0,False
V3_CANDIDATE_DEVELOPMENT_ONLY_SURFACE,XGBOOST,0.2,1.0,0.25,0.4,0.05,66.5,1000000,UNSUPPORTED_WITHOUT_REPLAY,0.25,0.0,0.0,False
V3_CANDIDATE_DEVELOPMENT_ONLY_SURFACE,XGBOOST,0.2,1.0,0.25,0.4,0.05,77.5,1000000,UNSUPPORTED_WITHOUT_REPLAY,0.0,0.0,0.0,False
V3_CANDIDATE_DEVELOPMENT_ONLY_SURFACE,XGBOOST,0.2,1.0,0.25,0.4,0.05,77.5,1000000,UNSUPPORTED_WITHOUT_REPLAY,0.05,0.0,0.0,False
V3_CANDIDATE_DEVELOPMENT_ONLY_SURFACE,XGBOOST,0.2,1.0,0.25,0.4,0.05,77.5,1000000,UNSUPPORTED_WITHOUT_REPLAY,0.1,0.0,0.0,False
V3_CANDIDATE_DEVELOPMENT_ONLY_SURFACE,XGBOOST,0.2,1.0,0.25,0.4,0.05,77.5,1000000,UNSUPPORTED_WITHOUT_REPLAY,0.25,0.0,0.0,False
V3_CANDIDATE_DEVELOPMENT_ONLY_SURFACE,XGBOOST,0.2,1.0,0.25,0.4,0.1,59.5,1000000,UNSUPPORTED_WITHOUT_REPLAY,0.0,0.0,0.0,False
V3_CANDIDATE_DEVELOPMENT_ONLY_SURFACE,XGBOOST,0.2,1.0,0.25,0.4,0.1,59.5,1000000,UNSUPPORTED_WITHOUT_REPLAY,0.05,0.0,0.0,False
V3_CANDIDATE_DEVELOPMENT_ONLY_SURFACE,XGBOOST,0.2,1.0,0.25,0.4,0.1,59.5,1000000,UNSUPPORTED_WITHOUT_REPLAY,0.1,0.0,0.0,False
V3_CANDIDATE_DEVELOPMENT_ONLY_SURFACE,XGBOOST,0.2,1.0,0.25,0.4,0.1,59.5,1000000,UNSUPPORTED_WITHOUT_REPLAY,0.25,0.0,0.0,False
V3_CANDIDATE_DEVELOPMENT_ONLY_SURFACE,XGBOOST,0.2,1.0,0.25,0.4,0.1,66.5,1000000,UNSUPPORTED_WITHOUT_REPLAY,0.0,0.0,0.0,False
V3_CANDIDATE_DEVELOPMENT_ONLY_SURFACE,XGBOOST,0.2,1.0,0.25,0.4,0.1,66.5,1000000,UNSUPPORTED_WITHOUT_REPLAY,0.05,0.0,0.0,False
V3_CANDIDATE_DEVELOPMENT_ONLY_SURFACE,XGBOOST,0.2,1.0,0.25,0.4,0.1,66.5,1000000,UNSUPPORTED_WITHOUT_REPLAY,0.1,0.0,0.0,False
V3_CANDIDATE_DEVELOPMENT_ONLY_SURFACE,XGBOOST,0.2,1.0,0.25,0.4,0.1,66.5,1000000,UNSUPPORTED_WITHOUT_REPLAY,0.25,0.0,0.0,False
V3_CANDIDATE_DEVELOPMENT_ONLY_SURFACE,XGBOOST,0.2,1.0,0.25,0.4,0.1,77.5,1000000,UNSUPPORTED_WITHOUT_REPLAY,0.0,0.0,0.0,False
V3_CANDIDATE_DEVELOPMENT_ONLY_SURFACE,XGBOOST,0.2,1.0,0.25,0.4,0.1,77.5,1000000,UNSUPPORTED_WITHOUT_REPLAY,0.05,0.0,0.0,False
V3_CANDIDATE_DEVELOPMENT_ONLY_SURFACE,XGBOOST,0.2,1.0,0.25,0.4,0.1,77.5,1000000,UNSUPPORTED_WITHOUT_REPLAY,0.1,0.0,0.0,False
V3_CANDIDATE_DEVELOPMENT_ONLY_SURFACE,XGBOOST,0.2,1.0,0.25,0.4,0.1,77.5,1000000,UNSUPPORTED_WITHOUT_REPLAY,0.25,0.0,0.0,False
V3_CANDIDATE_DEVELOPMENT_ONLY_SURFACE,XGBOOST,0.2,1.0,0.25,0.6,0.0,59.5,1000000,UNSUPPORTED_WITHOUT_REPLAY,0.0,0.0,0.0,False
V3_CANDIDATE_DEVELOPMENT_ONLY_SURFACE,XGBOOST,0.2,1.0,0.25,0.6,0.0,59.5,1000000,UNSUPPORTED_WITHOUT_REPLAY,0.05,0.0,0.0,False
V3_CANDIDATE_DEVELOPMENT_ONLY_SURFACE,XGBOOST,0.2,1.0,0.25,0.6,0.0,59.5,1000000,UNSUPPORTED_WITHOUT_REPLAY,0.1,0.0,0.0,False
V3_CANDIDATE_DEVELOPMENT_ONLY_SURFACE,XGBOOST,0.2,1.0,0.25,0.6,0.0,59.5,1000000,UNSUPPORTED_WITHOUT_REPLAY,0.25,0.0,0.0,False
V3_CANDIDATE_DEVELOPMENT_ONLY_SURFACE,XGBOOST,0.2,1.0,0.25,0.6,0.0,66.5,1000000,UNSUPPORTED_WITHOUT_REPLAY,0.0,0.0,0.0,False
V3_CANDIDATE_DEVELOPMENT_ONLY_SURFACE,XGBOOST,0.2,1.0,0.25,0.6,0.0,66.5,1000000,UNSUPPORTED_WITHOUT_REPLAY,0.05,0.0,0.0,False
V3_CANDIDATE_DEVELOPMENT_ONLY_SURFACE,XGBOOST,0.2,1.0,0.25,0.6,0.0,66.5,1000000,UNSUPPORTED_WITHOUT_REPLAY,0.1,0.0,0.0,False
V3_CANDIDATE_DEVELOPMENT_ONLY_SURFACE,XGBOOST,0.2,1.0,0.25,0.6,0.0,66.5,1000000,UNSUPPORTED_WITHOUT_REPLAY,0.25,0.0,0.0,False
V3_CANDIDATE_DEVELOPMENT_ONLY_SURFACE,XGBOOST,0.2,1.0,0.25,0.6,0.0,77.5,1000000,UNSUPPORTED_WITHOUT_REPLAY,0.0,0.0,0.0,False
V3_CANDIDATE_DEVELOPMENT_ONLY_SURFACE,XGBOOST,0.2,1.0,0.25,0.6,0.0,77.5,1000000,UNSUPPORTED_WITHOUT_REPLAY,0.05,0.0,0.0,False
V3_CANDIDATE_DEVELOPMENT_ONLY_SURFACE,XGBOOST,0.2,1.0,0.25,0.6,0.0,77.5,1000000,UNSUPPORTED_WITHOUT_REPLAY,0.1,0.0,0.0,False
V3_CANDIDATE_DEVELOPMENT_ONLY_SURFACE,XGBOOST,0.2,1.0,0.25,0.6,0.0,77.5,1000000,UNSUPPORTED_WITHOUT_REPLAY,0.25,0.0,0.0,False
V3_CANDIDATE_DEVELOPMENT_ONLY_SURFACE,XGBOOST,0.2,1.0,0.25,0.6,0.05,59.5,1000000,UNSUPPORTED_WITHOUT_REPLAY,0.0,0.0,0.0,False
V3_CANDIDATE_DEVELOPMENT_ONLY_SURFACE,XGBOOST,0.2,1.0,0.25,0.6,0.05,59.5,1000000,UNSUPPORTED_WITHOUT_REPLAY,0.05,0.0,0.0,False
V3_CANDIDATE_DEVELOPMENT_ONLY_SURFACE,XGBOOST,0.2,1.0,0.25,0.6,0.05,59.5,1000000,UNSUPPORTED_WITHOUT_REPLAY,0.1,0.0,0.0,False
V3_CANDIDATE_DEVELOPMENT_ONLY_SURFACE,XGBOOST,0.2,1.0,0.25,0.6,0.05,59.5,1000000,UNSUPPORTED_WITHOUT_REPLAY,0.25,0.0,0.0,False
V3_CANDIDATE_DEVELOPMENT_ONLY_SURFACE,XGBOOST,0.2,1.0,0.25,0.6,0.05,66.5,1000000,UNSUPPORTED_WITHOUT_REPLAY,0.0,0.0,0.0,False
V3_CANDIDATE_DEVELOPMENT_ONLY_SURFACE,XGBOOST,0.2,1.0,0.25,0.6,0.05,66.5,1000000,UNSUPPORTED_WITHOUT_REPLAY,0.05,0.0,0.0,False
V3_CANDIDATE_DEVELOPMENT_ONLY_SURFACE,XGBOOST,0.2,1.0,0.25,0.6,0.05,66.5,1000000,UNSUPPORTED_WITHOUT_REPLAY,0.1,0.0,0.0,False
V3_CANDIDATE_DEVELOPMENT_ONLY_SURFACE,XGBOOST,0.2,1.0,0.25,0.6,0.05,66.5,1000000,UNSUPPORTED_WITHOUT_REPLAY,0.25,0.0,0.0,False
V3_CANDIDATE_DEVELOPMENT_ONLY_SURFACE,XGBOOST,0.2,1.0,0.25,0.6,0.05,77.5,1000000,UNSUPPORTED_WITHOUT_REPLAY,0.0,0.0,0.0,False
V3_CANDIDATE_DEVELOPMENT_ONLY_SURFACE,XGBOOST,0.2,1.0,0.25,0.6,0.05,77.5,1000000,UNSUPPORTED_WITHOUT_REPLAY,0.05,0.0,0.0,False
V3_CANDIDATE_DEVELOPMENT_ONLY_SURFACE,XGBOOST,0.2,1.0,0.25,0.6,0.05,77.5,1000000,UNSUPPORTED_WITHOUT_REPLAY,0.1,0.0,0.0,False
V3_CANDIDATE_DEVELOPMENT_ONLY_SURFACE,XGBOOST,0.2,1.0,0.25,0.6,0.05,77.5,1000000,UNSUPPORTED_WITHOUT_REPLAY,0.25,0.0,0.0,False
V3_CANDIDATE_DEVELOPMENT_ONLY_SURFACE,XGBOOST,0.2,1.0,0.25,0.6,0.1,59.5,1000000,UNSUPPORTED_WITHOUT_REPLAY,0.0,0.0,0.0,False
V3_CANDIDATE_DEVELOPMENT_ONLY_SURFACE,XGBOOST,0.2,1.0,0.25,0.6,0.1,59.5,1000000,UNSUPPORTED_WITHOUT_REPLAY,0.05,0.0,0.0,False
V3_CANDIDATE_DEVELOPMENT_ONLY_SURFACE,XGBOOST,0.2,1.0,0.25,0.6,0.1,59.5,1000000,UNSUPPORTED_WITHOUT_REPLAY,0.1,0.0,0.0,False
V3_CANDIDATE_DEVELOPMENT_ONLY_SURFACE,XGBOOST,0.2,1.0,0.25,0.6,0.1,59.5,1000000,UNSUPPORTED_WITHOUT_REPLAY,0.25,0.0,0.0,False
V3_CANDIDATE_DEVELOPMENT_ONLY_SURFACE,XGBOOST,0.2,1.0,0.25,0.6,0.1,66.5,1000000,UNSUPPORTED_WITHOUT_REPLAY,0.0,0.0,0.0,False
V3_CANDIDATE_DEVELOPMENT_ONLY_SURFACE,XGBOOST,0.2,1.0,0.25,0.6,0.1,66.5,1000000,UNSUPPORTED_WITHOUT_REPLAY,0.05,0.0,0.0,False
V3_CANDIDATE_DEVELOPMENT_ONLY_SURFACE,XGBOOST,0.2,1.0,0.25,0.6,0.1,66.5,1000000,UNSUPPORTED_WITHOUT_REPLAY,0.1,0.0,0.0,False
V3_CANDIDATE_DEVELOPMENT_ONLY_SURFACE,XGBOOST,0.2,1.0,0.25,0.6,0.1,66.5,1000000,UNSUPPORTED_WITHOUT_REPLAY,0.25,0.0,0.0,False
V3_CANDIDATE_DEVELOPMENT_ONLY_SURFACE,XGBOOST,0.2,1.0,0.25,0.6,0.1,77.5,1000000,UNSUPPORTED_WITHOUT_REPLAY,0.0,0.0,0.0,False
V3_CANDIDATE_DEVELOPMENT_ONLY_SURFACE,XGBOOST,0.2,1.0,0.25,0.6,0.1,77.5,1000000,UNSUPPORTED_WITHOUT_REPLAY,0.05,0.0,0.0,False
V3_CANDIDATE_DEVELOPMENT_ONLY_SURFACE,XGBOOST,0.2,1.0,0.25,0.6,0.1,77.5,1000000,UNSUPPORTED_WITHOUT_REPLAY,0.1,0.0,0.0,False
V3_CANDIDATE_DEVELOPMENT_ONLY_SURFACE,XGBOOST,0.2,1.0,0.25,0.6,0.1,77.5,1000000,UNSUPPORTED_WITHOUT_REPLAY,0.25,0.0,0.0,False
V3_CANDIDATE_DEVELOPMENT_ONLY_SURFACE,XGBOOST,0.2,1.0,0.25,0.8,0.0,59.5,1000000,UNSUPPORTED_WITHOUT_REPLAY,0.0,0.0,0.0,False
V3_CANDIDATE_DEVELOPMENT_ONLY_SURFACE,XGBOOST,0.2,1.0,0.25,0.8,0.0,59.5,1000000,UNSUPPORTED_WITHOUT_REPLAY,0.05,0.0,0.0,False
V3_CANDIDATE_DEVELOPMENT_ONLY_SURFACE,XGBOOST,0.2,1.0,0.25,0.8,0.0,59.5,1000000,UNSUPPORTED_WITHOUT_REPLAY,0.1,0.0,0.0,False
V3_CANDIDATE_DEVELOPMENT_ONLY_SURFACE,XGBOOST,0.2,1.0,0.25,0.8,0.0,59.5,1000000,UNSUPPORTED_WITHOUT_REPLAY,0.25,0.0,0.0,False
V3_CANDIDATE_DEVELOPMENT_ONLY_SURFACE,XGBOOST,0.2,1.0,0.25,0.8,0.0,66.5,1000000,UNSUPPORTED_WITHOUT_REPLAY,0.0,0.0,0.0,False
V3_CANDIDATE_DEVELOPMENT_ONLY_SURFACE,XGBOOST,0.2,1.0,0.25,0.8,0.0,66.5,1000000,UNSUPPORTED_WITHOUT_REPLAY,0.05,0.0,0.0,False
V3_CANDIDATE_DEVELOPMENT_ONLY_SURFACE,XGBOOST,0.2,1.0,0.25,0.8,0.0,66.5,1000000,UNSUPPORTED_WITHOUT_REPLAY,0.1,0.0,0.0,False
V3_CANDIDATE_DEVELOPMENT_ONLY_SURFACE,XGBOOST,0.2,1.0,0.25,0.8,0.0,66.5,1000000,UNSUPPORTED_WITHOUT_REPLAY,0.25,0.0,0.0,False
V3_CANDIDATE_DEVELOPMENT_ONLY_SURFACE,XGBOOST,0.2,1.0,0.25,0.8,0.0,77.5,1000000,UNSUPPORTED_WITHOUT_REPLAY,0.0,0.0,0.0,False
V3_CANDIDATE_DEVELOPMENT_ONLY_SURFACE,XGBOOST,0.2,1.0,0.25,0.8,0.0,77.5,1000000,UNSUPPORTED_WITHOUT_REPLAY,0.05,0.0,0.0,False
V3_CANDIDATE_DEVELOPMENT_ONLY_SURFACE,XGBOOST,0.2,1.0,0.25,0.8,0.0,77.5,1000000,UNSUPPORTED_WITHOUT_REPLAY,0.1,0.0,0.0,False
V3_CANDIDATE_DEVELOPMENT_ONLY_SURFACE,XGBOOST,0.2,1.0,0.25,0.8,0.0,77.5,1000000,UNSUPPORTED_WITHOUT_REPLAY,0.25,0.0,0.0,False
V3_CANDIDATE_DEVELOPMENT_ONLY_SURFACE,XGBOOST,0.2,1.0,0.25,0.8,0.05,59.5,1000000,UNSUPPORTED_WITHOUT_REPLAY,0.0,0.0,0.0,False
V3_CANDIDATE_DEVELOPMENT_ONLY_SURFACE,XGBOOST,0.2,1.0,0.25,0.8,0.05,59.5,1000000,UNSUPPORTED_WITHOUT_REPLAY,0.05,0.0,0.0,False
V3_CANDIDATE_DEVELOPMENT_ONLY_SURFACE,XGBOOST,0.2,1.0,0.25,0.8,0.05,59.5,1000000,UNSUPPORTED_WITHOUT_REPLAY,0.1,0.0,0.0,False
V3_CANDIDATE_DEVELOPMENT_ONLY_SURFACE,XGBOOST,0.2,1.0,0.25,0.8,0.05,59.5,1000000,UNSUPPORTED_WITHOUT_REPLAY,0.25,0.0,0.0,False
V3_CANDIDATE_DEVELOPMENT_ONLY_SURFACE,XGBOOST,0.2,1.0,0.25,0.8,0.05,66.5,1000000,UNSUPPORTED_WITHOUT_REPLAY,0.0,0.0,0.0,False
V3_CANDIDATE_DEVELOPMENT_ONLY_SURFACE,XGBOOST,0.2,1.0,0.25,0.8,0.05,66.5,1000000,UNSUPPORTED_WITHOUT_REPLAY,0.05,0.0,0.0,False
V3_CANDIDATE_DEVELOPMENT_ONLY_SURFACE,XGBOOST,0.2,1.0,0.25,0.8,0.05,66.5,1000000,UNSUPPORTED_WITHOUT_REPLAY,0.1,0.0,0.0,False
V3_CANDIDATE_DEVELOPMENT_ONLY_SURFACE,XGBOOST,0.2,1.0,0.25,0.8,0.05,66.5,1000000,UNSUPPORTED_WITHOUT_REPLAY,0.25,0.0,0.0,False
V3_CANDIDATE_DEVELOPMENT_ONLY_SURFACE,XGBOOST,0.2,1.0,0.25,0.8,0.05,77.5,1000000,UNSUPPORTED_WITHOUT_REPLAY,0.0,0.0,0.0,False
V3_CANDIDATE_DEVELOPMENT_ONLY_SURFACE,XGBOOST,0.2,1.0,0.25,0.8,0.05,77.5,1000000,UNSUPPORTED_WITHOUT_REPLAY,0.05,0.0,0.0,False
V3_CANDIDATE_DEVELOPMENT_ONLY_SURFACE,XGBOOST,0.2,1.0,0.25,0.8,0.05,77.5,1000000,UNSUPPORTED_WITHOUT_REPLAY,0.1,0.0,0.0,False
V3_CANDIDATE_DEVELOPMENT_ONLY_SURFACE,XGBOOST,0.2,1.0,0.25,0.8,0.05,77.5,1000000,UNSUPPORTED_WITHOUT_REPLAY,0.25,0.0,0.0,False
V3_CANDIDATE_DEVELOPMENT_ONLY_SURFACE,XGBOOST,0.2,1.0,0.25,0.8,0.1,59.5,1000000,UNSUPPORTED_WITHOUT_REPLAY,0.0,0.0,0.0,False
V3_CANDIDATE_DEVELOPMENT_ONLY_SURFACE,XGBOOST,0.2,1.0,0.25,0.8,0.1,59.5,1000000,UNSUPPORTED_WITHOUT_REPLAY,0.05,0.0,0.0,False
V3_CANDIDATE_DEVELOPMENT_ONLY_SURFACE,XGBOOST,0.2,1.0,0.25,0.8,0.1,59.5,1000000,UNSUPPORTED_WITHOUT_REPLAY,0.1,0.0,0.0,False
V3_CANDIDATE_DEVELOPMENT_ONLY_SURFACE,XGBOOST,0.2,1.0,0.25,0.8,0.1,59.5,1000000,UNSUPPORTED_WITHOUT_REPLAY,0.25,0.0,0.0,False
V3_CANDIDATE_DEVELOPMENT_ONLY_SURFACE,XGBOOST,0.2,1.0,0.25,0.8,0.1,66.5,1000000,UNSUPPORTED_WITHOUT_REPLAY,0.0,0.0,0.0,False
V3_CANDIDATE_DEVELOPMENT_ONLY_SURFACE,XGBOOST,0.2,1.0,0.25,0.8,0.1,66.5,1000000,UNSUPPORTED_WITHOUT_REPLAY,0.05,0.0,0.0,False
V3_CANDIDATE_DEVELOPMENT_ONLY_SURFACE,XGBOOST,0.2,1.0,0.25,0.8,0.1,66.5,1000000,UNSUPPORTED_WITHOUT_REPLAY,0.1,0.0,0.0,False
V3_CANDIDATE_DEVELOPMENT_ONLY_SURFACE,XGBOOST,0.2,1.0,0.25,0.8,0.1,66.5,1000000,UNSUPPORTED_WITHOUT_REPLAY,0.25,0.0,0.0,False
V3_CANDIDATE_DEVELOPMENT_ONLY_SURFACE,XGBOOST,0.2,1.0,0.25,0.8,0.1,77.5,1000000,UNSUPPORTED_WITHOUT_REPLAY,0.0,0.0,0.0,False
V3_CANDIDATE_DEVELOPMENT_ONLY_SURFACE,XGBOOST,0.2,1.0,0.25,0.8,0.1,77.5,1000000,UNSUPPORTED_WITHOUT_REPLAY,0.05,0.0,0.0,False
V3_CANDIDATE_DEVELOPMENT_ONLY_SURFACE,XGBOOST,0.2,1.0,0.25,0.8,0.1,77.5,1000000,UNSUPPORTED_WITHOUT_REPLAY,0.1,0.0,0.0,False
V3_CANDIDATE_DEVELOPMENT_ONLY_SURFACE,XGBOOST,0.2,1.0,0.25,0.8,0.1,77.5,1000000,UNSUPPORTED_WITHOUT_REPLAY,0.25,0.0,0.0,False
V3_CANDIDATE_DEVELOPMENT_ONLY_SURFACE,XGBOOST,0.2,1.0,0.5,0.0,0.0,59.5,1000000,UNSUPPORTED_WITHOUT_REPLAY,0.0,0.0,0.0,False
V3_CANDIDATE_DEVELOPMENT_ONLY_SURFACE,XGBOOST,0.2,1.0,0.5,0.0,0.0,59.5,1000000,UNSUPPORTED_WITHOUT_REPLAY,0.05,0.0,0.0,False
V3_CANDIDATE_DEVELOPMENT_ONLY_SURFACE,XGBOOST,0.2,1.0,0.5,0.0,0.0,59.5,1000000,UNSUPPORTED_WITHOUT_REPLAY,0.1,0.0,0.0,False
V3_CANDIDATE_DEVELOPMENT_ONLY_SURFACE,XGBOOST,0.2,1.0,0.5,0.0,0.0,59.5,1000000,UNSUPPORTED_WITHOUT_REPLAY,0.25,0.0,0.0,False
V3_CANDIDATE_DEVELOPMENT_ONLY_SURFACE,XGBOOST,0.2,1.0,0.5,0.0,0.0,66.5,1000000,UNSUPPORTED_WITHOUT_REPLAY,0.0,0.0,0.0,False
V3_CANDIDATE_DEVELOPMENT_ONLY_SURFACE,XGBOOST,0.2,1.0,0.5,0.0,0.0,66.5,1000000,UNSUPPORTED_WITHOUT_REPLAY,0.05,0.0,0.0,False
V3_CANDIDATE_DEVELOPMENT_ONLY_SURFACE,XGBOOST,0.2,1.0,0.5,0.0,0.0,66.5,1000000,UNSUPPORTED_WITHOUT_REPLAY,0.1,0.0,0.0,False
V3_CANDIDATE_DEVELOPMENT_ONLY_SURFACE,XGBOOST,0.2,1.0,0.5,0.0,0.0,66.5,1000000,UNSUPPORTED_WITHOUT_REPLAY,0.25,0.0,0.0,False
V3_CANDIDATE_DEVELOPMENT_ONLY_SURFACE,XGBOOST,0.2,1.0,0.5,0.0,0.0,77.5,1000000,UNSUPPORTED_WITHOUT_REPLAY,0.0,0.0,0.0,False
V3_CANDIDATE_DEVELOPMENT_ONLY_SURFACE,XGBOOST,0.2,1.0,0.5,0.0,0.0,77.5,1000000,UNSUPPORTED_WITHOUT_REPLAY,0.05,0.0,0.0,False
V3_CANDIDATE_DEVELOPMENT_ONLY_SURFACE,XGBOOST,0.2,1.0,0.5,0.0,0.0,77.5,1000000,UNSUPPORTED_WITHOUT_REPLAY,0.1,0.0,0.0,False
V3_CANDIDATE_DEVELOPMENT_ONLY_SURFACE,XGBOOST,0.2,1.0,0.5,0.0,0.0,77.5,1000000,UNSUPPORTED_WITHOUT_REPLAY,0.25,0.0,0.0,False
V3_CANDIDATE_DEVELOPMENT_ONLY_SURFACE,XGBOOST,0.2,1.0,0.5,0.0,0.05,59.5,1000000,UNSUPPORTED_WITHOUT_REPLAY,0.0,0.0,0.0,False
V3_CANDIDATE_DEVELOPMENT_ONLY_SURFACE,XGBOOST,0.2,1.0,0.5,0.0,0.05,59.5,1000000,UNSUPPORTED_WITHOUT_REPLAY,0.05,0.0,0.0,False
V3_CANDIDATE_DEVELOPMENT_ONLY_SURFACE,XGBOOST,0.2,1.0,0.5,0.0,0.05,59.5,1000000,UNSUPPORTED_WITHOUT_REPLAY,0.1,0.0,0.0,False
V3_CANDIDATE_DEVELOPMENT_ONLY_SURFACE,XGBOOST,0.2,1.0,0.5,0.0,0.05,59.5,1000000,UNSUPPORTED_WITHOUT_REPLAY,0.25,0.0,0.0,False
V3_CANDIDATE_DEVELOPMENT_ONLY_SURFACE,XGBOOST,0.2,1.0,0.5,0.0,0.05,66.5,1000000,UNSUPPORTED_WITHOUT_REPLAY,0.0,0.0,0.0,False
V3_CANDIDATE_DEVELOPMENT_ONLY_SURFACE,XGBOOST,0.2,1.0,0.5,0.0,0.05,66.5,1000000,UNSUPPORTED_WITHOUT_REPLAY,0.05,0.0,0.0,False
V3_CANDIDATE_DEVELOPMENT_ONLY_SURFACE,XGBOOST,0.2,1.0,0.5,0.0,0.05,66.5,1000000,UNSUPPORTED_WITHOUT_REPLAY,0.1,0.0,0.0,False
V3_CANDIDATE_DEVELOPMENT_ONLY_SURFACE,XGBOOST,0.2,1.0,0.5,0.0,0.05,66.5,1000000,UNSUPPORTED_WITHOUT_REPLAY,0.25,0.0,0.0,False
V3_CANDIDATE_DEVELOPMENT_ONLY_SURFACE,XGBOOST,0.2,1.0,0.5,0.0,0.05,77.5,1000000,UNSUPPORTED_WITHOUT_REPLAY,0.0,0.0,0.0,False
V3_CANDIDATE_DEVELOPMENT_ONLY_SURFACE,XGBOOST,0.2,1.0,0.5,0.0,0.05,77.5,1000000,UNSUPPORTED_WITHOUT_REPLAY,0.05,0.0,0.0,False
V3_CANDIDATE_DEVELOPMENT_ONLY_SURFACE,XGBOOST,0.2,1.0,0.5,0.0,0.05,77.5,1000000,UNSUPPORTED_WITHOUT_REPLAY,0.1,0.0,0.0,False
V3_CANDIDATE_DEVELOPMENT_ONLY_SURFACE,XGBOOST,0.2,1.0,0.5,0.0,0.05,77.5,1000000,UNSUPPORTED_WITHOUT_REPLAY,0.25,0.0,0.0,False
V3_CANDIDATE_DEVELOPMENT_ONLY_SURFACE,XGBOOST,0.2,1.0,0.5,0.0,0.1,59.5,1000000,UNSUPPORTED_WITHOUT_REPLAY,0.0,0.0,0.0,False
V3_CANDIDATE_DEVELOPMENT_ONLY_SURFACE,XGBOOST,0.2,1.0,0.5,0.0,0.1,59.5,1000000,UNSUPPORTED_WITHOUT_REPLAY,0.05,0.0,0.0,False
V3_CANDIDATE_DEVELOPMENT_ONLY_SURFACE,XGBOOST,0.2,1.0,0.5,0.0,0.1,59.5,1000000,UNSUPPORTED_WITHOUT_REPLAY,0.1,0.0,0.0,False
V3_CANDIDATE_DEVELOPMENT_ONLY_SURFACE,XGBOOST,0.2,1.0,0.5,0.0,0.1,59.5,1000000,UNSUPPORTED_WITHOUT_REPLAY,0.25,0.0,0.0,False
V3_CANDIDATE_DEVELOPMENT_ONLY_SURFACE,XGBOOST,0.2,1.0,0.5,0.0,0.1,66.5,1000000,UNSUPPORTED_WITHOUT_REPLAY,0.0,0.0,0.0,False
V3_CANDIDATE_DEVELOPMENT_ONLY_SURFACE,XGBOOST,0.2,1.0,0.5,0.0,0.1,66.5,1000000,UNSUPPORTED_WITHOUT_REPLAY,0.05,0.0,0.0,False
V3_CANDIDATE_DEVELOPMENT_ONLY_SURFACE,XGBOOST,0.2,1.0,0.5,0.0,0.1,66.5,1000000,UNSUPPORTED_WITHOUT_REPLAY,0.1,0.0,0.0,False
V3_CANDIDATE_DEVELOPMENT_ONLY_SURFACE,XGBOOST,0.2,1.0,0.5,0.0,0.1,66.5,1000000,UNSUPPORTED_WITHOUT_REPLAY,0.25,0.0,0.0,False
V3_CANDIDATE_DEVELOPMENT_ONLY_SURFACE,XGBOOST,0.2,1.0,0.5,0.0,0.1,77.5,1000000,UNSUPPORTED_WITHOUT_REPLAY,0.0,0.0,0.0,False
V3_CANDIDATE_DEVELOPMENT_ONLY_SURFACE,XGBOOST,0.2,1.0,0.5,0.0,0.1,77.5,1000000,UNSUPPORTED_WITHOUT_REPLAY,0.05,0.0,0.0,False
V3_CANDIDATE_DEVELOPMENT_ONLY_SURFACE,XGBOOST,0.2,1.0,0.5,0.0,0.1,77.5,1000000,UNSUPPORTED_WITHOUT_REPLAY,0.1,0.0,0.0,False
V3_CANDIDATE_DEVELOPMENT_ONLY_SURFACE,XGBOOST,0.2,1.0,0.5,0.0,0.1,77.5,1000000,UNSUPPORTED_WITHOUT_REPLAY,0.25,0.0,0.0,False
V3_CANDIDATE_DEVELOPMENT_ONLY_SURFACE,XGBOOST,0.2,1.0,0.5,0.4,0.0,59.5,1000000,UNSUPPORTED_WITHOUT_REPLAY,0.0,0.0,0.0,False
V3_CANDIDATE_DEVELOPMENT_ONLY_SURFACE,XGBOOST,0.2,1.0,0.5,0.4,0.0,59.5,1000000,UNSUPPORTED_WITHOUT_REPLAY,0.05,0.0,0.0,False
V3_CANDIDATE_DEVELOPMENT_ONLY_SURFACE,XGBOOST,0.2,1.0,0.5,0.4,0.0,59.5,1000000,UNSUPPORTED_WITHOUT_REPLAY,0.1,0.0,0.0,False
V3_CANDIDATE_DEVELOPMENT_ONLY_SURFACE,XGBOOST,0.2,1.0,0.5,0.4,0.0,59.5,1000000,UNSUPPORTED_WITHOUT_REPLAY,0.25,0.0,0.0,False
V3_CANDIDATE_DEVELOPMENT_ONLY_SURFACE,XGBOOST,0.2,1.0,0.5,0.4,0.0,66.5,1000000,UNSUPPORTED_WITHOUT_REPLAY,0.0,0.0,0.0,False
V3_CANDIDATE_DEVELOPMENT_ONLY_SURFACE,XGBOOST,0.2,1.0,0.5,0.4,0.0,66.5,1000000,UNSUPPORTED_WITHOUT_REPLAY,0.05,0.0,0.0,False
V3_CANDIDATE_DEVELOPMENT_ONLY_SURFACE,XGBOOST,0.2,1.0,0.5,0.4,0.0,66.5,1000000,UNSUPPORTED_WITHOUT_REPLAY,0.1,0.0,0.0,False
V3_CANDIDATE_DEVELOPMENT_ONLY_SURFACE,XGBOOST,0.2,1.0,0.5,0.4,0.0,66.5,1000000,UNSUPPORTED_WITHOUT_REPLAY,0.25,0.0,0.0,False
V3_CANDIDATE_DEVELOPMENT_ONLY_SURFACE,XGBOOST,0.2,1.0,0.5,0.4,0.0,77.5,1000000,UNSUPPORTED_WITHOUT_REPLAY,0.0,0.0,0.0,False
V3_CANDIDATE_DEVELOPMENT_ONLY_SURFACE,XGBOOST,0.2,1.0,0.5,0.4,0.0,77.5,1000000,UNSUPPORTED_WITHOUT_REPLAY,0.05,0.0,0.0,False
V3_CANDIDATE_DEVELOPMENT_ONLY_SURFACE,XGBOOST,0.2,1.0,0.5,0.4,0.0,77.5,1000000,UNSUPPORTED_WITHOUT_REPLAY,0.1,0.0,0.0,False
V3_CANDIDATE_DEVELOPMENT_ONLY_SURFACE,XGBOOST,0.2,1.0,0.5,0.4,0.0,77.5,1000000,UNSUPPORTED_WITHOUT_REPLAY,0.25,0.0,0.0,False
V3_CANDIDATE_DEVELOPMENT_ONLY_SURFACE,XGBOOST,0.2,1.0,0.5,0.4,0.05,59.5,1000000,UNSUPPORTED_WITHOUT_REPLAY,0.0,0.0,0.0,False
V3_CANDIDATE_DEVELOPMENT_ONLY_SURFACE,XGBOOST,0.2,1.0,0.5,0.4,0.05,59.5,1000000,UNSUPPORTED_WITHOUT_REPLAY,0.05,0.0,0.0,False
V3_CANDIDATE_DEVELOPMENT_ONLY_SURFACE,XGBOOST,0.2,1.0,0.5,0.4,0.05,59.5,1000000,UNSUPPORTED_WITHOUT_REPLAY,0.1,0.0,0.0,False
V3_CANDIDATE_DEVELOPMENT_ONLY_SURFACE,XGBOOST,0.2,1.0,0.5,0.4,0.05,59.5,1000000,UNSUPPORTED_WITHOUT_REPLAY,0.25,0.0,0.0,False
V3_CANDIDATE_DEVELOPMENT_ONLY_SURFACE,XGBOOST,0.2,1.0,0.5,0.4,0.05,66.5,1000000,UNSUPPORTED_WITHOUT_REPLAY,0.0,0.0,0.0,False
V3_CANDIDATE_DEVELOPMENT_ONLY_SURFACE,XGBOOST,0.2,1.0,0.5,0.4,0.05,66.5,1000000,UNSUPPORTED_WITHOUT_REPLAY,0.05,0.0,0.0,False
V3_CANDIDATE_DEVELOPMENT_ONLY_SURFACE,XGBOOST,0.2,1.0,0.5,0.4,0.05,66.5,1000000,UNSUPPORTED_WITHOUT_REPLAY,0.1,0.0,0.0,False
V3_CANDIDATE_DEVELOPMENT_ONLY_SURFACE,XGBOOST,0.2,1.0,0.5,0.4,0.05,66.5,1000000,UNSUPPORTED_WITHOUT_REPLAY,0.25,0.0,0.0,False
V3_CANDIDATE_DEVELOPMENT_ONLY_SURFACE,XGBOOST,0.2,1.0,0.5,0.4,0.05,77.5,1000000,UNSUPPORTED_WITHOUT_REPLAY,0.0,0.0,0.0,False
V3_CANDIDATE_DEVELOPMENT_ONLY_SURFACE,XGBOOST,0.2,1.0,0.5,0.4,0.05,77.5,1000000,UNSUPPORTED_WITHOUT_REPLAY,0.05,0.0,0.0,False
V3_CANDIDATE_DEVELOPMENT_ONLY_SURFACE,XGBOOST,0.2,1.0,0.5,0.4,0.05,77.5,1000000,UNSUPPORTED_WITHOUT_REPLAY,0.1,0.0,0.0,False
V3_CANDIDATE_DEVELOPMENT_ONLY_SURFACE,XGBOOST,0.2,1.0,0.5,0.4,0.05,77.5,1000000,UNSUPPORTED_WITHOUT_REPLAY,0.25,0.0,0.0,False
V3_CANDIDATE_DEVELOPMENT_ONLY_SURFACE,XGBOOST,0.2,1.0,0.5,0.4,0.1,59.5,1000000,UNSUPPORTED_WITHOUT_REPLAY,0.0,0.0,0.0,False
V3_CANDIDATE_DEVELOPMENT_ONLY_SURFACE,XGBOOST,0.2,1.0,0.5,0.4,0.1,59.5,1000000,UNSUPPORTED_WITHOUT_REPLAY,0.05,0.0,0.0,False
V3_CANDIDATE_DEVELOPMENT_ONLY_SURFACE,XGBOOST,0.2,1.0,0.5,0.4,0.1,59.5,1000000,UNSUPPORTED_WITHOUT_REPLAY,0.1,0.0,0.0,False
V3_CANDIDATE_DEVELOPMENT_ONLY_SURFACE,XGBOOST,0.2,1.0,0.5,0.4,0.1,59.5,1000000,UNSUPPORTED_WITHOUT_REPLAY,0.25,0.0,0.0,False
V3_CANDIDATE_DEVELOPMENT_ONLY_SURFACE,XGBOOST,0.2,1.0,0.5,0.4,0.1,66.5,1000000,UNSUPPORTED_WITHOUT_REPLAY,0.0,0.0,0.0,False
V3_CANDIDATE_DEVELOPMENT_ONLY_SURFACE,XGBOOST,0.2,1.0,0.5,0.4,0.1,66.5,1000000,UNSUPPORTED_WITHOUT_REPLAY,0.05,0.0,0.0,False
V3_CANDIDATE_DEVELOPMENT_ONLY_SURFACE,XGBOOST,0.2,1.0,0.5,0.4,0.1,66.5,1000000,UNSUPPORTED_WITHOUT_REPLAY,0.1,0.0,0.0,False
V3_CANDIDATE_DEVELOPMENT_ONLY_SURFACE,XGBOOST,0.2,1.0,0.5,0.4,0.1,66.5,1000000,UNSUPPORTED_WITHOUT_REPLAY,0.25,0.0,0.0,False
V3_CANDIDATE_DEVELOPMENT_ONLY_SURFACE,XGBOOST,0.2,1.0,0.5,0.4,0.1,77.5,1000000,UNSUPPORTED_WITHOUT_REPLAY,0.0,0.0,0.0,False
V3_CANDIDATE_DEVELOPMENT_ONLY_SURFACE,XGBOOST,0.2,1.0,0.5,0.4,0.1,77.5,1000000,UNSUPPORTED_WITHOUT_REPLAY,0.05,0.0,0.0,False
V3_CANDIDATE_DEVELOPMENT_ONLY_SURFACE,XGBOOST,0.2,1.0,0.5,0.4,0.1,77.5,1000000,UNSUPPORTED_WITHOUT_REPLAY,0.1,0.0,0.0,False
V3_CANDIDATE_DEVELOPMENT_ONLY_SURFACE,XGBOOST,0.2,1.0,0.5,0.4,0.1,77.5,1000000,UNSUPPORTED_WITHOUT_REPLAY,0.25,0.0,0.0,False
V3_CANDIDATE_DEVELOPMENT_ONLY_SURFACE,XGBOOST,0.2,1.0,0.5,0.6,0.0,59.5,1000000,UNSUPPORTED_WITHOUT_REPLAY,0.0,0.0,0.0,False
V3_CANDIDATE_DEVELOPMENT_ONLY_SURFACE,XGBOOST,0.2,1.0,0.5,0.6,0.0,59.5,1000000,UNSUPPORTED_WITHOUT_REPLAY,0.05,0.0,0.0,False
V3_CANDIDATE_DEVELOPMENT_ONLY_SURFACE,XGBOOST,0.2,1.0,0.5,0.6,0.0,59.5,1000000,UNSUPPORTED_WITHOUT_REPLAY,0.1,0.0,0.0,False
V3_CANDIDATE_DEVELOPMENT_ONLY_SURFACE,XGBOOST,0.2,1.0,0.5,0.6,0.0,59.5,1000000,UNSUPPORTED_WITHOUT_REPLAY,0.25,0.0,0.0,False
V3_CANDIDATE_DEVELOPMENT_ONLY_SURFACE,XGBOOST,0.2,1.0,0.5,0.6,0.0,66.5,1000000,UNSUPPORTED_WITHOUT_REPLAY,0.0,0.0,0.0,False
V3_CANDIDATE_DEVELOPMENT_ONLY_SURFACE,XGBOOST,0.2,1.0,0.5,0.6,0.0,66.5,1000000,UNSUPPORTED_WITHOUT_REPLAY,0.05,0.0,0.0,False
V3_CANDIDATE_DEVELOPMENT_ONLY_SURFACE,XGBOOST,0.2,1.0,0.5,0.6,0.0,66.5,1000000,UNSUPPORTED_WITHOUT_REPLAY,0.1,0.0,0.0,False
V3_CANDIDATE_DEVELOPMENT_ONLY_SURFACE,XGBOOST,0.2,1.0,0.5,0.6,0.0,66.5,1000000,UNSUPPORTED_WITHOUT_REPLAY,0.25,0.0,0.0,False
V3_CANDIDATE_DEVELOPMENT_ONLY_SURFACE,XGBOOST,0.2,1.0,0.5,0.6,0.0,77.5,1000000,UNSUPPORTED_WITHOUT_REPLAY,0.0,0.0,0.0,False
V3_CANDIDATE_DEVELOPMENT_ONLY_SURFACE,XGBOOST,0.2,1.0,0.5,0.6,0.0,77.5,1000000,UNSUPPORTED_WITHOUT_REPLAY,0.05,0.0,0.0,False
V3_CANDIDATE_DEVELOPMENT_ONLY_SURFACE,XGBOOST,0.2,1.0,0.5,0.6,0.0,77.5,1000000,UNSUPPORTED_WITHOUT_REPLAY,0.1,0.0,0.0,False
V3_CANDIDATE_DEVELOPMENT_ONLY_SURFACE,XGBOOST,0.2,1.0,0.5,0.6,0.0,77.5,1000000,UNSUPPORTED_WITHOUT_REPLAY,0.25,0.0,0.0,False
V3_CANDIDATE_DEVELOPMENT_ONLY_SURFACE,XGBOOST,0.2,1.0,0.5,0.6,0.05,59.5,1000000,UNSUPPORTED_WITHOUT_REPLAY,0.0,0.0,0.0,False
V3_CANDIDATE_DEVELOPMENT_ONLY_SURFACE,XGBOOST,0.2,1.0,0.5,0.6,0.05,59.5,1000000,UNSUPPORTED_WITHOUT_REPLAY,0.05,0.0,0.0,False
V3_CANDIDATE_DEVELOPMENT_ONLY_SURFACE,XGBOOST,0.2,1.0,0.5,0.6,0.05,59.5,1000000,UNSUPPORTED_WITHOUT_REPLAY,0.1,0.0,0.0,False
V3_CANDIDATE_DEVELOPMENT_ONLY_SURFACE,XGBOOST,0.2,1.0,0.5,0.6,0.05,59.5,1000000,UNSUPPORTED_WITHOUT_REPLAY,0.25,0.0,0.0,False
V3_CANDIDATE_DEVELOPMENT_ONLY_SURFACE,XGBOOST,0.2,1.0,0.5,0.6,0.05,66.5,1000000,UNSUPPORTED_WITHOUT_REPLAY,0.0,0.0,0.0,False
V3_CANDIDATE_DEVELOPMENT_ONLY_SURFACE,XGBOOST,0.2,1.0,0.5,0.6,0.05,66.5,1000000,UNSUPPORTED_WITHOUT_REPLAY,0.05,0.0,0.0,False
V3_CANDIDATE_DEVELOPMENT_ONLY_SURFACE,XGBOOST,0.2,1.0,0.5,0.6,0.05,66.5,1000000,UNSUPPORTED_WITHOUT_REPLAY,0.1,0.0,0.0,False
V3_CANDIDATE_DEVELOPMENT_ONLY_SURFACE,XGBOOST,0.2,1.0,0.5,0.6,0.05,66.5,1000000,UNSUPPORTED_WITHOUT_REPLAY,0.25,0.0,0.0,False
V3_CANDIDATE_DEVELOPMENT_ONLY_SURFACE,XGBOOST,0.2,1.0,0.5,0.6,0.05,77.5,1000000,UNSUPPORTED_WITHOUT_REPLAY,0.0,0.0,0.0,False
V3_CANDIDATE_DEVELOPMENT_ONLY_SURFACE,XGBOOST,0.2,1.0,0.5,0.6,0.05,77.5,1000000,UNSUPPORTED_WITHOUT_REPLAY,0.05,0.0,0.0,False
V3_CANDIDATE_DEVELOPMENT_ONLY_SURFACE,XGBOOST,0.2,1.0,0.5,0.6,0.05,77.5,1000000,UNSUPPORTED_WITHOUT_REPLAY,0.1,0.0,0.0,False
V3_CANDIDATE_DEVELOPMENT_ONLY_SURFACE,XGBOOST,0.2,1.0,0.5,0.6,0.05,77.5,1000000,UNSUPPORTED_WITHOUT_REPLAY,0.25,0.0,0.0,False
V3_CANDIDATE_DEVELOPMENT_ONLY_SURFACE,XGBOOST,0.2,1.0,0.5,0.6,0.1,59.5,1000000,UNSUPPORTED_WITHOUT_REPLAY,0.0,0.0,0.0,False
V3_CANDIDATE_DEVELOPMENT_ONLY_SURFACE,XGBOOST,0.2,1.0,0.5,0.6,0.1,59.5,1000000,UNSUPPORTED_WITHOUT_REPLAY,0.05,0.0,0.0,False
V3_CANDIDATE_DEVELOPMENT_ONLY_SURFACE,XGBOOST,0.2,1.0,0.5,0.6,0.1,59.5,1000000,UNSUPPORTED_WITHOUT_REPLAY,0.1,0.0,0.0,False
V3_CANDIDATE_DEVELOPMENT_ONLY_SURFACE,XGBOOST,0.2,1.0,0.5,0.6,0.1,59.5,1000000,UNSUPPORTED_WITHOUT_REPLAY,0.25,0.0,0.0,False
V3_CANDIDATE_DEVELOPMENT_ONLY_SURFACE,XGBOOST,0.2,1.0,0.5,0.6,0.1,66.5,1000000,UNSUPPORTED_WITHOUT_REPLAY,0.0,0.0,0.0,False
V3_CANDIDATE_DEVELOPMENT_ONLY_SURFACE,XGBOOST,0.2,1.0,0.5,0.6,0.1,66.5,1000000,UNSUPPORTED_WITHOUT_REPLAY,0.05,0.0,0.0,False
V3_CANDIDATE_DEVELOPMENT_ONLY_SURFACE,XGBOOST,0.2,1.0,0.5,0.6,0.1,66.5,1000000,UNSUPPORTED_WITHOUT_REPLAY,0.1,0.0,0.0,False
V3_CANDIDATE_DEVELOPMENT_ONLY_SURFACE,XGBOOST,0.2,1.0,0.5,0.6,0.1,66.5,1000000,UNSUPPORTED_WITHOUT_REPLAY,0.25,0.0,0.0,False
V3_CANDIDATE_DEVELOPMENT_ONLY_SURFACE,XGBOOST,0.2,1.0,0.5,0.6,0.1,77.5,1000000,UNSUPPORTED_WITHOUT_REPLAY,0.0,0.0,0.0,False
V3_CANDIDATE_DEVELOPMENT_ONLY_SURFACE,XGBOOST,0.2,1.0,0.5,0.6,0.1,77.5,1000000,UNSUPPORTED_WITHOUT_REPLAY,0.05,0.0,0.0,False
V3_CANDIDATE_DEVELOPMENT_ONLY_SURFACE,XGBOOST,0.2,1.0,0.5,0.6,0.1,77.5,1000000,UNSUPPORTED_WITHOUT_REPLAY,0.1,0.0,0.0,False
V3_CANDIDATE_DEVELOPMENT_ONLY_SURFACE,XGBOOST,0.2,1.0,0.5,0.6,0.1,77.5,1000000,UNSUPPORTED_WITHOUT_REPLAY,0.25,0.0,0.0,False
V3_CANDIDATE_DEVELOPMENT_ONLY_SURFACE,XGBOOST,0.2,1.0,0.5,0.8,0.0,59.5,1000000,UNSUPPORTED_WITHOUT_REPLAY,0.0,0.0,0.0,False
V3_CANDIDATE_DEVELOPMENT_ONLY_SURFACE,XGBOOST,0.2,1.0,0.5,0.8,0.0,59.5,1000000,UNSUPPORTED_WITHOUT_REPLAY,0.05,0.0,0.0,False
V3_CANDIDATE_DEVELOPMENT_ONLY_SURFACE,XGBOOST,0.2,1.0,0.5,0.8,0.0,59.5,1000000,UNSUPPORTED_WITHOUT_REPLAY,0.1,0.0,0.0,False
V3_CANDIDATE_DEVELOPMENT_ONLY_SURFACE,XGBOOST,0.2,1.0,0.5,0.8,0.0,59.5,1000000,UNSUPPORTED_WITHOUT_REPLAY,0.25,0.0,0.0,False
V3_CANDIDATE_DEVELOPMENT_ONLY_SURFACE,XGBOOST,0.2,1.0,0.5,0.8,0.0,66.5,1000000,UNSUPPORTED_WITHOUT_REPLAY,0.0,0.0,0.0,False
V3_CANDIDATE_DEVELOPMENT_ONLY_SURFACE,XGBOOST,0.2,1.0,0.5,0.8,0.0,66.5,1000000,UNSUPPORTED_WITHOUT_REPLAY,0.05,0.0,0.0,False
V3_CANDIDATE_DEVELOPMENT_ONLY_SURFACE,XGBOOST,0.2,1.0,0.5,0.8,0.0,66.5,1000000,UNSUPPORTED_WITHOUT_REPLAY,0.1,0.0,0.0,False
V3_CANDIDATE_DEVELOPMENT_ONLY_SURFACE,XGBOOST,0.2,1.0,0.5,0.8,0.0,66.5,1000000,UNSUPPORTED_WITHOUT_REPLAY,0.25,0.0,0.0,False
V3_CANDIDATE_DEVELOPMENT_ONLY_SURFACE,XGBOOST,0.2,1.0,0.5,0.8,0.0,77.5,1000000,UNSUPPORTED_WITHOUT_REPLAY,0.0,0.0,0.0,False
V3_CANDIDATE_DEVELOPMENT_ONLY_SURFACE,XGBOOST,0.2,1.0,0.5,0.8,0.0,77.5,1000000,UNSUPPORTED_WITHOUT_REPLAY,0.05,0.0,0.0,False
V3_CANDIDATE_DEVELOPMENT_ONLY_SURFACE,XGBOOST,0.2,1.0,0.5,0.8,0.0,77.5,1000000,UNSUPPORTED_WITHOUT_REPLAY,0.1,0.0,0.0,False
V3_CANDIDATE_DEVELOPMENT_ONLY_SURFACE,XGBOOST,0.2,1.0,0.5,0.8,0.0,77.5,1000000,UNSUPPORTED_WITHOUT_REPLAY,0.25,0.0,0.0,False
V3_CANDIDATE_DEVELOPMENT_ONLY_SURFACE,XGBOOST,0.2,1.0,0.5,0.8,0.05,59.5,1000000,UNSUPPORTED_WITHOUT_REPLAY,0.0,0.0,0.0,False
V3_CANDIDATE_DEVELOPMENT_ONLY_SURFACE,XGBOOST,0.2,1.0,0.5,0.8,0.05,59.5,1000000,UNSUPPORTED_WITHOUT_REPLAY,0.05,0.0,0.0,False
V3_CANDIDATE_DEVELOPMENT_ONLY_SURFACE,XGBOOST,0.2,1.0,0.5,0.8,0.05,59.5,1000000,UNSUPPORTED_WITHOUT_REPLAY,0.1,0.0,0.0,False
V3_CANDIDATE_DEVELOPMENT_ONLY_SURFACE,XGBOOST,0.2,1.0,0.5,0.8,0.05,59.5,1000000,UNSUPPORTED_WITHOUT_REPLAY,0.25,0.0,0.0,False
V3_CANDIDATE_DEVELOPMENT_ONLY_SURFACE,XGBOOST,0.2,1.0,0.5,0.8,0.05,66.5,1000000,UNSUPPORTED_WITHOUT_REPLAY,0.0,0.0,0.0,False
V3_CANDIDATE_DEVELOPMENT_ONLY_SURFACE,XGBOOST,0.2,1.0,0.5,0.8,0.05,66.5,1000000,UNSUPPORTED_WITHOUT_REPLAY,0.05,0.0,0.0,False
V3_CANDIDATE_DEVELOPMENT_ONLY_SURFACE,XGBOOST,0.2,1.0,0.5,0.8,0.05,66.5,1000000,UNSUPPORTED_WITHOUT_REPLAY,0.1,0.0,0.0,False
V3_CANDIDATE_DEVELOPMENT_ONLY_SURFACE,XGBOOST,0.2,1.0,0.5,0.8,0.05,66.5,1000000,UNSUPPORTED_WITHOUT_REPLAY,0.25,0.0,0.0,False
V3_CANDIDATE_DEVELOPMENT_ONLY_SURFACE,XGBOOST,0.2,1.0,0.5,0.8,0.05,77.5,1000000,UNSUPPORTED_WITHOUT_REPLAY,0.0,0.0,0.0,False
V3_CANDIDATE_DEVELOPMENT_ONLY_SURFACE,XGBOOST,0.2,1.0,0.5,0.8,0.05,77.5,1000000,UNSUPPORTED_WITHOUT_REPLAY,0.05,0.0,0.0,False
V3_CANDIDATE_DEVELOPMENT_ONLY_SURFACE,XGBOOST,0.2,1.0,0.5,0.8,0.05,77.5,1000000,UNSUPPORTED_WITHOUT_REPLAY,0.1,0.0,0.0,False
V3_CANDIDATE_DEVELOPMENT_ONLY_SURFACE,XGBOOST,0.2,1.0,0.5,0.8,0.05,77.5,1000000,UNSUPPORTED_WITHOUT_REPLAY,0.25,0.0,0.0,False
V3_CANDIDATE_DEVELOPMENT_ONLY_SURFACE,XGBOOST,0.2,1.0,0.5,0.8,0.1,59.5,1000000,UNSUPPORTED_WITHOUT_REPLAY,0.0,0.0,0.0,False
V3_CANDIDATE_DEVELOPMENT_ONLY_SURFACE,XGBOOST,0.2,1.0,0.5,0.8,0.1,59.5,1000000,UNSUPPORTED_WITHOUT_REPLAY,0.05,0.0,0.0,False
V3_CANDIDATE_DEVELOPMENT_ONLY_SURFACE,XGBOOST,0.2,1.0,0.5,0.8,0.1,59.5,1000000,UNSUPPORTED_WITHOUT_REPLAY,0.1,0.0,0.0,False
V3_CANDIDATE_DEVELOPMENT_ONLY_SURFACE,XGBOOST,0.2,1.0,0.5,0.8,0.1,59.5,1000000,UNSUPPORTED_WITHOUT_REPLAY,0.25,0.0,0.0,False
V3_CANDIDATE_DEVELOPMENT_ONLY_SURFACE,XGBOOST,0.2,1.0,0.5,0.8,0.1,66.5,1000000,UNSUPPORTED_WITHOUT_REPLAY,0.0,0.0,0.0,False
V3_CANDIDATE_DEVELOPMENT_ONLY_SURFACE,XGBOOST,0.2,1.0,0.5,0.8,0.1,66.5,1000000,UNSUPPORTED_WITHOUT_REPLAY,0.05,0.0,0.0,False
V3_CANDIDATE_DEVELOPMENT_ONLY_SURFACE,XGBOOST,0.2,1.0,0.5,0.8,0.1,66.5,1000000,UNSUPPORTED_WITHOUT_REPLAY,0.1,0.0,0.0,False
V3_CANDIDATE_DEVELOPMENT_ONLY_SURFACE,XGBOOST,0.2,1.0,0.5,0.8,0.1,66.5,1000000,UNSUPPORTED_WITHOUT_REPLAY,0.25,0.0,0.0,False
V3_CANDIDATE_DEVELOPMENT_ONLY_SURFACE,XGBOOST,0.2,1.0,0.5,0.8,0.1,77.5,1000000,UNSUPPORTED_WITHOUT_REPLAY,0.0,0.0,0.0,False
V3_CANDIDATE_DEVELOPMENT_ONLY_SURFACE,XGBOOST,0.2,1.0,0.5,0.8,0.1,77.5,1000000,UNSUPPORTED_WITHOUT_REPLAY,0.05,0.0,0.0,False
V3_CANDIDATE_DEVELOPMENT_ONLY_SURFACE,XGBOOST,0.2,1.0,0.5,0.8,0.1,77.5,1000000,UNSUPPORTED_WITHOUT_REPLAY,0.1,0.0,0.0,False
V3_CANDIDATE_DEVELOPMENT_ONLY_SURFACE,XGBOOST,0.2,1.0,0.5,0.8,0.1,77.5,1000000,UNSUPPORTED_WITHOUT_REPLAY,0.25,0.0,0.0,False
V3_CANDIDATE_DEVELOPMENT_ONLY_SURFACE,XGBOOST,0.2,1.0,1.0,0.0,0.0,59.5,1000000,UNSUPPORTED_WITHOUT_REPLAY,0.0,0.0,0.0,False
V3_CANDIDATE_DEVELOPMENT_ONLY_SURFACE,XGBOOST,0.2,1.0,1.0,0.0,0.0,59.5,1000000,UNSUPPORTED_WITHOUT_REPLAY,0.05,0.0,0.0,False
V3_CANDIDATE_DEVELOPMENT_ONLY_SURFACE,XGBOOST,0.2,1.0,1.0,0.0,0.0,59.5,1000000,UNSUPPORTED_WITHOUT_REPLAY,0.1,0.0,0.0,False
V3_CANDIDATE_DEVELOPMENT_ONLY_SURFACE,XGBOOST,0.2,1.0,1.0,0.0,0.0,59.5,1000000,UNSUPPORTED_WITHOUT_REPLAY,0.25,0.0,0.0,False
V3_CANDIDATE_DEVELOPMENT_ONLY_SURFACE,XGBOOST,0.2,1.0,1.0,0.0,0.0,66.5,1000000,UNSUPPORTED_WITHOUT_REPLAY,0.0,0.0,0.0,False
V3_CANDIDATE_DEVELOPMENT_ONLY_SURFACE,XGBOOST,0.2,1.0,1.0,0.0,0.0,66.5,1000000,UNSUPPORTED_WITHOUT_REPLAY,0.05,0.0,0.0,False
V3_CANDIDATE_DEVELOPMENT_ONLY_SURFACE,XGBOOST,0.2,1.0,1.0,0.0,0.0,66.5,1000000,UNSUPPORTED_WITHOUT_REPLAY,0.1,0.0,0.0,False
V3_CANDIDATE_DEVELOPMENT_ONLY_SURFACE,XGBOOST,0.2,1.0,1.0,0.0,0.0,66.5,1000000,UNSUPPORTED_WITHOUT_REPLAY,0.25,0.0,0.0,False
V3_CANDIDATE_DEVELOPMENT_ONLY_SURFACE,XGBOOST,0.2,1.0,1.0,0.0,0.0,77.5,1000000,UNSUPPORTED_WITHOUT_REPLAY,0.0,0.0,0.0,False
V3_CANDIDATE_DEVELOPMENT_ONLY_SURFACE,XGBOOST,0.2,1.0,1.0,0.0,0.0,77.5,1000000,UNSUPPORTED_WITHOUT_REPLAY,0.05,0.0,0.0,False
V3_CANDIDATE_DEVELOPMENT_ONLY_SURFACE,XGBOOST,0.2,1.0,1.0,0.0,0.0,77.5,1000000,UNSUPPORTED_WITHOUT_REPLAY,0.1,0.0,0.0,False
V3_CANDIDATE_DEVELOPMENT_ONLY_SURFACE,XGBOOST,0.2,1.0,1.0,0.0,0.0,77.5,1000000,UNSUPPORTED_WITHOUT_REPLAY,0.25,0.0,0.0,False
V3_CANDIDATE_DEVELOPMENT_ONLY_SURFACE,XGBOOST,0.2,1.0,1.0,0.0,0.05,59.5,1000000,UNSUPPORTED_WITHOUT_REPLAY,0.0,0.0,0.0,False
V3_CANDIDATE_DEVELOPMENT_ONLY_SURFACE,XGBOOST,0.2,1.0,1.0,0.0,0.05,59.5,1000000,UNSUPPORTED_WITHOUT_REPLAY,0.05,0.0,0.0,False
V3_CANDIDATE_DEVELOPMENT_ONLY_SURFACE,XGBOOST,0.2,1.0,1.0,0.0,0.05,59.5,1000000,UNSUPPORTED_WITHOUT_REPLAY,0.1,0.0,0.0,False
V3_CANDIDATE_DEVELOPMENT_ONLY_SURFACE,XGBOOST,0.2,1.0,1.0,0.0,0.05,59.5,1000000,UNSUPPORTED_WITHOUT_REPLAY,0.25,0.0,0.0,False
V3_CANDIDATE_DEVELOPMENT_ONLY_SURFACE,XGBOOST,0.2,1.0,1.0,0.0,0.05,66.5,1000000,UNSUPPORTED_WITHOUT_REPLAY,0.0,0.0,0.0,False
V3_CANDIDATE_DEVELOPMENT_ONLY_SURFACE,XGBOOST,0.2,1.0,1.0,0.0,0.05,66.5,1000000,UNSUPPORTED_WITHOUT_REPLAY,0.05,0.0,0.0,False
V3_CANDIDATE_DEVELOPMENT_ONLY_SURFACE,XGBOOST,0.2,1.0,1.0,0.0,0.05,66.5,1000000,UNSUPPORTED_WITHOUT_REPLAY,0.1,0.0,0.0,False
V3_CANDIDATE_DEVELOPMENT_ONLY_SURFACE,XGBOOST,0.2,1.0,1.0,0.0,0.05,66.5,1000000,UNSUPPORTED_WITHOUT_REPLAY,0.25,0.0,0.0,False
V3_CANDIDATE_DEVELOPMENT_ONLY_SURFACE,XGBOOST,0.2,1.0,1.0,0.0,0.05,77.5,1000000,UNSUPPORTED_WITHOUT_REPLAY,0.0,0.0,0.0,False
V3_CANDIDATE_DEVELOPMENT_ONLY_SURFACE,XGBOOST,0.2,1.0,1.0,0.0,0.05,77.5,1000000,UNSUPPORTED_WITHOUT_REPLAY,0.05,0.0,0.0,False
V3_CANDIDATE_DEVELOPMENT_ONLY_SURFACE,XGBOOST,0.2,1.0,1.0,0.0,0.05,77.5,1000000,UNSUPPORTED_WITHOUT_REPLAY,0.1,0.0,0.0,False
V3_CANDIDATE_DEVELOPMENT_ONLY_SURFACE,XGBOOST,0.2,1.0,1.0,0.0,0.05,77.5,1000000,UNSUPPORTED_WITHOUT_REPLAY,0.25,0.0,0.0,False
V3_CANDIDATE_DEVELOPMENT_ONLY_SURFACE,XGBOOST,0.2,1.0,1.0,0.0,0.1,59.5,1000000,UNSUPPORTED_WITHOUT_REPLAY,0.0,0.0,0.0,False
V3_CANDIDATE_DEVELOPMENT_ONLY_SURFACE,XGBOOST,0.2,1.0,1.0,0.0,0.1,59.5,1000000,UNSUPPORTED_WITHOUT_REPLAY,0.05,0.0,0.0,False
V3_CANDIDATE_DEVELOPMENT_ONLY_SURFACE,XGBOOST,0.2,1.0,1.0,0.0,0.1,59.5,1000000,UNSUPPORTED_WITHOUT_REPLAY,0.1,0.0,0.0,False
V3_CANDIDATE_DEVELOPMENT_ONLY_SURFACE,XGBOOST,0.2,1.0,1.0,0.0,0.1,59.5,1000000,UNSUPPORTED_WITHOUT_REPLAY,0.25,0.0,0.0,False
V3_CANDIDATE_DEVELOPMENT_ONLY_SURFACE,XGBOOST,0.2,1.0,1.0,0.0,0.1,66.5,1000000,UNSUPPORTED_WITHOUT_REPLAY,0.0,0.0,0.0,False
V3_CANDIDATE_DEVELOPMENT_ONLY_SURFACE,XGBOOST,0.2,1.0,1.0,0.0,0.1,66.5,1000000,UNSUPPORTED_WITHOUT_REPLAY,0.05,0.0,0.0,False
V3_CANDIDATE_DEVELOPMENT_ONLY_SURFACE,XGBOOST,0.2,1.0,1.0,0.0,0.1,66.5,1000000,UNSUPPORTED_WITHOUT_REPLAY,0.1,0.0,0.0,False
V3_CANDIDATE_DEVELOPMENT_ONLY_SURFACE,XGBOOST,0.2,1.0,1.0,0.0,0.1,66.5,1000000,UNSUPPORTED_WITHOUT_REPLAY,0.25,0.0,0.0,False
V3_CANDIDATE_DEVELOPMENT_ONLY_SURFACE,XGBOOST,0.2,1.0,1.0,0.0,0.1,77.5,1000000,UNSUPPORTED_WITHOUT_REPLAY,0.0,0.0,0.0,False
V3_CANDIDATE_DEVELOPMENT_ONLY_SURFACE,XGBOOST,0.2,1.0,1.0,0.0,0.1,77.5,1000000,UNSUPPORTED_WITHOUT_REPLAY,0.05,0.0,0.0,False
V3_CANDIDATE_DEVELOPMENT_ONLY_SURFACE,XGBOOST,0.2,1.0,1.0,0.0,0.1,77.5,1000000,UNSUPPORTED_WITHOUT_REPLAY,0.1,0.0,0.0,False
V3_CANDIDATE_DEVELOPMENT_ONLY_SURFACE,XGBOOST,0.2,1.0,1.0,0.0,0.1,77.5,1000000,UNSUPPORTED_WITHOUT_REPLAY,0.25,0.0,0.0,False
V3_CANDIDATE_DEVELOPMENT_ONLY_SURFACE,XGBOOST,0.2,1.0,1.0,0.4,0.0,59.5,1000000,UNSUPPORTED_WITHOUT_REPLAY,0.0,0.0,0.0,False
V3_CANDIDATE_DEVELOPMENT_ONLY_SURFACE,XGBOOST,0.2,1.0,1.0,0.4,0.0,59.5,1000000,UNSUPPORTED_WITHOUT_REPLAY,0.05,0.0,0.0,False
V3_CANDIDATE_DEVELOPMENT_ONLY_SURFACE,XGBOOST,0.2,1.0,1.0,0.4,0.0,59.5,1000000,UNSUPPORTED_WITHOUT_REPLAY,0.1,0.0,0.0,False
V3_CANDIDATE_DEVELOPMENT_ONLY_SURFACE,XGBOOST,0.2,1.0,1.0,0.4,0.0,59.5,1000000,UNSUPPORTED_WITHOUT_REPLAY,0.25,0.0,0.0,False
V3_CANDIDATE_DEVELOPMENT_ONLY_SURFACE,XGBOOST,0.2,1.0,1.0,0.4,0.0,66.5,1000000,UNSUPPORTED_WITHOUT_REPLAY,0.0,0.0,0.0,False
V3_CANDIDATE_DEVELOPMENT_ONLY_SURFACE,XGBOOST,0.2,1.0,1.0,0.4,0.0,66.5,1000000,UNSUPPORTED_WITHOUT_REPLAY,0.05,0.0,0.0,False
V3_CANDIDATE_DEVELOPMENT_ONLY_SURFACE,XGBOOST,0.2,1.0,1.0,0.4,0.0,66.5,1000000,UNSUPPORTED_WITHOUT_REPLAY,0.1,0.0,0.0,False
V3_CANDIDATE_DEVELOPMENT_ONLY_SURFACE,XGBOOST,0.2,1.0,1.0,0.4,0.0,66.5,1000000,UNSUPPORTED_WITHOUT_REPLAY,0.25,0.0,0.0,False
V3_CANDIDATE_DEVELOPMENT_ONLY_SURFACE,XGBOOST,0.2,1.0,1.0,0.4,0.0,77.5,1000000,UNSUPPORTED_WITHOUT_REPLAY,0.0,0.0,0.0,False
V3_CANDIDATE_DEVELOPMENT_ONLY_SURFACE,XGBOOST,0.2,1.0,1.0,0.4,0.0,77.5,1000000,UNSUPPORTED_WITHOUT_REPLAY,0.05,0.0,0.0,False
V3_CANDIDATE_DEVELOPMENT_ONLY_SURFACE,XGBOOST,0.2,1.0,1.0,0.4,0.0,77.5,1000000,UNSUPPORTED_WITHOUT_REPLAY,0.1,0.0,0.0,False
V3_CANDIDATE_DEVELOPMENT_ONLY_SURFACE,XGBOOST,0.2,1.0,1.0,0.4,0.0,77.5,1000000,UNSUPPORTED_WITHOUT_REPLAY,0.25,0.0,0.0,False
V3_CANDIDATE_DEVELOPMENT_ONLY_SURFACE,XGBOOST,0.2,1.0,1.0,0.4,0.05,59.5,1000000,UNSUPPORTED_WITHOUT_REPLAY,0.0,0.0,0.0,False
V3_CANDIDATE_DEVELOPMENT_ONLY_SURFACE,XGBOOST,0.2,1.0,1.0,0.4,0.05,59.5,1000000,UNSUPPORTED_WITHOUT_REPLAY,0.05,0.0,0.0,False
V3_CANDIDATE_DEVELOPMENT_ONLY_SURFACE,XGBOOST,0.2,1.0,1.0,0.4,0.05,59.5,1000000,UNSUPPORTED_WITHOUT_REPLAY,0.1,0.0,0.0,False
V3_CANDIDATE_DEVELOPMENT_ONLY_SURFACE,XGBOOST,0.2,1.0,1.0,0.4,0.05,59.5,1000000,UNSUPPORTED_WITHOUT_REPLAY,0.25,0.0,0.0,False
V3_CANDIDATE_DEVELOPMENT_ONLY_SURFACE,XGBOOST,0.2,1.0,1.0,0.4,0.05,66.5,1000000,UNSUPPORTED_WITHOUT_REPLAY,0.0,0.0,0.0,False
V3_CANDIDATE_DEVELOPMENT_ONLY_SURFACE,XGBOOST,0.2,1.0,1.0,0.4,0.05,66.5,1000000,UNSUPPORTED_WITHOUT_REPLAY,0.05,0.0,0.0,False
V3_CANDIDATE_DEVELOPMENT_ONLY_SURFACE,XGBOOST,0.2,1.0,1.0,0.4,0.05,66.5,1000000,UNSUPPORTED_WITHOUT_REPLAY,0.1,0.0,0.0,False
V3_CANDIDATE_DEVELOPMENT_ONLY_SURFACE,XGBOOST,0.2,1.0,1.0,0.4,0.05,66.5,1000000,UNSUPPORTED_WITHOUT_REPLAY,0.25,0.0,0.0,False
V3_CANDIDATE_DEVELOPMENT_ONLY_SURFACE,XGBOOST,0.2,1.0,1.0,0.4,0.05,77.5,1000000,UNSUPPORTED_WITHOUT_REPLAY,0.0,0.0,0.0,False
V3_CANDIDATE_DEVELOPMENT_ONLY_SURFACE,XGBOOST,0.2,1.0,1.0,0.4,0.05,77.5,1000000,UNSUPPORTED_WITHOUT_REPLAY,0.05,0.0,0.0,False
V3_CANDIDATE_DEVELOPMENT_ONLY_SURFACE,XGBOOST,0.2,1.0,1.0,0.4,0.05,77.5,1000000,UNSUPPORTED_WITHOUT_REPLAY,0.1,0.0,0.0,False
V3_CANDIDATE_DEVELOPMENT_ONLY_SURFACE,XGBOOST,0.2,1.0,1.0,0.4,0.05,77.5,1000000,UNSUPPORTED_WITHOUT_REPLAY,0.25,0.0,0.0,False
V3_CANDIDATE_DEVELOPMENT_ONLY_SURFACE,XGBOOST,0.2,1.0,1.0,0.4,0.1,59.5,1000000,UNSUPPORTED_WITHOUT_REPLAY,0.0,0.0,0.0,False
V3_CANDIDATE_DEVELOPMENT_ONLY_SURFACE,XGBOOST,0.2,1.0,1.0,0.4,0.1,59.5,1000000,UNSUPPORTED_WITHOUT_REPLAY,0.05,0.0,0.0,False
V3_CANDIDATE_DEVELOPMENT_ONLY_SURFACE,XGBOOST,0.2,1.0,1.0,0.4,0.1,59.5,1000000,UNSUPPORTED_WITHOUT_REPLAY,0.1,0.0,0.0,False
V3_CANDIDATE_DEVELOPMENT_ONLY_SURFACE,XGBOOST,0.2,1.0,1.0,0.4,0.1,59.5,1000000,UNSUPPORTED_WITHOUT_REPLAY,0.25,0.0,0.0,False
V3_CANDIDATE_DEVELOPMENT_ONLY_SURFACE,XGBOOST,0.2,1.0,1.0,0.4,0.1,66.5,1000000,UNSUPPORTED_WITHOUT_REPLAY,0.0,0.0,0.0,False
V3_CANDIDATE_DEVELOPMENT_ONLY_SURFACE,XGBOOST,0.2,1.0,1.0,0.4,0.1,66.5,1000000,UNSUPPORTED_WITHOUT_REPLAY,0.05,0.0,0.0,False
V3_CANDIDATE_DEVELOPMENT_ONLY_SURFACE,XGBOOST,0.2,1.0,1.0,0.4,0.1,66.5,1000000,UNSUPPORTED_WITHOUT_REPLAY,0.1,0.0,0.0,False
V3_CANDIDATE_DEVELOPMENT_ONLY_SURFACE,XGBOOST,0.2,1.0,1.0,0.4,0.1,66.5,1000000,UNSUPPORTED_WITHOUT_REPLAY,0.25,0.0,0.0,False
V3_CANDIDATE_DEVELOPMENT_ONLY_SURFACE,XGBOOST,0.2,1.0,1.0,0.4,0.1,77.5,1000000,UNSUPPORTED_WITHOUT_REPLAY,0.0,0.0,0.0,False
V3_CANDIDATE_DEVELOPMENT_ONLY_SURFACE,XGBOOST,0.2,1.0,1.0,0.4,0.1,77.5,1000000,UNSUPPORTED_WITHOUT_REPLAY,0.05,0.0,0.0,False
V3_CANDIDATE_DEVELOPMENT_ONLY_SURFACE,XGBOOST,0.2,1.0,1.0,0.4,0.1,77.5,1000000,UNSUPPORTED_WITHOUT_REPLAY,0.1,0.0,0.0,False
V3_CANDIDATE_DEVELOPMENT_ONLY_SURFACE,XGBOOST,0.2,1.0,1.0,0.4,0.1,77.5,1000000,UNSUPPORTED_WITHOUT_REPLAY,0.25,0.0,0.0,False
V3_CANDIDATE_DEVELOPMENT_ONLY_SURFACE,XGBOOST,0.2,1.0,1.0,0.6,0.0,59.5,1000000,UNSUPPORTED_WITHOUT_REPLAY,0.0,0.0,0.0,False
V3_CANDIDATE_DEVELOPMENT_ONLY_SURFACE,XGBOOST,0.2,1.0,1.0,0.6,0.0,59.5,1000000,UNSUPPORTED_WITHOUT_REPLAY,0.05,0.0,0.0,False
V3_CANDIDATE_DEVELOPMENT_ONLY_SURFACE,XGBOOST,0.2,1.0,1.0,0.6,0.0,59.5,1000000,UNSUPPORTED_WITHOUT_REPLAY,0.1,0.0,0.0,False
V3_CANDIDATE_DEVELOPMENT_ONLY_SURFACE,XGBOOST,0.2,1.0,1.0,0.6,0.0,59.5,1000000,UNSUPPORTED_WITHOUT_REPLAY,0.25,0.0,0.0,False
V3_CANDIDATE_DEVELOPMENT_ONLY_SURFACE,XGBOOST,0.2,1.0,1.0,0.6,0.0,66.5,1000000,UNSUPPORTED_WITHOUT_REPLAY,0.0,0.0,0.0,False
V3_CANDIDATE_DEVELOPMENT_ONLY_SURFACE,XGBOOST,0.2,1.0,1.0,0.6,0.0,66.5,1000000,UNSUPPORTED_WITHOUT_REPLAY,0.05,0.0,0.0,False
V3_CANDIDATE_DEVELOPMENT_ONLY_SURFACE,XGBOOST,0.2,1.0,1.0,0.6,0.0,66.5,1000000,UNSUPPORTED_WITHOUT_REPLAY,0.1,0.0,0.0,False
V3_CANDIDATE_DEVELOPMENT_ONLY_SURFACE,XGBOOST,0.2,1.0,1.0,0.6,0.0,66.5,1000000,UNSUPPORTED_WITHOUT_REPLAY,0.25,0.0,0.0,False
V3_CANDIDATE_DEVELOPMENT_ONLY_SURFACE,XGBOOST,0.2,1.0,1.0,0.6,0.0,77.5,1000000,UNSUPPORTED_WITHOUT_REPLAY,0.0,0.0,0.0,False
V3_CANDIDATE_DEVELOPMENT_ONLY_SURFACE,XGBOOST,0.2,1.0,1.0,0.6,0.0,77.5,1000000,UNSUPPORTED_WITHOUT_REPLAY,0.05,0.0,0.0,False
V3_CANDIDATE_DEVELOPMENT_ONLY_SURFACE,XGBOOST,0.2,1.0,1.0,0.6,0.0,77.5,1000000,UNSUPPORTED_WITHOUT_REPLAY,0.1,0.0,0.0,False
V3_CANDIDATE_DEVELOPMENT_ONLY_SURFACE,XGBOOST,0.2,1.0,1.0,0.6,0.0,77.5,1000000,UNSUPPORTED_WITHOUT_REPLAY,0.25,0.0,0.0,False
V3_CANDIDATE_DEVELOPMENT_ONLY_SURFACE,XGBOOST,0.2,1.0,1.0,0.6,0.05,59.5,1000000,UNSUPPORTED_WITHOUT_REPLAY,0.0,0.0,0.0,False
V3_CANDIDATE_DEVELOPMENT_ONLY_SURFACE,XGBOOST,0.2,1.0,1.0,0.6,0.05,59.5,1000000,UNSUPPORTED_WITHOUT_REPLAY,0.05,0.0,0.0,False
V3_CANDIDATE_DEVELOPMENT_ONLY_SURFACE,XGBOOST,0.2,1.0,1.0,0.6,0.05,59.5,1000000,UNSUPPORTED_WITHOUT_REPLAY,0.1,0.0,0.0,False
V3_CANDIDATE_DEVELOPMENT_ONLY_SURFACE,XGBOOST,0.2,1.0,1.0,0.6,0.05,59.5,1000000,UNSUPPORTED_WITHOUT_REPLAY,0.25,0.0,0.0,False
V3_CANDIDATE_DEVELOPMENT_ONLY_SURFACE,XGBOOST,0.2,1.0,1.0,0.6,0.05,66.5,1000000,UNSUPPORTED_WITHOUT_REPLAY,0.0,0.0,0.0,False
V3_CANDIDATE_DEVELOPMENT_ONLY_SURFACE,XGBOOST,0.2,1.0,1.0,0.6,0.05,66.5,1000000,UNSUPPORTED_WITHOUT_REPLAY,0.05,0.0,0.0,False
V3_CANDIDATE_DEVELOPMENT_ONLY_SURFACE,XGBOOST,0.2,1.0,1.0,0.6,0.05,66.5,1000000,UNSUPPORTED_WITHOUT_REPLAY,0.1,0.0,0.0,False
V3_CANDIDATE_DEVELOPMENT_ONLY_SURFACE,XGBOOST,0.2,1.0,1.0,0.6,0.05,66.5,1000000,UNSUPPORTED_WITHOUT_REPLAY,0.25,0.0,0.0,False
V3_CANDIDATE_DEVELOPMENT_ONLY_SURFACE,XGBOOST,0.2,1.0,1.0,0.6,0.05,77.5,1000000,UNSUPPORTED_WITHOUT_REPLAY,0.0,0.0,0.0,False
V3_CANDIDATE_DEVELOPMENT_ONLY_SURFACE,XGBOOST,0.2,1.0,1.0,0.6,0.05,77.5,1000000,UNSUPPORTED_WITHOUT_REPLAY,0.05,0.0,0.0,False
V3_CANDIDATE_DEVELOPMENT_ONLY_SURFACE,XGBOOST,0.2,1.0,1.0,0.6,0.05,77.5,1000000,UNSUPPORTED_WITHOUT_REPLAY,0.1,0.0,0.0,False
V3_CANDIDATE_DEVELOPMENT_ONLY_SURFACE,XGBOOST,0.2,1.0,1.0,0.6,0.05,77.5,1000000,UNSUPPORTED_WITHOUT_REPLAY,0.25,0.0,0.0,False
V3_CANDIDATE_DEVELOPMENT_ONLY_SURFACE,XGBOOST,0.2,1.0,1.0,0.6,0.1,59.5,1000000,UNSUPPORTED_WITHOUT_REPLAY,0.0,0.0,0.0,False
V3_CANDIDATE_DEVELOPMENT_ONLY_SURFACE,XGBOOST,0.2,1.0,1.0,0.6,0.1,59.5,1000000,UNSUPPORTED_WITHOUT_REPLAY,0.05,0.0,0.0,False
V3_CANDIDATE_DEVELOPMENT_ONLY_SURFACE,XGBOOST,0.2,1.0,1.0,0.6,0.1,59.5,1000000,UNSUPPORTED_WITHOUT_REPLAY,0.1,0.0,0.0,False
V3_CANDIDATE_DEVELOPMENT_ONLY_SURFACE,XGBOOST,0.2,1.0,1.0,0.6,0.1,59.5,1000000,UNSUPPORTED_WITHOUT_REPLAY,0.25,0.0,0.0,False
V3_CANDIDATE_DEVELOPMENT_ONLY_SURFACE,XGBOOST,0.2,1.0,1.0,0.6,0.1,66.5,1000000,UNSUPPORTED_WITHOUT_REPLAY,0.0,0.0,0.0,False
V3_CANDIDATE_DEVELOPMENT_ONLY_SURFACE,XGBOOST,0.2,1.0,1.0,0.6,0.1,66.5,1000000,UNSUPPORTED_WITHOUT_REPLAY,0.05,0.0,0.0,False
V3_CANDIDATE_DEVELOPMENT_ONLY_SURFACE,XGBOOST,0.2,1.0,1.0,0.6,0.1,66.5,1000000,UNSUPPORTED_WITHOUT_REPLAY,0.1,0.0,0.0,False
V3_CANDIDATE_DEVELOPMENT_ONLY_SURFACE,XGBOOST,0.2,1.0,1.0,0.6,0.1,66.5,1000000,UNSUPPORTED_WITHOUT_REPLAY,0.25,0.0,0.0,False
V3_CANDIDATE_DEVELOPMENT_ONLY_SURFACE,XGBOOST,0.2,1.0,1.0,0.6,0.1,77.5,1000000,UNSUPPORTED_WITHOUT_REPLAY,0.0,0.0,0.0,False
V3_CANDIDATE_DEVELOPMENT_ONLY_SURFACE,XGBOOST,0.2,1.0,1.0,0.6,0.1,77.5,1000000,UNSUPPORTED_WITHOUT_REPLAY,0.05,0.0,0.0,False
V3_CANDIDATE_DEVELOPMENT_ONLY_SURFACE,XGBOOST,0.2,1.0,1.0,0.6,0.1,77.5,1000000,UNSUPPORTED_WITHOUT_REPLAY,0.1,0.0,0.0,False
V3_CANDIDATE_DEVELOPMENT_ONLY_SURFACE,XGBOOST,0.2,1.0,1.0,0.6,0.1,77.5,1000000,UNSUPPORTED_WITHOUT_REPLAY,0.25,0.0,0.0,False
V3_CANDIDATE_DEVELOPMENT_ONLY_SURFACE,XGBOOST,0.2,1.0,1.0,0.8,0.0,59.5,1000000,UNSUPPORTED_WITHOUT_REPLAY,0.0,0.0,0.0,False
V3_CANDIDATE_DEVELOPMENT_ONLY_SURFACE,XGBOOST,0.2,1.0,1.0,0.8,0.0,59.5,1000000,UNSUPPORTED_WITHOUT_REPLAY,0.05,0.0,0.0,False
V3_CANDIDATE_DEVELOPMENT_ONLY_SURFACE,XGBOOST,0.2,1.0,1.0,0.8,0.0,59.5,1000000,UNSUPPORTED_WITHOUT_REPLAY,0.1,0.0,0.0,False
V3_CANDIDATE_DEVELOPMENT_ONLY_SURFACE,XGBOOST,0.2,1.0,1.0,0.8,0.0,59.5,1000000,UNSUPPORTED_WITHOUT_REPLAY,0.25,0.0,0.0,False
V3_CANDIDATE_DEVELOPMENT_ONLY_SURFACE,XGBOOST,0.2,1.0,1.0,0.8,0.0,66.5,1000000,UNSUPPORTED_WITHOUT_REPLAY,0.0,0.0,0.0,False
V3_CANDIDATE_DEVELOPMENT_ONLY_SURFACE,XGBOOST,0.2,1.0,1.0,0.8,0.0,66.5,1000000,UNSUPPORTED_WITHOUT_REPLAY,0.05,0.0,0.0,False
V3_CANDIDATE_DEVELOPMENT_ONLY_SURFACE,XGBOOST,0.2,1.0,1.0,0.8,0.0,66.5,1000000,UNSUPPORTED_WITHOUT_REPLAY,0.1,0.0,0.0,False
V3_CANDIDATE_DEVELOPMENT_ONLY_SURFACE,XGBOOST,0.2,1.0,1.0,0.8,0.0,66.5,1000000,UNSUPPORTED_WITHOUT_REPLAY,0.25,0.0,0.0,False
V3_CANDIDATE_DEVELOPMENT_ONLY_SURFACE,XGBOOST,0.2,1.0,1.0,0.8,0.0,77.5,1000000,UNSUPPORTED_WITHOUT_REPLAY,0.0,0.0,0.0,False
V3_CANDIDATE_DEVELOPMENT_ONLY_SURFACE,XGBOOST,0.2,1.0,1.0,0.8,0.0,77.5,1000000,UNSUPPORTED_WITHOUT_REPLAY,0.05,0.0,0.0,False
V3_CANDIDATE_DEVELOPMENT_ONLY_SURFACE,XGBOOST,0.2,1.0,1.0,0.8,0.0,77.5,1000000,UNSUPPORTED_WITHOUT_REPLAY,0.1,0.0,0.0,False
V3_CANDIDATE_DEVELOPMENT_ONLY_SURFACE,XGBOOST,0.2,1.0,1.0,0.8,0.0,77.5,1000000,UNSUPPORTED_WITHOUT_REPLAY,0.25,0.0,0.0,False
V3_CANDIDATE_DEVELOPMENT_ONLY_SURFACE,XGBOOST,0.2,1.0,1.0,0.8,0.05,59.5,1000000,UNSUPPORTED_WITHOUT_REPLAY,0.0,0.0,0.0,False
V3_CANDIDATE_DEVELOPMENT_ONLY_SURFACE,XGBOOST,0.2,1.0,1.0,0.8,0.05,59.5,1000000,UNSUPPORTED_WITHOUT_REPLAY,0.05,0.0,0.0,False
V3_CANDIDATE_DEVELOPMENT_ONLY_SURFACE,XGBOOST,0.2,1.0,1.0,0.8,0.05,59.5,1000000,UNSUPPORTED_WITHOUT_REPLAY,0.1,0.0,0.0,False
V3_CANDIDATE_DEVELOPMENT_ONLY_SURFACE,XGBOOST,0.2,1.0,1.0,0.8,0.05,59.5,1000000,UNSUPPORTED_WITHOUT_REPLAY,0.25,0.0,0.0,False
V3_CANDIDATE_DEVELOPMENT_ONLY_SURFACE,XGBOOST,0.2,1.0,1.0,0.8,0.05,66.5,1000000,UNSUPPORTED_WITHOUT_REPLAY,0.0,0.0,0.0,False
V3_CANDIDATE_DEVELOPMENT_ONLY_SURFACE,XGBOOST,0.2,1.0,1.0,0.8,0.05,66.5,1000000,UNSUPPORTED_WITHOUT_REPLAY,0.05,0.0,0.0,False
V3_CANDIDATE_DEVELOPMENT_ONLY_SURFACE,XGBOOST,0.2,1.0,1.0,0.8,0.05,66.5,1000000,UNSUPPORTED_WITHOUT_REPLAY,0.1,0.0,0.0,False
V3_CANDIDATE_DEVELOPMENT_ONLY_SURFACE,XGBOOST,0.2,1.0,1.0,0.8,0.05,66.5,1000000,UNSUPPORTED_WITHOUT_REPLAY,0.25,0.0,0.0,False
V3_CANDIDATE_DEVELOPMENT_ONLY_SURFACE,XGBOOST,0.2,1.0,1.0,0.8,0.05,77.5,1000000,UNSUPPORTED_WITHOUT_REPLAY,0.0,0.0,0.0,False
V3_CANDIDATE_DEVELOPMENT_ONLY_SURFACE,XGBOOST,0.2,1.0,1.0,0.8,0.05,77.5,1000000,UNSUPPORTED_WITHOUT_REPLAY,0.05,0.0,0.0,False
V3_CANDIDATE_DEVELOPMENT_ONLY_SURFACE,XGBOOST,0.2,1.0,1.0,0.8,0.05,77.5,1000000,UNSUPPORTED_WITHOUT_REPLAY,0.1,0.0,0.0,False
V3_CANDIDATE_DEVELOPMENT_ONLY_SURFACE,XGBOOST,0.2,1.0,1.0,0.8,0.05,77.5,1000000,UNSUPPORTED_WITHOUT_REPLAY,0.25,0.0,0.0,False
V3_CANDIDATE_DEVELOPMENT_ONLY_SURFACE,XGBOOST,0.2,1.0,1.0,0.8,0.1,59.5,1000000,UNSUPPORTED_WITHOUT_REPLAY,0.0,0.0,0.0,False
V3_CANDIDATE_DEVELOPMENT_ONLY_SURFACE,XGBOOST,0.2,1.0,1.0,0.8,0.1,59.5,1000000,UNSUPPORTED_WITHOUT_REPLAY,0.05,0.0,0.0,False
V3_CANDIDATE_DEVELOPMENT_ONLY_SURFACE,XGBOOST,0.2,1.0,1.0,0.8,0.1,59.5,1000000,UNSUPPORTED_WITHOUT_REPLAY,0.1,0.0,0.0,False
V3_CANDIDATE_DEVELOPMENT_ONLY_SURFACE,XGBOOST,0.2,1.0,1.0,0.8,0.1,59.5,1000000,UNSUPPORTED_WITHOUT_REPLAY,0.25,0.0,0.0,False
V3_CANDIDATE_DEVELOPMENT_ONLY_SURFACE,XGBOOST,0.2,1.0,1.0,0.8,0.1,66.5,1000000,UNSUPPORTED_WITHOUT_REPLAY,0.0,0.0,0.0,False
V3_CANDIDATE_DEVELOPMENT_ONLY_SURFACE,XGBOOST,0.2,1.0,1.0,0.8,0.1,66.5,1000000,UNSUPPORTED_WITHOUT_REPLAY,0.05,0.0,0.0,False
V3_CANDIDATE_DEVELOPMENT_ONLY_SURFACE,XGBOOST,0.2,1.0,1.0,0.8,0.1,66.5,1000000,UNSUPPORTED_WITHOUT_REPLAY,0.1,0.0,0.0,False
V3_CANDIDATE_DEVELOPMENT_ONLY_SURFACE,XGBOOST,0.2,1.0,1.0,0.8,0.1,66.5,1000000,UNSUPPORTED_WITHOUT_REPLAY,0.25,0.0,0.0,False
V3_CANDIDATE_DEVELOPMENT_ONLY_SURFACE,XGBOOST,0.2,1.0,1.0,0.8,0.1,77.5,1000000,UNSUPPORTED_WITHOUT_REPLAY,0.0,0.0,0.0,False
V3_CANDIDATE_DEVELOPMENT_ONLY_SURFACE,XGBOOST,0.2,1.0,1.0,0.8,0.1,77.5,1000000,UNSUPPORTED_WITHOUT_REPLAY,0.05,0.0,0.0,False
V3_CANDIDATE_DEVELOPMENT_ONLY_SURFACE,XGBOOST,0.2,1.0,1.0,0.8,0.1,77.5,1000000,UNSUPPORTED_WITHOUT_REPLAY,0.1,0.0,0.0,False
V3_CANDIDATE_DEVELOPMENT_ONLY_SURFACE,XGBOOST,0.2,1.0,1.0,0.8,0.1,77.5,1000000,UNSUPPORTED_WITHOUT_REPLAY,0.25,0.0,0.0,False
V3_CANDIDATE_DEVELOPMENT_ONLY_SURFACE,XGBOOST,0.2,2.0,0.0,0.0,0.0,59.5,1000000,UNSUPPORTED_WITHOUT_REPLAY,0.0,0.0,0.0,False
V3_CANDIDATE_DEVELOPMENT_ONLY_SURFACE,XGBOOST,0.2,2.0,0.0,0.0,0.0,59.5,1000000,UNSUPPORTED_WITHOUT_REPLAY,0.05,0.0,0.0,False
V3_CANDIDATE_DEVELOPMENT_ONLY_SURFACE,XGBOOST,0.2,2.0,0.0,0.0,0.0,59.5,1000000,UNSUPPORTED_WITHOUT_REPLAY,0.1,0.0,0.0,False
V3_CANDIDATE_DEVELOPMENT_ONLY_SURFACE,XGBOOST,0.2,2.0,0.0,0.0,0.0,59.5,1000000,UNSUPPORTED_WITHOUT_REPLAY,0.25,0.0,0.0,False
V3_CANDIDATE_DEVELOPMENT_ONLY_SURFACE,XGBOOST,0.2,2.0,0.0,0.0,0.0,66.5,1000000,UNSUPPORTED_WITHOUT_REPLAY,0.0,0.0,0.0,False
V3_CANDIDATE_DEVELOPMENT_ONLY_SURFACE,XGBOOST,0.2,2.0,0.0,0.0,0.0,66.5,1000000,UNSUPPORTED_WITHOUT_REPLAY,0.05,0.0,0.0,False
V3_CANDIDATE_DEVELOPMENT_ONLY_SURFACE,XGBOOST,0.2,2.0,0.0,0.0,0.0,66.5,1000000,UNSUPPORTED_WITHOUT_REPLAY,0.1,0.0,0.0,False
V3_CANDIDATE_DEVELOPMENT_ONLY_SURFACE,XGBOOST,0.2,2.0,0.0,0.0,0.0,66.5,1000000,UNSUPPORTED_WITHOUT_REPLAY,0.25,0.0,0.0,False
V3_CANDIDATE_DEVELOPMENT_ONLY_SURFACE,XGBOOST,0.2,2.0,0.0,0.0,0.0,77.5,1000000,UNSUPPORTED_WITHOUT_REPLAY,0.0,0.0,0.0,False
V3_CANDIDATE_DEVELOPMENT_ONLY_SURFACE,XGBOOST,0.2,2.0,0.0,0.0,0.0,77.5,1000000,UNSUPPORTED_WITHOUT_REPLAY,0.05,0.0,0.0,False
V3_CANDIDATE_DEVELOPMENT_ONLY_SURFACE,XGBOOST,0.2,2.0,0.0,0.0,0.0,77.5,1000000,UNSUPPORTED_WITHOUT_REPLAY,0.1,0.0,0.0,False
V3_CANDIDATE_DEVELOPMENT_ONLY_SURFACE,XGBOOST,0.2,2.0,0.0,0.0,0.0,77.5,1000000,UNSUPPORTED_WITHOUT_REPLAY,0.25,0.0,0.0,False
V3_CANDIDATE_DEVELOPMENT_ONLY_SURFACE,XGBOOST,0.2,2.0,0.0,0.0,0.05,59.5,1000000,UNSUPPORTED_WITHOUT_REPLAY,0.0,0.0,0.0,False
V3_CANDIDATE_DEVELOPMENT_ONLY_SURFACE,XGBOOST,0.2,2.0,0.0,0.0,0.05,59.5,1000000,UNSUPPORTED_WITHOUT_REPLAY,0.05,0.0,0.0,False
V3_CANDIDATE_DEVELOPMENT_ONLY_SURFACE,XGBOOST,0.2,2.0,0.0,0.0,0.05,59.5,1000000,UNSUPPORTED_WITHOUT_REPLAY,0.1,0.0,0.0,False
V3_CANDIDATE_DEVELOPMENT_ONLY_SURFACE,XGBOOST,0.2,2.0,0.0,0.0,0.05,59.5,1000000,UNSUPPORTED_WITHOUT_REPLAY,0.25,0.0,0.0,False
V3_CANDIDATE_DEVELOPMENT_ONLY_SURFACE,XGBOOST,0.2,2.0,0.0,0.0,0.05,66.5,1000000,UNSUPPORTED_WITHOUT_REPLAY,0.0,0.0,0.0,False
V3_CANDIDATE_DEVELOPMENT_ONLY_SURFACE,XGBOOST,0.2,2.0,0.0,0.0,0.05,66.5,1000000,UNSUPPORTED_WITHOUT_REPLAY,0.05,0.0,0.0,False
V3_CANDIDATE_DEVELOPMENT_ONLY_SURFACE,XGBOOST,0.2,2.0,0.0,0.0,0.05,66.5,1000000,UNSUPPORTED_WITHOUT_REPLAY,0.1,0.0,0.0,False
V3_CANDIDATE_DEVELOPMENT_ONLY_SURFACE,XGBOOST,0.2,2.0,0.0,0.0,0.05,66.5,1000000,UNSUPPORTED_WITHOUT_REPLAY,0.25,0.0,0.0,False
V3_CANDIDATE_DEVELOPMENT_ONLY_SURFACE,XGBOOST,0.2,2.0,0.0,0.0,0.05,77.5,1000000,UNSUPPORTED_WITHOUT_REPLAY,0.0,0.0,0.0,False
V3_CANDIDATE_DEVELOPMENT_ONLY_SURFACE,XGBOOST,0.2,2.0,0.0,0.0,0.05,77.5,1000000,UNSUPPORTED_WITHOUT_REPLAY,0.05,0.0,0.0,False
V3_CANDIDATE_DEVELOPMENT_ONLY_SURFACE,XGBOOST,0.2,2.0,0.0,0.0,0.05,77.5,1000000,UNSUPPORTED_WITHOUT_REPLAY,0.1,0.0,0.0,False
V3_CANDIDATE_DEVELOPMENT_ONLY_SURFACE,XGBOOST,0.2,2.0,0.0,0.0,0.05,77.5,1000000,UNSUPPORTED_WITHOUT_REPLAY,0.25,0.0,0.0,False
V3_CANDIDATE_DEVELOPMENT_ONLY_SURFACE,XGBOOST,0.2,2.0,0.0,0.0,0.1,59.5,1000000,UNSUPPORTED_WITHOUT_REPLAY,0.0,0.0,0.0,False
V3_CANDIDATE_DEVELOPMENT_ONLY_SURFACE,XGBOOST,0.2,2.0,0.0,0.0,0.1,59.5,1000000,UNSUPPORTED_WITHOUT_REPLAY,0.05,0.0,0.0,False
V3_CANDIDATE_DEVELOPMENT_ONLY_SURFACE,XGBOOST,0.2,2.0,0.0,0.0,0.1,59.5,1000000,UNSUPPORTED_WITHOUT_REPLAY,0.1,0.0,0.0,False
V3_CANDIDATE_DEVELOPMENT_ONLY_SURFACE,XGBOOST,0.2,2.0,0.0,0.0,0.1,59.5,1000000,UNSUPPORTED_WITHOUT_REPLAY,0.25,0.0,0.0,False
V3_CANDIDATE_DEVELOPMENT_ONLY_SURFACE,XGBOOST,0.2,2.0,0.0,0.0,0.1,66.5,1000000,UNSUPPORTED_WITHOUT_REPLAY,0.0,0.0,0.0,False
V3_CANDIDATE_DEVELOPMENT_ONLY_SURFACE,XGBOOST,0.2,2.0,0.0,0.0,0.1,66.5,1000000,UNSUPPORTED_WITHOUT_REPLAY,0.05,0.0,0.0,False
V3_CANDIDATE_DEVELOPMENT_ONLY_SURFACE,XGBOOST,0.2,2.0,0.0,0.0,0.1,66.5,1000000,UNSUPPORTED_WITHOUT_REPLAY,0.1,0.0,0.0,False
V3_CANDIDATE_DEVELOPMENT_ONLY_SURFACE,XGBOOST,0.2,2.0,0.0,0.0,0.1,66.5,1000000,UNSUPPORTED_WITHOUT_REPLAY,0.25,0.0,0.0,False
V3_CANDIDATE_DEVELOPMENT_ONLY_SURFACE,XGBOOST,0.2,2.0,0.0,0.0,0.1,77.5,1000000,UNSUPPORTED_WITHOUT_REPLAY,0.0,0.0,0.0,False
V3_CANDIDATE_DEVELOPMENT_ONLY_SURFACE,XGBOOST,0.2,2.0,0.0,0.0,0.1,77.5,1000000,UNSUPPORTED_WITHOUT_REPLAY,0.05,0.0,0.0,False
V3_CANDIDATE_DEVELOPMENT_ONLY_SURFACE,XGBOOST,0.2,2.0,0.0,0.0,0.1,77.5,1000000,UNSUPPORTED_WITHOUT_REPLAY,0.1,0.0,0.0,False
V3_CANDIDATE_DEVELOPMENT_ONLY_SURFACE,XGBOOST,0.2,2.0,0.0,0.0,0.1,77.5,1000000,UNSUPPORTED_WITHOUT_REPLAY,0.25,0.0,0.0,False
V3_CANDIDATE_DEVELOPMENT_ONLY_SURFACE,XGBOOST,0.2,2.0,0.0,0.4,0.0,59.5,1000000,UNSUPPORTED_WITHOUT_REPLAY,0.0,0.0,0.0,False
V3_CANDIDATE_DEVELOPMENT_ONLY_SURFACE,XGBOOST,0.2,2.0,0.0,0.4,0.0,59.5,1000000,UNSUPPORTED_WITHOUT_REPLAY,0.05,0.0,0.0,False
V3_CANDIDATE_DEVELOPMENT_ONLY_SURFACE,XGBOOST,0.2,2.0,0.0,0.4,0.0,59.5,1000000,UNSUPPORTED_WITHOUT_REPLAY,0.1,0.0,0.0,False
V3_CANDIDATE_DEVELOPMENT_ONLY_SURFACE,XGBOOST,0.2,2.0,0.0,0.4,0.0,59.5,1000000,UNSUPPORTED_WITHOUT_REPLAY,0.25,0.0,0.0,False
V3_CANDIDATE_DEVELOPMENT_ONLY_SURFACE,XGBOOST,0.2,2.0,0.0,0.4,0.0,66.5,1000000,UNSUPPORTED_WITHOUT_REPLAY,0.0,0.0,0.0,False
V3_CANDIDATE_DEVELOPMENT_ONLY_SURFACE,XGBOOST,0.2,2.0,0.0,0.4,0.0,66.5,1000000,UNSUPPORTED_WITHOUT_REPLAY,0.05,0.0,0.0,False
V3_CANDIDATE_DEVELOPMENT_ONLY_SURFACE,XGBOOST,0.2,2.0,0.0,0.4,0.0,66.5,1000000,UNSUPPORTED_WITHOUT_REPLAY,0.1,0.0,0.0,False
V3_CANDIDATE_DEVELOPMENT_ONLY_SURFACE,XGBOOST,0.2,2.0,0.0,0.4,0.0,66.5,1000000,UNSUPPORTED_WITHOUT_REPLAY,0.25,0.0,0.0,False
V3_CANDIDATE_DEVELOPMENT_ONLY_SURFACE,XGBOOST,0.2,2.0,0.0,0.4,0.0,77.5,1000000,UNSUPPORTED_WITHOUT_REPLAY,0.0,0.0,0.0,False
V3_CANDIDATE_DEVELOPMENT_ONLY_SURFACE,XGBOOST,0.2,2.0,0.0,0.4,0.0,77.5,1000000,UNSUPPORTED_WITHOUT_REPLAY,0.05,0.0,0.0,False
V3_CANDIDATE_DEVELOPMENT_ONLY_SURFACE,XGBOOST,0.2,2.0,0.0,0.4,0.0,77.5,1000000,UNSUPPORTED_WITHOUT_REPLAY,0.1,0.0,0.0,False
V3_CANDIDATE_DEVELOPMENT_ONLY_SURFACE,XGBOOST,0.2,2.0,0.0,0.4,0.0,77.5,1000000,UNSUPPORTED_WITHOUT_REPLAY,0.25,0.0,0.0,False
V3_CANDIDATE_DEVELOPMENT_ONLY_SURFACE,XGBOOST,0.2,2.0,0.0,0.4,0.05,59.5,1000000,UNSUPPORTED_WITHOUT_REPLAY,0.0,0.0,0.0,False
V3_CANDIDATE_DEVELOPMENT_ONLY_SURFACE,XGBOOST,0.2,2.0,0.0,0.4,0.05,59.5,1000000,UNSUPPORTED_WITHOUT_REPLAY,0.05,0.0,0.0,False
V3_CANDIDATE_DEVELOPMENT_ONLY_SURFACE,XGBOOST,0.2,2.0,0.0,0.4,0.05,59.5,1000000,UNSUPPORTED_WITHOUT_REPLAY,0.1,0.0,0.0,False
V3_CANDIDATE_DEVELOPMENT_ONLY_SURFACE,XGBOOST,0.2,2.0,0.0,0.4,0.05,59.5,1000000,UNSUPPORTED_WITHOUT_REPLAY,0.25,0.0,0.0,False
V3_CANDIDATE_DEVELOPMENT_ONLY_SURFACE,XGBOOST,0.2,2.0,0.0,0.4,0.05,66.5,1000000,UNSUPPORTED_WITHOUT_REPLAY,0.0,0.0,0.0,False
V3_CANDIDATE_DEVELOPMENT_ONLY_SURFACE,XGBOOST,0.2,2.0,0.0,0.4,0.05,66.5,1000000,UNSUPPORTED_WITHOUT_REPLAY,0.05,0.0,0.0,False
V3_CANDIDATE_DEVELOPMENT_ONLY_SURFACE,XGBOOST,0.2,2.0,0.0,0.4,0.05,66.5,1000000,UNSUPPORTED_WITHOUT_REPLAY,0.1,0.0,0.0,False
V3_CANDIDATE_DEVELOPMENT_ONLY_SURFACE,XGBOOST,0.2,2.0,0.0,0.4,0.05,66.5,1000000,UNSUPPORTED_WITHOUT_REPLAY,0.25,0.0,0.0,False
V3_CANDIDATE_DEVELOPMENT_ONLY_SURFACE,XGBOOST,0.2,2.0,0.0,0.4,0.05,77.5,1000000,UNSUPPORTED_WITHOUT_REPLAY,0.0,0.0,0.0,False
V3_CANDIDATE_DEVELOPMENT_ONLY_SURFACE,XGBOOST,0.2,2.0,0.0,0.4,0.05,77.5,1000000,UNSUPPORTED_WITHOUT_REPLAY,0.05,0.0,0.0,False
V3_CANDIDATE_DEVELOPMENT_ONLY_SURFACE,XGBOOST,0.2,2.0,0.0,0.4,0.05,77.5,1000000,UNSUPPORTED_WITHOUT_REPLAY,0.1,0.0,0.0,False
V3_CANDIDATE_DEVELOPMENT_ONLY_SURFACE,XGBOOST,0.2,2.0,0.0,0.4,0.05,77.5,1000000,UNSUPPORTED_WITHOUT_REPLAY,0.25,0.0,0.0,False
V3_CANDIDATE_DEVELOPMENT_ONLY_SURFACE,XGBOOST,0.2,2.0,0.0,0.4,0.1,59.5,1000000,UNSUPPORTED_WITHOUT_REPLAY,0.0,0.0,0.0,False
V3_CANDIDATE_DEVELOPMENT_ONLY_SURFACE,XGBOOST,0.2,2.0,0.0,0.4,0.1,59.5,1000000,UNSUPPORTED_WITHOUT_REPLAY,0.05,0.0,0.0,False
V3_CANDIDATE_DEVELOPMENT_ONLY_SURFACE,XGBOOST,0.2,2.0,0.0,0.4,0.1,59.5,1000000,UNSUPPORTED_WITHOUT_REPLAY,0.1,0.0,0.0,False
V3_CANDIDATE_DEVELOPMENT_ONLY_SURFACE,XGBOOST,0.2,2.0,0.0,0.4,0.1,59.5,1000000,UNSUPPORTED_WITHOUT_REPLAY,0.25,0.0,0.0,False
V3_CANDIDATE_DEVELOPMENT_ONLY_SURFACE,XGBOOST,0.2,2.0,0.0,0.4,0.1,66.5,1000000,UNSUPPORTED_WITHOUT_REPLAY,0.0,0.0,0.0,False
V3_CANDIDATE_DEVELOPMENT_ONLY_SURFACE,XGBOOST,0.2,2.0,0.0,0.4,0.1,66.5,1000000,UNSUPPORTED_WITHOUT_REPLAY,0.05,0.0,0.0,False
V3_CANDIDATE_DEVELOPMENT_ONLY_SURFACE,XGBOOST,0.2,2.0,0.0,0.4,0.1,66.5,1000000,UNSUPPORTED_WITHOUT_REPLAY,0.1,0.0,0.0,False
V3_CANDIDATE_DEVELOPMENT_ONLY_SURFACE,XGBOOST,0.2,2.0,0.0,0.4,0.1,66.5,1000000,UNSUPPORTED_WITHOUT_REPLAY,0.25,0.0,0.0,False
V3_CANDIDATE_DEVELOPMENT_ONLY_SURFACE,XGBOOST,0.2,2.0,0.0,0.4,0.1,77.5,1000000,UNSUPPORTED_WITHOUT_REPLAY,0.0,0.0,0.0,False
V3_CANDIDATE_DEVELOPMENT_ONLY_SURFACE,XGBOOST,0.2,2.0,0.0,0.4,0.1,77.5,1000000,UNSUPPORTED_WITHOUT_REPLAY,0.05,0.0,0.0,False
V3_CANDIDATE_DEVELOPMENT_ONLY_SURFACE,XGBOOST,0.2,2.0,0.0,0.4,0.1,77.5,1000000,UNSUPPORTED_WITHOUT_REPLAY,0.1,0.0,0.0,False
V3_CANDIDATE_DEVELOPMENT_ONLY_SURFACE,XGBOOST,0.2,2.0,0.0,0.4,0.1,77.5,1000000,UNSUPPORTED_WITHOUT_REPLAY,0.25,0.0,0.0,False
V3_CANDIDATE_DEVELOPMENT_ONLY_SURFACE,XGBOOST,0.2,2.0,0.0,0.6,0.0,59.5,1000000,UNSUPPORTED_WITHOUT_REPLAY,0.0,0.0,0.0,False
V3_CANDIDATE_DEVELOPMENT_ONLY_SURFACE,XGBOOST,0.2,2.0,0.0,0.6,0.0,59.5,1000000,UNSUPPORTED_WITHOUT_REPLAY,0.05,0.0,0.0,False
V3_CANDIDATE_DEVELOPMENT_ONLY_SURFACE,XGBOOST,0.2,2.0,0.0,0.6,0.0,59.5,1000000,UNSUPPORTED_WITHOUT_REPLAY,0.1,0.0,0.0,False
V3_CANDIDATE_DEVELOPMENT_ONLY_SURFACE,XGBOOST,0.2,2.0,0.0,0.6,0.0,59.5,1000000,UNSUPPORTED_WITHOUT_REPLAY,0.25,0.0,0.0,False
V3_CANDIDATE_DEVELOPMENT_ONLY_SURFACE,XGBOOST,0.2,2.0,0.0,0.6,0.0,66.5,1000000,UNSUPPORTED_WITHOUT_REPLAY,0.0,0.0,0.0,False
V3_CANDIDATE_DEVELOPMENT_ONLY_SURFACE,XGBOOST,0.2,2.0,0.0,0.6,0.0,66.5,1000000,UNSUPPORTED_WITHOUT_REPLAY,0.05,0.0,0.0,False
V3_CANDIDATE_DEVELOPMENT_ONLY_SURFACE,XGBOOST,0.2,2.0,0.0,0.6,0.0,66.5,1000000,UNSUPPORTED_WITHOUT_REPLAY,0.1,0.0,0.0,False
V3_CANDIDATE_DEVELOPMENT_ONLY_SURFACE,XGBOOST,0.2,2.0,0.0,0.6,0.0,66.5,1000000,UNSUPPORTED_WITHOUT_REPLAY,0.25,0.0,0.0,False
V3_CANDIDATE_DEVELOPMENT_ONLY_SURFACE,XGBOOST,0.2,2.0,0.0,0.6,0.0,77.5,1000000,UNSUPPORTED_WITHOUT_REPLAY,0.0,0.0,0.0,False
V3_CANDIDATE_DEVELOPMENT_ONLY_SURFACE,XGBOOST,0.2,2.0,0.0,0.6,0.0,77.5,1000000,UNSUPPORTED_WITHOUT_REPLAY,0.05,0.0,0.0,False
V3_CANDIDATE_DEVELOPMENT_ONLY_SURFACE,XGBOOST,0.2,2.0,0.0,0.6,0.0,77.5,1000000,UNSUPPORTED_WITHOUT_REPLAY,0.1,0.0,0.0,False
V3_CANDIDATE_DEVELOPMENT_ONLY_SURFACE,XGBOOST,0.2,2.0,0.0,0.6,0.0,77.5,1000000,UNSUPPORTED_WITHOUT_REPLAY,0.25,0.0,0.0,False
V3_CANDIDATE_DEVELOPMENT_ONLY_SURFACE,XGBOOST,0.2,2.0,0.0,0.6,0.05,59.5,1000000,UNSUPPORTED_WITHOUT_REPLAY,0.0,0.0,0.0,False
V3_CANDIDATE_DEVELOPMENT_ONLY_SURFACE,XGBOOST,0.2,2.0,0.0,0.6,0.05,59.5,1000000,UNSUPPORTED_WITHOUT_REPLAY,0.05,0.0,0.0,False
V3_CANDIDATE_DEVELOPMENT_ONLY_SURFACE,XGBOOST,0.2,2.0,0.0,0.6,0.05,59.5,1000000,UNSUPPORTED_WITHOUT_REPLAY,0.1,0.0,0.0,False
V3_CANDIDATE_DEVELOPMENT_ONLY_SURFACE,XGBOOST,0.2,2.0,0.0,0.6,0.05,59.5,1000000,UNSUPPORTED_WITHOUT_REPLAY,0.25,0.0,0.0,False
V3_CANDIDATE_DEVELOPMENT_ONLY_SURFACE,XGBOOST,0.2,2.0,0.0,0.6,0.05,66.5,1000000,UNSUPPORTED_WITHOUT_REPLAY,0.0,0.0,0.0,False
V3_CANDIDATE_DEVELOPMENT_ONLY_SURFACE,XGBOOST,0.2,2.0,0.0,0.6,0.05,66.5,1000000,UNSUPPORTED_WITHOUT_REPLAY,0.05,0.0,0.0,False
V3_CANDIDATE_DEVELOPMENT_ONLY_SURFACE,XGBOOST,0.2,2.0,0.0,0.6,0.05,66.5,1000000,UNSUPPORTED_WITHOUT_REPLAY,0.1,0.0,0.0,False
V3_CANDIDATE_DEVELOPMENT_ONLY_SURFACE,XGBOOST,0.2,2.0,0.0,0.6,0.05,66.5,1000000,UNSUPPORTED_WITHOUT_REPLAY,0.25,0.0,0.0,False
V3_CANDIDATE_DEVELOPMENT_ONLY_SURFACE,XGBOOST,0.2,2.0,0.0,0.6,0.05,77.5,1000000,UNSUPPORTED_WITHOUT_REPLAY,0.0,0.0,0.0,False
V3_CANDIDATE_DEVELOPMENT_ONLY_SURFACE,XGBOOST,0.2,2.0,0.0,0.6,0.05,77.5,1000000,UNSUPPORTED_WITHOUT_REPLAY,0.05,0.0,0.0,False
V3_CANDIDATE_DEVELOPMENT_ONLY_SURFACE,XGBOOST,0.2,2.0,0.0,0.6,0.05,77.5,1000000,UNSUPPORTED_WITHOUT_REPLAY,0.1,0.0,0.0,False
V3_CANDIDATE_DEVELOPMENT_ONLY_SURFACE,XGBOOST,0.2,2.0,0.0,0.6,0.05,77.5,1000000,UNSUPPORTED_WITHOUT_REPLAY,0.25,0.0,0.0,False
V3_CANDIDATE_DEVELOPMENT_ONLY_SURFACE,XGBOOST,0.2,2.0,0.0,0.6,0.1,59.5,1000000,UNSUPPORTED_WITHOUT_REPLAY,0.0,0.0,0.0,False
V3_CANDIDATE_DEVELOPMENT_ONLY_SURFACE,XGBOOST,0.2,2.0,0.0,0.6,0.1,59.5,1000000,UNSUPPORTED_WITHOUT_REPLAY,0.05,0.0,0.0,False
V3_CANDIDATE_DEVELOPMENT_ONLY_SURFACE,XGBOOST,0.2,2.0,0.0,0.6,0.1,59.5,1000000,UNSUPPORTED_WITHOUT_REPLAY,0.1,0.0,0.0,False
V3_CANDIDATE_DEVELOPMENT_ONLY_SURFACE,XGBOOST,0.2,2.0,0.0,0.6,0.1,59.5,1000000,UNSUPPORTED_WITHOUT_REPLAY,0.25,0.0,0.0,False
V3_CANDIDATE_DEVELOPMENT_ONLY_SURFACE,XGBOOST,0.2,2.0,0.0,0.6,0.1,66.5,1000000,UNSUPPORTED_WITHOUT_REPLAY,0.0,0.0,0.0,False
V3_CANDIDATE_DEVELOPMENT_ONLY_SURFACE,XGBOOST,0.2,2.0,0.0,0.6,0.1,66.5,1000000,UNSUPPORTED_WITHOUT_REPLAY,0.05,0.0,0.0,False
V3_CANDIDATE_DEVELOPMENT_ONLY_SURFACE,XGBOOST,0.2,2.0,0.0,0.6,0.1,66.5,1000000,UNSUPPORTED_WITHOUT_REPLAY,0.1,0.0,0.0,False
V3_CANDIDATE_DEVELOPMENT_ONLY_SURFACE,XGBOOST,0.2,2.0,0.0,0.6,0.1,66.5,1000000,UNSUPPORTED_WITHOUT_REPLAY,0.25,0.0,0.0,False
V3_CANDIDATE_DEVELOPMENT_ONLY_SURFACE,XGBOOST,0.2,2.0,0.0,0.6,0.1,77.5,1000000,UNSUPPORTED_WITHOUT_REPLAY,0.0,0.0,0.0,False
V3_CANDIDATE_DEVELOPMENT_ONLY_SURFACE,XGBOOST,0.2,2.0,0.0,0.6,0.1,77.5,1000000,UNSUPPORTED_WITHOUT_REPLAY,0.05,0.0,0.0,False
V3_CANDIDATE_DEVELOPMENT_ONLY_SURFACE,XGBOOST,0.2,2.0,0.0,0.6,0.1,77.5,1000000,UNSUPPORTED_WITHOUT_REPLAY,0.1,0.0,0.0,False
V3_CANDIDATE_DEVELOPMENT_ONLY_SURFACE,XGBOOST,0.2,2.0,0.0,0.6,0.1,77.5,1000000,UNSUPPORTED_WITHOUT_REPLAY,0.25,0.0,0.0,False
V3_CANDIDATE_DEVELOPMENT_ONLY_SURFACE,XGBOOST,0.2,2.0,0.0,0.8,0.0,59.5,1000000,UNSUPPORTED_WITHOUT_REPLAY,0.0,0.0,0.0,False
V3_CANDIDATE_DEVELOPMENT_ONLY_SURFACE,XGBOOST,0.2,2.0,0.0,0.8,0.0,59.5,1000000,UNSUPPORTED_WITHOUT_REPLAY,0.05,0.0,0.0,False
V3_CANDIDATE_DEVELOPMENT_ONLY_SURFACE,XGBOOST,0.2,2.0,0.0,0.8,0.0,59.5,1000000,UNSUPPORTED_WITHOUT_REPLAY,0.1,0.0,0.0,False
V3_CANDIDATE_DEVELOPMENT_ONLY_SURFACE,XGBOOST,0.2,2.0,0.0,0.8,0.0,59.5,1000000,UNSUPPORTED_WITHOUT_REPLAY,0.25,0.0,0.0,False
V3_CANDIDATE_DEVELOPMENT_ONLY_SURFACE,XGBOOST,0.2,2.0,0.0,0.8,0.0,66.5,1000000,UNSUPPORTED_WITHOUT_REPLAY,0.0,0.0,0.0,False
V3_CANDIDATE_DEVELOPMENT_ONLY_SURFACE,XGBOOST,0.2,2.0,0.0,0.8,0.0,66.5,1000000,UNSUPPORTED_WITHOUT_REPLAY,0.05,0.0,0.0,False
V3_CANDIDATE_DEVELOPMENT_ONLY_SURFACE,XGBOOST,0.2,2.0,0.0,0.8,0.0,66.5,1000000,UNSUPPORTED_WITHOUT_REPLAY,0.1,0.0,0.0,False
V3_CANDIDATE_DEVELOPMENT_ONLY_SURFACE,XGBOOST,0.2,2.0,0.0,0.8,0.0,66.5,1000000,UNSUPPORTED_WITHOUT_REPLAY,0.25,0.0,0.0,False
V3_CANDIDATE_DEVELOPMENT_ONLY_SURFACE,XGBOOST,0.2,2.0,0.0,0.8,0.0,77.5,1000000,UNSUPPORTED_WITHOUT_REPLAY,0.0,0.0,0.0,False
V3_CANDIDATE_DEVELOPMENT_ONLY_SURFACE,XGBOOST,0.2,2.0,0.0,0.8,0.0,77.5,1000000,UNSUPPORTED_WITHOUT_REPLAY,0.05,0.0,0.0,False
V3_CANDIDATE_DEVELOPMENT_ONLY_SURFACE,XGBOOST,0.2,2.0,0.0,0.8,0.0,77.5,1000000,UNSUPPORTED_WITHOUT_REPLAY,0.1,0.0,0.0,False
V3_CANDIDATE_DEVELOPMENT_ONLY_SURFACE,XGBOOST,0.2,2.0,0.0,0.8,0.0,77.5,1000000,UNSUPPORTED_WITHOUT_REPLAY,0.25,0.0,0.0,False
V3_CANDIDATE_DEVELOPMENT_ONLY_SURFACE,XGBOOST,0.2,2.0,0.0,0.8,0.05,59.5,1000000,UNSUPPORTED_WITHOUT_REPLAY,0.0,0.0,0.0,False
V3_CANDIDATE_DEVELOPMENT_ONLY_SURFACE,XGBOOST,0.2,2.0,0.0,0.8,0.05,59.5,1000000,UNSUPPORTED_WITHOUT_REPLAY,0.05,0.0,0.0,False
V3_CANDIDATE_DEVELOPMENT_ONLY_SURFACE,XGBOOST,0.2,2.0,0.0,0.8,0.05,59.5,1000000,UNSUPPORTED_WITHOUT_REPLAY,0.1,0.0,0.0,False
V3_CANDIDATE_DEVELOPMENT_ONLY_SURFACE,XGBOOST,0.2,2.0,0.0,0.8,0.05,59.5,1000000,UNSUPPORTED_WITHOUT_REPLAY,0.25,0.0,0.0,False
V3_CANDIDATE_DEVELOPMENT_ONLY_SURFACE,XGBOOST,0.2,2.0,0.0,0.8,0.05,66.5,1000000,UNSUPPORTED_WITHOUT_REPLAY,0.0,0.0,0.0,False
V3_CANDIDATE_DEVELOPMENT_ONLY_SURFACE,XGBOOST,0.2,2.0,0.0,0.8,0.05,66.5,1000000,UNSUPPORTED_WITHOUT_REPLAY,0.05,0.0,0.0,False
V3_CANDIDATE_DEVELOPMENT_ONLY_SURFACE,XGBOOST,0.2,2.0,0.0,0.8,0.05,66.5,1000000,UNSUPPORTED_WITHOUT_REPLAY,0.1,0.0,0.0,False
V3_CANDIDATE_DEVELOPMENT_ONLY_SURFACE,XGBOOST,0.2,2.0,0.0,0.8,0.05,66.5,1000000,UNSUPPORTED_WITHOUT_REPLAY,0.25,0.0,0.0,False
V3_CANDIDATE_DEVELOPMENT_ONLY_SURFACE,XGBOOST,0.2,2.0,0.0,0.8,0.05,77.5,1000000,UNSUPPORTED_WITHOUT_REPLAY,0.0,0.0,0.0,False
V3_CANDIDATE_DEVELOPMENT_ONLY_SURFACE,XGBOOST,0.2,2.0,0.0,0.8,0.05,77.5,1000000,UNSUPPORTED_WITHOUT_REPLAY,0.05,0.0,0.0,False
V3_CANDIDATE_DEVELOPMENT_ONLY_SURFACE,XGBOOST,0.2,2.0,0.0,0.8,0.05,77.5,1000000,UNSUPPORTED_WITHOUT_REPLAY,0.1,0.0,0.0,False
V3_CANDIDATE_DEVELOPMENT_ONLY_SURFACE,XGBOOST,0.2,2.0,0.0,0.8,0.05,77.5,1000000,UNSUPPORTED_WITHOUT_REPLAY,0.25,0.0,0.0,False
V3_CANDIDATE_DEVELOPMENT_ONLY_SURFACE,XGBOOST,0.2,2.0,0.0,0.8,0.1,59.5,1000000,UNSUPPORTED_WITHOUT_REPLAY,0.0,0.0,0.0,False
V3_CANDIDATE_DEVELOPMENT_ONLY_SURFACE,XGBOOST,0.2,2.0,0.0,0.8,0.1,59.5,1000000,UNSUPPORTED_WITHOUT_REPLAY,0.05,0.0,0.0,False
V3_CANDIDATE_DEVELOPMENT_ONLY_SURFACE,XGBOOST,0.2,2.0,0.0,0.8,0.1,59.5,1000000,UNSUPPORTED_WITHOUT_REPLAY,0.1,0.0,0.0,False
V3_CANDIDATE_DEVELOPMENT_ONLY_SURFACE,XGBOOST,0.2,2.0,0.0,0.8,0.1,59.5,1000000,UNSUPPORTED_WITHOUT_REPLAY,0.25,0.0,0.0,False
V3_CANDIDATE_DEVELOPMENT_ONLY_SURFACE,XGBOOST,0.2,2.0,0.0,0.8,0.1,66.5,1000000,UNSUPPORTED_WITHOUT_REPLAY,0.0,0.0,0.0,False
V3_CANDIDATE_DEVELOPMENT_ONLY_SURFACE,XGBOOST,0.2,2.0,0.0,0.8,0.1,66.5,1000000,UNSUPPORTED_WITHOUT_REPLAY,0.05,0.0,0.0,False
V3_CANDIDATE_DEVELOPMENT_ONLY_SURFACE,XGBOOST,0.2,2.0,0.0,0.8,0.1,66.5,1000000,UNSUPPORTED_WITHOUT_REPLAY,0.1,0.0,0.0,False
V3_CANDIDATE_DEVELOPMENT_ONLY_SURFACE,XGBOOST,0.2,2.0,0.0,0.8,0.1,66.5,1000000,UNSUPPORTED_WITHOUT_REPLAY,0.25,0.0,0.0,False
V3_CANDIDATE_DEVELOPMENT_ONLY_SURFACE,XGBOOST,0.2,2.0,0.0,0.8,0.1,77.5,1000000,UNSUPPORTED_WITHOUT_REPLAY,0.0,0.0,0.0,False
V3_CANDIDATE_DEVELOPMENT_ONLY_SURFACE,XGBOOST,0.2,2.0,0.0,0.8,0.1,77.5,1000000,UNSUPPORTED_WITHOUT_REPLAY,0.05,0.0,0.0,False
V3_CANDIDATE_DEVELOPMENT_ONLY_SURFACE,XGBOOST,0.2,2.0,0.0,0.8,0.1,77.5,1000000,UNSUPPORTED_WITHOUT_REPLAY,0.1,0.0,0.0,False
V3_CANDIDATE_DEVELOPMENT_ONLY_SURFACE,XGBOOST,0.2,2.0,0.0,0.8,0.1,77.5,1000000,UNSUPPORTED_WITHOUT_REPLAY,0.25,0.0,0.0,False
V3_CANDIDATE_DEVELOPMENT_ONLY_SURFACE,XGBOOST,0.2,2.0,0.25,0.0,0.0,59.5,1000000,UNSUPPORTED_WITHOUT_REPLAY,0.0,0.0,0.0,False
V3_CANDIDATE_DEVELOPMENT_ONLY_SURFACE,XGBOOST,0.2,2.0,0.25,0.0,0.0,59.5,1000000,UNSUPPORTED_WITHOUT_REPLAY,0.05,0.0,0.0,False
V3_CANDIDATE_DEVELOPMENT_ONLY_SURFACE,XGBOOST,0.2,2.0,0.25,0.0,0.0,59.5,1000000,UNSUPPORTED_WITHOUT_REPLAY,0.1,0.0,0.0,False
V3_CANDIDATE_DEVELOPMENT_ONLY_SURFACE,XGBOOST,0.2,2.0,0.25,0.0,0.0,59.5,1000000,UNSUPPORTED_WITHOUT_REPLAY,0.25,0.0,0.0,False
V3_CANDIDATE_DEVELOPMENT_ONLY_SURFACE,XGBOOST,0.2,2.0,0.25,0.0,0.0,66.5,1000000,UNSUPPORTED_WITHOUT_REPLAY,0.0,0.0,0.0,False
V3_CANDIDATE_DEVELOPMENT_ONLY_SURFACE,XGBOOST,0.2,2.0,0.25,0.0,0.0,66.5,1000000,UNSUPPORTED_WITHOUT_REPLAY,0.05,0.0,0.0,False
V3_CANDIDATE_DEVELOPMENT_ONLY_SURFACE,XGBOOST,0.2,2.0,0.25,0.0,0.0,66.5,1000000,UNSUPPORTED_WITHOUT_REPLAY,0.1,0.0,0.0,False
V3_CANDIDATE_DEVELOPMENT_ONLY_SURFACE,XGBOOST,0.2,2.0,0.25,0.0,0.0,66.5,1000000,UNSUPPORTED_WITHOUT_REPLAY,0.25,0.0,0.0,False
V3_CANDIDATE_DEVELOPMENT_ONLY_SURFACE,XGBOOST,0.2,2.0,0.25,0.0,0.0,77.5,1000000,UNSUPPORTED_WITHOUT_REPLAY,0.0,0.0,0.0,False
V3_CANDIDATE_DEVELOPMENT_ONLY_SURFACE,XGBOOST,0.2,2.0,0.25,0.0,0.0,77.5,1000000,UNSUPPORTED_WITHOUT_REPLAY,0.05,0.0,0.0,False
V3_CANDIDATE_DEVELOPMENT_ONLY_SURFACE,XGBOOST,0.2,2.0,0.25,0.0,0.0,77.5,1000000,UNSUPPORTED_WITHOUT_REPLAY,0.1,0.0,0.0,False
V3_CANDIDATE_DEVELOPMENT_ONLY_SURFACE,XGBOOST,0.2,2.0,0.25,0.0,0.0,77.5,1000000,UNSUPPORTED_WITHOUT_REPLAY,0.25,0.0,0.0,False
V3_CANDIDATE_DEVELOPMENT_ONLY_SURFACE,XGBOOST,0.2,2.0,0.25,0.0,0.05,59.5,1000000,UNSUPPORTED_WITHOUT_REPLAY,0.0,0.0,0.0,False
V3_CANDIDATE_DEVELOPMENT_ONLY_SURFACE,XGBOOST,0.2,2.0,0.25,0.0,0.05,59.5,1000000,UNSUPPORTED_WITHOUT_REPLAY,0.05,0.0,0.0,False
V3_CANDIDATE_DEVELOPMENT_ONLY_SURFACE,XGBOOST,0.2,2.0,0.25,0.0,0.05,59.5,1000000,UNSUPPORTED_WITHOUT_REPLAY,0.1,0.0,0.0,False
V3_CANDIDATE_DEVELOPMENT_ONLY_SURFACE,XGBOOST,0.2,2.0,0.25,0.0,0.05,59.5,1000000,UNSUPPORTED_WITHOUT_REPLAY,0.25,0.0,0.0,False
V3_CANDIDATE_DEVELOPMENT_ONLY_SURFACE,XGBOOST,0.2,2.0,0.25,0.0,0.05,66.5,1000000,UNSUPPORTED_WITHOUT_REPLAY,0.0,0.0,0.0,False
V3_CANDIDATE_DEVELOPMENT_ONLY_SURFACE,XGBOOST,0.2,2.0,0.25,0.0,0.05,66.5,1000000,UNSUPPORTED_WITHOUT_REPLAY,0.05,0.0,0.0,False
V3_CANDIDATE_DEVELOPMENT_ONLY_SURFACE,XGBOOST,0.2,2.0,0.25,0.0,0.05,66.5,1000000,UNSUPPORTED_WITHOUT_REPLAY,0.1,0.0,0.0,False
V3_CANDIDATE_DEVELOPMENT_ONLY_SURFACE,XGBOOST,0.2,2.0,0.25,0.0,0.05,66.5,1000000,UNSUPPORTED_WITHOUT_REPLAY,0.25,0.0,0.0,False
V3_CANDIDATE_DEVELOPMENT_ONLY_SURFACE,XGBOOST,0.2,2.0,0.25,0.0,0.05,77.5,1000000,UNSUPPORTED_WITHOUT_REPLAY,0.0,0.0,0.0,False
V3_CANDIDATE_DEVELOPMENT_ONLY_SURFACE,XGBOOST,0.2,2.0,0.25,0.0,0.05,77.5,1000000,UNSUPPORTED_WITHOUT_REPLAY,0.05,0.0,0.0,False
V3_CANDIDATE_DEVELOPMENT_ONLY_SURFACE,XGBOOST,0.2,2.0,0.25,0.0,0.05,77.5,1000000,UNSUPPORTED_WITHOUT_REPLAY,0.1,0.0,0.0,False
V3_CANDIDATE_DEVELOPMENT_ONLY_SURFACE,XGBOOST,0.2,2.0,0.25,0.0,0.05,77.5,1000000,UNSUPPORTED_WITHOUT_REPLAY,0.25,0.0,0.0,False
V3_CANDIDATE_DEVELOPMENT_ONLY_SURFACE,XGBOOST,0.2,2.0,0.25,0.0,0.1,59.5,1000000,UNSUPPORTED_WITHOUT_REPLAY,0.0,0.0,0.0,False
V3_CANDIDATE_DEVELOPMENT_ONLY_SURFACE,XGBOOST,0.2,2.0,0.25,0.0,0.1,59.5,1000000,UNSUPPORTED_WITHOUT_REPLAY,0.05,0.0,0.0,False
V3_CANDIDATE_DEVELOPMENT_ONLY_SURFACE,XGBOOST,0.2,2.0,0.25,0.0,0.1,59.5,1000000,UNSUPPORTED_WITHOUT_REPLAY,0.1,0.0,0.0,False
V3_CANDIDATE_DEVELOPMENT_ONLY_SURFACE,XGBOOST,0.2,2.0,0.25,0.0,0.1,59.5,1000000,UNSUPPORTED_WITHOUT_REPLAY,0.25,0.0,0.0,False
V3_CANDIDATE_DEVELOPMENT_ONLY_SURFACE,XGBOOST,0.2,2.0,0.25,0.0,0.1,66.5,1000000,UNSUPPORTED_WITHOUT_REPLAY,0.0,0.0,0.0,False
V3_CANDIDATE_DEVELOPMENT_ONLY_SURFACE,XGBOOST,0.2,2.0,0.25,0.0,0.1,66.5,1000000,UNSUPPORTED_WITHOUT_REPLAY,0.05,0.0,0.0,False
V3_CANDIDATE_DEVELOPMENT_ONLY_SURFACE,XGBOOST,0.2,2.0,0.25,0.0,0.1,66.5,1000000,UNSUPPORTED_WITHOUT_REPLAY,0.1,0.0,0.0,False
V3_CANDIDATE_DEVELOPMENT_ONLY_SURFACE,XGBOOST,0.2,2.0,0.25,0.0,0.1,66.5,1000000,UNSUPPORTED_WITHOUT_REPLAY,0.25,0.0,0.0,False
V3_CANDIDATE_DEVELOPMENT_ONLY_SURFACE,XGBOOST,0.2,2.0,0.25,0.0,0.1,77.5,1000000,UNSUPPORTED_WITHOUT_REPLAY,0.0,0.0,0.0,False
V3_CANDIDATE_DEVELOPMENT_ONLY_SURFACE,XGBOOST,0.2,2.0,0.25,0.0,0.1,77.5,1000000,UNSUPPORTED_WITHOUT_REPLAY,0.05,0.0,0.0,False
V3_CANDIDATE_DEVELOPMENT_ONLY_SURFACE,XGBOOST,0.2,2.0,0.25,0.0,0.1,77.5,1000000,UNSUPPORTED_WITHOUT_REPLAY,0.1,0.0,0.0,False
V3_CANDIDATE_DEVELOPMENT_ONLY_SURFACE,XGBOOST,0.2,2.0,0.25,0.0,0.1,77.5,1000000,UNSUPPORTED_WITHOUT_REPLAY,0.25,0.0,0.0,False
V3_CANDIDATE_DEVELOPMENT_ONLY_SURFACE,XGBOOST,0.2,2.0,0.25,0.4,0.0,59.5,1000000,UNSUPPORTED_WITHOUT_REPLAY,0.0,0.0,0.0,False
V3_CANDIDATE_DEVELOPMENT_ONLY_SURFACE,XGBOOST,0.2,2.0,0.25,0.4,0.0,59.5,1000000,UNSUPPORTED_WITHOUT_REPLAY,0.05,0.0,0.0,False
V3_CANDIDATE_DEVELOPMENT_ONLY_SURFACE,XGBOOST,0.2,2.0,0.25,0.4,0.0,59.5,1000000,UNSUPPORTED_WITHOUT_REPLAY,0.1,0.0,0.0,False
V3_CANDIDATE_DEVELOPMENT_ONLY_SURFACE,XGBOOST,0.2,2.0,0.25,0.4,0.0,59.5,1000000,UNSUPPORTED_WITHOUT_REPLAY,0.25,0.0,0.0,False
V3_CANDIDATE_DEVELOPMENT_ONLY_SURFACE,XGBOOST,0.2,2.0,0.25,0.4,0.0,66.5,1000000,UNSUPPORTED_WITHOUT_REPLAY,0.0,0.0,0.0,False
V3_CANDIDATE_DEVELOPMENT_ONLY_SURFACE,XGBOOST,0.2,2.0,0.25,0.4,0.0,66.5,1000000,UNSUPPORTED_WITHOUT_REPLAY,0.05,0.0,0.0,False
V3_CANDIDATE_DEVELOPMENT_ONLY_SURFACE,XGBOOST,0.2,2.0,0.25,0.4,0.0,66.5,1000000,UNSUPPORTED_WITHOUT_REPLAY,0.1,0.0,0.0,False
V3_CANDIDATE_DEVELOPMENT_ONLY_SURFACE,XGBOOST,0.2,2.0,0.25,0.4,0.0,66.5,1000000,UNSUPPORTED_WITHOUT_REPLAY,0.25,0.0,0.0,False
V3_CANDIDATE_DEVELOPMENT_ONLY_SURFACE,XGBOOST,0.2,2.0,0.25,0.4,0.0,77.5,1000000,UNSUPPORTED_WITHOUT_REPLAY,0.0,0.0,0.0,False
V3_CANDIDATE_DEVELOPMENT_ONLY_SURFACE,XGBOOST,0.2,2.0,0.25,0.4,0.0,77.5,1000000,UNSUPPORTED_WITHOUT_REPLAY,0.05,0.0,0.0,False
V3_CANDIDATE_DEVELOPMENT_ONLY_SURFACE,XGBOOST,0.2,2.0,0.25,0.4,0.0,77.5,1000000,UNSUPPORTED_WITHOUT_REPLAY,0.1,0.0,0.0,False
V3_CANDIDATE_DEVELOPMENT_ONLY_SURFACE,XGBOOST,0.2,2.0,0.25,0.4,0.0,77.5,1000000,UNSUPPORTED_WITHOUT_REPLAY,0.25,0.0,0.0,False
V3_CANDIDATE_DEVELOPMENT_ONLY_SURFACE,XGBOOST,0.2,2.0,0.25,0.4,0.05,59.5,1000000,UNSUPPORTED_WITHOUT_REPLAY,0.0,0.0,0.0,False
V3_CANDIDATE_DEVELOPMENT_ONLY_SURFACE,XGBOOST,0.2,2.0,0.25,0.4,0.05,59.5,1000000,UNSUPPORTED_WITHOUT_REPLAY,0.05,0.0,0.0,False
V3_CANDIDATE_DEVELOPMENT_ONLY_SURFACE,XGBOOST,0.2,2.0,0.25,0.4,0.05,59.5,1000000,UNSUPPORTED_WITHOUT_REPLAY,0.1,0.0,0.0,False
V3_CANDIDATE_DEVELOPMENT_ONLY_SURFACE,XGBOOST,0.2,2.0,0.25,0.4,0.05,59.5,1000000,UNSUPPORTED_WITHOUT_REPLAY,0.25,0.0,0.0,False
V3_CANDIDATE_DEVELOPMENT_ONLY_SURFACE,XGBOOST,0.2,2.0,0.25,0.4,0.05,66.5,1000000,UNSUPPORTED_WITHOUT_REPLAY,0.0,0.0,0.0,False
V3_CANDIDATE_DEVELOPMENT_ONLY_SURFACE,XGBOOST,0.2,2.0,0.25,0.4,0.05,66.5,1000000,UNSUPPORTED_WITHOUT_REPLAY,0.05,0.0,0.0,False
V3_CANDIDATE_DEVELOPMENT_ONLY_SURFACE,XGBOOST,0.2,2.0,0.25,0.4,0.05,66.5,1000000,UNSUPPORTED_WITHOUT_REPLAY,0.1,0.0,0.0,False
V3_CANDIDATE_DEVELOPMENT_ONLY_SURFACE,XGBOOST,0.2,2.0,0.25,0.4,0.05,66.5,1000000,UNSUPPORTED_WITHOUT_REPLAY,0.25,0.0,0.0,False
V3_CANDIDATE_DEVELOPMENT_ONLY_SURFACE,XGBOOST,0.2,2.0,0.25,0.4,0.05,77.5,1000000,UNSUPPORTED_WITHOUT_REPLAY,0.0,0.0,0.0,False
V3_CANDIDATE_DEVELOPMENT_ONLY_SURFACE,XGBOOST,0.2,2.0,0.25,0.4,0.05,77.5,1000000,UNSUPPORTED_WITHOUT_REPLAY,0.05,0.0,0.0,False
V3_CANDIDATE_DEVELOPMENT_ONLY_SURFACE,XGBOOST,0.2,2.0,0.25,0.4,0.05,77.5,1000000,UNSUPPORTED_WITHOUT_REPLAY,0.1,0.0,0.0,False
V3_CANDIDATE_DEVELOPMENT_ONLY_SURFACE,XGBOOST,0.2,2.0,0.25,0.4,0.05,77.5,1000000,UNSUPPORTED_WITHOUT_REPLAY,0.25,0.0,0.0,False
V3_CANDIDATE_DEVELOPMENT_ONLY_SURFACE,XGBOOST,0.2,2.0,0.25,0.4,0.1,59.5,1000000,UNSUPPORTED_WITHOUT_REPLAY,0.0,0.0,0.0,False
V3_CANDIDATE_DEVELOPMENT_ONLY_SURFACE,XGBOOST,0.2,2.0,0.25,0.4,0.1,59.5,1000000,UNSUPPORTED_WITHOUT_REPLAY,0.05,0.0,0.0,False
V3_CANDIDATE_DEVELOPMENT_ONLY_SURFACE,XGBOOST,0.2,2.0,0.25,0.4,0.1,59.5,1000000,UNSUPPORTED_WITHOUT_REPLAY,0.1,0.0,0.0,False
V3_CANDIDATE_DEVELOPMENT_ONLY_SURFACE,XGBOOST,0.2,2.0,0.25,0.4,0.1,59.5,1000000,UNSUPPORTED_WITHOUT_REPLAY,0.25,0.0,0.0,False
V3_CANDIDATE_DEVELOPMENT_ONLY_SURFACE,XGBOOST,0.2,2.0,0.25,0.4,0.1,66.5,1000000,UNSUPPORTED_WITHOUT_REPLAY,0.0,0.0,0.0,False
V3_CANDIDATE_DEVELOPMENT_ONLY_SURFACE,XGBOOST,0.2,2.0,0.25,0.4,0.1,66.5,1000000,UNSUPPORTED_WITHOUT_REPLAY,0.05,0.0,0.0,False
V3_CANDIDATE_DEVELOPMENT_ONLY_SURFACE,XGBOOST,0.2,2.0,0.25,0.4,0.1,66.5,1000000,UNSUPPORTED_WITHOUT_REPLAY,0.1,0.0,0.0,False
V3_CANDIDATE_DEVELOPMENT_ONLY_SURFACE,XGBOOST,0.2,2.0,0.25,0.4,0.1,66.5,1000000,UNSUPPORTED_WITHOUT_REPLAY,0.25,0.0,0.0,False
V3_CANDIDATE_DEVELOPMENT_ONLY_SURFACE,XGBOOST,0.2,2.0,0.25,0.4,0.1,77.5,1000000,UNSUPPORTED_WITHOUT_REPLAY,0.0,0.0,0.0,False
V3_CANDIDATE_DEVELOPMENT_ONLY_SURFACE,XGBOOST,0.2,2.0,0.25,0.4,0.1,77.5,1000000,UNSUPPORTED_WITHOUT_REPLAY,0.05,0.0,0.0,False
V3_CANDIDATE_DEVELOPMENT_ONLY_SURFACE,XGBOOST,0.2,2.0,0.25,0.4,0.1,77.5,1000000,UNSUPPORTED_WITHOUT_REPLAY,0.1,0.0,0.0,False
V3_CANDIDATE_DEVELOPMENT_ONLY_SURFACE,XGBOOST,0.2,2.0,0.25,0.4,0.1,77.5,1000000,UNSUPPORTED_WITHOUT_REPLAY,0.25,0.0,0.0,False
V3_CANDIDATE_DEVELOPMENT_ONLY_SURFACE,XGBOOST,0.2,2.0,0.25,0.6,0.0,59.5,1000000,UNSUPPORTED_WITHOUT_REPLAY,0.0,0.0,0.0,False
V3_CANDIDATE_DEVELOPMENT_ONLY_SURFACE,XGBOOST,0.2,2.0,0.25,0.6,0.0,59.5,1000000,UNSUPPORTED_WITHOUT_REPLAY,0.05,0.0,0.0,False
V3_CANDIDATE_DEVELOPMENT_ONLY_SURFACE,XGBOOST,0.2,2.0,0.25,0.6,0.0,59.5,1000000,UNSUPPORTED_WITHOUT_REPLAY,0.1,0.0,0.0,False
V3_CANDIDATE_DEVELOPMENT_ONLY_SURFACE,XGBOOST,0.2,2.0,0.25,0.6,0.0,59.5,1000000,UNSUPPORTED_WITHOUT_REPLAY,0.25,0.0,0.0,False
V3_CANDIDATE_DEVELOPMENT_ONLY_SURFACE,XGBOOST,0.2,2.0,0.25,0.6,0.0,66.5,1000000,UNSUPPORTED_WITHOUT_REPLAY,0.0,0.0,0.0,False
V3_CANDIDATE_DEVELOPMENT_ONLY_SURFACE,XGBOOST,0.2,2.0,0.25,0.6,0.0,66.5,1000000,UNSUPPORTED_WITHOUT_REPLAY,0.05,0.0,0.0,False
V3_CANDIDATE_DEVELOPMENT_ONLY_SURFACE,XGBOOST,0.2,2.0,0.25,0.6,0.0,66.5,1000000,UNSUPPORTED_WITHOUT_REPLAY,0.1,0.0,0.0,False
V3_CANDIDATE_DEVELOPMENT_ONLY_SURFACE,XGBOOST,0.2,2.0,0.25,0.6,0.0,66.5,1000000,UNSUPPORTED_WITHOUT_REPLAY,0.25,0.0,0.0,False
V3_CANDIDATE_DEVELOPMENT_ONLY_SURFACE,XGBOOST,0.2,2.0,0.25,0.6,0.0,77.5,1000000,UNSUPPORTED_WITHOUT_REPLAY,0.0,0.0,0.0,False
V3_CANDIDATE_DEVELOPMENT_ONLY_SURFACE,XGBOOST,0.2,2.0,0.25,0.6,0.0,77.5,1000000,UNSUPPORTED_WITHOUT_REPLAY,0.05,0.0,0.0,False
V3_CANDIDATE_DEVELOPMENT_ONLY_SURFACE,XGBOOST,0.2,2.0,0.25,0.6,0.0,77.5,1000000,UNSUPPORTED_WITHOUT_REPLAY,0.1,0.0,0.0,False
V3_CANDIDATE_DEVELOPMENT_ONLY_SURFACE,XGBOOST,0.2,2.0,0.25,0.6,0.0,77.5,1000000,UNSUPPORTED_WITHOUT_REPLAY,0.25,0.0,0.0,False
V3_CANDIDATE_DEVELOPMENT_ONLY_SURFACE,XGBOOST,0.2,2.0,0.25,0.6,0.05,59.5,1000000,UNSUPPORTED_WITHOUT_REPLAY,0.0,0.0,0.0,False
V3_CANDIDATE_DEVELOPMENT_ONLY_SURFACE,XGBOOST,0.2,2.0,0.25,0.6,0.05,59.5,1000000,UNSUPPORTED_WITHOUT_REPLAY,0.05,0.0,0.0,False
V3_CANDIDATE_DEVELOPMENT_ONLY_SURFACE,XGBOOST,0.2,2.0,0.25,0.6,0.05,59.5,1000000,UNSUPPORTED_WITHOUT_REPLAY,0.1,0.0,0.0,False
V3_CANDIDATE_DEVELOPMENT_ONLY_SURFACE,XGBOOST,0.2,2.0,0.25,0.6,0.05,59.5,1000000,UNSUPPORTED_WITHOUT_REPLAY,0.25,0.0,0.0,False
V3_CANDIDATE_DEVELOPMENT_ONLY_SURFACE,XGBOOST,0.2,2.0,0.25,0.6,0.05,66.5,1000000,UNSUPPORTED_WITHOUT_REPLAY,0.0,0.0,0.0,False
V3_CANDIDATE_DEVELOPMENT_ONLY_SURFACE,XGBOOST,0.2,2.0,0.25,0.6,0.05,66.5,1000000,UNSUPPORTED_WITHOUT_REPLAY,0.05,0.0,0.0,False
V3_CANDIDATE_DEVELOPMENT_ONLY_SURFACE,XGBOOST,0.2,2.0,0.25,0.6,0.05,66.5,1000000,UNSUPPORTED_WITHOUT_REPLAY,0.1,0.0,0.0,False
V3_CANDIDATE_DEVELOPMENT_ONLY_SURFACE,XGBOOST,0.2,2.0,0.25,0.6,0.05,66.5,1000000,UNSUPPORTED_WITHOUT_REPLAY,0.25,0.0,0.0,False
V3_CANDIDATE_DEVELOPMENT_ONLY_SURFACE,XGBOOST,0.2,2.0,0.25,0.6,0.05,77.5,1000000,UNSUPPORTED_WITHOUT_REPLAY,0.0,0.0,0.0,False
V3_CANDIDATE_DEVELOPMENT_ONLY_SURFACE,XGBOOST,0.2,2.0,0.25,0.6,0.05,77.5,1000000,UNSUPPORTED_WITHOUT_REPLAY,0.05,0.0,0.0,False
V3_CANDIDATE_DEVELOPMENT_ONLY_SURFACE,XGBOOST,0.2,2.0,0.25,0.6,0.05,77.5,1000000,UNSUPPORTED_WITHOUT_REPLAY,0.1,0.0,0.0,False
V3_CANDIDATE_DEVELOPMENT_ONLY_SURFACE,XGBOOST,0.2,2.0,0.25,0.6,0.05,77.5,1000000,UNSUPPORTED_WITHOUT_REPLAY,0.25,0.0,0.0,False
V3_CANDIDATE_DEVELOPMENT_ONLY_SURFACE,XGBOOST,0.2,2.0,0.25,0.6,0.1,59.5,1000000,UNSUPPORTED_WITHOUT_REPLAY,0.0,0.0,0.0,False
V3_CANDIDATE_DEVELOPMENT_ONLY_SURFACE,XGBOOST,0.2,2.0,0.25,0.6,0.1,59.5,1000000,UNSUPPORTED_WITHOUT_REPLAY,0.05,0.0,0.0,False
V3_CANDIDATE_DEVELOPMENT_ONLY_SURFACE,XGBOOST,0.2,2.0,0.25,0.6,0.1,59.5,1000000,UNSUPPORTED_WITHOUT_REPLAY,0.1,0.0,0.0,False
V3_CANDIDATE_DEVELOPMENT_ONLY_SURFACE,XGBOOST,0.2,2.0,0.25,0.6,0.1,59.5,1000000,UNSUPPORTED_WITHOUT_REPLAY,0.25,0.0,0.0,False
V3_CANDIDATE_DEVELOPMENT_ONLY_SURFACE,XGBOOST,0.2,2.0,0.25,0.6,0.1,66.5,1000000,UNSUPPORTED_WITHOUT_REPLAY,0.0,0.0,0.0,False
V3_CANDIDATE_DEVELOPMENT_ONLY_SURFACE,XGBOOST,0.2,2.0,0.25,0.6,0.1,66.5,1000000,UNSUPPORTED_WITHOUT_REPLAY,0.05,0.0,0.0,False
V3_CANDIDATE_DEVELOPMENT_ONLY_SURFACE,XGBOOST,0.2,2.0,0.25,0.6,0.1,66.5,1000000,UNSUPPORTED_WITHOUT_REPLAY,0.1,0.0,0.0,False
V3_CANDIDATE_DEVELOPMENT_ONLY_SURFACE,XGBOOST,0.2,2.0,0.25,0.6,0.1,66.5,1000000,UNSUPPORTED_WITHOUT_REPLAY,0.25,0.0,0.0,False
V3_CANDIDATE_DEVELOPMENT_ONLY_SURFACE,XGBOOST,0.2,2.0,0.25,0.6,0.1,77.5,1000000,UNSUPPORTED_WITHOUT_REPLAY,0.0,0.0,0.0,False
V3_CANDIDATE_DEVELOPMENT_ONLY_SURFACE,XGBOOST,0.2,2.0,0.25,0.6,0.1,77.5,1000000,UNSUPPORTED_WITHOUT_REPLAY,0.05,0.0,0.0,False
V3_CANDIDATE_DEVELOPMENT_ONLY_SURFACE,XGBOOST,0.2,2.0,0.25,0.6,0.1,77.5,1000000,UNSUPPORTED_WITHOUT_REPLAY,0.1,0.0,0.0,False
V3_CANDIDATE_DEVELOPMENT_ONLY_SURFACE,XGBOOST,0.2,2.0,0.25,0.6,0.1,77.5,1000000,UNSUPPORTED_WITHOUT_REPLAY,0.25,0.0,0.0,False
V3_CANDIDATE_DEVELOPMENT_ONLY_SURFACE,XGBOOST,0.2,2.0,0.25,0.8,0.0,59.5,1000000,UNSUPPORTED_WITHOUT_REPLAY,0.0,0.0,0.0,False
V3_CANDIDATE_DEVELOPMENT_ONLY_SURFACE,XGBOOST,0.2,2.0,0.25,0.8,0.0,59.5,1000000,UNSUPPORTED_WITHOUT_REPLAY,0.05,0.0,0.0,False
V3_CANDIDATE_DEVELOPMENT_ONLY_SURFACE,XGBOOST,0.2,2.0,0.25,0.8,0.0,59.5,1000000,UNSUPPORTED_WITHOUT_REPLAY,0.1,0.0,0.0,False
V3_CANDIDATE_DEVELOPMENT_ONLY_SURFACE,XGBOOST,0.2,2.0,0.25,0.8,0.0,59.5,1000000,UNSUPPORTED_WITHOUT_REPLAY,0.25,0.0,0.0,False
V3_CANDIDATE_DEVELOPMENT_ONLY_SURFACE,XGBOOST,0.2,2.0,0.25,0.8,0.0,66.5,1000000,UNSUPPORTED_WITHOUT_REPLAY,0.0,0.0,0.0,False
V3_CANDIDATE_DEVELOPMENT_ONLY_SURFACE,XGBOOST,0.2,2.0,0.25,0.8,0.0,66.5,1000000,UNSUPPORTED_WITHOUT_REPLAY,0.05,0.0,0.0,False
V3_CANDIDATE_DEVELOPMENT_ONLY_SURFACE,XGBOOST,0.2,2.0,0.25,0.8,0.0,66.5,1000000,UNSUPPORTED_WITHOUT_REPLAY,0.1,0.0,0.0,False
V3_CANDIDATE_DEVELOPMENT_ONLY_SURFACE,XGBOOST,0.2,2.0,0.25,0.8,0.0,66.5,1000000,UNSUPPORTED_WITHOUT_REPLAY,0.25,0.0,0.0,False
V3_CANDIDATE_DEVELOPMENT_ONLY_SURFACE,XGBOOST,0.2,2.0,0.25,0.8,0.0,77.5,1000000,UNSUPPORTED_WITHOUT_REPLAY,0.0,0.0,0.0,False
V3_CANDIDATE_DEVELOPMENT_ONLY_SURFACE,XGBOOST,0.2,2.0,0.25,0.8,0.0,77.5,1000000,UNSUPPORTED_WITHOUT_REPLAY,0.05,0.0,0.0,False
V3_CANDIDATE_DEVELOPMENT_ONLY_SURFACE,XGBOOST,0.2,2.0,0.25,0.8,0.0,77.5,1000000,UNSUPPORTED_WITHOUT_REPLAY,0.1,0.0,0.0,False
V3_CANDIDATE_DEVELOPMENT_ONLY_SURFACE,XGBOOST,0.2,2.0,0.25,0.8,0.0,77.5,1000000,UNSUPPORTED_WITHOUT_REPLAY,0.25,0.0,0.0,False
V3_CANDIDATE_DEVELOPMENT_ONLY_SURFACE,XGBOOST,0.2,2.0,0.25,0.8,0.05,59.5,1000000,UNSUPPORTED_WITHOUT_REPLAY,0.0,0.0,0.0,False
V3_CANDIDATE_DEVELOPMENT_ONLY_SURFACE,XGBOOST,0.2,2.0,0.25,0.8,0.05,59.5,1000000,UNSUPPORTED_WITHOUT_REPLAY,0.05,0.0,0.0,False
V3_CANDIDATE_DEVELOPMENT_ONLY_SURFACE,XGBOOST,0.2,2.0,0.25,0.8,0.05,59.5,1000000,UNSUPPORTED_WITHOUT_REPLAY,0.1,0.0,0.0,False
V3_CANDIDATE_DEVELOPMENT_ONLY_SURFACE,XGBOOST,0.2,2.0,0.25,0.8,0.05,59.5,1000000,UNSUPPORTED_WITHOUT_REPLAY,0.25,0.0,0.0,False
V3_CANDIDATE_DEVELOPMENT_ONLY_SURFACE,XGBOOST,0.2,2.0,0.25,0.8,0.05,66.5,1000000,UNSUPPORTED_WITHOUT_REPLAY,0.0,0.0,0.0,False
V3_CANDIDATE_DEVELOPMENT_ONLY_SURFACE,XGBOOST,0.2,2.0,0.25,0.8,0.05,66.5,1000000,UNSUPPORTED_WITHOUT_REPLAY,0.05,0.0,0.0,False
V3_CANDIDATE_DEVELOPMENT_ONLY_SURFACE,XGBOOST,0.2,2.0,0.25,0.8,0.05,66.5,1000000,UNSUPPORTED_WITHOUT_REPLAY,0.1,0.0,0.0,False
V3_CANDIDATE_DEVELOPMENT_ONLY_SURFACE,XGBOOST,0.2,2.0,0.25,0.8,0.05,66.5,1000000,UNSUPPORTED_WITHOUT_REPLAY,0.25,0.0,0.0,False
V3_CANDIDATE_DEVELOPMENT_ONLY_SURFACE,XGBOOST,0.2,2.0,0.25,0.8,0.05,77.5,1000000,UNSUPPORTED_WITHOUT_REPLAY,0.0,0.0,0.0,False
V3_CANDIDATE_DEVELOPMENT_ONLY_SURFACE,XGBOOST,0.2,2.0,0.25,0.8,0.05,77.5,1000000,UNSUPPORTED_WITHOUT_REPLAY,0.05,0.0,0.0,False
V3_CANDIDATE_DEVELOPMENT_ONLY_SURFACE,XGBOOST,0.2,2.0,0.25,0.8,0.05,77.5,1000000,UNSUPPORTED_WITHOUT_REPLAY,0.1,0.0,0.0,False
V3_CANDIDATE_DEVELOPMENT_ONLY_SURFACE,XGBOOST,0.2,2.0,0.25,0.8,0.05,77.5,1000000,UNSUPPORTED_WITHOUT_REPLAY,0.25,0.0,0.0,False
V3_CANDIDATE_DEVELOPMENT_ONLY_SURFACE,XGBOOST,0.2,2.0,0.25,0.8,0.1,59.5,1000000,UNSUPPORTED_WITHOUT_REPLAY,0.0,0.0,0.0,False
V3_CANDIDATE_DEVELOPMENT_ONLY_SURFACE,XGBOOST,0.2,2.0,0.25,0.8,0.1,59.5,1000000,UNSUPPORTED_WITHOUT_REPLAY,0.05,0.0,0.0,False
V3_CANDIDATE_DEVELOPMENT_ONLY_SURFACE,XGBOOST,0.2,2.0,0.25,0.8,0.1,59.5,1000000,UNSUPPORTED_WITHOUT_REPLAY,0.1,0.0,0.0,False
V3_CANDIDATE_DEVELOPMENT_ONLY_SURFACE,XGBOOST,0.2,2.0,0.25,0.8,0.1,59.5,1000000,UNSUPPORTED_WITHOUT_REPLAY,0.25,0.0,0.0,False
V3_CANDIDATE_DEVELOPMENT_ONLY_SURFACE,XGBOOST,0.2,2.0,0.25,0.8,0.1,66.5,1000000,UNSUPPORTED_WITHOUT_REPLAY,0.0,0.0,0.0,False
V3_CANDIDATE_DEVELOPMENT_ONLY_SURFACE,XGBOOST,0.2,2.0,0.25,0.8,0.1,66.5,1000000,UNSUPPORTED_WITHOUT_REPLAY,0.05,0.0,0.0,False
V3_CANDIDATE_DEVELOPMENT_ONLY_SURFACE,XGBOOST,0.2,2.0,0.25,0.8,0.1,66.5,1000000,UNSUPPORTED_WITHOUT_REPLAY,0.1,0.0,0.0,False
V3_CANDIDATE_DEVELOPMENT_ONLY_SURFACE,XGBOOST,0.2,2.0,0.25,0.8,0.1,66.5,1000000,UNSUPPORTED_WITHOUT_REPLAY,0.25,0.0,0.0,False
V3_CANDIDATE_DEVELOPMENT_ONLY_SURFACE,XGBOOST,0.2,2.0,0.25,0.8,0.1,77.5,1000000,UNSUPPORTED_WITHOUT_REPLAY,0.0,0.0,0.0,False
V3_CANDIDATE_DEVELOPMENT_ONLY_SURFACE,XGBOOST,0.2,2.0,0.25,0.8,0.1,77.5,1000000,UNSUPPORTED_WITHOUT_REPLAY,0.05,0.0,0.0,False
V3_CANDIDATE_DEVELOPMENT_ONLY_SURFACE,XGBOOST,0.2,2.0,0.25,0.8,0.1,77.5,1000000,UNSUPPORTED_WITHOUT_REPLAY,0.1,0.0,0.0,False
V3_CANDIDATE_DEVELOPMENT_ONLY_SURFACE,XGBOOST,0.2,2.0,0.25,0.8,0.1,77.5,1000000,UNSUPPORTED_WITHOUT_REPLAY,0.25,0.0,0.0,False
V3_CANDIDATE_DEVELOPMENT_ONLY_SURFACE,XGBOOST,0.2,2.0,0.5,0.0,0.0,59.5,1000000,UNSUPPORTED_WITHOUT_REPLAY,0.0,0.0,0.0,False
V3_CANDIDATE_DEVELOPMENT_ONLY_SURFACE,XGBOOST,0.2,2.0,0.5,0.0,0.0,59.5,1000000,UNSUPPORTED_WITHOUT_REPLAY,0.05,0.0,0.0,False
V3_CANDIDATE_DEVELOPMENT_ONLY_SURFACE,XGBOOST,0.2,2.0,0.5,0.0,0.0,59.5,1000000,UNSUPPORTED_WITHOUT_REPLAY,0.1,0.0,0.0,False
V3_CANDIDATE_DEVELOPMENT_ONLY_SURFACE,XGBOOST,0.2,2.0,0.5,0.0,0.0,59.5,1000000,UNSUPPORTED_WITHOUT_REPLAY,0.25,0.0,0.0,False
V3_CANDIDATE_DEVELOPMENT_ONLY_SURFACE,XGBOOST,0.2,2.0,0.5,0.0,0.0,66.5,1000000,UNSUPPORTED_WITHOUT_REPLAY,0.0,0.0,0.0,False
V3_CANDIDATE_DEVELOPMENT_ONLY_SURFACE,XGBOOST,0.2,2.0,0.5,0.0,0.0,66.5,1000000,UNSUPPORTED_WITHOUT_REPLAY,0.05,0.0,0.0,False
V3_CANDIDATE_DEVELOPMENT_ONLY_SURFACE,XGBOOST,0.2,2.0,0.5,0.0,0.0,66.5,1000000,UNSUPPORTED_WITHOUT_REPLAY,0.1,0.0,0.0,False
V3_CANDIDATE_DEVELOPMENT_ONLY_SURFACE,XGBOOST,0.2,2.0,0.5,0.0,0.0,66.5,1000000,UNSUPPORTED_WITHOUT_REPLAY,0.25,0.0,0.0,False
V3_CANDIDATE_DEVELOPMENT_ONLY_SURFACE,XGBOOST,0.2,2.0,0.5,0.0,0.0,77.5,1000000,UNSUPPORTED_WITHOUT_REPLAY,0.0,0.0,0.0,False
V3_CANDIDATE_DEVELOPMENT_ONLY_SURFACE,XGBOOST,0.2,2.0,0.5,0.0,0.0,77.5,1000000,UNSUPPORTED_WITHOUT_REPLAY,0.05,0.0,0.0,False
V3_CANDIDATE_DEVELOPMENT_ONLY_SURFACE,XGBOOST,0.2,2.0,0.5,0.0,0.0,77.5,1000000,UNSUPPORTED_WITHOUT_REPLAY,0.1,0.0,0.0,False
V3_CANDIDATE_DEVELOPMENT_ONLY_SURFACE,XGBOOST,0.2,2.0,0.5,0.0,0.0,77.5,1000000,UNSUPPORTED_WITHOUT_REPLAY,0.25,0.0,0.0,False
V3_CANDIDATE_DEVELOPMENT_ONLY_SURFACE,XGBOOST,0.2,2.0,0.5,0.0,0.05,59.5,1000000,UNSUPPORTED_WITHOUT_REPLAY,0.0,0.0,0.0,False
V3_CANDIDATE_DEVELOPMENT_ONLY_SURFACE,XGBOOST,0.2,2.0,0.5,0.0,0.05,59.5,1000000,UNSUPPORTED_WITHOUT_REPLAY,0.05,0.0,0.0,False
V3_CANDIDATE_DEVELOPMENT_ONLY_SURFACE,XGBOOST,0.2,2.0,0.5,0.0,0.05,59.5,1000000,UNSUPPORTED_WITHOUT_REPLAY,0.1,0.0,0.0,False
V3_CANDIDATE_DEVELOPMENT_ONLY_SURFACE,XGBOOST,0.2,2.0,0.5,0.0,0.05,59.5,1000000,UNSUPPORTED_WITHOUT_REPLAY,0.25,0.0,0.0,False
V3_CANDIDATE_DEVELOPMENT_ONLY_SURFACE,XGBOOST,0.2,2.0,0.5,0.0,0.05,66.5,1000000,UNSUPPORTED_WITHOUT_REPLAY,0.0,0.0,0.0,False
V3_CANDIDATE_DEVELOPMENT_ONLY_SURFACE,XGBOOST,0.2,2.0,0.5,0.0,0.05,66.5,1000000,UNSUPPORTED_WITHOUT_REPLAY,0.05,0.0,0.0,False
V3_CANDIDATE_DEVELOPMENT_ONLY_SURFACE,XGBOOST,0.2,2.0,0.5,0.0,0.05,66.5,1000000,UNSUPPORTED_WITHOUT_REPLAY,0.1,0.0,0.0,False
V3_CANDIDATE_DEVELOPMENT_ONLY_SURFACE,XGBOOST,0.2,2.0,0.5,0.0,0.05,66.5,1000000,UNSUPPORTED_WITHOUT_REPLAY,0.25,0.0,0.0,False
V3_CANDIDATE_DEVELOPMENT_ONLY_SURFACE,XGBOOST,0.2,2.0,0.5,0.0,0.05,77.5,1000000,UNSUPPORTED_WITHOUT_REPLAY,0.0,0.0,0.0,False
V3_CANDIDATE_DEVELOPMENT_ONLY_SURFACE,XGBOOST,0.2,2.0,0.5,0.0,0.05,77.5,1000000,UNSUPPORTED_WITHOUT_REPLAY,0.05,0.0,0.0,False
V3_CANDIDATE_DEVELOPMENT_ONLY_SURFACE,XGBOOST,0.2,2.0,0.5,0.0,0.05,77.5,1000000,UNSUPPORTED_WITHOUT_REPLAY,0.1,0.0,0.0,False
V3_CANDIDATE_DEVELOPMENT_ONLY_SURFACE,XGBOOST,0.2,2.0,0.5,0.0,0.05,77.5,1000000,UNSUPPORTED_WITHOUT_REPLAY,0.25,0.0,0.0,False
V3_CANDIDATE_DEVELOPMENT_ONLY_SURFACE,XGBOOST,0.2,2.0,0.5,0.0,0.1,59.5,1000000,UNSUPPORTED_WITHOUT_REPLAY,0.0,0.0,0.0,False
V3_CANDIDATE_DEVELOPMENT_ONLY_SURFACE,XGBOOST,0.2,2.0,0.5,0.0,0.1,59.5,1000000,UNSUPPORTED_WITHOUT_REPLAY,0.05,0.0,0.0,False
V3_CANDIDATE_DEVELOPMENT_ONLY_SURFACE,XGBOOST,0.2,2.0,0.5,0.0,0.1,59.5,1000000,UNSUPPORTED_WITHOUT_REPLAY,0.1,0.0,0.0,False
V3_CANDIDATE_DEVELOPMENT_ONLY_SURFACE,XGBOOST,0.2,2.0,0.5,0.0,0.1,59.5,1000000,UNSUPPORTED_WITHOUT_REPLAY,0.25,0.0,0.0,False
V3_CANDIDATE_DEVELOPMENT_ONLY_SURFACE,XGBOOST,0.2,2.0,0.5,0.0,0.1,66.5,1000000,UNSUPPORTED_WITHOUT_REPLAY,0.0,0.0,0.0,False
V3_CANDIDATE_DEVELOPMENT_ONLY_SURFACE,XGBOOST,0.2,2.0,0.5,0.0,0.1,66.5,1000000,UNSUPPORTED_WITHOUT_REPLAY,0.05,0.0,0.0,False
V3_CANDIDATE_DEVELOPMENT_ONLY_SURFACE,XGBOOST,0.2,2.0,0.5,0.0,0.1,66.5,1000000,UNSUPPORTED_WITHOUT_REPLAY,0.1,0.0,0.0,False
V3_CANDIDATE_DEVELOPMENT_ONLY_SURFACE,XGBOOST,0.2,2.0,0.5,0.0,0.1,66.5,1000000,UNSUPPORTED_WITHOUT_REPLAY,0.25,0.0,0.0,False
V3_CANDIDATE_DEVELOPMENT_ONLY_SURFACE,XGBOOST,0.2,2.0,0.5,0.0,0.1,77.5,1000000,UNSUPPORTED_WITHOUT_REPLAY,0.0,0.0,0.0,False
V3_CANDIDATE_DEVELOPMENT_ONLY_SURFACE,XGBOOST,0.2,2.0,0.5,0.0,0.1,77.5,1000000,UNSUPPORTED_WITHOUT_REPLAY,0.05,0.0,0.0,False
V3_CANDIDATE_DEVELOPMENT_ONLY_SURFACE,XGBOOST,0.2,2.0,0.5,0.0,0.1,77.5,1000000,UNSUPPORTED_WITHOUT_REPLAY,0.1,0.0,0.0,False
V3_CANDIDATE_DEVELOPMENT_ONLY_SURFACE,XGBOOST,0.2,2.0,0.5,0.0,0.1,77.5,1000000,UNSUPPORTED_WITHOUT_REPLAY,0.25,0.0,0.0,False
V3_CANDIDATE_DEVELOPMENT_ONLY_SURFACE,XGBOOST,0.2,2.0,0.5,0.4,0.0,59.5,1000000,UNSUPPORTED_WITHOUT_REPLAY,0.0,0.0,0.0,False
V3_CANDIDATE_DEVELOPMENT_ONLY_SURFACE,XGBOOST,0.2,2.0,0.5,0.4,0.0,59.5,1000000,UNSUPPORTED_WITHOUT_REPLAY,0.05,0.0,0.0,False
V3_CANDIDATE_DEVELOPMENT_ONLY_SURFACE,XGBOOST,0.2,2.0,0.5,0.4,0.0,59.5,1000000,UNSUPPORTED_WITHOUT_REPLAY,0.1,0.0,0.0,False
V3_CANDIDATE_DEVELOPMENT_ONLY_SURFACE,XGBOOST,0.2,2.0,0.5,0.4,0.0,59.5,1000000,UNSUPPORTED_WITHOUT_REPLAY,0.25,0.0,0.0,False
V3_CANDIDATE_DEVELOPMENT_ONLY_SURFACE,XGBOOST,0.2,2.0,0.5,0.4,0.0,66.5,1000000,UNSUPPORTED_WITHOUT_REPLAY,0.0,0.0,0.0,False
V3_CANDIDATE_DEVELOPMENT_ONLY_SURFACE,XGBOOST,0.2,2.0,0.5,0.4,0.0,66.5,1000000,UNSUPPORTED_WITHOUT_REPLAY,0.05,0.0,0.0,False
V3_CANDIDATE_DEVELOPMENT_ONLY_SURFACE,XGBOOST,0.2,2.0,0.5,0.4,0.0,66.5,1000000,UNSUPPORTED_WITHOUT_REPLAY,0.1,0.0,0.0,False
V3_CANDIDATE_DEVELOPMENT_ONLY_SURFACE,XGBOOST,0.2,2.0,0.5,0.4,0.0,66.5,1000000,UNSUPPORTED_WITHOUT_REPLAY,0.25,0.0,0.0,False
V3_CANDIDATE_DEVELOPMENT_ONLY_SURFACE,XGBOOST,0.2,2.0,0.5,0.4,0.0,77.5,1000000,UNSUPPORTED_WITHOUT_REPLAY,0.0,0.0,0.0,False
V3_CANDIDATE_DEVELOPMENT_ONLY_SURFACE,XGBOOST,0.2,2.0,0.5,0.4,0.0,77.5,1000000,UNSUPPORTED_WITHOUT_REPLAY,0.05,0.0,0.0,False
V3_CANDIDATE_DEVELOPMENT_ONLY_SURFACE,XGBOOST,0.2,2.0,0.5,0.4,0.0,77.5,1000000,UNSUPPORTED_WITHOUT_REPLAY,0.1,0.0,0.0,False
V3_CANDIDATE_DEVELOPMENT_ONLY_SURFACE,XGBOOST,0.2,2.0,0.5,0.4,0.0,77.5,1000000,UNSUPPORTED_WITHOUT_REPLAY,0.25,0.0,0.0,False
V3_CANDIDATE_DEVELOPMENT_ONLY_SURFACE,XGBOOST,0.2,2.0,0.5,0.4,0.05,59.5,1000000,UNSUPPORTED_WITHOUT_REPLAY,0.0,0.0,0.0,False
V3_CANDIDATE_DEVELOPMENT_ONLY_SURFACE,XGBOOST,0.2,2.0,0.5,0.4,0.05,59.5,1000000,UNSUPPORTED_WITHOUT_REPLAY,0.05,0.0,0.0,False
V3_CANDIDATE_DEVELOPMENT_ONLY_SURFACE,XGBOOST,0.2,2.0,0.5,0.4,0.05,59.5,1000000,UNSUPPORTED_WITHOUT_REPLAY,0.1,0.0,0.0,False
V3_CANDIDATE_DEVELOPMENT_ONLY_SURFACE,XGBOOST,0.2,2.0,0.5,0.4,0.05,59.5,1000000,UNSUPPORTED_WITHOUT_REPLAY,0.25,0.0,0.0,False
V3_CANDIDATE_DEVELOPMENT_ONLY_SURFACE,XGBOOST,0.2,2.0,0.5,0.4,0.05,66.5,1000000,UNSUPPORTED_WITHOUT_REPLAY,0.0,0.0,0.0,False
V3_CANDIDATE_DEVELOPMENT_ONLY_SURFACE,XGBOOST,0.2,2.0,0.5,0.4,0.05,66.5,1000000,UNSUPPORTED_WITHOUT_REPLAY,0.05,0.0,0.0,False
V3_CANDIDATE_DEVELOPMENT_ONLY_SURFACE,XGBOOST,0.2,2.0,0.5,0.4,0.05,66.5,1000000,UNSUPPORTED_WITHOUT_REPLAY,0.1,0.0,0.0,False
V3_CANDIDATE_DEVELOPMENT_ONLY_SURFACE,XGBOOST,0.2,2.0,0.5,0.4,0.05,66.5,1000000,UNSUPPORTED_WITHOUT_REPLAY,0.25,0.0,0.0,False
V3_CANDIDATE_DEVELOPMENT_ONLY_SURFACE,XGBOOST,0.2,2.0,0.5,0.4,0.05,77.5,1000000,UNSUPPORTED_WITHOUT_REPLAY,0.0,0.0,0.0,False
V3_CANDIDATE_DEVELOPMENT_ONLY_SURFACE,XGBOOST,0.2,2.0,0.5,0.4,0.05,77.5,1000000,UNSUPPORTED_WITHOUT_REPLAY,0.05,0.0,0.0,False
V3_CANDIDATE_DEVELOPMENT_ONLY_SURFACE,XGBOOST,0.2,2.0,0.5,0.4,0.05,77.5,1000000,UNSUPPORTED_WITHOUT_REPLAY,0.1,0.0,0.0,False
V3_CANDIDATE_DEVELOPMENT_ONLY_SURFACE,XGBOOST,0.2,2.0,0.5,0.4,0.05,77.5,1000000,UNSUPPORTED_WITHOUT_REPLAY,0.25,0.0,0.0,False
V3_CANDIDATE_DEVELOPMENT_ONLY_SURFACE,XGBOOST,0.2,2.0,0.5,0.4,0.1,59.5,1000000,UNSUPPORTED_WITHOUT_REPLAY,0.0,0.0,0.0,False
V3_CANDIDATE_DEVELOPMENT_ONLY_SURFACE,XGBOOST,0.2,2.0,0.5,0.4,0.1,59.5,1000000,UNSUPPORTED_WITHOUT_REPLAY,0.05,0.0,0.0,False
V3_CANDIDATE_DEVELOPMENT_ONLY_SURFACE,XGBOOST,0.2,2.0,0.5,0.4,0.1,59.5,1000000,UNSUPPORTED_WITHOUT_REPLAY,0.1,0.0,0.0,False
V3_CANDIDATE_DEVELOPMENT_ONLY_SURFACE,XGBOOST,0.2,2.0,0.5,0.4,0.1,59.5,1000000,UNSUPPORTED_WITHOUT_REPLAY,0.25,0.0,0.0,False
V3_CANDIDATE_DEVELOPMENT_ONLY_SURFACE,XGBOOST,0.2,2.0,0.5,0.4,0.1,66.5,1000000,UNSUPPORTED_WITHOUT_REPLAY,0.0,0.0,0.0,False
V3_CANDIDATE_DEVELOPMENT_ONLY_SURFACE,XGBOOST,0.2,2.0,0.5,0.4,0.1,66.5,1000000,UNSUPPORTED_WITHOUT_REPLAY,0.05,0.0,0.0,False
V3_CANDIDATE_DEVELOPMENT_ONLY_SURFACE,XGBOOST,0.2,2.0,0.5,0.4,0.1,66.5,1000000,UNSUPPORTED_WITHOUT_REPLAY,0.1,0.0,0.0,False
V3_CANDIDATE_DEVELOPMENT_ONLY_SURFACE,XGBOOST,0.2,2.0,0.5,0.4,0.1,66.5,1000000,UNSUPPORTED_WITHOUT_REPLAY,0.25,0.0,0.0,False
V3_CANDIDATE_DEVELOPMENT_ONLY_SURFACE,XGBOOST,0.2,2.0,0.5,0.4,0.1,77.5,1000000,UNSUPPORTED_WITHOUT_REPLAY,0.0,0.0,0.0,False
V3_CANDIDATE_DEVELOPMENT_ONLY_SURFACE,XGBOOST,0.2,2.0,0.5,0.4,0.1,77.5,1000000,UNSUPPORTED_WITHOUT_REPLAY,0.05,0.0,0.0,False
V3_CANDIDATE_DEVELOPMENT_ONLY_SURFACE,XGBOOST,0.2,2.0,0.5,0.4,0.1,77.5,1000000,UNSUPPORTED_WITHOUT_REPLAY,0.1,0.0,0.0,False
V3_CANDIDATE_DEVELOPMENT_ONLY_SURFACE,XGBOOST,0.2,2.0,0.5,0.4,0.1,77.5,1000000,UNSUPPORTED_WITHOUT_REPLAY,0.25,0.0,0.0,False
V3_CANDIDATE_DEVELOPMENT_ONLY_SURFACE,XGBOOST,0.2,2.0,0.5,0.6,0.0,59.5,1000000,UNSUPPORTED_WITHOUT_REPLAY,0.0,0.0,0.0,False
V3_CANDIDATE_DEVELOPMENT_ONLY_SURFACE,XGBOOST,0.2,2.0,0.5,0.6,0.0,59.5,1000000,UNSUPPORTED_WITHOUT_REPLAY,0.05,0.0,0.0,False
V3_CANDIDATE_DEVELOPMENT_ONLY_SURFACE,XGBOOST,0.2,2.0,0.5,0.6,0.0,59.5,1000000,UNSUPPORTED_WITHOUT_REPLAY,0.1,0.0,0.0,False
V3_CANDIDATE_DEVELOPMENT_ONLY_SURFACE,XGBOOST,0.2,2.0,0.5,0.6,0.0,59.5,1000000,UNSUPPORTED_WITHOUT_REPLAY,0.25,0.0,0.0,False
V3_CANDIDATE_DEVELOPMENT_ONLY_SURFACE,XGBOOST,0.2,2.0,0.5,0.6,0.0,66.5,1000000,UNSUPPORTED_WITHOUT_REPLAY,0.0,0.0,0.0,False
V3_CANDIDATE_DEVELOPMENT_ONLY_SURFACE,XGBOOST,0.2,2.0,0.5,0.6,0.0,66.5,1000000,UNSUPPORTED_WITHOUT_REPLAY,0.05,0.0,0.0,False
V3_CANDIDATE_DEVELOPMENT_ONLY_SURFACE,XGBOOST,0.2,2.0,0.5,0.6,0.0,66.5,1000000,UNSUPPORTED_WITHOUT_REPLAY,0.1,0.0,0.0,False
V3_CANDIDATE_DEVELOPMENT_ONLY_SURFACE,XGBOOST,0.2,2.0,0.5,0.6,0.0,66.5,1000000,UNSUPPORTED_WITHOUT_REPLAY,0.25,0.0,0.0,False
V3_CANDIDATE_DEVELOPMENT_ONLY_SURFACE,XGBOOST,0.2,2.0,0.5,0.6,0.0,77.5,1000000,UNSUPPORTED_WITHOUT_REPLAY,0.0,0.0,0.0,False
V3_CANDIDATE_DEVELOPMENT_ONLY_SURFACE,XGBOOST,0.2,2.0,0.5,0.6,0.0,77.5,1000000,UNSUPPORTED_WITHOUT_REPLAY,0.05,0.0,0.0,False
V3_CANDIDATE_DEVELOPMENT_ONLY_SURFACE,XGBOOST,0.2,2.0,0.5,0.6,0.0,77.5,1000000,UNSUPPORTED_WITHOUT_REPLAY,0.1,0.0,0.0,False
V3_CANDIDATE_DEVELOPMENT_ONLY_SURFACE,XGBOOST,0.2,2.0,0.5,0.6,0.0,77.5,1000000,UNSUPPORTED_WITHOUT_REPLAY,0.25,0.0,0.0,False
V3_CANDIDATE_DEVELOPMENT_ONLY_SURFACE,XGBOOST,0.2,2.0,0.5,0.6,0.05,59.5,1000000,UNSUPPORTED_WITHOUT_REPLAY,0.0,0.0,0.0,False
V3_CANDIDATE_DEVELOPMENT_ONLY_SURFACE,XGBOOST,0.2,2.0,0.5,0.6,0.05,59.5,1000000,UNSUPPORTED_WITHOUT_REPLAY,0.05,0.0,0.0,False
V3_CANDIDATE_DEVELOPMENT_ONLY_SURFACE,XGBOOST,0.2,2.0,0.5,0.6,0.05,59.5,1000000,UNSUPPORTED_WITHOUT_REPLAY,0.1,0.0,0.0,False
V3_CANDIDATE_DEVELOPMENT_ONLY_SURFACE,XGBOOST,0.2,2.0,0.5,0.6,0.05,59.5,1000000,UNSUPPORTED_WITHOUT_REPLAY,0.25,0.0,0.0,False
V3_CANDIDATE_DEVELOPMENT_ONLY_SURFACE,XGBOOST,0.2,2.0,0.5,0.6,0.05,66.5,1000000,UNSUPPORTED_WITHOUT_REPLAY,0.0,0.0,0.0,False
V3_CANDIDATE_DEVELOPMENT_ONLY_SURFACE,XGBOOST,0.2,2.0,0.5,0.6,0.05,66.5,1000000,UNSUPPORTED_WITHOUT_REPLAY,0.05,0.0,0.0,False
V3_CANDIDATE_DEVELOPMENT_ONLY_SURFACE,XGBOOST,0.2,2.0,0.5,0.6,0.05,66.5,1000000,UNSUPPORTED_WITHOUT_REPLAY,0.1,0.0,0.0,False
V3_CANDIDATE_DEVELOPMENT_ONLY_SURFACE,XGBOOST,0.2,2.0,0.5,0.6,0.05,66.5,1000000,UNSUPPORTED_WITHOUT_REPLAY,0.25,0.0,0.0,False
V3_CANDIDATE_DEVELOPMENT_ONLY_SURFACE,XGBOOST,0.2,2.0,0.5,0.6,0.05,77.5,1000000,UNSUPPORTED_WITHOUT_REPLAY,0.0,0.0,0.0,False
V3_CANDIDATE_DEVELOPMENT_ONLY_SURFACE,XGBOOST,0.2,2.0,0.5,0.6,0.05,77.5,1000000,UNSUPPORTED_WITHOUT_REPLAY,0.05,0.0,0.0,False
V3_CANDIDATE_DEVELOPMENT_ONLY_SURFACE,XGBOOST,0.2,2.0,0.5,0.6,0.05,77.5,1000000,UNSUPPORTED_WITHOUT_REPLAY,0.1,0.0,0.0,False
V3_CANDIDATE_DEVELOPMENT_ONLY_SURFACE,XGBOOST,0.2,2.0,0.5,0.6,0.05,77.5,1000000,UNSUPPORTED_WITHOUT_REPLAY,0.25,0.0,0.0,False
V3_CANDIDATE_DEVELOPMENT_ONLY_SURFACE,XGBOOST,0.2,2.0,0.5,0.6,0.1,59.5,1000000,UNSUPPORTED_WITHOUT_REPLAY,0.0,0.0,0.0,False
V3_CANDIDATE_DEVELOPMENT_ONLY_SURFACE,XGBOOST,0.2,2.0,0.5,0.6,0.1,59.5,1000000,UNSUPPORTED_WITHOUT_REPLAY,0.05,0.0,0.0,False
V3_CANDIDATE_DEVELOPMENT_ONLY_SURFACE,XGBOOST,0.2,2.0,0.5,0.6,0.1,59.5,1000000,UNSUPPORTED_WITHOUT_REPLAY,0.1,0.0,0.0,False
V3_CANDIDATE_DEVELOPMENT_ONLY_SURFACE,XGBOOST,0.2,2.0,0.5,0.6,0.1,59.5,1000000,UNSUPPORTED_WITHOUT_REPLAY,0.25,0.0,0.0,False
V3_CANDIDATE_DEVELOPMENT_ONLY_SURFACE,XGBOOST,0.2,2.0,0.5,0.6,0.1,66.5,1000000,UNSUPPORTED_WITHOUT_REPLAY,0.0,0.0,0.0,False
V3_CANDIDATE_DEVELOPMENT_ONLY_SURFACE,XGBOOST,0.2,2.0,0.5,0.6,0.1,66.5,1000000,UNSUPPORTED_WITHOUT_REPLAY,0.05,0.0,0.0,False
V3_CANDIDATE_DEVELOPMENT_ONLY_SURFACE,XGBOOST,0.2,2.0,0.5,0.6,0.1,66.5,1000000,UNSUPPORTED_WITHOUT_REPLAY,0.1,0.0,0.0,False
V3_CANDIDATE_DEVELOPMENT_ONLY_SURFACE,XGBOOST,0.2,2.0,0.5,0.6,0.1,66.5,1000000,UNSUPPORTED_WITHOUT_REPLAY,0.25,0.0,0.0,False
V3_CANDIDATE_DEVELOPMENT_ONLY_SURFACE,XGBOOST,0.2,2.0,0.5,0.6,0.1,77.5,1000000,UNSUPPORTED_WITHOUT_REPLAY,0.0,0.0,0.0,False
V3_CANDIDATE_DEVELOPMENT_ONLY_SURFACE,XGBOOST,0.2,2.0,0.5,0.6,0.1,77.5,1000000,UNSUPPORTED_WITHOUT_REPLAY,0.05,0.0,0.0,False
V3_CANDIDATE_DEVELOPMENT_ONLY_SURFACE,XGBOOST,0.2,2.0,0.5,0.6,0.1,77.5,1000000,UNSUPPORTED_WITHOUT_REPLAY,0.1,0.0,0.0,False
V3_CANDIDATE_DEVELOPMENT_ONLY_SURFACE,XGBOOST,0.2,2.0,0.5,0.6,0.1,77.5,1000000,UNSUPPORTED_WITHOUT_REPLAY,0.25,0.0,0.0,False
V3_CANDIDATE_DEVELOPMENT_ONLY_SURFACE,XGBOOST,0.2,2.0,0.5,0.8,0.0,59.5,1000000,UNSUPPORTED_WITHOUT_REPLAY,0.0,0.0,0.0,False
V3_CANDIDATE_DEVELOPMENT_ONLY_SURFACE,XGBOOST,0.2,2.0,0.5,0.8,0.0,59.5,1000000,UNSUPPORTED_WITHOUT_REPLAY,0.05,0.0,0.0,False
V3_CANDIDATE_DEVELOPMENT_ONLY_SURFACE,XGBOOST,0.2,2.0,0.5,0.8,0.0,59.5,1000000,UNSUPPORTED_WITHOUT_REPLAY,0.1,0.0,0.0,False
V3_CANDIDATE_DEVELOPMENT_ONLY_SURFACE,XGBOOST,0.2,2.0,0.5,0.8,0.0,59.5,1000000,UNSUPPORTED_WITHOUT_REPLAY,0.25,0.0,0.0,False
V3_CANDIDATE_DEVELOPMENT_ONLY_SURFACE,XGBOOST,0.2,2.0,0.5,0.8,0.0,66.5,1000000,UNSUPPORTED_WITHOUT_REPLAY,0.0,0.0,0.0,False
V3_CANDIDATE_DEVELOPMENT_ONLY_SURFACE,XGBOOST,0.2,2.0,0.5,0.8,0.0,66.5,1000000,UNSUPPORTED_WITHOUT_REPLAY,0.05,0.0,0.0,False
V3_CANDIDATE_DEVELOPMENT_ONLY_SURFACE,XGBOOST,0.2,2.0,0.5,0.8,0.0,66.5,1000000,UNSUPPORTED_WITHOUT_REPLAY,0.1,0.0,0.0,False
V3_CANDIDATE_DEVELOPMENT_ONLY_SURFACE,XGBOOST,0.2,2.0,0.5,0.8,0.0,66.5,1000000,UNSUPPORTED_WITHOUT_REPLAY,0.25,0.0,0.0,False
V3_CANDIDATE_DEVELOPMENT_ONLY_SURFACE,XGBOOST,0.2,2.0,0.5,0.8,0.0,77.5,1000000,UNSUPPORTED_WITHOUT_REPLAY,0.0,0.0,0.0,False
V3_CANDIDATE_DEVELOPMENT_ONLY_SURFACE,XGBOOST,0.2,2.0,0.5,0.8,0.0,77.5,1000000,UNSUPPORTED_WITHOUT_REPLAY,0.05,0.0,0.0,False
V3_CANDIDATE_DEVELOPMENT_ONLY_SURFACE,XGBOOST,0.2,2.0,0.5,0.8,0.0,77.5,1000000,UNSUPPORTED_WITHOUT_REPLAY,0.1,0.0,0.0,False
V3_CANDIDATE_DEVELOPMENT_ONLY_SURFACE,XGBOOST,0.2,2.0,0.5,0.8,0.0,77.5,1000000,UNSUPPORTED_WITHOUT_REPLAY,0.25,0.0,0.0,False
V3_CANDIDATE_DEVELOPMENT_ONLY_SURFACE,XGBOOST,0.2,2.0,0.5,0.8,0.05,59.5,1000000,UNSUPPORTED_WITHOUT_REPLAY,0.0,0.0,0.0,False
V3_CANDIDATE_DEVELOPMENT_ONLY_SURFACE,XGBOOST,0.2,2.0,0.5,0.8,0.05,59.5,1000000,UNSUPPORTED_WITHOUT_REPLAY,0.05,0.0,0.0,False
V3_CANDIDATE_DEVELOPMENT_ONLY_SURFACE,XGBOOST,0.2,2.0,0.5,0.8,0.05,59.5,1000000,UNSUPPORTED_WITHOUT_REPLAY,0.1,0.0,0.0,False
V3_CANDIDATE_DEVELOPMENT_ONLY_SURFACE,XGBOOST,0.2,2.0,0.5,0.8,0.05,59.5,1000000,UNSUPPORTED_WITHOUT_REPLAY,0.25,0.0,0.0,False
V3_CANDIDATE_DEVELOPMENT_ONLY_SURFACE,XGBOOST,0.2,2.0,0.5,0.8,0.05,66.5,1000000,UNSUPPORTED_WITHOUT_REPLAY,0.0,0.0,0.0,False
V3_CANDIDATE_DEVELOPMENT_ONLY_SURFACE,XGBOOST,0.2,2.0,0.5,0.8,0.05,66.5,1000000,UNSUPPORTED_WITHOUT_REPLAY,0.05,0.0,0.0,False
V3_CANDIDATE_DEVELOPMENT_ONLY_SURFACE,XGBOOST,0.2,2.0,0.5,0.8,0.05,66.5,1000000,UNSUPPORTED_WITHOUT_REPLAY,0.1,0.0,0.0,False
V3_CANDIDATE_DEVELOPMENT_ONLY_SURFACE,XGBOOST,0.2,2.0,0.5,0.8,0.05,66.5,1000000,UNSUPPORTED_WITHOUT_REPLAY,0.25,0.0,0.0,False
V3_CANDIDATE_DEVELOPMENT_ONLY_SURFACE,XGBOOST,0.2,2.0,0.5,0.8,0.05,77.5,1000000,UNSUPPORTED_WITHOUT_REPLAY,0.0,0.0,0.0,False
V3_CANDIDATE_DEVELOPMENT_ONLY_SURFACE,XGBOOST,0.2,2.0,0.5,0.8,0.05,77.5,1000000,UNSUPPORTED_WITHOUT_REPLAY,0.05,0.0,0.0,False
V3_CANDIDATE_DEVELOPMENT_ONLY_SURFACE,XGBOOST,0.2,2.0,0.5,0.8,0.05,77.5,1000000,UNSUPPORTED_WITHOUT_REPLAY,0.1,0.0,0.0,False
V3_CANDIDATE_DEVELOPMENT_ONLY_SURFACE,XGBOOST,0.2,2.0,0.5,0.8,0.05,77.5,1000000,UNSUPPORTED_WITHOUT_REPLAY,0.25,0.0,0.0,False
V3_CANDIDATE_DEVELOPMENT_ONLY_SURFACE,XGBOOST,0.2,2.0,0.5,0.8,0.1,59.5,1000000,UNSUPPORTED_WITHOUT_REPLAY,0.0,0.0,0.0,False
V3_CANDIDATE_DEVELOPMENT_ONLY_SURFACE,XGBOOST,0.2,2.0,0.5,0.8,0.1,59.5,1000000,UNSUPPORTED_WITHOUT_REPLAY,0.05,0.0,0.0,False
V3_CANDIDATE_DEVELOPMENT_ONLY_SURFACE,XGBOOST,0.2,2.0,0.5,0.8,0.1,59.5,1000000,UNSUPPORTED_WITHOUT_REPLAY,0.1,0.0,0.0,False
V3_CANDIDATE_DEVELOPMENT_ONLY_SURFACE,XGBOOST,0.2,2.0,0.5,0.8,0.1,59.5,1000000,UNSUPPORTED_WITHOUT_REPLAY,0.25,0.0,0.0,False
V3_CANDIDATE_DEVELOPMENT_ONLY_SURFACE,XGBOOST,0.2,2.0,0.5,0.8,0.1,66.5,1000000,UNSUPPORTED_WITHOUT_REPLAY,0.0,0.0,0.0,False
V3_CANDIDATE_DEVELOPMENT_ONLY_SURFACE,XGBOOST,0.2,2.0,0.5,0.8,0.1,66.5,1000000,UNSUPPORTED_WITHOUT_REPLAY,0.05,0.0,0.0,False
V3_CANDIDATE_DEVELOPMENT_ONLY_SURFACE,XGBOOST,0.2,2.0,0.5,0.8,0.1,66.5,1000000,UNSUPPORTED_WITHOUT_REPLAY,0.1,0.0,0.0,False
V3_CANDIDATE_DEVELOPMENT_ONLY_SURFACE,XGBOOST,0.2,2.0,0.5,0.8,0.1,66.5,1000000,UNSUPPORTED_WITHOUT_REPLAY,0.25,0.0,0.0,False
V3_CANDIDATE_DEVELOPMENT_ONLY_SURFACE,XGBOOST,0.2,2.0,0.5,0.8,0.1,77.5,1000000,UNSUPPORTED_WITHOUT_REPLAY,0.0,0.0,0.0,False
V3_CANDIDATE_DEVELOPMENT_ONLY_SURFACE,XGBOOST,0.2,2.0,0.5,0.8,0.1,77.5,1000000,UNSUPPORTED_WITHOUT_REPLAY,0.05,0.0,0.0,False
V3_CANDIDATE_DEVELOPMENT_ONLY_SURFACE,XGBOOST,0.2,2.0,0.5,0.8,0.1,77.5,1000000,UNSUPPORTED_WITHOUT_REPLAY,0.1,0.0,0.0,False
V3_CANDIDATE_DEVELOPMENT_ONLY_SURFACE,XGBOOST,0.2,2.0,0.5,0.8,0.1,77.5,1000000,UNSUPPORTED_WITHOUT_REPLAY,0.25,0.0,0.0,False
V3_CANDIDATE_DEVELOPMENT_ONLY_SURFACE,XGBOOST,0.2,2.0,1.0,0.0,0.0,59.5,1000000,UNSUPPORTED_WITHOUT_REPLAY,0.0,0.0,0.0,False
V3_CANDIDATE_DEVELOPMENT_ONLY_SURFACE,XGBOOST,0.2,2.0,1.0,0.0,0.0,59.5,1000000,UNSUPPORTED_WITHOUT_REPLAY,0.05,0.0,0.0,False
V3_CANDIDATE_DEVELOPMENT_ONLY_SURFACE,XGBOOST,0.2,2.0,1.0,0.0,0.0,59.5,1000000,UNSUPPORTED_WITHOUT_REPLAY,0.1,0.0,0.0,False
V3_CANDIDATE_DEVELOPMENT_ONLY_SURFACE,XGBOOST,0.2,2.0,1.0,0.0,0.0,59.5,1000000,UNSUPPORTED_WITHOUT_REPLAY,0.25,0.0,0.0,False
V3_CANDIDATE_DEVELOPMENT_ONLY_SURFACE,XGBOOST,0.2,2.0,1.0,0.0,0.0,66.5,1000000,UNSUPPORTED_WITHOUT_REPLAY,0.0,0.0,0.0,False
V3_CANDIDATE_DEVELOPMENT_ONLY_SURFACE,XGBOOST,0.2,2.0,1.0,0.0,0.0,66.5,1000000,UNSUPPORTED_WITHOUT_REPLAY,0.05,0.0,0.0,False
V3_CANDIDATE_DEVELOPMENT_ONLY_SURFACE,XGBOOST,0.2,2.0,1.0,0.0,0.0,66.5,1000000,UNSUPPORTED_WITHOUT_REPLAY,0.1,0.0,0.0,False
V3_CANDIDATE_DEVELOPMENT_ONLY_SURFACE,XGBOOST,0.2,2.0,1.0,0.0,0.0,66.5,1000000,UNSUPPORTED_WITHOUT_REPLAY,0.25,0.0,0.0,False
V3_CANDIDATE_DEVELOPMENT_ONLY_SURFACE,XGBOOST,0.2,2.0,1.0,0.0,0.0,77.5,1000000,UNSUPPORTED_WITHOUT_REPLAY,0.0,0.0,0.0,False
V3_CANDIDATE_DEVELOPMENT_ONLY_SURFACE,XGBOOST,0.2,2.0,1.0,0.0,0.0,77.5,1000000,UNSUPPORTED_WITHOUT_REPLAY,0.05,0.0,0.0,False
V3_CANDIDATE_DEVELOPMENT_ONLY_SURFACE,XGBOOST,0.2,2.0,1.0,0.0,0.0,77.5,1000000,UNSUPPORTED_WITHOUT_REPLAY,0.1,0.0,0.0,False
V3_CANDIDATE_DEVELOPMENT_ONLY_SURFACE,XGBOOST,0.2,2.0,1.0,0.0,0.0,77.5,1000000,UNSUPPORTED_WITHOUT_REPLAY,0.25,0.0,0.0,False
V3_CANDIDATE_DEVELOPMENT_ONLY_SURFACE,XGBOOST,0.2,2.0,1.0,0.0,0.05,59.5,1000000,UNSUPPORTED_WITHOUT_REPLAY,0.0,0.0,0.0,False
V3_CANDIDATE_DEVELOPMENT_ONLY_SURFACE,XGBOOST,0.2,2.0,1.0,0.0,0.05,59.5,1000000,UNSUPPORTED_WITHOUT_REPLAY,0.05,0.0,0.0,False
V3_CANDIDATE_DEVELOPMENT_ONLY_SURFACE,XGBOOST,0.2,2.0,1.0,0.0,0.05,59.5,1000000,UNSUPPORTED_WITHOUT_REPLAY,0.1,0.0,0.0,False
V3_CANDIDATE_DEVELOPMENT_ONLY_SURFACE,XGBOOST,0.2,2.0,1.0,0.0,0.05,59.5,1000000,UNSUPPORTED_WITHOUT_REPLAY,0.25,0.0,0.0,False
V3_CANDIDATE_DEVELOPMENT_ONLY_SURFACE,XGBOOST,0.2,2.0,1.0,0.0,0.05,66.5,1000000,UNSUPPORTED_WITHOUT_REPLAY,0.0,0.0,0.0,False
V3_CANDIDATE_DEVELOPMENT_ONLY_SURFACE,XGBOOST,0.2,2.0,1.0,0.0,0.05,66.5,1000000,UNSUPPORTED_WITHOUT_REPLAY,0.05,0.0,0.0,False
V3_CANDIDATE_DEVELOPMENT_ONLY_SURFACE,XGBOOST,0.2,2.0,1.0,0.0,0.05,66.5,1000000,UNSUPPORTED_WITHOUT_REPLAY,0.1,0.0,0.0,False
V3_CANDIDATE_DEVELOPMENT_ONLY_SURFACE,XGBOOST,0.2,2.0,1.0,0.0,0.05,66.5,1000000,UNSUPPORTED_WITHOUT_REPLAY,0.25,0.0,0.0,False
V3_CANDIDATE_DEVELOPMENT_ONLY_SURFACE,XGBOOST,0.2,2.0,1.0,0.0,0.05,77.5,1000000,UNSUPPORTED_WITHOUT_REPLAY,0.0,0.0,0.0,False
V3_CANDIDATE_DEVELOPMENT_ONLY_SURFACE,XGBOOST,0.2,2.0,1.0,0.0,0.05,77.5,1000000,UNSUPPORTED_WITHOUT_REPLAY,0.05,0.0,0.0,False
V3_CANDIDATE_DEVELOPMENT_ONLY_SURFACE,XGBOOST,0.2,2.0,1.0,0.0,0.05,77.5,1000000,UNSUPPORTED_WITHOUT_REPLAY,0.1,0.0,0.0,False
V3_CANDIDATE_DEVELOPMENT_ONLY_SURFACE,XGBOOST,0.2,2.0,1.0,0.0,0.05,77.5,1000000,UNSUPPORTED_WITHOUT_REPLAY,0.25,0.0,0.0,False
V3_CANDIDATE_DEVELOPMENT_ONLY_SURFACE,XGBOOST,0.2,2.0,1.0,0.0,0.1,59.5,1000000,UNSUPPORTED_WITHOUT_REPLAY,0.0,0.0,0.0,False
V3_CANDIDATE_DEVELOPMENT_ONLY_SURFACE,XGBOOST,0.2,2.0,1.0,0.0,0.1,59.5,1000000,UNSUPPORTED_WITHOUT_REPLAY,0.05,0.0,0.0,False
V3_CANDIDATE_DEVELOPMENT_ONLY_SURFACE,XGBOOST,0.2,2.0,1.0,0.0,0.1,59.5,1000000,UNSUPPORTED_WITHOUT_REPLAY,0.1,0.0,0.0,False
V3_CANDIDATE_DEVELOPMENT_ONLY_SURFACE,XGBOOST,0.2,2.0,1.0,0.0,0.1,59.5,1000000,UNSUPPORTED_WITHOUT_REPLAY,0.25,0.0,0.0,False
V3_CANDIDATE_DEVELOPMENT_ONLY_SURFACE,XGBOOST,0.2,2.0,1.0,0.0,0.1,66.5,1000000,UNSUPPORTED_WITHOUT_REPLAY,0.0,0.0,0.0,False
V3_CANDIDATE_DEVELOPMENT_ONLY_SURFACE,XGBOOST,0.2,2.0,1.0,0.0,0.1,66.5,1000000,UNSUPPORTED_WITHOUT_REPLAY,0.05,0.0,0.0,False
V3_CANDIDATE_DEVELOPMENT_ONLY_SURFACE,XGBOOST,0.2,2.0,1.0,0.0,0.1,66.5,1000000,UNSUPPORTED_WITHOUT_REPLAY,0.1,0.0,0.0,False
V3_CANDIDATE_DEVELOPMENT_ONLY_SURFACE,XGBOOST,0.2,2.0,1.0,0.0,0.1,66.5,1000000,UNSUPPORTED_WITHOUT_REPLAY,0.25,0.0,0.0,False
V3_CANDIDATE_DEVELOPMENT_ONLY_SURFACE,XGBOOST,0.2,2.0,1.0,0.0,0.1,77.5,1000000,UNSUPPORTED_WITHOUT_REPLAY,0.0,0.0,0.0,False
V3_CANDIDATE_DEVELOPMENT_ONLY_SURFACE,XGBOOST,0.2,2.0,1.0,0.0,0.1,77.5,1000000,UNSUPPORTED_WITHOUT_REPLAY,0.05,0.0,0.0,False
V3_CANDIDATE_DEVELOPMENT_ONLY_SURFACE,XGBOOST,0.2,2.0,1.0,0.0,0.1,77.5,1000000,UNSUPPORTED_WITHOUT_REPLAY,0.1,0.0,0.0,False
V3_CANDIDATE_DEVELOPMENT_ONLY_SURFACE,XGBOOST,0.2,2.0,1.0,0.0,0.1,77.5,1000000,UNSUPPORTED_WITHOUT_REPLAY,0.25,0.0,0.0,False
V3_CANDIDATE_DEVELOPMENT_ONLY_SURFACE,XGBOOST,0.2,2.0,1.0,0.4,0.0,59.5,1000000,UNSUPPORTED_WITHOUT_REPLAY,0.0,0.0,0.0,False
V3_CANDIDATE_DEVELOPMENT_ONLY_SURFACE,XGBOOST,0.2,2.0,1.0,0.4,0.0,59.5,1000000,UNSUPPORTED_WITHOUT_REPLAY,0.05,0.0,0.0,False
V3_CANDIDATE_DEVELOPMENT_ONLY_SURFACE,XGBOOST,0.2,2.0,1.0,0.4,0.0,59.5,1000000,UNSUPPORTED_WITHOUT_REPLAY,0.1,0.0,0.0,False
V3_CANDIDATE_DEVELOPMENT_ONLY_SURFACE,XGBOOST,0.2,2.0,1.0,0.4,0.0,59.5,1000000,UNSUPPORTED_WITHOUT_REPLAY,0.25,0.0,0.0,False
V3_CANDIDATE_DEVELOPMENT_ONLY_SURFACE,XGBOOST,0.2,2.0,1.0,0.4,0.0,66.5,1000000,UNSUPPORTED_WITHOUT_REPLAY,0.0,0.0,0.0,False
V3_CANDIDATE_DEVELOPMENT_ONLY_SURFACE,XGBOOST,0.2,2.0,1.0,0.4,0.0,66.5,1000000,UNSUPPORTED_WITHOUT_REPLAY,0.05,0.0,0.0,False
V3_CANDIDATE_DEVELOPMENT_ONLY_SURFACE,XGBOOST,0.2,2.0,1.0,0.4,0.0,66.5,1000000,UNSUPPORTED_WITHOUT_REPLAY,0.1,0.0,0.0,False
V3_CANDIDATE_DEVELOPMENT_ONLY_SURFACE,XGBOOST,0.2,2.0,1.0,0.4,0.0,66.5,1000000,UNSUPPORTED_WITHOUT_REPLAY,0.25,0.0,0.0,False
V3_CANDIDATE_DEVELOPMENT_ONLY_SURFACE,XGBOOST,0.2,2.0,1.0,0.4,0.0,77.5,1000000,UNSUPPORTED_WITHOUT_REPLAY,0.0,0.0,0.0,False
V3_CANDIDATE_DEVELOPMENT_ONLY_SURFACE,XGBOOST,0.2,2.0,1.0,0.4,0.0,77.5,1000000,UNSUPPORTED_WITHOUT_REPLAY,0.05,0.0,0.0,False
V3_CANDIDATE_DEVELOPMENT_ONLY_SURFACE,XGBOOST,0.2,2.0,1.0,0.4,0.0,77.5,1000000,UNSUPPORTED_WITHOUT_REPLAY,0.1,0.0,0.0,False
V3_CANDIDATE_DEVELOPMENT_ONLY_SURFACE,XGBOOST,0.2,2.0,1.0,0.4,0.0,77.5,1000000,UNSUPPORTED_WITHOUT_REPLAY,0.25,0.0,0.0,False
V3_CANDIDATE_DEVELOPMENT_ONLY_SURFACE,XGBOOST,0.2,2.0,1.0,0.4,0.05,59.5,1000000,UNSUPPORTED_WITHOUT_REPLAY,0.0,0.0,0.0,False
V3_CANDIDATE_DEVELOPMENT_ONLY_SURFACE,XGBOOST,0.2,2.0,1.0,0.4,0.05,59.5,1000000,UNSUPPORTED_WITHOUT_REPLAY,0.05,0.0,0.0,False
V3_CANDIDATE_DEVELOPMENT_ONLY_SURFACE,XGBOOST,0.2,2.0,1.0,0.4,0.05,59.5,1000000,UNSUPPORTED_WITHOUT_REPLAY,0.1,0.0,0.0,False
V3_CANDIDATE_DEVELOPMENT_ONLY_SURFACE,XGBOOST,0.2,2.0,1.0,0.4,0.05,59.5,1000000,UNSUPPORTED_WITHOUT_REPLAY,0.25,0.0,0.0,False
V3_CANDIDATE_DEVELOPMENT_ONLY_SURFACE,XGBOOST,0.2,2.0,1.0,0.4,0.05,66.5,1000000,UNSUPPORTED_WITHOUT_REPLAY,0.0,0.0,0.0,False
V3_CANDIDATE_DEVELOPMENT_ONLY_SURFACE,XGBOOST,0.2,2.0,1.0,0.4,0.05,66.5,1000000,UNSUPPORTED_WITHOUT_REPLAY,0.05,0.0,0.0,False
V3_CANDIDATE_DEVELOPMENT_ONLY_SURFACE,XGBOOST,0.2,2.0,1.0,0.4,0.05,66.5,1000000,UNSUPPORTED_WITHOUT_REPLAY,0.1,0.0,0.0,False
V3_CANDIDATE_DEVELOPMENT_ONLY_SURFACE,XGBOOST,0.2,2.0,1.0,0.4,0.05,66.5,1000000,UNSUPPORTED_WITHOUT_REPLAY,0.25,0.0,0.0,False
V3_CANDIDATE_DEVELOPMENT_ONLY_SURFACE,XGBOOST,0.2,2.0,1.0,0.4,0.05,77.5,1000000,UNSUPPORTED_WITHOUT_REPLAY,0.0,0.0,0.0,False
V3_CANDIDATE_DEVELOPMENT_ONLY_SURFACE,XGBOOST,0.2,2.0,1.0,0.4,0.05,77.5,1000000,UNSUPPORTED_WITHOUT_REPLAY,0.05,0.0,0.0,False
V3_CANDIDATE_DEVELOPMENT_ONLY_SURFACE,XGBOOST,0.2,2.0,1.0,0.4,0.05,77.5,1000000,UNSUPPORTED_WITHOUT_REPLAY,0.1,0.0,0.0,False
V3_CANDIDATE_DEVELOPMENT_ONLY_SURFACE,XGBOOST,0.2,2.0,1.0,0.4,0.05,77.5,1000000,UNSUPPORTED_WITHOUT_REPLAY,0.25,0.0,0.0,False
V3_CANDIDATE_DEVELOPMENT_ONLY_SURFACE,XGBOOST,0.2,2.0,1.0,0.4,0.1,59.5,1000000,UNSUPPORTED_WITHOUT_REPLAY,0.0,0.0,0.0,False
V3_CANDIDATE_DEVELOPMENT_ONLY_SURFACE,XGBOOST,0.2,2.0,1.0,0.4,0.1,59.5,1000000,UNSUPPORTED_WITHOUT_REPLAY,0.05,0.0,0.0,False
V3_CANDIDATE_DEVELOPMENT_ONLY_SURFACE,XGBOOST,0.2,2.0,1.0,0.4,0.1,59.5,1000000,UNSUPPORTED_WITHOUT_REPLAY,0.1,0.0,0.0,False
V3_CANDIDATE_DEVELOPMENT_ONLY_SURFACE,XGBOOST,0.2,2.0,1.0,0.4,0.1,59.5,1000000,UNSUPPORTED_WITHOUT_REPLAY,0.25,0.0,0.0,False
V3_CANDIDATE_DEVELOPMENT_ONLY_SURFACE,XGBOOST,0.2,2.0,1.0,0.4,0.1,66.5,1000000,UNSUPPORTED_WITHOUT_REPLAY,0.0,0.0,0.0,False
V3_CANDIDATE_DEVELOPMENT_ONLY_SURFACE,XGBOOST,0.2,2.0,1.0,0.4,0.1,66.5,1000000,UNSUPPORTED_WITHOUT_REPLAY,0.05,0.0,0.0,False
V3_CANDIDATE_DEVELOPMENT_ONLY_SURFACE,XGBOOST,0.2,2.0,1.0,0.4,0.1,66.5,1000000,UNSUPPORTED_WITHOUT_REPLAY,0.1,0.0,0.0,False
V3_CANDIDATE_DEVELOPMENT_ONLY_SURFACE,XGBOOST,0.2,2.0,1.0,0.4,0.1,66.5,1000000,UNSUPPORTED_WITHOUT_REPLAY,0.25,0.0,0.0,False
V3_CANDIDATE_DEVELOPMENT_ONLY_SURFACE,XGBOOST,0.2,2.0,1.0,0.4,0.1,77.5,1000000,UNSUPPORTED_WITHOUT_REPLAY,0.0,0.0,0.0,False
V3_CANDIDATE_DEVELOPMENT_ONLY_SURFACE,XGBOOST,0.2,2.0,1.0,0.4,0.1,77.5,1000000,UNSUPPORTED_WITHOUT_REPLAY,0.05,0.0,0.0,False
V3_CANDIDATE_DEVELOPMENT_ONLY_SURFACE,XGBOOST,0.2,2.0,1.0,0.4,0.1,77.5,1000000,UNSUPPORTED_WITHOUT_REPLAY,0.1,0.0,0.0,False
V3_CANDIDATE_DEVELOPMENT_ONLY_SURFACE,XGBOOST,0.2,2.0,1.0,0.4,0.1,77.5,1000000,UNSUPPORTED_WITHOUT_REPLAY,0.25,0.0,0.0,False
V3_CANDIDATE_DEVELOPMENT_ONLY_SURFACE,XGBOOST,0.2,2.0,1.0,0.6,0.0,59.5,1000000,UNSUPPORTED_WITHOUT_REPLAY,0.0,0.0,0.0,False
V3_CANDIDATE_DEVELOPMENT_ONLY_SURFACE,XGBOOST,0.2,2.0,1.0,0.6,0.0,59.5,1000000,UNSUPPORTED_WITHOUT_REPLAY,0.05,0.0,0.0,False
V3_CANDIDATE_DEVELOPMENT_ONLY_SURFACE,XGBOOST,0.2,2.0,1.0,0.6,0.0,59.5,1000000,UNSUPPORTED_WITHOUT_REPLAY,0.1,0.0,0.0,False
V3_CANDIDATE_DEVELOPMENT_ONLY_SURFACE,XGBOOST,0.2,2.0,1.0,0.6,0.0,59.5,1000000,UNSUPPORTED_WITHOUT_REPLAY,0.25,0.0,0.0,False
V3_CANDIDATE_DEVELOPMENT_ONLY_SURFACE,XGBOOST,0.2,2.0,1.0,0.6,0.0,66.5,1000000,UNSUPPORTED_WITHOUT_REPLAY,0.0,0.0,0.0,False
V3_CANDIDATE_DEVELOPMENT_ONLY_SURFACE,XGBOOST,0.2,2.0,1.0,0.6,0.0,66.5,1000000,UNSUPPORTED_WITHOUT_REPLAY,0.05,0.0,0.0,False
V3_CANDIDATE_DEVELOPMENT_ONLY_SURFACE,XGBOOST,0.2,2.0,1.0,0.6,0.0,66.5,1000000,UNSUPPORTED_WITHOUT_REPLAY,0.1,0.0,0.0,False
V3_CANDIDATE_DEVELOPMENT_ONLY_SURFACE,XGBOOST,0.2,2.0,1.0,0.6,0.0,66.5,1000000,UNSUPPORTED_WITHOUT_REPLAY,0.25,0.0,0.0,False
V3_CANDIDATE_DEVELOPMENT_ONLY_SURFACE,XGBOOST,0.2,2.0,1.0,0.6,0.0,77.5,1000000,UNSUPPORTED_WITHOUT_REPLAY,0.0,0.0,0.0,False
V3_CANDIDATE_DEVELOPMENT_ONLY_SURFACE,XGBOOST,0.2,2.0,1.0,0.6,0.0,77.5,1000000,UNSUPPORTED_WITHOUT_REPLAY,0.05,0.0,0.0,False
V3_CANDIDATE_DEVELOPMENT_ONLY_SURFACE,XGBOOST,0.2,2.0,1.0,0.6,0.0,77.5,1000000,UNSUPPORTED_WITHOUT_REPLAY,0.1,0.0,0.0,False
V3_CANDIDATE_DEVELOPMENT_ONLY_SURFACE,XGBOOST,0.2,2.0,1.0,0.6,0.0,77.5,1000000,UNSUPPORTED_WITHOUT_REPLAY,0.25,0.0,0.0,False
V3_CANDIDATE_DEVELOPMENT_ONLY_SURFACE,XGBOOST,0.2,2.0,1.0,0.6,0.05,59.5,1000000,UNSUPPORTED_WITHOUT_REPLAY,0.0,0.0,0.0,False
V3_CANDIDATE_DEVELOPMENT_ONLY_SURFACE,XGBOOST,0.2,2.0,1.0,0.6,0.05,59.5,1000000,UNSUPPORTED_WITHOUT_REPLAY,0.05,0.0,0.0,False
V3_CANDIDATE_DEVELOPMENT_ONLY_SURFACE,XGBOOST,0.2,2.0,1.0,0.6,0.05,59.5,1000000,UNSUPPORTED_WITHOUT_REPLAY,0.1,0.0,0.0,False
V3_CANDIDATE_DEVELOPMENT_ONLY_SURFACE,XGBOOST,0.2,2.0,1.0,0.6,0.05,59.5,1000000,UNSUPPORTED_WITHOUT_REPLAY,0.25,0.0,0.0,False
V3_CANDIDATE_DEVELOPMENT_ONLY_SURFACE,XGBOOST,0.2,2.0,1.0,0.6,0.05,66.5,1000000,UNSUPPORTED_WITHOUT_REPLAY,0.0,0.0,0.0,False
V3_CANDIDATE_DEVELOPMENT_ONLY_SURFACE,XGBOOST,0.2,2.0,1.0,0.6,0.05,66.5,1000000,UNSUPPORTED_WITHOUT_REPLAY,0.05,0.0,0.0,False
V3_CANDIDATE_DEVELOPMENT_ONLY_SURFACE,XGBOOST,0.2,2.0,1.0,0.6,0.05,66.5,1000000,UNSUPPORTED_WITHOUT_REPLAY,0.1,0.0,0.0,False
V3_CANDIDATE_DEVELOPMENT_ONLY_SURFACE,XGBOOST,0.2,2.0,1.0,0.6,0.05,66.5,1000000,UNSUPPORTED_WITHOUT_REPLAY,0.25,0.0,0.0,False
V3_CANDIDATE_DEVELOPMENT_ONLY_SURFACE,XGBOOST,0.2,2.0,1.0,0.6,0.05,77.5,1000000,UNSUPPORTED_WITHOUT_REPLAY,0.0,0.0,0.0,False
V3_CANDIDATE_DEVELOPMENT_ONLY_SURFACE,XGBOOST,0.2,2.0,1.0,0.6,0.05,77.5,1000000,UNSUPPORTED_WITHOUT_REPLAY,0.05,0.0,0.0,False
V3_CANDIDATE_DEVELOPMENT_ONLY_SURFACE,XGBOOST,0.2,2.0,1.0,0.6,0.05,77.5,1000000,UNSUPPORTED_WITHOUT_REPLAY,0.1,0.0,0.0,False
V3_CANDIDATE_DEVELOPMENT_ONLY_SURFACE,XGBOOST,0.2,2.0,1.0,0.6,0.05,77.5,1000000,UNSUPPORTED_WITHOUT_REPLAY,0.25,0.0,0.0,False
V3_CANDIDATE_DEVELOPMENT_ONLY_SURFACE,XGBOOST,0.2,2.0,1.0,0.6,0.1,59.5,1000000,UNSUPPORTED_WITHOUT_REPLAY,0.0,0.0,0.0,False
V3_CANDIDATE_DEVELOPMENT_ONLY_SURFACE,XGBOOST,0.2,2.0,1.0,0.6,0.1,59.5,1000000,UNSUPPORTED_WITHOUT_REPLAY,0.05,0.0,0.0,False
V3_CANDIDATE_DEVELOPMENT_ONLY_SURFACE,XGBOOST,0.2,2.0,1.0,0.6,0.1,59.5,1000000,UNSUPPORTED_WITHOUT_REPLAY,0.1,0.0,0.0,False
V3_CANDIDATE_DEVELOPMENT_ONLY_SURFACE,XGBOOST,0.2,2.0,1.0,0.6,0.1,59.5,1000000,UNSUPPORTED_WITHOUT_REPLAY,0.25,0.0,0.0,False
V3_CANDIDATE_DEVELOPMENT_ONLY_SURFACE,XGBOOST,0.2,2.0,1.0,0.6,0.1,66.5,1000000,UNSUPPORTED_WITHOUT_REPLAY,0.0,0.0,0.0,False
V3_CANDIDATE_DEVELOPMENT_ONLY_SURFACE,XGBOOST,0.2,2.0,1.0,0.6,0.1,66.5,1000000,UNSUPPORTED_WITHOUT_REPLAY,0.05,0.0,0.0,False
V3_CANDIDATE_DEVELOPMENT_ONLY_SURFACE,XGBOOST,0.2,2.0,1.0,0.6,0.1,66.5,1000000,UNSUPPORTED_WITHOUT_REPLAY,0.1,0.0,0.0,False
V3_CANDIDATE_DEVELOPMENT_ONLY_SURFACE,XGBOOST,0.2,2.0,1.0,0.6,0.1,66.5,1000000,UNSUPPORTED_WITHOUT_REPLAY,0.25,0.0,0.0,False
V3_CANDIDATE_DEVELOPMENT_ONLY_SURFACE,XGBOOST,0.2,2.0,1.0,0.6,0.1,77.5,1000000,UNSUPPORTED_WITHOUT_REPLAY,0.0,0.0,0.0,False
V3_CANDIDATE_DEVELOPMENT_ONLY_SURFACE,XGBOOST,0.2,2.0,1.0,0.6,0.1,77.5,1000000,UNSUPPORTED_WITHOUT_REPLAY,0.05,0.0,0.0,False
V3_CANDIDATE_DEVELOPMENT_ONLY_SURFACE,XGBOOST,0.2,2.0,1.0,0.6,0.1,77.5,1000000,UNSUPPORTED_WITHOUT_REPLAY,0.1,0.0,0.0,False
V3_CANDIDATE_DEVELOPMENT_ONLY_SURFACE,XGBOOST,0.2,2.0,1.0,0.6,0.1,77.5,1000000,UNSUPPORTED_WITHOUT_REPLAY,0.25,0.0,0.0,False
V3_CANDIDATE_DEVELOPMENT_ONLY_SURFACE,XGBOOST,0.2,2.0,1.0,0.8,0.0,59.5,1000000,UNSUPPORTED_WITHOUT_REPLAY,0.0,0.0,0.0,False
V3_CANDIDATE_DEVELOPMENT_ONLY_SURFACE,XGBOOST,0.2,2.0,1.0,0.8,0.0,59.5,1000000,UNSUPPORTED_WITHOUT_REPLAY,0.05,0.0,0.0,False
V3_CANDIDATE_DEVELOPMENT_ONLY_SURFACE,XGBOOST,0.2,2.0,1.0,0.8,0.0,59.5,1000000,UNSUPPORTED_WITHOUT_REPLAY,0.1,0.0,0.0,False
V3_CANDIDATE_DEVELOPMENT_ONLY_SURFACE,XGBOOST,0.2,2.0,1.0,0.8,0.0,59.5,1000000,UNSUPPORTED_WITHOUT_REPLAY,0.25,0.0,0.0,False
V3_CANDIDATE_DEVELOPMENT_ONLY_SURFACE,XGBOOST,0.2,2.0,1.0,0.8,0.0,66.5,1000000,UNSUPPORTED_WITHOUT_REPLAY,0.0,0.0,0.0,False
V3_CANDIDATE_DEVELOPMENT_ONLY_SURFACE,XGBOOST,0.2,2.0,1.0,0.8,0.0,66.5,1000000,UNSUPPORTED_WITHOUT_REPLAY,0.05,0.0,0.0,False
V3_CANDIDATE_DEVELOPMENT_ONLY_SURFACE,XGBOOST,0.2,2.0,1.0,0.8,0.0,66.5,1000000,UNSUPPORTED_WITHOUT_REPLAY,0.1,0.0,0.0,False
V3_CANDIDATE_DEVELOPMENT_ONLY_SURFACE,XGBOOST,0.2,2.0,1.0,0.8,0.0,66.5,1000000,UNSUPPORTED_WITHOUT_REPLAY,0.25,0.0,0.0,False
V3_CANDIDATE_DEVELOPMENT_ONLY_SURFACE,XGBOOST,0.2,2.0,1.0,0.8,0.0,77.5,1000000,UNSUPPORTED_WITHOUT_REPLAY,0.0,0.0,0.0,False
V3_CANDIDATE_DEVELOPMENT_ONLY_SURFACE,XGBOOST,0.2,2.0,1.0,0.8,0.0,77.5,1000000,UNSUPPORTED_WITHOUT_REPLAY,0.05,0.0,0.0,False
V3_CANDIDATE_DEVELOPMENT_ONLY_SURFACE,XGBOOST,0.2,2.0,1.0,0.8,0.0,77.5,1000000,UNSUPPORTED_WITHOUT_REPLAY,0.1,0.0,0.0,False
V3_CANDIDATE_DEVELOPMENT_ONLY_SURFACE,XGBOOST,0.2,2.0,1.0,0.8,0.0,77.5,1000000,UNSUPPORTED_WITHOUT_REPLAY,0.25,0.0,0.0,False
V3_CANDIDATE_DEVELOPMENT_ONLY_SURFACE,XGBOOST,0.2,2.0,1.0,0.8,0.05,59.5,1000000,UNSUPPORTED_WITHOUT_REPLAY,0.0,0.0,0.0,False
V3_CANDIDATE_DEVELOPMENT_ONLY_SURFACE,XGBOOST,0.2,2.0,1.0,0.8,0.05,59.5,1000000,UNSUPPORTED_WITHOUT_REPLAY,0.05,0.0,0.0,False
V3_CANDIDATE_DEVELOPMENT_ONLY_SURFACE,XGBOOST,0.2,2.0,1.0,0.8,0.05,59.5,1000000,UNSUPPORTED_WITHOUT_REPLAY,0.1,0.0,0.0,False
V3_CANDIDATE_DEVELOPMENT_ONLY_SURFACE,XGBOOST,0.2,2.0,1.0,0.8,0.05,59.5,1000000,UNSUPPORTED_WITHOUT_REPLAY,0.25,0.0,0.0,False
V3_CANDIDATE_DEVELOPMENT_ONLY_SURFACE,XGBOOST,0.2,2.0,1.0,0.8,0.05,66.5,1000000,UNSUPPORTED_WITHOUT_REPLAY,0.0,0.0,0.0,False
V3_CANDIDATE_DEVELOPMENT_ONLY_SURFACE,XGBOOST,0.2,2.0,1.0,0.8,0.05,66.5,1000000,UNSUPPORTED_WITHOUT_REPLAY,0.05,0.0,0.0,False
V3_CANDIDATE_DEVELOPMENT_ONLY_SURFACE,XGBOOST,0.2,2.0,1.0,0.8,0.05,66.5,1000000,UNSUPPORTED_WITHOUT_REPLAY,0.1,0.0,0.0,False
V3_CANDIDATE_DEVELOPMENT_ONLY_SURFACE,XGBOOST,0.2,2.0,1.0,0.8,0.05,66.5,1000000,UNSUPPORTED_WITHOUT_REPLAY,0.25,0.0,0.0,False
V3_CANDIDATE_DEVELOPMENT_ONLY_SURFACE,XGBOOST,0.2,2.0,1.0,0.8,0.05,77.5,1000000,UNSUPPORTED_WITHOUT_REPLAY,0.0,0.0,0.0,False
V3_CANDIDATE_DEVELOPMENT_ONLY_SURFACE,XGBOOST,0.2,2.0,1.0,0.8,0.05,77.5,1000000,UNSUPPORTED_WITHOUT_REPLAY,0.05,0.0,0.0,False
V3_CANDIDATE_DEVELOPMENT_ONLY_SURFACE,XGBOOST,0.2,2.0,1.0,0.8,0.05,77.5,1000000,UNSUPPORTED_WITHOUT_REPLAY,0.1,0.0,0.0,False
V3_CANDIDATE_DEVELOPMENT_ONLY_SURFACE,XGBOOST,0.2,2.0,1.0,0.8,0.05,77.5,1000000,UNSUPPORTED_WITHOUT_REPLAY,0.25,0.0,0.0,False
V3_CANDIDATE_DEVELOPMENT_ONLY_SURFACE,XGBOOST,0.2,2.0,1.0,0.8,0.1,59.5,1000000,UNSUPPORTED_WITHOUT_REPLAY,0.0,0.0,0.0,False
V3_CANDIDATE_DEVELOPMENT_ONLY_SURFACE,XGBOOST,0.2,2.0,1.0,0.8,0.1,59.5,1000000,UNSUPPORTED_WITHOUT_REPLAY,0.05,0.0,0.0,False
V3_CANDIDATE_DEVELOPMENT_ONLY_SURFACE,XGBOOST,0.2,2.0,1.0,0.8,0.1,59.5,1000000,UNSUPPORTED_WITHOUT_REPLAY,0.1,0.0,0.0,False
V3_CANDIDATE_DEVELOPMENT_ONLY_SURFACE,XGBOOST,0.2,2.0,1.0,0.8,0.1,59.5,1000000,UNSUPPORTED_WITHOUT_REPLAY,0.25,0.0,0.0,False
V3_CANDIDATE_DEVELOPMENT_ONLY_SURFACE,XGBOOST,0.2,2.0,1.0,0.8,0.1,66.5,1000000,UNSUPPORTED_WITHOUT_REPLAY,0.0,0.0,0.0,False
V3_CANDIDATE_DEVELOPMENT_ONLY_SURFACE,XGBOOST,0.2,2.0,1.0,0.8,0.1,66.5,1000000,UNSUPPORTED_WITHOUT_REPLAY,0.05,0.0,0.0,False
V3_CANDIDATE_DEVELOPMENT_ONLY_SURFACE,XGBOOST,0.2,2.0,1.0,0.8,0.1,66.5,1000000,UNSUPPORTED_WITHOUT_REPLAY,0.1,0.0,0.0,False
V3_CANDIDATE_DEVELOPMENT_ONLY_SURFACE,XGBOOST,0.2,2.0,1.0,0.8,0.1,66.5,1000000,UNSUPPORTED_WITHOUT_REPLAY,0.25,0.0,0.0,False
V3_CANDIDATE_DEVELOPMENT_ONLY_SURFACE,XGBOOST,0.2,2.0,1.0,0.8,0.1,77.5,1000000,UNSUPPORTED_WITHOUT_REPLAY,0.0,0.0,0.0,False
V3_CANDIDATE_DEVELOPMENT_ONLY_SURFACE,XGBOOST,0.2,2.0,1.0,0.8,0.1,77.5,1000000,UNSUPPORTED_WITHOUT_REPLAY,0.05,0.0,0.0,False
V3_CANDIDATE_DEVELOPMENT_ONLY_SURFACE,XGBOOST,0.2,2.0,1.0,0.8,0.1,77.5,1000000,UNSUPPORTED_WITHOUT_REPLAY,0.1,0.0,0.0,False
V3_CANDIDATE_DEVELOPMENT_ONLY_SURFACE,XGBOOST,0.2,2.0,1.0,0.8,0.1,77.5,1000000,UNSUPPORTED_WITHOUT_REPLAY,0.25,0.0,0.0,False
